dataset,region,noise,seed,init_mae,init_in,init_out,region_share_R,prec_knn,arm,mae,err_in,err_out,n_in_region,error
diamonds,sparse_init,clean,7000,0.20693088243787042,0.1902942342432028,0.20878967414833635,0.11066666666666666,0.14222222222222222,all_data,0.19676242022520535,0.19233762684134798,0.1972567968067258,,
diamonds,sparse_init,clean,7000,0.20693088243787042,0.1902942342432028,0.20878967414833635,0.11066666666666666,0.14222222222222222,random,0.20561761734577497,0.20128494171942482,0.20610170172648448,,
diamonds,sparse_init,clean,7000,0.20693088243787042,0.1902942342432028,0.20878967414833635,0.11066666666666666,0.14222222222222222,uniform,0.2028489696841647,0.20224676434058947,0.20291625332733235,16.0,
diamonds,sparse_init,clean,7000,0.20693088243787042,0.1902942342432028,0.20878967414833635,0.11066666666666666,0.14222222222222222,rho,0.20331265496460138,0.19257467769716577,0.20451239561538215,21.0,
diamonds,sparse_init,clean,7000,0.20693088243787042,0.1902942342432028,0.20878967414833635,0.11066666666666666,0.14222222222222222,ws_default,0.20791863090058688,0.19382169165234467,0.2094936641351042,27.0,
diamonds,sparse_init,clean,7000,0.20693088243787042,0.1902942342432028,0.20878967414833635,0.11066666666666666,0.14222222222222222,ws_tuned,0.2080702094328178,0.20778532816861886,0.20810203885700013,24.0,
diamonds,sparse_init,clean,7000,0.20693088243787042,0.1902942342432028,0.20878967414833635,0.11066666666666666,0.14222222222222222,kcenter_a1,0.2014793841454937,0.19380170102123942,0.20233720199317307,19.0,
diamonds,sparse_init,clean,7000,0.20693088243787042,0.1902942342432028,0.20878967414833635,0.11066666666666666,0.14222222222222222,rho_a1,0.20933372513013362,0.21540242687630057,0.2086556767415958,12.0,
diamonds,sparse_init,clean,7000,0.20693088243787042,0.1902942342432028,0.20878967414833635,0.11066666666666666,0.14222222222222222,rho_landscape_a1,0.20911599888053292,0.2128516779460929,0.20869861617226299,14.0,
diamonds,sparse_init,clean,7000,0.20693088243787042,0.1902942342432028,0.20878967414833635,0.11066666666666666,0.14222222222222222,rho_filter_a1,0.20168075106498373,0.1913767713008026,0.20283200172234916,32.0,
diamonds,sparse_init,clean,7001,0.20384959071968944,0.1909187926504735,0.2053223549665035,0.128,0.10222222222222223,all_data,0.19698878069662037,0.18508502925120043,0.19834456859446967,,
diamonds,sparse_init,clean,7001,0.20384959071968944,0.1909187926504735,0.2053223549665035,0.128,0.10222222222222223,random,0.202939006812021,0.18814140638591378,0.20462439210143288,,
diamonds,sparse_init,clean,7001,0.20384959071968944,0.1909187926504735,0.2053223549665035,0.128,0.10222222222222223,uniform,0.19997371326662397,0.18559820154304585,0.20161102440417436,22.0,
diamonds,sparse_init,clean,7001,0.20384959071968944,0.1909187926504735,0.2053223549665035,0.128,0.10222222222222223,rho,0.2015591984254869,0.18827999451949645,0.2030716446514825,27.0,
diamonds,sparse_init,clean,7001,0.20384959071968944,0.1909187926504735,0.2053223549665035,0.128,0.10222222222222223,ws_default,0.19863427717735754,0.185837828319149,0.20009173960648793,24.0,
diamonds,sparse_init,clean,7001,0.20384959071968944,0.1909187926504735,0.2053223549665035,0.128,0.10222222222222223,ws_tuned,0.20322566657231306,0.18709399919577746,0.2050629965519853,25.0,
diamonds,sparse_init,clean,7001,0.20384959071968944,0.1909187926504735,0.2053223549665035,0.128,0.10222222222222223,kcenter_a1,0.1990458813464034,0.18593093344597755,0.2005396194949064,31.0,
diamonds,sparse_init,clean,7001,0.20384959071968944,0.1909187926504735,0.2053223549665035,0.128,0.10222222222222223,rho_a1,0.20783637666314528,0.21511288299681164,0.2070076127838722,36.0,
diamonds,sparse_init,clean,7001,0.20384959071968944,0.1909187926504735,0.2053223549665035,0.128,0.10222222222222223,rho_landscape_a1,0.20839559736398833,0.20768905081318856,0.20847607008447763,33.0,
diamonds,sparse_init,clean,7001,0.20384959071968944,0.1909187926504735,0.2053223549665035,0.128,0.10222222222222223,rho_filter_a1,0.2055166481074268,0.20768471859807455,0.20526971387443466,18.0,
diamonds,sparse_init,clean,7002,0.20724246715004097,0.20261769151827702,0.20773642492366048,0.12733333333333333,0.10666666666666667,all_data,0.19673197305853124,0.19285350511128704,0.19714622005012955,,
diamonds,sparse_init,clean,7002,0.20724246715004097,0.20261769151827702,0.20773642492366048,0.12733333333333333,0.10666666666666667,random,0.19990077354071917,0.19845031804759122,0.20005569214070457,,
diamonds,sparse_init,clean,7002,0.20724246715004097,0.20261769151827702,0.20773642492366048,0.12733333333333333,0.10666666666666667,uniform,0.197998599654507,0.20108409029909896,0.19766904808040278,9.0,
diamonds,sparse_init,clean,7002,0.20724246715004097,0.20261769151827702,0.20773642492366048,0.12733333333333333,0.10666666666666667,rho,0.20173367319289645,0.20360269795157362,0.20153404852304327,26.0,
diamonds,sparse_init,clean,7002,0.20724246715004097,0.20261769151827702,0.20773642492366048,0.12733333333333333,0.10666666666666667,ws_default,0.20033573961042597,0.20251213149804453,0.20010328602198635,24.0,
diamonds,sparse_init,clean,7002,0.20724246715004097,0.20261769151827702,0.20773642492366048,0.12733333333333333,0.10666666666666667,ws_tuned,0.1998483165508339,0.19670389105784683,0.20018416277116954,23.0,
diamonds,sparse_init,clean,7002,0.20724246715004097,0.20261769151827702,0.20773642492366048,0.12733333333333333,0.10666666666666667,kcenter_a1,0.19637941118770338,0.19817558990412767,0.1961875669750471,4.0,
diamonds,sparse_init,clean,7002,0.20724246715004097,0.20261769151827702,0.20773642492366048,0.12733333333333333,0.10666666666666667,rho_a1,0.20250588606569184,0.20442841119728553,0.2023005471888808,9.0,
diamonds,sparse_init,clean,7002,0.20724246715004097,0.20261769151827702,0.20773642492366048,0.12733333333333333,0.10666666666666667,rho_landscape_a1,0.2038236067590541,0.20270910784083243,0.2039426428914375,12.0,
diamonds,sparse_init,clean,7002,0.20724246715004097,0.20261769151827702,0.20773642492366048,0.12733333333333333,0.10666666666666667,rho_filter_a1,0.20237286954302808,0.20189606775549035,0.20242379524584755,22.0,
diamonds,sparse_init,clean,7003,0.2015641391659242,0.1939206354064294,0.20241813819630686,0.114,0.08444444444444445,all_data,0.19552898710158267,0.19625343765490347,0.19544804515538064,,
diamonds,sparse_init,clean,7003,0.2015641391659242,0.1939206354064294,0.20241813819630686,0.114,0.08444444444444445,random,0.2027821411175319,0.1953405285087521,0.20361358310439387,,
diamonds,sparse_init,clean,7003,0.2015641391659242,0.1939206354064294,0.20241813819630686,0.114,0.08444444444444445,uniform,0.19919752342089692,0.19341911819176433,0.19984313734588618,9.0,
diamonds,sparse_init,clean,7003,0.2015641391659242,0.1939206354064294,0.20241813819630686,0.114,0.08444444444444445,rho,0.1998026334643712,0.19876857747357196,0.1999181672354388,16.0,
diamonds,sparse_init,clean,7003,0.2015641391659242,0.1939206354064294,0.20241813819630686,0.114,0.08444444444444445,ws_default,0.20114420466741903,0.1901748352436905,0.20236979847184894,20.0,
diamonds,sparse_init,clean,7003,0.2015641391659242,0.1939206354064294,0.20241813819630686,0.114,0.08444444444444445,ws_tuned,0.1990998601976467,0.19360749058233323,0.1997135157244271,20.0,
diamonds,sparse_init,clean,7003,0.2015641391659242,0.1939206354064294,0.20241813819630686,0.114,0.08444444444444445,kcenter_a1,0.19874469164452319,0.19171680041043593,0.19952990906422943,7.0,
diamonds,sparse_init,clean,7003,0.2015641391659242,0.1939206354064294,0.20241813819630686,0.114,0.08444444444444445,rho_a1,0.2002589577651266,0.2217566680015439,0.19785704572648294,30.0,
diamonds,sparse_init,clean,7003,0.2015641391659242,0.1939206354064294,0.20241813819630686,0.114,0.08444444444444445,rho_landscape_a1,0.20027849025258335,0.20678068955357903,0.19955200772923698,27.0,
diamonds,sparse_init,clean,7003,0.2015641391659242,0.1939206354064294,0.20241813819630686,0.114,0.08444444444444445,rho_filter_a1,0.20085425764118095,0.19088016526379614,0.20196865039707554,17.0,
diamonds,sparse_init,clean,7004,0.2189856264289845,0.19427267359096267,0.22164028470726593,0.13266666666666665,0.14222222222222222,all_data,0.19714773332404997,0.19402773776148696,0.1974828823490429,,
diamonds,sparse_init,clean,7004,0.2189856264289845,0.19427267359096267,0.22164028470726593,0.13266666666666665,0.14222222222222222,random,0.20393278871529383,0.20014594118615875,0.2043395707865298,,
diamonds,sparse_init,clean,7004,0.2189856264289845,0.19427267359096267,0.22164028470726593,0.13266666666666665,0.14222222222222222,uniform,0.20202166146916256,0.1911018030445654,0.20319466951698748,19.0,
diamonds,sparse_init,clean,7004,0.2189856264289845,0.19427267359096267,0.22164028470726593,0.13266666666666665,0.14222222222222222,rho,0.20105398101701605,0.20101545823470812,0.20105811912319968,15.0,
diamonds,sparse_init,clean,7004,0.2189856264289845,0.19427267359096267,0.22164028470726593,0.13266666666666665,0.14222222222222222,ws_default,0.20686807396592133,0.19728346191628765,0.20789765023260404,35.0,
diamonds,sparse_init,clean,7004,0.2189856264289845,0.19427267359096267,0.22164028470726593,0.13266666666666665,0.14222222222222222,ws_tuned,0.20769070146650517,0.20080943474668903,0.20842988515623073,23.0,
diamonds,sparse_init,clean,7004,0.2189856264289845,0.19427267359096267,0.22164028470726593,0.13266666666666665,0.14222222222222222,kcenter_a1,0.20347825501027864,0.1937073514210672,0.20452784266050397,19.0,
diamonds,sparse_init,clean,7004,0.2189856264289845,0.19427267359096267,0.22164028470726593,0.13266666666666665,0.14222222222222222,rho_a1,0.20863832302301108,0.21447717973042543,0.20801111471667755,11.0,
diamonds,sparse_init,clean,7004,0.2189856264289845,0.19427267359096267,0.22164028470726593,0.13266666666666665,0.14222222222222222,rho_landscape_a1,0.2079673732338552,0.2087881679253934,0.20787920370442087,15.0,
diamonds,sparse_init,clean,7004,0.2189856264289845,0.19427267359096267,0.22164028470726593,0.13266666666666665,0.14222222222222222,rho_filter_a1,0.21063678536248914,0.2086410281307517,0.2108511690296857,30.0,
diamonds,sparse_init,clean,7005,0.21102589749930034,0.22266249296356305,0.2096788439099924,0.128,0.12,all_data,0.20902207439948012,0.2139280742685861,0.20845415530724054,,
diamonds,sparse_init,clean,7005,0.21102589749930034,0.22266249296356305,0.2096788439099924,0.128,0.12,random,0.21044323955377084,0.2182250092260299,0.20954242102825135,,
diamonds,sparse_init,clean,7005,0.21102589749930034,0.22266249296356305,0.2096788439099924,0.128,0.12,uniform,0.20938482363789013,0.22301940835366788,0.2078064825898991,17.0,
diamonds,sparse_init,clean,7005,0.21102589749930034,0.22266249296356305,0.2096788439099924,0.128,0.12,rho,0.2067907547598003,0.21923258952405136,0.2053504865792803,21.0,
diamonds,sparse_init,clean,7005,0.21102589749930034,0.22266249296356305,0.2096788439099924,0.128,0.12,ws_default,0.20573991548871193,0.22073928055486225,0.20400358731508506,23.0,
diamonds,sparse_init,clean,7005,0.21102589749930034,0.22266249296356305,0.2096788439099924,0.128,0.12,ws_tuned,0.20659112511298783,0.21077845787238295,0.20610639900555439,35.0,
diamonds,sparse_init,clean,7005,0.21102589749930034,0.22266249296356305,0.2096788439099924,0.128,0.12,kcenter_a1,0.2088628175074527,0.22330142328573307,0.2071914028915569,10.0,
diamonds,sparse_init,clean,7005,0.21102589749930034,0.22266249296356305,0.2096788439099924,0.128,0.12,rho_a1,0.2147224103279513,0.24622670808820443,0.21107546930410054,33.0,
diamonds,sparse_init,clean,7005,0.21102589749930034,0.22266249296356305,0.2096788439099924,0.128,0.12,rho_landscape_a1,0.21787725727840712,0.25348369299103035,0.21375545230748977,36.0,
diamonds,sparse_init,clean,7005,0.21102589749930034,0.22266249296356305,0.2096788439099924,0.128,0.12,rho_filter_a1,0.21344305006568623,0.22994380338687231,0.2115329210201375,26.0,
diamonds,sparse_init,clean,7006,0.2143247822637539,0.21478678526501438,0.2142748705821773,0.12866666666666668,0.12,all_data,0.20330537210599955,0.20369897606010057,0.2032628497951687,,
diamonds,sparse_init,clean,7006,0.2143247822637539,0.21478678526501438,0.2142748705821773,0.12866666666666668,0.12,random,0.20938104299513646,0.2130364986795345,0.20898613227022925,,
diamonds,sparse_init,clean,7006,0.2143247822637539,0.21478678526501438,0.2142748705821773,0.12866666666666668,0.12,uniform,0.20598029103795085,0.21248378473957988,0.2052776975355588,10.0,
diamonds,sparse_init,clean,7006,0.2143247822637539,0.21478678526501438,0.2142748705821773,0.12866666666666668,0.12,rho,0.20628010247879316,0.2121448671058978,0.2056465129484411,29.0,
diamonds,sparse_init,clean,7006,0.2143247822637539,0.21478678526501438,0.2142748705821773,0.12866666666666668,0.12,ws_default,0.20697029679696938,0.21083721371766928,0.20655254122935915,31.0,
diamonds,sparse_init,clean,7006,0.2143247822637539,0.21478678526501438,0.2142748705821773,0.12866666666666668,0.12,ws_tuned,0.20681591466500818,0.219950284923433,0.20539696607753297,27.0,
diamonds,sparse_init,clean,7006,0.2143247822637539,0.21478678526501438,0.2142748705821773,0.12866666666666668,0.12,kcenter_a1,0.20591999643208397,0.22744587257271998,0.2035944862673061,4.0,
diamonds,sparse_init,clean,7006,0.2143247822637539,0.21478678526501438,0.2142748705821773,0.12866666666666668,0.12,rho_a1,0.21258700809526426,0.25093789255963067,0.2084438377514684,50.0,
diamonds,sparse_init,clean,7006,0.2143247822637539,0.21478678526501438,0.2142748705821773,0.12866666666666668,0.12,rho_landscape_a1,0.21020484327199487,0.2374001718836188,0.20726684378209642,42.0,
diamonds,sparse_init,clean,7006,0.2143247822637539,0.21478678526501438,0.2142748705821773,0.12866666666666668,0.12,rho_filter_a1,0.20807015846379626,0.21264673043497445,0.20757573656109277,20.0,
diamonds,sparse_init,clean,7007,0.20547204667576255,0.19672568730175044,0.20644656462768776,0.118,0.10666666666666667,all_data,0.19965920573723128,0.18700709583761355,0.20106890178328482,,
diamonds,sparse_init,clean,7007,0.20547204667576255,0.19672568730175044,0.20644656462768776,0.118,0.10666666666666667,random,0.20563226609727542,0.19801350840802623,0.20648114685120394,,
diamonds,sparse_init,clean,7007,0.20547204667576255,0.19672568730175044,0.20644656462768776,0.118,0.10666666666666667,uniform,0.20147976930368702,0.18753049601501193,0.20303399508550382,9.0,
diamonds,sparse_init,clean,7007,0.20547204667576255,0.19672568730175044,0.20644656462768776,0.118,0.10666666666666667,rho,0.20359848458795507,0.20440690998763214,0.20350840996020558,18.0,
diamonds,sparse_init,clean,7007,0.20547204667576255,0.19672568730175044,0.20644656462768776,0.118,0.10666666666666667,ws_default,0.2032744420086358,0.19944644389623917,0.20370095694141468,23.0,
diamonds,sparse_init,clean,7007,0.20547204667576255,0.19672568730175044,0.20644656462768776,0.118,0.10666666666666667,ws_tuned,0.20324399147988984,0.18978846319716983,0.2047432042727131,27.0,
diamonds,sparse_init,clean,7007,0.20547204667576255,0.19672568730175044,0.20644656462768776,0.118,0.10666666666666667,kcenter_a1,0.20181982106711654,0.2005669852815633,0.20195941182844104,6.0,
diamonds,sparse_init,clean,7007,0.20547204667576255,0.19672568730175044,0.20644656462768776,0.118,0.10666666666666667,rho_a1,0.2071624127062314,0.21345862230207444,0.20646089004773374,18.0,
diamonds,sparse_init,clean,7007,0.20547204667576255,0.19672568730175044,0.20644656462768776,0.118,0.10666666666666667,rho_landscape_a1,0.2060054383461014,0.20278623492166303,0.20636412147285876,22.0,
diamonds,sparse_init,clean,7007,0.20547204667576255,0.19672568730175044,0.20644656462768776,0.118,0.10666666666666667,rho_filter_a1,0.20462346830371467,0.19038774603385783,0.20620961018485182,24.0,
diamonds,sparse_init,clean,7008,0.19565404999185332,0.20122607244088403,0.19502114766468054,0.11666666666666667,0.08444444444444445,all_data,0.18944999505857407,0.19022121301796424,0.1893623956912491,,
diamonds,sparse_init,clean,7008,0.19565404999185332,0.20122607244088403,0.19502114766468054,0.11666666666666667,0.08444444444444445,random,0.1979477561845385,0.19729180552594935,0.19802226282950072,,
diamonds,sparse_init,clean,7008,0.19565404999185332,0.20122607244088403,0.19502114766468054,0.11666666666666667,0.08444444444444445,uniform,0.19583480140974985,0.1964648419106347,0.19576323778938212,14.0,
diamonds,sparse_init,clean,7008,0.19565404999185332,0.20122607244088403,0.19502114766468054,0.11666666666666667,0.08444444444444445,rho,0.19491268085630326,0.1952226271279661,0.19487747537778474,20.0,
diamonds,sparse_init,clean,7008,0.19565404999185332,0.20122607244088403,0.19502114766468054,0.11666666666666667,0.08444444444444445,ws_default,0.19728192813319662,0.1997487153673656,0.19700173626472753,21.0,
diamonds,sparse_init,clean,7008,0.19565404999185332,0.20122607244088403,0.19502114766468054,0.11666666666666667,0.08444444444444445,ws_tuned,0.19875929707807197,0.19570635469580264,0.1991060678163698,27.0,
diamonds,sparse_init,clean,7008,0.19565404999185332,0.20122607244088403,0.19502114766468054,0.11666666666666667,0.08444444444444445,kcenter_a1,0.19289706625280986,0.19576262282220455,0.1925715798718764,10.0,
diamonds,sparse_init,clean,7008,0.19565404999185332,0.20122607244088403,0.19502114766468054,0.11666666666666667,0.08444444444444445,rho_a1,0.19498139087916364,0.1990644174923487,0.19451761725494882,16.0,
diamonds,sparse_init,clean,7008,0.19565404999185332,0.20122607244088403,0.19502114766468054,0.11666666666666667,0.08444444444444445,rho_landscape_a1,0.1977410066327675,0.20169777837436223,0.19729157376234135,15.0,
diamonds,sparse_init,clean,7008,0.19565404999185332,0.20122607244088403,0.19502114766468054,0.11666666666666667,0.08444444444444445,rho_filter_a1,0.1957888834261019,0.19478267903783386,0.19590317390227488,19.0,
diamonds,sparse_init,clean,7009,0.20097901031444115,0.16606355046592128,0.2046335143969015,0.13133333333333333,0.04888888888888889,all_data,0.1939941433888802,0.15063505344480652,0.19853241875170927,,
diamonds,sparse_init,clean,7009,0.20097901031444115,0.16606355046592128,0.2046335143969015,0.13133333333333333,0.04888888888888889,random,0.20021621301415812,0.15924307969895907,0.2045047569319876,,
diamonds,sparse_init,clean,7009,0.20097901031444115,0.16606355046592128,0.2046335143969015,0.13133333333333333,0.04888888888888889,uniform,0.20060670825689925,0.15773752107967726,0.2050937068595414,14.0,
diamonds,sparse_init,clean,7009,0.20097901031444115,0.16606355046592128,0.2046335143969015,0.13133333333333333,0.04888888888888889,rho,0.20059497788738095,0.15788744809861066,0.205065056260743,18.0,
diamonds,sparse_init,clean,7009,0.20097901031444115,0.16606355046592128,0.2046335143969015,0.13133333333333333,0.04888888888888889,ws_default,0.2009281065998322,0.16153428551034743,0.20505134829906302,23.0,
diamonds,sparse_init,clean,7009,0.20097901031444115,0.16606355046592128,0.2046335143969015,0.13133333333333333,0.04888888888888889,ws_tuned,0.1990165151836345,0.15822962524714887,0.20328556552495683,12.0,
diamonds,sparse_init,clean,7009,0.20097901031444115,0.16606355046592128,0.2046335143969015,0.13133333333333333,0.04888888888888889,kcenter_a1,0.20153953510293304,0.1606214949667478,0.20582231257092923,13.0,
diamonds,sparse_init,clean,7009,0.20097901031444115,0.16606355046592128,0.2046335143969015,0.13133333333333333,0.04888888888888889,rho_a1,0.2004214795370378,0.1578626313624643,0.2048759958193253,41.0,
diamonds,sparse_init,clean,7009,0.20097901031444115,0.16606355046592128,0.2046335143969015,0.13133333333333333,0.04888888888888889,rho_landscape_a1,0.1993622637430057,0.15822652668190065,0.20366782694271815,27.0,
diamonds,sparse_init,clean,7009,0.20097901031444115,0.16606355046592128,0.2046335143969015,0.13133333333333333,0.04888888888888889,rho_filter_a1,0.1990584850793025,0.16001736912226325,0.2031448101131931,9.0,
diamonds,sparse_init,outlier,7000,0.21247352657246535,0.19814503225967148,0.214074431162166,0.112,0.08444444444444445,all_data,0.21432215737737642,0.20433065812503676,0.21543849498144554,,
diamonds,sparse_init,outlier,7000,0.21247352657246535,0.19814503225967148,0.214074431162166,0.112,0.08444444444444445,random,0.2237707044065808,0.21922295012711404,0.22427881925381418,,
diamonds,sparse_init,outlier,7000,0.21247352657246535,0.19814503225967148,0.214074431162166,0.112,0.08444444444444445,uniform,0.21277070889514704,0.20191695711039356,0.21398338488666202,19.0,
diamonds,sparse_init,outlier,7000,0.21247352657246535,0.19814503225967148,0.214074431162166,0.112,0.08444444444444445,rho,0.21996371617496596,0.1996908839835885,0.22222877413520323,15.0,
diamonds,sparse_init,outlier,7000,0.21247352657246535,0.19814503225967148,0.214074431162166,0.112,0.08444444444444445,ws_default,0.23242323175943028,0.21707381732377834,0.23413820246624853,16.0,
diamonds,sparse_init,outlier,7000,0.21247352657246535,0.19814503225967148,0.214074431162166,0.112,0.08444444444444445,ws_tuned,0.22143347717854533,0.2021448378784399,0.2235885725089073,20.0,
diamonds,sparse_init,outlier,7000,0.21247352657246535,0.19814503225967148,0.214074431162166,0.112,0.08444444444444445,kcenter_a1,0.22175994219461767,0.2203855199916097,0.22191350465309723,19.0,
diamonds,sparse_init,outlier,7000,0.21247352657246535,0.19814503225967148,0.214074431162166,0.112,0.08444444444444445,rho_a1,0.2294311414473067,0.22467749103903145,0.22996226080920956,20.0,
diamonds,sparse_init,outlier,7000,0.21247352657246535,0.19814503225967148,0.214074431162166,0.112,0.08444444444444445,rho_landscape_a1,0.23014598528684957,0.23228379872714056,0.2299071300886848,19.0,
diamonds,sparse_init,outlier,7000,0.21247352657246535,0.19814503225967148,0.214074431162166,0.112,0.08444444444444445,rho_filter_a1,0.2204551968950437,0.20581495032983618,0.2220909331705338,19.0,
diamonds,sparse_init,outlier,7001,0.22634293644183648,0.2358026886283376,0.2252655099187847,0.126,0.08888888888888889,all_data,0.213932003305379,0.20591302718732024,0.21484533141239268,,
diamonds,sparse_init,outlier,7001,0.22634293644183648,0.2358026886283376,0.2252655099187847,0.126,0.08888888888888889,random,0.2282678376053387,0.2101712292426563,0.23032896621027804,,
diamonds,sparse_init,outlier,7001,0.22634293644183648,0.2358026886283376,0.2252655099187847,0.126,0.08888888888888889,uniform,0.2150700373659302,0.18071954073896154,0.2189824164025301,21.0,
diamonds,sparse_init,outlier,7001,0.22634293644183648,0.2358026886283376,0.2252655099187847,0.126,0.08888888888888889,rho,0.23723859300891928,0.20675413133363785,0.24071064670571407,19.0,
diamonds,sparse_init,outlier,7001,0.22634293644183648,0.2358026886283376,0.2252655099187847,0.126,0.08888888888888889,ws_default,0.22484824779756277,0.21994612053433213,0.22540657975263417,26.0,
diamonds,sparse_init,outlier,7001,0.22634293644183648,0.2358026886283376,0.2252655099187847,0.126,0.08888888888888889,ws_tuned,0.2213644772189138,0.19659536196685679,0.22418557667257333,29.0,
diamonds,sparse_init,outlier,7001,0.22634293644183648,0.2358026886283376,0.2252655099187847,0.126,0.08888888888888889,kcenter_a1,0.2173509833650922,0.19144306435525635,0.2203017878415675,28.0,
diamonds,sparse_init,outlier,7001,0.22634293644183648,0.2358026886283376,0.2252655099187847,0.126,0.08888888888888889,rho_a1,0.2407383790733988,0.26741603257406354,0.2376999050322482,52.0,
diamonds,sparse_init,outlier,7001,0.22634293644183648,0.2358026886283376,0.2252655099187847,0.126,0.08888888888888889,rho_landscape_a1,0.23193503504687493,0.20802172737062716,0.23465866156861964,35.0,
diamonds,sparse_init,outlier,7001,0.22634293644183648,0.2358026886283376,0.2252655099187847,0.126,0.08888888888888889,rho_filter_a1,0.2277571489565818,0.19869121622897734,0.2310676380920845,17.0,
diamonds,sparse_init,outlier,7002,0.20566489081012995,0.19657804934832399,0.2066354278339974,0.12866666666666668,0.10222222222222223,all_data,0.20949468714475603,0.20137959103865313,0.210361435096321,,
diamonds,sparse_init,outlier,7002,0.20566489081012995,0.19657804934832399,0.2066354278339974,0.12866666666666668,0.10222222222222223,random,0.22218014430599461,0.2197036575474017,0.22244465008596603,,
diamonds,sparse_init,outlier,7002,0.20566489081012995,0.19657804934832399,0.2066354278339974,0.12866666666666668,0.10222222222222223,uniform,0.22040244284883115,0.2074989251681184,0.22178062708368312,9.0,
diamonds,sparse_init,outlier,7002,0.20566489081012995,0.19657804934832399,0.2066354278339974,0.12866666666666668,0.10222222222222223,rho,0.2125424210675859,0.19940321269226577,0.21394577868597922,17.0,
diamonds,sparse_init,outlier,7002,0.20566489081012995,0.19657804934832399,0.2066354278339974,0.12866666666666668,0.10222222222222223,ws_default,0.21907743139909494,0.20145753508020556,0.22095935723724972,21.0,
diamonds,sparse_init,outlier,7002,0.20566489081012995,0.19657804934832399,0.2066354278339974,0.12866666666666668,0.10222222222222223,ws_tuned,0.22200847934563536,0.2710403813197129,0.21677153574796132,22.0,
diamonds,sparse_init,outlier,7002,0.20566489081012995,0.19657804934832399,0.2066354278339974,0.12866666666666668,0.10222222222222223,kcenter_a1,0.21682458763182222,0.2057833038122726,0.21800387251127606,5.0,
diamonds,sparse_init,outlier,7002,0.20566489081012995,0.19657804934832399,0.2066354278339974,0.12866666666666668,0.10222222222222223,rho_a1,0.22534509774644618,0.2624465145603965,0.22138241183327936,29.0,
diamonds,sparse_init,outlier,7002,0.20566489081012995,0.19657804934832399,0.2066354278339974,0.12866666666666668,0.10222222222222223,rho_landscape_a1,0.2180964963151525,0.23316204557178033,0.2164873922716941,30.0,
diamonds,sparse_init,outlier,7002,0.20566489081012995,0.19657804934832399,0.2066354278339974,0.12866666666666668,0.10222222222222223,rho_filter_a1,0.21045708279898337,0.20312226630939714,0.21124049153306756,20.0,
diamonds,sparse_init,outlier,7003,0.19972372276726388,0.19938478002625687,0.19976159241203456,0.11266666666666666,0.13333333333333333,all_data,0.21156005160945363,0.196737172674651,0.2132161931691509,,
diamonds,sparse_init,outlier,7003,0.19972372276726388,0.19938478002625687,0.19976159241203456,0.11266666666666666,0.13333333333333333,random,0.2138966235975305,0.20769279226042442,0.21458976984475578,,
diamonds,sparse_init,outlier,7003,0.19972372276726388,0.19938478002625687,0.19976159241203456,0.11266666666666666,0.13333333333333333,uniform,0.20486244742010787,0.18951324765398977,0.20657739414216997,11.0,
diamonds,sparse_init,outlier,7003,0.19972372276726388,0.19938478002625687,0.19976159241203456,0.11266666666666666,0.13333333333333333,rho,0.2108210710919663,0.2056535703818753,0.21139842942588977,29.0,
diamonds,sparse_init,outlier,7003,0.19972372276726388,0.19938478002625687,0.19976159241203456,0.11266666666666666,0.13333333333333333,ws_default,0.20464327542208496,0.19085005380618403,0.20618437466877543,32.0,
diamonds,sparse_init,outlier,7003,0.19972372276726388,0.19938478002625687,0.19976159241203456,0.11266666666666666,0.13333333333333333,ws_tuned,0.20866246338175148,0.19278738298965137,0.210436166082592,27.0,
diamonds,sparse_init,outlier,7003,0.19972372276726388,0.19938478002625687,0.19976159241203456,0.11266666666666666,0.13333333333333333,kcenter_a1,0.20607104413295405,0.19653987617372587,0.20713594950249542,3.0,
diamonds,sparse_init,outlier,7003,0.19972372276726388,0.19938478002625687,0.19976159241203456,0.11266666666666666,0.13333333333333333,rho_a1,0.20390083212795115,0.2192693413036218,0.20218372798992462,38.0,
diamonds,sparse_init,outlier,7003,0.19972372276726388,0.19938478002625687,0.19976159241203456,0.11266666666666666,0.13333333333333333,rho_landscape_a1,0.20677071215543122,0.2203149352452456,0.20525743319987108,41.0,
diamonds,sparse_init,outlier,7003,0.19972372276726388,0.19938478002625687,0.19976159241203456,0.11266666666666666,0.13333333333333333,rho_filter_a1,0.2062027576594201,0.19210661769774376,0.20777770159065795,25.0,
diamonds,sparse_init,outlier,7004,0.20893696343105342,0.19866918814740508,0.21003992489563136,0.138,0.19111111111111112,all_data,0.21803759505519985,0.2071189052999458,0.21921047756490047,,
diamonds,sparse_init,outlier,7004,0.20893696343105342,0.19866918814740508,0.21003992489563136,0.138,0.19111111111111112,random,0.23517167158733718,0.20295393050456806,0.23863249205802223,,
diamonds,sparse_init,outlier,7004,0.20893696343105342,0.19866918814740508,0.21003992489563136,0.138,0.19111111111111112,uniform,0.22468659201733435,0.19980206344032908,0.22735968091209574,23.0,
diamonds,sparse_init,outlier,7004,0.20893696343105342,0.19866918814740508,0.21003992489563136,0.138,0.19111111111111112,rho,0.23487460573077287,0.20907906446753077,0.2376455553459827,30.0,
diamonds,sparse_init,outlier,7004,0.20893696343105342,0.19866918814740508,0.21003992489563136,0.138,0.19111111111111112,ws_default,0.2370384587051598,0.21235865857960412,0.23968955572861372,35.0,
diamonds,sparse_init,outlier,7004,0.20893696343105342,0.19866918814740508,0.21003992489563136,0.138,0.19111111111111112,ws_tuned,0.2334584958569483,0.2311775849101253,0.2337035106541153,35.0,
diamonds,sparse_init,outlier,7004,0.20893696343105342,0.19866918814740508,0.21003992489563136,0.138,0.19111111111111112,kcenter_a1,0.2315954121814537,0.20516398844770922,0.23443466810855587,22.0,
diamonds,sparse_init,outlier,7004,0.20893696343105342,0.19866918814740508,0.21003992489563136,0.138,0.19111111111111112,rho_a1,0.24634365098272928,0.2020091506770913,0.25110605024036703,3.0,
diamonds,sparse_init,outlier,7004,0.20893696343105342,0.19866918814740508,0.21003992489563136,0.138,0.19111111111111112,rho_landscape_a1,0.23655261978443876,0.20708290112431063,0.23971824847771941,8.0,
diamonds,sparse_init,outlier,7004,0.20893696343105342,0.19866918814740508,0.21003992489563136,0.138,0.19111111111111112,rho_filter_a1,0.23331386460656994,0.2098652907255399,0.23583270366134285,43.0,
diamonds,sparse_init,outlier,7005,0.21090321431138603,0.21486635391382694,0.21044444082881614,0.12733333333333333,0.11555555555555555,all_data,0.22415850452945682,0.21981465962368946,0.22466134850041736,,
diamonds,sparse_init,outlier,7005,0.21090321431138603,0.21486635391382694,0.21044444082881614,0.12733333333333333,0.11555555555555555,random,0.228556929054771,0.23944586089347034,0.22729642509017958,,
diamonds,sparse_init,outlier,7005,0.21090321431138603,0.21486635391382694,0.21044444082881614,0.12733333333333333,0.11555555555555555,uniform,0.2307823868358037,0.24740970339002127,0.22885760681627787,19.0,
diamonds,sparse_init,outlier,7005,0.21090321431138603,0.21486635391382694,0.21044444082881614,0.12733333333333333,0.11555555555555555,rho,0.21579219702032357,0.21994735745694777,0.2153111951845637,20.0,
diamonds,sparse_init,outlier,7005,0.21090321431138603,0.21486635391382694,0.21044444082881614,0.12733333333333333,0.11555555555555555,ws_default,0.22271662359199337,0.22292750118006432,0.22269221237886938,29.0,
diamonds,sparse_init,outlier,7005,0.21090321431138603,0.21486635391382694,0.21044444082881614,0.12733333333333333,0.11555555555555555,ws_tuned,0.21371086623128674,0.21082991648924945,0.21404436529486986,24.0,
diamonds,sparse_init,outlier,7005,0.21090321431138603,0.21486635391382694,0.21044444082881614,0.12733333333333333,0.11555555555555555,kcenter_a1,0.2315677709845221,0.22316555015809472,0.23254041300487566,11.0,
diamonds,sparse_init,outlier,7005,0.21090321431138603,0.21486635391382694,0.21044444082881614,0.12733333333333333,0.11555555555555555,rho_a1,0.22493756940822213,0.22979610568559483,0.22437514470665737,6.0,
diamonds,sparse_init,outlier,7005,0.21090321431138603,0.21486635391382694,0.21044444082881614,0.12733333333333333,0.11555555555555555,rho_landscape_a1,0.22394107897203872,0.23028634357107355,0.22320655043407514,16.0,
diamonds,sparse_init,outlier,7005,0.21090321431138603,0.21486635391382694,0.21044444082881614,0.12733333333333333,0.11555555555555555,rho_filter_a1,0.21234607706596167,0.2145196825865843,0.2120944602483722,24.0,
diamonds,sparse_init,outlier,7006,0.22296111581781378,0.2766274213809438,0.21716337089548116,0.12666666666666668,0.23555555555555555,all_data,0.21702070051921057,0.2175230365948223,0.2169664315248924,,
diamonds,sparse_init,outlier,7006,0.22296111581781378,0.2766274213809438,0.21716337089548116,0.12666666666666668,0.23555555555555555,random,0.23415554149901827,0.33755500625681134,0.22298496220385505,,
diamonds,sparse_init,outlier,7006,0.22296111581781378,0.2766274213809438,0.21716337089548116,0.12666666666666668,0.23555555555555555,uniform,0.22897146924874937,0.362224498716233,0.2145757126026777,11.0,
diamonds,sparse_init,outlier,7006,0.22296111581781378,0.2766274213809438,0.21716337089548116,0.12666666666666668,0.23555555555555555,rho,0.21907504696785743,0.22640870797711843,0.21828276780065192,37.0,
diamonds,sparse_init,outlier,7006,0.22296111581781378,0.2766274213809438,0.21716337089548116,0.12666666666666668,0.23555555555555555,ws_default,0.23647234586571772,0.32584080889391437,0.22681758116184053,23.0,
diamonds,sparse_init,outlier,7006,0.22296111581781378,0.2766274213809438,0.21716337089548116,0.12666666666666668,0.23555555555555555,ws_tuned,0.21981158647103352,0.23352736910063193,0.2183298260207445,52.0,
diamonds,sparse_init,outlier,7006,0.22296111581781378,0.2766274213809438,0.21716337089548116,0.12666666666666668,0.23555555555555555,kcenter_a1,0.23259100364809634,0.37450255178377084,0.21725983916806504,6.0,
diamonds,sparse_init,outlier,7006,0.22296111581781378,0.2766274213809438,0.21716337089548116,0.12666666666666668,0.23555555555555555,rho_a1,0.21952408609627644,0.2313303335687457,0.21824861891781025,109.0,
diamonds,sparse_init,outlier,7006,0.22296111581781378,0.2766274213809438,0.21716337089548116,0.12666666666666668,0.23555555555555555,rho_landscape_a1,0.2187035428802726,0.23964697296212567,0.21644095625093113,101.0,
diamonds,sparse_init,outlier,7006,0.22296111581781378,0.2766274213809438,0.21716337089548116,0.12666666666666668,0.23555555555555555,rho_filter_a1,0.21969797209284844,0.22319515401903967,0.21932016019500505,40.0,
diamonds,sparse_init,outlier,7007,0.21545788473455638,0.19987972026904155,0.2171936013087913,0.11866666666666667,0.10666666666666667,all_data,0.21483170764890208,0.1851376774587596,0.21814021170732031,,
diamonds,sparse_init,outlier,7007,0.21545788473455638,0.19987972026904155,0.2171936013087913,0.11866666666666667,0.10666666666666667,random,0.23001549633385449,0.20049784870042756,0.23330434787622853,,
diamonds,sparse_init,outlier,7007,0.21545788473455638,0.19987972026904155,0.2171936013087913,0.11866666666666667,0.10666666666666667,uniform,0.2237502535181293,0.19504219629141104,0.22694890062785814,14.0,
diamonds,sparse_init,outlier,7007,0.21545788473455638,0.19987972026904155,0.2171936013087913,0.11866666666666667,0.10666666666666667,rho,0.2232899912263705,0.1993940742316284,0.22595247044695718,33.0,
diamonds,sparse_init,outlier,7007,0.21545788473455638,0.19987972026904155,0.2171936013087913,0.11866666666666667,0.10666666666666667,ws_default,0.22617469416783603,0.19175671814873713,0.23000953950922493,30.0,
diamonds,sparse_init,outlier,7007,0.21545788473455638,0.19987972026904155,0.2171936013087913,0.11866666666666667,0.10666666666666667,ws_tuned,0.22533693269225927,0.1914679486094631,0.2291106094405786,21.0,
diamonds,sparse_init,outlier,7007,0.21545788473455638,0.19987972026904155,0.2171936013087913,0.11866666666666667,0.10666666666666667,kcenter_a1,0.22049978995779612,0.19499888938138038,0.22334109619040035,6.0,
diamonds,sparse_init,outlier,7007,0.21545788473455638,0.19987972026904155,0.2171936013087913,0.11866666666666667,0.10666666666666667,rho_a1,0.22221435917222518,0.21667350865055812,0.22283171984440875,35.0,
diamonds,sparse_init,outlier,7007,0.21545788473455638,0.19987972026904155,0.2171936013087913,0.11866666666666667,0.10666666666666667,rho_landscape_a1,0.2210426781494643,0.20745172662540776,0.22255697977801298,32.0,
diamonds,sparse_init,outlier,7007,0.21545788473455638,0.19987972026904155,0.2171936013087913,0.11866666666666667,0.10666666666666667,rho_filter_a1,0.22574063874206626,0.21056202360480974,0.2274318375945364,21.0,
diamonds,sparse_init,outlier,7008,0.21893956182879207,0.22361180760118507,0.21840886130676085,0.11733333333333333,0.10222222222222223,all_data,0.21129134007506162,0.20281223721362698,0.21225444529985707,,
diamonds,sparse_init,outlier,7008,0.21893956182879207,0.22361180760118507,0.21840886130676085,0.11733333333333333,0.10222222222222223,random,0.23289445750156107,0.22726625276188991,0.23353374133613397,,
diamonds,sparse_init,outlier,7008,0.21893956182879207,0.22361180760118507,0.21840886130676085,0.11733333333333333,0.10222222222222223,uniform,0.22503057144971217,0.24259263640117049,0.22303577119910106,17.0,
diamonds,sparse_init,outlier,7008,0.21893956182879207,0.22361180760118507,0.21840886130676085,0.11733333333333333,0.10222222222222223,rho,0.23065625640639273,0.22363743354240234,0.23145349463816006,23.0,
diamonds,sparse_init,outlier,7008,0.21893956182879207,0.22361180760118507,0.21840886130676085,0.11733333333333333,0.10222222222222223,ws_default,0.22895574958165796,0.23404820231484375,0.22837731953846757,18.0,
diamonds,sparse_init,outlier,7008,0.21893956182879207,0.22361180760118507,0.21840886130676085,0.11733333333333333,0.10222222222222223,ws_tuned,0.22266214905988146,0.20508537925144585,0.2246586195726436,15.0,
diamonds,sparse_init,outlier,7008,0.21893956182879207,0.22361180760118507,0.21840886130676085,0.11733333333333333,0.10222222222222223,kcenter_a1,0.23110929709750616,0.22456347156905984,0.23185280957401116,11.0,
diamonds,sparse_init,outlier,7008,0.21893956182879207,0.22361180760118507,0.21840886130676085,0.11733333333333333,0.10222222222222223,rho_a1,0.232248901098577,0.23179175639313102,0.23230082622102186,1.0,
diamonds,sparse_init,outlier,7008,0.21893956182879207,0.22361180760118507,0.21840886130676085,0.11733333333333333,0.10222222222222223,rho_landscape_a1,0.2283259903725392,0.22447503998481033,0.2287634034455329,9.0,
diamonds,sparse_init,outlier,7008,0.21893956182879207,0.22361180760118507,0.21840886130676085,0.11733333333333333,0.10222222222222223,rho_filter_a1,0.2228099351236475,0.20443488808327318,0.22489707855139604,22.0,
diamonds,sparse_init,outlier,7009,0.20190563820584162,0.1724204849626049,0.2049917671976082,0.128,0.08888888888888889,all_data,0.21159530169546126,0.16429186348312644,0.2165464210222977,,
diamonds,sparse_init,outlier,7009,0.20190563820584162,0.1724204849626049,0.2049917671976082,0.128,0.08888888888888889,random,0.22046718217363281,0.17929703657796509,0.2247763468189678,,
diamonds,sparse_init,outlier,7009,0.20190563820584162,0.1724204849626049,0.2049917671976082,0.128,0.08888888888888889,uniform,0.21818910827961457,0.1757432338483177,0.22263179991437335,15.0,
diamonds,sparse_init,outlier,7009,0.20190563820584162,0.1724204849626049,0.2049917671976082,0.128,0.08888888888888889,rho,0.21480255894412392,0.17917220953181198,0.2185318885291187,21.0,
diamonds,sparse_init,outlier,7009,0.20190563820584162,0.1724204849626049,0.2049917671976082,0.128,0.08888888888888889,ws_default,0.23268134216460817,0.16246224737639056,0.2400309795368077,19.0,
diamonds,sparse_init,outlier,7009,0.20190563820584162,0.1724204849626049,0.2049917671976082,0.128,0.08888888888888889,ws_tuned,0.22215757637643638,0.1604453332295413,0.22861682524489071,21.0,
diamonds,sparse_init,outlier,7009,0.20190563820584162,0.1724204849626049,0.2049917671976082,0.128,0.08888888888888889,kcenter_a1,0.21987855320891617,0.18963249374519078,0.2230443241387013,8.0,
diamonds,sparse_init,outlier,7009,0.20190563820584162,0.1724204849626049,0.2049917671976082,0.128,0.08888888888888889,rho_a1,0.22457900184759239,0.20793949146078977,0.22632061312530527,35.0,
diamonds,sparse_init,outlier,7009,0.20190563820584162,0.1724204849626049,0.2049917671976082,0.128,0.08888888888888889,rho_landscape_a1,0.22988022897803836,0.20266192716189738,0.23272909293504404,31.0,
diamonds,sparse_init,outlier,7009,0.20190563820584162,0.1724204849626049,0.2049917671976082,0.128,0.08888888888888889,rho_filter_a1,0.22590332101944918,0.17027638388197378,0.23172563783113193,17.0,
diamonds,sparse_all,clean,7000,0.20086610787749518,0.18874865580611863,0.20221997550748222,0.024666666666666667,0.022222222222222223,all_data,0.19277395877956466,0.19198373203984698,0.19286224981607566,,
diamonds,sparse_all,clean,7000,0.20086610787749518,0.18874865580611863,0.20221997550748222,0.024666666666666667,0.022222222222222223,random,0.20063237264174166,0.19418431066056172,0.20135280647065618,,
diamonds,sparse_all,clean,7000,0.20086610787749518,0.18874865580611863,0.20221997550748222,0.024666666666666667,0.022222222222222223,uniform,0.1948483430725845,0.19139104446856808,0.19523462268314995,5.0,
diamonds,sparse_all,clean,7000,0.20086610787749518,0.18874865580611863,0.20221997550748222,0.024666666666666667,0.022222222222222223,rho,0.20178794510066161,0.19606861436393633,0.20242695870715507,6.0,
diamonds,sparse_all,clean,7000,0.20086610787749518,0.18874865580611863,0.20221997550748222,0.024666666666666667,0.022222222222222223,ws_default,0.19902534227330101,0.19043183602268654,0.19998548388329182,3.0,
diamonds,sparse_all,clean,7000,0.20086610787749518,0.18874865580611863,0.20221997550748222,0.024666666666666667,0.022222222222222223,ws_tuned,0.1964370596076853,0.18797249848685277,0.19738279434103012,7.0,
diamonds,sparse_all,clean,7000,0.20086610787749518,0.18874865580611863,0.20221997550748222,0.024666666666666667,0.022222222222222223,kcenter_a1,0.19423907250198708,0.18966750068676433,0.1947498484524372,7.0,
diamonds,sparse_all,clean,7000,0.20086610787749518,0.18874865580611863,0.20221997550748222,0.024666666666666667,0.022222222222222223,rho_a1,0.20249502713334838,0.19533990263824813,0.20329446016476313,1.0,
diamonds,sparse_all,clean,7000,0.20086610787749518,0.18874865580611863,0.20221997550748222,0.024666666666666667,0.022222222222222223,rho_landscape_a1,0.20212464270471697,0.1948097937689525,0.20294192154634488,2.0,
diamonds,sparse_all,clean,7000,0.20086610787749518,0.18874865580611863,0.20221997550748222,0.024666666666666667,0.022222222222222223,rho_filter_a1,0.1992461425798312,0.19420868298873784,0.19980897158361655,5.0,
diamonds,sparse_all,clean,7001,0.19674854040157494,0.18051410246071375,0.19859757552210186,0.025333333333333333,0.017777777777777778,all_data,0.19027588450582886,0.181144099743633,0.19131595690007505,,
diamonds,sparse_all,clean,7001,0.19674854040157494,0.18051410246071375,0.19859757552210186,0.025333333333333333,0.017777777777777778,random,0.19782959641696454,0.18266068698545124,0.19955727226143374,,
diamonds,sparse_all,clean,7001,0.19674854040157494,0.18051410246071375,0.19859757552210186,0.025333333333333333,0.017777777777777778,uniform,0.19542667996630284,0.17860050419296258,0.1973431115706738,8.0,
diamonds,sparse_all,clean,7001,0.19674854040157494,0.18051410246071375,0.19859757552210186,0.025333333333333333,0.017777777777777778,rho,0.19470680410784957,0.17876206450487947,0.196522843789725,3.0,
diamonds,sparse_all,clean,7001,0.19674854040157494,0.18051410246071375,0.19859757552210186,0.025333333333333333,0.017777777777777778,ws_default,0.19720009912461386,0.1777160211761925,0.19941925475839392,3.0,
diamonds,sparse_all,clean,7001,0.19674854040157494,0.18051410246071375,0.19859757552210186,0.025333333333333333,0.017777777777777778,ws_tuned,0.19786030758479284,0.18072898501614218,0.19981149414301566,5.0,
diamonds,sparse_all,clean,7001,0.19674854040157494,0.18051410246071375,0.19859757552210186,0.025333333333333333,0.017777777777777778,kcenter_a1,0.1928892416628299,0.17496020238494242,0.19493128484429914,11.0,
diamonds,sparse_all,clean,7001,0.19674854040157494,0.18051410246071375,0.19859757552210186,0.025333333333333333,0.017777777777777778,rho_a1,0.19803436445594474,0.17743572233793664,0.20038046432402196,5.0,
diamonds,sparse_all,clean,7001,0.19674854040157494,0.18051410246071375,0.19859757552210186,0.025333333333333333,0.017777777777777778,rho_landscape_a1,0.19959828774304464,0.17534783451739142,0.20236031374396146,3.0,
diamonds,sparse_all,clean,7001,0.19674854040157494,0.18051410246071375,0.19859757552210186,0.025333333333333333,0.017777777777777778,rho_filter_a1,0.19858498278402892,0.17665066394179932,0.20108321068892224,4.0,
diamonds,sparse_all,clean,7002,0.20667292063183976,0.20092129513696913,0.20728723370351107,0.034666666666666665,0.05333333333333334,all_data,0.19841254431179073,0.19662023490933236,0.19860397525516346,,
diamonds,sparse_all,clean,7002,0.20667292063183976,0.20092129513696913,0.20728723370351107,0.034666666666666665,0.05333333333333334,random,0.2042581683871269,0.20026703990488298,0.2046844482969626,,
diamonds,sparse_all,clean,7002,0.20667292063183976,0.20092129513696913,0.20728723370351107,0.034666666666666665,0.05333333333333334,uniform,0.20275579503800112,0.19640691097058413,0.20343389942372966,7.0,
diamonds,sparse_all,clean,7002,0.20667292063183976,0.20092129513696913,0.20728723370351107,0.034666666666666665,0.05333333333333334,rho,0.2044775033491905,0.2041721968304245,0.20451011218046988,10.0,
diamonds,sparse_all,clean,7002,0.20667292063183976,0.20092129513696913,0.20728723370351107,0.034666666666666665,0.05333333333333334,ws_default,0.20165352164809258,0.19810140545897983,0.20203291203243057,7.0,
diamonds,sparse_all,clean,7002,0.20667292063183976,0.20092129513696913,0.20728723370351107,0.034666666666666665,0.05333333333333334,ws_tuned,0.20450580569765645,0.20248341062700476,0.20472181136928666,9.0,
diamonds,sparse_all,clean,7002,0.20667292063183976,0.20092129513696913,0.20728723370351107,0.034666666666666665,0.05333333333333334,kcenter_a1,0.20028497148172014,0.19745151414598316,0.200587604168935,5.0,
diamonds,sparse_all,clean,7002,0.20667292063183976,0.20092129513696913,0.20728723370351107,0.034666666666666665,0.05333333333333334,rho_a1,0.20948056484518315,0.20434057975301814,0.21002955052464514,3.0,
diamonds,sparse_all,clean,7002,0.20667292063183976,0.20092129513696913,0.20728723370351107,0.034666666666666665,0.05333333333333334,rho_landscape_a1,0.2098104385927344,0.21130377544069479,0.20965093996979234,4.0,
diamonds,sparse_all,clean,7002,0.20667292063183976,0.20092129513696913,0.20728723370351107,0.034666666666666665,0.05333333333333334,rho_filter_a1,0.20389201825096875,0.20562523261778345,0.20370689906292494,9.0,
diamonds,sparse_all,clean,7003,0.20850620789047555,0.20121633872669273,0.20932069577369974,0.024,0.02666666666666667,all_data,0.20056399744903836,0.20141149388550536,0.20046930774157318,,
diamonds,sparse_all,clean,7003,0.20850620789047555,0.20121633872669273,0.20932069577369974,0.024,0.02666666666666667,random,0.20566692788460444,0.20212160708452612,0.2060630421040684,,
diamonds,sparse_all,clean,7003,0.20850620789047555,0.20121633872669273,0.20932069577369974,0.024,0.02666666666666667,uniform,0.20390508255174758,0.20070203267865439,0.20426295527242117,3.0,
diamonds,sparse_all,clean,7003,0.20850620789047555,0.20121633872669273,0.20932069577369974,0.024,0.02666666666666667,rho,0.20756121084035725,0.2109665340806845,0.2071807383715936,5.0,
diamonds,sparse_all,clean,7003,0.20850620789047555,0.20121633872669273,0.20932069577369974,0.024,0.02666666666666667,ws_default,0.2111273613136828,0.20893750199647973,0.21137203153200293,1.0,
diamonds,sparse_all,clean,7003,0.20850620789047555,0.20121633872669273,0.20932069577369974,0.024,0.02666666666666667,ws_tuned,0.2050661257909639,0.20115493922499877,0.20550311773079658,4.0,
diamonds,sparse_all,clean,7003,0.20850620789047555,0.20121633872669273,0.20932069577369974,0.024,0.02666666666666667,kcenter_a1,0.20481442038265132,0.20500493956033314,0.20479313391532836,1.0,
diamonds,sparse_all,clean,7003,0.20850620789047555,0.20121633872669273,0.20932069577369974,0.024,0.02666666666666667,rho_a1,0.21183555773161425,0.21620247955593344,0.21134764706641793,1.0,
diamonds,sparse_all,clean,7003,0.20850620789047555,0.20121633872669273,0.20932069577369974,0.024,0.02666666666666667,rho_landscape_a1,0.2138573330219935,0.2123813870684801,0.21402223860101308,0.0,
diamonds,sparse_all,clean,7003,0.20850620789047555,0.20121633872669273,0.20932069577369974,0.024,0.02666666666666667,rho_filter_a1,0.21006705631864883,0.20780367313724393,0.21031994126554288,6.0,
diamonds,sparse_all,clean,7004,0.20007485723557875,0.19599602542729327,0.2005130041740103,0.024666666666666667,0.035555555555555556,all_data,0.19396652005607762,0.19389730219447987,0.19397395541884063,,
diamonds,sparse_all,clean,7004,0.20007485723557875,0.19599602542729327,0.2005130041740103,0.024666666666666667,0.035555555555555556,random,0.20352155046442427,0.21178644682476047,0.20263373767710133,,
diamonds,sparse_all,clean,7004,0.20007485723557875,0.19599602542729327,0.2005130041740103,0.024666666666666667,0.035555555555555556,uniform,0.19851663249078808,0.2134634805877048,0.1969110463718502,4.0,
diamonds,sparse_all,clean,7004,0.20007485723557875,0.19599602542729327,0.2005130041740103,0.024666666666666667,0.035555555555555556,rho,0.19721745953490058,0.20280546349895892,0.1966171977580305,5.0,
diamonds,sparse_all,clean,7004,0.20007485723557875,0.19599602542729327,0.2005130041740103,0.024666666666666667,0.035555555555555556,ws_default,0.20042905240166312,0.19293262753365892,0.20123431620254506,7.0,
diamonds,sparse_all,clean,7004,0.20007485723557875,0.19599602542729327,0.2005130041740103,0.024666666666666667,0.035555555555555556,ws_tuned,0.19932308144901567,0.2086725830772993,0.19831876067609924,12.0,
diamonds,sparse_all,clean,7004,0.20007485723557875,0.19599602542729327,0.2005130041740103,0.024666666666666667,0.035555555555555556,kcenter_a1,0.19880721755452158,0.21384180065992545,0.19719220696623346,8.0,
diamonds,sparse_all,clean,7004,0.20007485723557875,0.19599602542729327,0.2005130041740103,0.024666666666666667,0.035555555555555556,rho_a1,0.20248052816316214,0.20526332178160123,0.20218160127391674,6.0,
diamonds,sparse_all,clean,7004,0.20007485723557875,0.19599602542729327,0.2005130041740103,0.024666666666666667,0.035555555555555556,rho_landscape_a1,0.19859642084215726,0.2026328101582562,0.19816283306401594,5.0,
diamonds,sparse_all,clean,7004,0.20007485723557875,0.19599602542729327,0.2005130041740103,0.024666666666666667,0.035555555555555556,rho_filter_a1,0.20010872380293745,0.2127794713769035,0.1987476357468193,7.0,
diamonds,sparse_all,clean,7005,0.20309704646722324,0.21135525741275477,0.20214107504675027,0.027333333333333334,0.03111111111111111,all_data,0.2024243230724047,0.2164257207284129,0.20080351971752508,,
diamonds,sparse_all,clean,7005,0.20309704646722324,0.21135525741275477,0.20214107504675027,0.027333333333333334,0.03111111111111111,random,0.20836605966476984,0.21533798920688918,0.207558988323074,,
diamonds,sparse_all,clean,7005,0.20309704646722324,0.21135525741275477,0.20214107504675027,0.027333333333333334,0.03111111111111111,uniform,0.2075853682054189,0.2167574371964064,0.20652360847563933,10.0,
diamonds,sparse_all,clean,7005,0.20309704646722324,0.21135525741275477,0.20214107504675027,0.027333333333333334,0.03111111111111111,rho,0.20655363636397886,0.21858734713588654,0.20516061266234936,2.0,
diamonds,sparse_all,clean,7005,0.20309704646722324,0.21135525741275477,0.20214107504675027,0.027333333333333334,0.03111111111111111,ws_default,0.20727981206666032,0.2144560842253015,0.20644908600087625,7.0,
diamonds,sparse_all,clean,7005,0.20309704646722324,0.21135525741275477,0.20214107504675027,0.027333333333333334,0.03111111111111111,ws_tuned,0.2091465721578726,0.2163077823742042,0.20831758966421077,8.0,
diamonds,sparse_all,clean,7005,0.20309704646722324,0.21135525741275477,0.20214107504675027,0.027333333333333334,0.03111111111111111,kcenter_a1,0.20271455540522487,0.21225814737852747,0.20160978813355948,3.0,
diamonds,sparse_all,clean,7005,0.20309704646722324,0.21135525741275477,0.20214107504675027,0.027333333333333334,0.03111111111111111,rho_a1,0.20844373165688632,0.2203682897710819,0.2070633434790924,2.0,
diamonds,sparse_all,clean,7005,0.20309704646722324,0.21135525741275477,0.20214107504675027,0.027333333333333334,0.03111111111111111,rho_landscape_a1,0.2080257374562637,0.21661473060349257,0.2070314746512149,0.0,
diamonds,sparse_all,clean,7005,0.20309704646722324,0.21135525741275477,0.20214107504675027,0.027333333333333334,0.03111111111111111,rho_filter_a1,0.2063470105125431,0.21597560256795517,0.20523240362188871,7.0,
diamonds,sparse_all,clean,7006,0.24507021076619673,0.21897449024121313,0.24788941603066864,0.022,0.008888888888888889,all_data,0.20508987184433441,0.21459775030445122,0.20406270491928025,,
diamonds,sparse_all,clean,7006,0.24507021076619673,0.21897449024121313,0.24788941603066864,0.022,0.008888888888888889,random,0.2096290920793348,0.21545216205902298,0.20900000695687543,,
diamonds,sparse_all,clean,7006,0.24507021076619673,0.21897449024121313,0.24788941603066864,0.022,0.008888888888888889,uniform,0.20741477646068956,0.21279841827356016,0.2068331641872769,2.0,
diamonds,sparse_all,clean,7006,0.24507021076619673,0.21897449024121313,0.24788941603066864,0.022,0.008888888888888889,rho,0.20859163188774624,0.21419803064517223,0.20798595445965865,4.0,
diamonds,sparse_all,clean,7006,0.24507021076619673,0.21897449024121313,0.24788941603066864,0.022,0.008888888888888889,ws_default,0.20954231582491464,0.22543881147348335,0.20782496587950142,5.0,
diamonds,sparse_all,clean,7006,0.24507021076619673,0.21897449024121313,0.24788941603066864,0.022,0.008888888888888889,ws_tuned,0.21006009158551103,0.21497323098445448,0.20952930921277202,1.0,
diamonds,sparse_all,clean,7006,0.24507021076619673,0.21897449024121313,0.24788941603066864,0.022,0.008888888888888889,kcenter_a1,0.2061560451275198,0.2155435145422338,0.20514188638188585,2.0,
diamonds,sparse_all,clean,7006,0.24507021076619673,0.21897449024121313,0.24788941603066864,0.022,0.008888888888888889,rho_a1,0.21476529632100497,0.21975895223773742,0.21422581548789535,0.0,
diamonds,sparse_all,clean,7006,0.24507021076619673,0.21897449024121313,0.24788941603066864,0.022,0.008888888888888889,rho_landscape_a1,0.21203390764546537,0.21777021060012716,0.21141419624593125,0.0,
diamonds,sparse_all,clean,7006,0.24507021076619673,0.21897449024121313,0.24788941603066864,0.022,0.008888888888888889,rho_filter_a1,0.20716436156266824,0.21831238971218767,0.20596000395094727,2.0,
diamonds,sparse_all,clean,7007,0.2049462480679947,0.20894559633109214,0.2045006413290389,0.02266666666666667,0.035555555555555556,all_data,0.19810831581213498,0.1863251569787618,0.19942119347042414,,
diamonds,sparse_all,clean,7007,0.2049462480679947,0.20894559633109214,0.2045006413290389,0.02266666666666667,0.035555555555555556,random,0.2068148558653243,0.19714397671373918,0.2078923836618749,,
diamonds,sparse_all,clean,7007,0.2049462480679947,0.20894559633109214,0.2045006413290389,0.02266666666666667,0.035555555555555556,uniform,0.20431788251436028,0.20036113821308332,0.20475874232675598,4.0,
diamonds,sparse_all,clean,7007,0.2049462480679947,0.20894559633109214,0.2045006413290389,0.02266666666666667,0.035555555555555556,rho,0.20915539286286616,0.20198240673077242,0.20995460582173517,5.0,
diamonds,sparse_all,clean,7007,0.2049462480679947,0.20894559633109214,0.2045006413290389,0.02266666666666667,0.035555555555555556,ws_default,0.20435763809758892,0.20470393856177957,0.20431905335567715,5.0,
diamonds,sparse_all,clean,7007,0.2049462480679947,0.20894559633109214,0.2045006413290389,0.02266666666666667,0.035555555555555556,ws_tuned,0.20491897578500334,0.19445117406359372,0.20608529656585506,6.0,
diamonds,sparse_all,clean,7007,0.2049462480679947,0.20894559633109214,0.2045006413290389,0.02266666666666667,0.035555555555555556,kcenter_a1,0.20303846636796077,0.20008712580744448,0.20336730425758767,1.0,
diamonds,sparse_all,clean,7007,0.2049462480679947,0.20894559633109214,0.2045006413290389,0.02266666666666667,0.035555555555555556,rho_a1,0.2069733737340551,0.20159583112691667,0.2075725386647199,14.0,
diamonds,sparse_all,clean,7007,0.2049462480679947,0.20894559633109214,0.2045006413290389,0.02266666666666667,0.035555555555555556,rho_landscape_a1,0.2080608423040723,0.20106542142954426,0.20884027097055904,12.0,
diamonds,sparse_all,clean,7007,0.2049462480679947,0.20894559633109214,0.2045006413290389,0.02266666666666667,0.035555555555555556,rho_filter_a1,0.20780111969984932,0.1982521314896855,0.2088650664273502,7.0,
diamonds,sparse_all,clean,7008,0.20406173618074885,0.20221722010684204,0.20427124691520152,0.022,0.0044444444444444444,all_data,0.1907905742625785,0.19140875025078571,0.19072035828173536,,
diamonds,sparse_all,clean,7008,0.20406173618074885,0.20221722010684204,0.20427124691520152,0.022,0.0044444444444444444,random,0.2013823369039837,0.19969725694299276,0.20157373796859512,,
diamonds,sparse_all,clean,7008,0.20406173618074885,0.20221722010684204,0.20427124691520152,0.022,0.0044444444444444444,uniform,0.1971086969192798,0.20011142681215782,0.19676762960405308,4.0,
diamonds,sparse_all,clean,7008,0.20406173618074885,0.20221722010684204,0.20427124691520152,0.022,0.0044444444444444444,rho,0.20059099806667874,0.20481067228704955,0.20011170322204866,1.0,
diamonds,sparse_all,clean,7008,0.20406173618074885,0.20221722010684204,0.20427124691520152,0.022,0.0044444444444444444,ws_default,0.20568850200399966,0.19897938651966518,0.20645056189197525,8.0,
diamonds,sparse_all,clean,7008,0.20406173618074885,0.20221722010684204,0.20427124691520152,0.022,0.0044444444444444444,ws_tuned,0.1990019631590305,0.20270677165376694,0.19858114972198915,6.0,
diamonds,sparse_all,clean,7008,0.20406173618074885,0.20221722010684204,0.20427124691520152,0.022,0.0044444444444444444,kcenter_a1,0.19502385984684334,0.19399459510316713,0.19514076965069074,7.0,
diamonds,sparse_all,clean,7008,0.20406173618074885,0.20221722010684204,0.20427124691520152,0.022,0.0044444444444444444,rho_a1,0.20398195063495575,0.21848176882695539,0.2023349779672676,4.0,
diamonds,sparse_all,clean,7008,0.20406173618074885,0.20221722010684204,0.20427124691520152,0.022,0.0044444444444444444,rho_landscape_a1,0.19967393303706654,0.21114787708738927,0.19837065654137287,2.0,
diamonds,sparse_all,clean,7008,0.20406173618074885,0.20221722010684204,0.20427124691520152,0.022,0.0044444444444444444,rho_filter_a1,0.1986585756116876,0.19831535937796313,0.19869756008366965,1.0,
diamonds,sparse_all,clean,7009,0.1914421432988878,0.1583734853422373,0.19490334776328175,0.024666666666666667,0.0044444444444444444,all_data,0.19058275900316093,0.15439162937196726,0.1943707838941365,,
diamonds,sparse_all,clean,7009,0.1914421432988878,0.1583734853422373,0.19490334776328175,0.024666666666666667,0.0044444444444444444,random,0.19017053019281233,0.15213549301075305,0.1941515517592306,,
diamonds,sparse_all,clean,7009,0.1914421432988878,0.1583734853422373,0.19490334776328175,0.024666666666666667,0.0044444444444444444,uniform,0.18808358344176054,0.15599948519942453,0.19144173677891752,7.0,
diamonds,sparse_all,clean,7009,0.1914421432988878,0.1583734853422373,0.19490334776328175,0.024666666666666667,0.0044444444444444444,rho,0.19238244259669163,0.15385426910069033,0.1964150793696782,2.0,
diamonds,sparse_all,clean,7009,0.1914421432988878,0.1583734853422373,0.19490334776328175,0.024666666666666667,0.0044444444444444444,ws_default,0.18982110295932042,0.15393667110757145,0.19357702664664794,3.0,
diamonds,sparse_all,clean,7009,0.1914421432988878,0.1583734853422373,0.19490334776328175,0.024666666666666667,0.0044444444444444444,ws_tuned,0.18934330311284536,0.1530914275374965,0.19313768611286117,3.0,
diamonds,sparse_all,clean,7009,0.1914421432988878,0.1583734853422373,0.19490334776328175,0.024666666666666667,0.0044444444444444444,kcenter_a1,0.18878205823131577,0.1457343922558904,0.19328773771341634,4.0,
diamonds,sparse_all,clean,7009,0.1914421432988878,0.1583734853422373,0.19490334776328175,0.024666666666666667,0.0044444444444444444,rho_a1,0.1886279217480404,0.1507013397408717,0.19259759161291667,2.0,
diamonds,sparse_all,clean,7009,0.1914421432988878,0.1583734853422373,0.19490334776328175,0.024666666666666667,0.0044444444444444444,rho_landscape_a1,0.18759006691532762,0.1509578775718663,0.19142425629979923,3.0,
diamonds,sparse_all,clean,7009,0.1914421432988878,0.1583734853422373,0.19490334776328175,0.024666666666666667,0.0044444444444444444,rho_filter_a1,0.18936350436590618,0.15624291711640764,0.1928301441249672,1.0,
diamonds,sparse_all,outlier,7000,0.23209951233834003,0.21670476076316927,0.23381954850654976,0.022,0.008888888888888889,all_data,0.20694813672687504,0.21189342271417608,0.20639560616353572,,
diamonds,sparse_all,outlier,7000,0.23209951233834003,0.21670476076316927,0.23381954850654976,0.022,0.008888888888888889,random,0.22585934147031123,0.24353439738984622,0.22388452977502124,,
diamonds,sparse_all,outlier,7000,0.23209951233834003,0.21670476076316927,0.23381954850654976,0.022,0.008888888888888889,uniform,0.2145569687170622,0.22828420963947216,0.21302324141000029,3.0,
diamonds,sparse_all,outlier,7000,0.23209951233834003,0.21670476076316927,0.23381954850654976,0.022,0.008888888888888889,rho,0.22857459472292896,0.30357085777538667,0.22019535688327138,6.0,
diamonds,sparse_all,outlier,7000,0.23209951233834003,0.21670476076316927,0.23381954850654976,0.022,0.008888888888888889,ws_default,0.21970122324368338,0.22279153418954642,0.21935594670109396,2.0,
diamonds,sparse_all,outlier,7000,0.23209951233834003,0.21670476076316927,0.23381954850654976,0.022,0.008888888888888889,ws_tuned,0.22705222663647193,0.2791165564871797,0.2212351447576546,2.0,
diamonds,sparse_all,outlier,7000,0.23209951233834003,0.21670476076316927,0.23381954850654976,0.022,0.008888888888888889,kcenter_a1,0.2357732856542683,0.24262291833113409,0.2350079848382316,6.0,
diamonds,sparse_all,outlier,7000,0.23209951233834003,0.21670476076316927,0.23381954850654976,0.022,0.008888888888888889,rho_a1,0.23906606457624685,0.30789958280718827,0.2313753824392712,6.0,
diamonds,sparse_all,outlier,7000,0.23209951233834003,0.21670476076316927,0.23381954850654976,0.022,0.008888888888888889,rho_landscape_a1,0.23826151520169025,0.30824367594612795,0.23044249668605274,2.0,
diamonds,sparse_all,outlier,7000,0.23209951233834003,0.21670476076316927,0.23381954850654976,0.022,0.008888888888888889,rho_filter_a1,0.21849438830184284,0.21837242048714506,0.21850801561187858,1.0,
diamonds,sparse_all,outlier,7001,0.21037639778066625,0.1986915428744026,0.21170725427096473,0.024,0.0044444444444444444,all_data,0.20281720028053202,0.20028008511158027,0.2031061671711199,,
diamonds,sparse_all,outlier,7001,0.21037639778066625,0.1986915428744026,0.21170725427096473,0.024,0.0044444444444444444,random,0.21727395590256093,0.21958374679683162,0.21701088030363117,,
diamonds,sparse_all,outlier,7001,0.21037639778066625,0.1986915428744026,0.21170725427096473,0.024,0.0044444444444444444,uniform,0.20601210014825222,0.20269115662123122,0.20639034183651495,6.0,
diamonds,sparse_all,outlier,7001,0.21037639778066625,0.1986915428744026,0.21170725427096473,0.024,0.0044444444444444444,rho,0.21323232760391,0.21010867796379773,0.2135880983370779,5.0,
diamonds,sparse_all,outlier,7001,0.21037639778066625,0.1986915428744026,0.21170725427096473,0.024,0.0044444444444444444,ws_default,0.22129155366983624,0.22412726125188112,0.22096857834233516,5.0,
diamonds,sparse_all,outlier,7001,0.21037639778066625,0.1986915428744026,0.21170725427096473,0.024,0.0044444444444444444,ws_tuned,0.2133793260773247,0.20987642799838446,0.213778291634074,2.0,
diamonds,sparse_all,outlier,7001,0.21037639778066625,0.1986915428744026,0.21170725427096473,0.024,0.0044444444444444444,kcenter_a1,0.20272498281047258,0.18473095849238344,0.2047744275183808,11.0,
diamonds,sparse_all,outlier,7001,0.21037639778066625,0.1986915428744026,0.21170725427096473,0.024,0.0044444444444444444,rho_a1,0.22193510142054335,0.22220137710742155,0.2219047737246555,4.0,
diamonds,sparse_all,outlier,7001,0.21037639778066625,0.1986915428744026,0.21170725427096473,0.024,0.0044444444444444444,rho_landscape_a1,0.2212039730135568,0.2176138474523561,0.22161287341860586,2.0,
diamonds,sparse_all,outlier,7001,0.21037639778066625,0.1986915428744026,0.21170725427096473,0.024,0.0044444444444444444,rho_filter_a1,0.21565812079402666,0.20801656009557878,0.21652846285074207,1.0,
diamonds,sparse_all,outlier,7002,0.21079616457037714,0.2000718681579433,0.21194159301951918,0.035333333333333335,0.008888888888888889,all_data,0.2095007162895608,0.20927765676103705,0.2095245405778868,,
diamonds,sparse_all,outlier,7002,0.21079616457037714,0.2000718681579433,0.21194159301951918,0.035333333333333335,0.008888888888888889,random,0.22715258933024027,0.20808585356836354,0.22918904754941144,,
diamonds,sparse_all,outlier,7002,0.21079616457037714,0.2000718681579433,0.21194159301951918,0.035333333333333335,0.008888888888888889,uniform,0.21396350413221094,0.21508757898938152,0.21384344522383578,4.0,
diamonds,sparse_all,outlier,7002,0.21079616457037714,0.2000718681579433,0.21194159301951918,0.035333333333333335,0.008888888888888889,rho,0.21490065962309488,0.2159475637606099,0.21478884307714002,3.0,
diamonds,sparse_all,outlier,7002,0.21079616457037714,0.2000718681579433,0.21194159301951918,0.035333333333333335,0.008888888888888889,ws_default,0.23118707543954223,0.20498571202694943,0.23398556085106986,3.0,
diamonds,sparse_all,outlier,7002,0.21079616457037714,0.2000718681579433,0.21194159301951918,0.035333333333333335,0.008888888888888889,ws_tuned,0.23403776000324356,0.20447910775526656,0.23719482690078622,2.0,
diamonds,sparse_all,outlier,7002,0.21079616457037714,0.2000718681579433,0.21194159301951918,0.035333333333333335,0.008888888888888889,kcenter_a1,0.2182618686824406,0.21486717957105556,0.2186244447745808,3.0,
diamonds,sparse_all,outlier,7002,0.21079616457037714,0.2000718681579433,0.21194159301951918,0.035333333333333335,0.008888888888888889,rho_a1,0.2231934240858408,0.2112280005392455,0.2244714134297771,2.0,
diamonds,sparse_all,outlier,7002,0.21079616457037714,0.2000718681579433,0.21194159301951918,0.035333333333333335,0.008888888888888889,rho_landscape_a1,0.22027495946504486,0.2032468492464187,0.22209367848673545,2.0,
diamonds,sparse_all,outlier,7002,0.21079616457037714,0.2000718681579433,0.21194159301951918,0.035333333333333335,0.008888888888888889,rho_filter_a1,0.23438818959722518,0.20729041543772775,0.23728241782787432,2.0,
diamonds,sparse_all,outlier,7003,0.21470958397026146,0.19602495536119535,0.21679719394826164,0.02666666666666667,0.0044444444444444444,all_data,0.21752832278424583,0.20349690944280158,0.21909603489187804,,
diamonds,sparse_all,outlier,7003,0.21470958397026146,0.19602495536119535,0.21679719394826164,0.02666666666666667,0.0044444444444444444,random,0.2470761409076029,0.21516642900383548,0.2506413727545497,,
diamonds,sparse_all,outlier,7003,0.21470958397026146,0.19602495536119535,0.21679719394826164,0.02666666666666667,0.0044444444444444444,uniform,0.23195676847272587,0.2067556923487919,0.23477245290902973,4.0,
diamonds,sparse_all,outlier,7003,0.21470958397026146,0.19602495536119535,0.21679719394826164,0.02666666666666667,0.0044444444444444444,rho,0.2480355444522586,0.21263314141900302,0.2519910102719831,5.0,
diamonds,sparse_all,outlier,7003,0.21470958397026146,0.19602495536119535,0.21679719394826164,0.02666666666666667,0.0044444444444444444,ws_default,0.2392901108769161,0.2129241118608541,0.24223595067804363,3.0,
diamonds,sparse_all,outlier,7003,0.21470958397026146,0.19602495536119535,0.21679719394826164,0.02666666666666667,0.0044444444444444444,ws_tuned,0.24397334379482044,0.21585408166090483,0.2471150734718171,1.0,
diamonds,sparse_all,outlier,7003,0.21470958397026146,0.19602495536119535,0.21679719394826164,0.02666666666666667,0.0044444444444444444,kcenter_a1,0.23044807724067376,0.21183656472080187,0.23252751805028704,1.0,
diamonds,sparse_all,outlier,7003,0.21470958397026146,0.19602495536119535,0.21679719394826164,0.02666666666666667,0.0044444444444444444,rho_a1,0.2532063462522007,0.24935479650582099,0.2536366750454315,7.0,
diamonds,sparse_all,outlier,7003,0.21470958397026146,0.19602495536119535,0.21679719394826164,0.02666666666666667,0.0044444444444444444,rho_landscape_a1,0.2553963049209895,0.2354222548157732,0.25762798033574685,6.0,
diamonds,sparse_all,outlier,7003,0.21470958397026146,0.19602495536119535,0.21679719394826164,0.02666666666666667,0.0044444444444444444,rho_filter_a1,0.24878499710693897,0.2189517952848402,0.2521182231026265,1.0,
diamonds,sparse_all,outlier,7004,0.21017097300113044,0.1981428022595801,0.2114630356389271,0.022,0.06222222222222222,all_data,0.21097158417646897,0.21955279478866405,0.21004979300328747,,
diamonds,sparse_all,outlier,7004,0.21017097300113044,0.1981428022595801,0.2114630356389271,0.022,0.06222222222222222,random,0.23589704499430875,0.23409351982605892,0.23609077914859475,,
diamonds,sparse_all,outlier,7004,0.21017097300113044,0.1981428022595801,0.2114630356389271,0.022,0.06222222222222222,uniform,0.23285239723046908,0.22182464680172256,0.23403699500631453,5.0,
diamonds,sparse_all,outlier,7004,0.21017097300113044,0.1981428022595801,0.2114630356389271,0.022,0.06222222222222222,rho,0.2301735794230013,0.22684401308643662,0.23053124048019594,1.0,
diamonds,sparse_all,outlier,7004,0.21017097300113044,0.1981428022595801,0.2114630356389271,0.022,0.06222222222222222,ws_default,0.22857048628998158,0.2304106783454151,0.2283728133892318,7.0,
diamonds,sparse_all,outlier,7004,0.21017097300113044,0.1981428022595801,0.2114630356389271,0.022,0.06222222222222222,ws_tuned,0.23143340758144854,0.21981754473417633,0.23268118022395728,9.0,
diamonds,sparse_all,outlier,7004,0.21017097300113044,0.1981428022595801,0.2114630356389271,0.022,0.06222222222222222,kcenter_a1,0.23162834290089018,0.2427142087841677,0.23043750237965213,7.0,
diamonds,sparse_all,outlier,7004,0.21017097300113044,0.1981428022595801,0.2114630356389271,0.022,0.06222222222222222,rho_a1,0.24477998880009683,0.2915461617343625,0.23975637996884122,6.0,
diamonds,sparse_all,outlier,7004,0.21017097300113044,0.1981428022595801,0.2114630356389271,0.022,0.06222222222222222,rho_landscape_a1,0.23235460135180175,0.2860763136424448,0.22658383048558647,7.0,
diamonds,sparse_all,outlier,7004,0.21017097300113044,0.1981428022595801,0.2114630356389271,0.022,0.06222222222222222,rho_filter_a1,0.24245913852174245,0.2650745246239764,0.24002980025826878,12.0,
diamonds,sparse_all,outlier,7005,0.21978307288240273,0.23871558218481356,0.21759144349314177,0.02666666666666667,0.008888888888888889,all_data,0.21453709927033385,0.22044078672167428,0.2138536877522568,,
diamonds,sparse_all,outlier,7005,0.21978307288240273,0.23871558218481356,0.21759144349314177,0.02666666666666667,0.008888888888888889,random,0.22750936114826775,0.21863376184835676,0.2285368015135294,,
diamonds,sparse_all,outlier,7005,0.21978307288240273,0.23871558218481356,0.21759144349314177,0.02666666666666667,0.008888888888888889,uniform,0.22113816617033052,0.21470244149593307,0.22188316637671127,6.0,
diamonds,sparse_all,outlier,7005,0.21978307288240273,0.23871558218481356,0.21759144349314177,0.02666666666666667,0.008888888888888889,rho,0.23128779340060526,0.21455473549277668,0.23322481405102335,1.0,
diamonds,sparse_all,outlier,7005,0.21978307288240273,0.23871558218481356,0.21759144349314177,0.02666666666666667,0.008888888888888889,ws_default,0.22929887494195725,0.21489479815592963,0.23096629247785724,2.0,
diamonds,sparse_all,outlier,7005,0.21978307288240273,0.23871558218481356,0.21759144349314177,0.02666666666666667,0.008888888888888889,ws_tuned,0.22875610377095482,0.21633895766692426,0.23019351398941304,2.0,
diamonds,sparse_all,outlier,7005,0.21978307288240273,0.23871558218481356,0.21759144349314177,0.02666666666666667,0.008888888888888889,kcenter_a1,0.2230734480664151,0.22393912102567595,0.22297323766806273,5.0,
diamonds,sparse_all,outlier,7005,0.21978307288240273,0.23871558218481356,0.21759144349314177,0.02666666666666667,0.008888888888888889,rho_a1,0.23593537544074739,0.21109840398819274,0.23881050602730533,0.0,
diamonds,sparse_all,outlier,7005,0.21978307288240273,0.23871558218481356,0.21759144349314177,0.02666666666666667,0.008888888888888889,rho_landscape_a1,0.23458004959037673,0.21031586635487612,0.2373888741490191,1.0,
diamonds,sparse_all,outlier,7005,0.21978307288240273,0.23871558218481356,0.21759144349314177,0.02666666666666667,0.008888888888888889,rho_filter_a1,0.23327772301796942,0.21746510274649494,0.2351081937049044,2.0,
diamonds,sparse_all,outlier,7006,0.24335941204481482,0.2201798359231476,0.24586357677818055,0.019333333333333334,0.013333333333333334,all_data,0.22589730671111272,0.267090188553474,0.2214471061796665,,
diamonds,sparse_all,outlier,7006,0.24335941204481482,0.2201798359231476,0.24586357677818055,0.019333333333333334,0.013333333333333334,random,0.24743691504979867,0.3102839673947515,0.2406473442978508,,
diamonds,sparse_all,outlier,7006,0.24335941204481482,0.2201798359231476,0.24586357677818055,0.019333333333333334,0.013333333333333334,uniform,0.24075381282678326,0.2844242854258145,0.23603595013602918,4.0,
diamonds,sparse_all,outlier,7006,0.24335941204481482,0.2201798359231476,0.24586357677818055,0.019333333333333334,0.013333333333333334,rho,0.24773700548668562,0.30844068375550504,0.24117899038285193,3.0,
diamonds,sparse_all,outlier,7006,0.24335941204481482,0.2201798359231476,0.24586357677818055,0.019333333333333334,0.013333333333333334,ws_default,0.2507238057179224,0.3276447753438906,0.24241378406857955,4.0,
diamonds,sparse_all,outlier,7006,0.24335941204481482,0.2201798359231476,0.24586357677818055,0.019333333333333334,0.013333333333333334,ws_tuned,0.24461936426047612,0.310553597362724,0.23749627536577342,1.0,
diamonds,sparse_all,outlier,7006,0.24335941204481482,0.2201798359231476,0.24586357677818055,0.019333333333333334,0.013333333333333334,kcenter_a1,0.24070772872226331,0.31285597087869377,0.2329133202898512,0.0,
diamonds,sparse_all,outlier,7006,0.24335941204481482,0.2201798359231476,0.24586357677818055,0.019333333333333334,0.013333333333333334,rho_a1,0.2615775944644597,0.3291742771603728,0.25427490575215883,0.0,
diamonds,sparse_all,outlier,7006,0.24335941204481482,0.2201798359231476,0.24586357677818055,0.019333333333333334,0.013333333333333334,rho_landscape_a1,0.2602388851752978,0.3266670743821772,0.25306243260170147,1.0,
diamonds,sparse_all,outlier,7006,0.24335941204481482,0.2201798359231476,0.24586357677818055,0.019333333333333334,0.013333333333333334,rho_filter_a1,0.2480273177912209,0.28565109914671444,0.2439626987528158,3.0,
diamonds,sparse_all,outlier,7007,0.21229697183708163,0.21250844999832258,0.21227340897443714,0.022,0.0,all_data,0.21988805327689032,0.19957353895283936,0.2221514931890727,,
diamonds,sparse_all,outlier,7007,0.21229697183708163,0.21250844999832258,0.21227340897443714,0.022,0.0,random,0.23385002289830847,0.21187829688571025,0.2362981090697594,,
diamonds,sparse_all,outlier,7007,0.21229697183708163,0.21250844999832258,0.21227340897443714,0.022,0.0,uniform,0.23156550732724718,0.19693302629128268,0.2354242527830465,4.0,
diamonds,sparse_all,outlier,7007,0.21229697183708163,0.21250844999832258,0.21227340897443714,0.022,0.0,rho,0.22768583337987575,0.20110923668453395,0.230646993500696,4.0,
diamonds,sparse_all,outlier,7007,0.21229697183708163,0.21250844999832258,0.21227340897443714,0.022,0.0,ws_default,0.23710049153521712,0.24958062761135613,0.23570995678486092,4.0,
diamonds,sparse_all,outlier,7007,0.21229697183708163,0.21250844999832258,0.21227340897443714,0.022,0.0,ws_tuned,0.23018211952951567,0.21435332105836807,0.231945761704267,2.0,
diamonds,sparse_all,outlier,7007,0.21229697183708163,0.21250844999832258,0.21227340897443714,0.022,0.0,kcenter_a1,0.21874311185786352,0.1995317961555141,0.22088363355740284,4.0,
diamonds,sparse_all,outlier,7007,0.21229697183708163,0.21250844999832258,0.21227340897443714,0.022,0.0,rho_a1,0.22896260765896562,0.20689901640042288,0.23142092944131504,0.0,
diamonds,sparse_all,outlier,7007,0.21229697183708163,0.21250844999832258,0.21227340897443714,0.022,0.0,rho_landscape_a1,0.2305945727800743,0.20160356634916696,0.233824746044535,1.0,
diamonds,sparse_all,outlier,7007,0.21229697183708163,0.21250844999832258,0.21227340897443714,0.022,0.0,rho_filter_a1,0.23096772893807674,0.21855426890685695,0.23235083465425319,0.0,
diamonds,sparse_all,outlier,7008,0.21389609097679155,0.20845969044528437,0.21451358858727457,0.014,0.008888888888888889,all_data,0.21141997472803095,0.20155247601815823,0.2125407819311568,,
diamonds,sparse_all,outlier,7008,0.21389609097679155,0.20845969044528437,0.21451358858727457,0.014,0.008888888888888889,random,0.23909392119819023,0.22595419745362383,0.24058640652329685,,
diamonds,sparse_all,outlier,7008,0.21389609097679155,0.20845969044528437,0.21451358858727457,0.014,0.008888888888888889,uniform,0.24539271142278654,0.20870411735277922,0.2495600127536782,3.0,
diamonds,sparse_all,outlier,7008,0.21389609097679155,0.20845969044528437,0.21451358858727457,0.014,0.008888888888888889,rho,0.23630232665795706,0.20932492795100777,0.2393665746179892,2.0,
diamonds,sparse_all,outlier,7008,0.21389609097679155,0.20845969044528437,0.21451358858727457,0.014,0.008888888888888889,ws_default,0.2344737832784962,0.2073198988383746,0.23755807750220712,1.0,
diamonds,sparse_all,outlier,7008,0.21389609097679155,0.20845969044528437,0.21451358858727457,0.014,0.008888888888888889,ws_tuned,0.24480070928472042,0.20425410049582057,0.2494062260959318,2.0,
diamonds,sparse_all,outlier,7008,0.21389609097679155,0.20845969044528437,0.21451358858727457,0.014,0.008888888888888889,kcenter_a1,0.23706588106228377,0.22189474170624812,0.23878910624526334,4.0,
diamonds,sparse_all,outlier,7008,0.21389609097679155,0.20845969044528437,0.21451358858727457,0.014,0.008888888888888889,rho_a1,0.2551722419541103,0.23918345710093916,0.2569883400109293,1.0,
diamonds,sparse_all,outlier,7008,0.21389609097679155,0.20845969044528437,0.21451358858727457,0.014,0.008888888888888889,rho_landscape_a1,0.24597154786408565,0.22008082201785284,0.24891236527646396,0.0,
diamonds,sparse_all,outlier,7008,0.21389609097679155,0.20845969044528437,0.21451358858727457,0.014,0.008888888888888889,rho_filter_a1,0.24106188333112288,0.2148830834073558,0.24403542185253074,2.0,
diamonds,sparse_all,outlier,7009,0.1951101169095457,0.15242538497536232,0.19957780909486894,0.021333333333333333,0.022222222222222223,all_data,0.2061761579650344,0.17521634930106142,0.2094166350386731,,
diamonds,sparse_all,outlier,7009,0.1951101169095457,0.15242538497536232,0.19957780909486894,0.021333333333333333,0.022222222222222223,random,0.21334438493923832,0.1713156431252167,0.2177434164629926,,
diamonds,sparse_all,outlier,7009,0.1951101169095457,0.15242538497536232,0.19957780909486894,0.021333333333333333,0.022222222222222223,uniform,0.2124634139389653,0.20271859929632421,0.21348337658728372,4.0,
diamonds,sparse_all,outlier,7009,0.1951101169095457,0.15242538497536232,0.19957780909486894,0.021333333333333333,0.022222222222222223,rho,0.22412616822852796,0.15600743606590692,0.23125596648581417,6.0,
diamonds,sparse_all,outlier,7009,0.1951101169095457,0.15242538497536232,0.19957780909486894,0.021333333333333333,0.022222222222222223,ws_default,0.20747487363711825,0.1642912424912664,0.2119947842154883,4.0,
diamonds,sparse_all,outlier,7009,0.1951101169095457,0.15242538497536232,0.19957780909486894,0.021333333333333333,0.022222222222222223,ws_tuned,0.2200506542155531,0.16753855435940906,0.22554694967136055,5.0,
diamonds,sparse_all,outlier,7009,0.1951101169095457,0.15242538497536232,0.19957780909486894,0.021333333333333333,0.022222222222222223,kcenter_a1,0.21100177027725653,0.15799968440302312,0.21654935120692637,2.0,
diamonds,sparse_all,outlier,7009,0.1951101169095457,0.15242538497536232,0.19957780909486894,0.021333333333333333,0.022222222222222223,rho_a1,0.23265114129144737,0.19572826543770866,0.23651575602455066,8.0,
diamonds,sparse_all,outlier,7009,0.1951101169095457,0.15242538497536232,0.19957780909486894,0.021333333333333333,0.022222222222222223,rho_landscape_a1,0.26649643757779956,0.26484221969947175,0.26666957996274465,8.0,
diamonds,sparse_all,outlier,7009,0.1951101169095457,0.15242538497536232,0.19957780909486894,0.021333333333333333,0.022222222222222223,rho_filter_a1,0.21368328891816218,0.1726789116923804,0.21797510304922302,5.0,
diamonds,hard,clean,7000,0.3130062928285578,0.341981566295147,0.3097689220854869,0.088,0.07111111111111111,all_data,0.20784085439616015,0.2811605792121295,0.19964893405818912,,
diamonds,hard,clean,7000,0.3130062928285578,0.341981566295147,0.3097689220854869,0.088,0.07111111111111111,random,0.21757628369254284,0.3244207742499959,0.20563868358023152,,
diamonds,hard,clean,7000,0.3130062928285578,0.341981566295147,0.3097689220854869,0.088,0.07111111111111111,uniform,0.21508826518153495,0.3302429664945735,0.20222217570742673,16.0,
diamonds,hard,clean,7000,0.3130062928285578,0.341981566295147,0.3097689220854869,0.088,0.07111111111111111,rho,0.21863673552111046,0.3300197451408574,0.2061920524007274,14.0,
diamonds,hard,clean,7000,0.3130062928285578,0.341981566295147,0.3097689220854869,0.088,0.07111111111111111,ws_default,0.218968401109532,0.33041424179465156,0.2065166979534959,15.0,
diamonds,hard,clean,7000,0.3130062928285578,0.341981566295147,0.3097689220854869,0.088,0.07111111111111111,ws_tuned,0.22058884158556308,0.3240409715475269,0.20903026564206403,17.0,
diamonds,hard,clean,7000,0.3130062928285578,0.341981566295147,0.3097689220854869,0.088,0.07111111111111111,kcenter_a1,0.2160908617721552,0.3300902907901629,0.20335384941383414,10.0,
diamonds,hard,clean,7000,0.3130062928285578,0.341981566295147,0.3097689220854869,0.088,0.07111111111111111,rho_a1,0.22347613041218367,0.3377497227736633,0.21070848612943913,0.0,
diamonds,hard,clean,7000,0.3130062928285578,0.341981566295147,0.3097689220854869,0.088,0.07111111111111111,rho_landscape_a1,0.22247291427190424,0.33826539941146055,0.2095355660156225,0.0,
diamonds,hard,clean,7000,0.3130062928285578,0.341981566295147,0.3097689220854869,0.088,0.07111111111111111,rho_filter_a1,0.22509754658173256,0.3500093774825837,0.21114130533044234,8.0,
diamonds,hard,clean,7001,0.21882151771827657,0.3554355376207261,0.20326174769875502,0.10266666666666667,0.37333333333333335,all_data,0.2112874656510417,0.30591355873684284,0.20050994627702542,,
diamonds,hard,clean,7001,0.21882151771827657,0.3554355376207261,0.20326174769875502,0.10266666666666667,0.37333333333333335,random,0.2241096936428605,0.3353650254762026,0.2114381729745684,,
diamonds,hard,clean,7001,0.21882151771827657,0.3554355376207261,0.20326174769875502,0.10266666666666667,0.37333333333333335,uniform,0.22158848595451094,0.34702695114303717,0.2073015652466003,15.0,
diamonds,hard,clean,7001,0.21882151771827657,0.3554355376207261,0.20326174769875502,0.10266666666666667,0.37333333333333335,rho,0.22717309166300437,0.3364421694878742,0.21472779708478887,32.0,
diamonds,hard,clean,7001,0.21882151771827657,0.3554355376207261,0.20326174769875502,0.10266666666666667,0.37333333333333335,ws_default,0.2264730145755796,0.3406596294736442,0.21346763292887724,32.0,
diamonds,hard,clean,7001,0.21882151771827657,0.3554355376207261,0.20326174769875502,0.10266666666666667,0.37333333333333335,ws_tuned,0.2252317202447005,0.31637324113167964,0.21485107918572682,50.0,
diamonds,hard,clean,7001,0.21882151771827657,0.3554355376207261,0.20326174769875502,0.10266666666666667,0.37333333333333335,kcenter_a1,0.21615476496444927,0.32855342311116165,0.20335302417302473,14.0,
diamonds,hard,clean,7001,0.21882151771827657,0.3554355376207261,0.20326174769875502,0.10266666666666667,0.37333333333333335,rho_a1,0.22527025569647088,0.32519510029681326,0.21388923051085681,44.0,
diamonds,hard,clean,7001,0.21882151771827657,0.3554355376207261,0.20326174769875502,0.10266666666666667,0.37333333333333335,rho_landscape_a1,0.22414827601488777,0.3150007459954931,0.2138005566548021,51.0,
diamonds,hard,clean,7001,0.21882151771827657,0.3554355376207261,0.20326174769875502,0.10266666666666667,0.37333333333333335,rho_filter_a1,0.22805653298841344,0.295687424940592,0.2203536550133533,73.0,
diamonds,hard,clean,7002,0.22014510104633395,0.3631773919743656,0.2048682708586692,0.10066666666666667,0.4622222222222222,all_data,0.21280733792477877,0.34483259197489274,0.19870613480819216,,
diamonds,hard,clean,7002,0.22014510104633395,0.3631773919743656,0.2048682708586692,0.10066666666666667,0.4622222222222222,random,0.22100697829998403,0.34987495384809036,0.20724299419329645,,
diamonds,hard,clean,7002,0.22014510104633395,0.3631773919743656,0.2048682708586692,0.10066666666666667,0.4622222222222222,uniform,0.21816619698938125,0.3514133684480749,0.2039344847085136,10.0,
diamonds,hard,clean,7002,0.22014510104633395,0.3631773919743656,0.2048682708586692,0.10066666666666667,0.4622222222222222,rho,0.22145254255259483,0.3691900162112119,0.2056731665613867,19.0,
diamonds,hard,clean,7002,0.22014510104633395,0.3631773919743656,0.2048682708586692,0.10066666666666667,0.4622222222222222,ws_default,0.2203610483140348,0.3478883046805092,0.20674026221623207,32.0,
diamonds,hard,clean,7002,0.22014510104633395,0.3631773919743656,0.2048682708586692,0.10066666666666667,0.4622222222222222,ws_tuned,0.21881139590162343,0.34843856606200757,0.20496632460059733,51.0,
diamonds,hard,clean,7002,0.22014510104633395,0.3631773919743656,0.2048682708586692,0.10066666666666667,0.4622222222222222,kcenter_a1,0.2163323262419798,0.35276347186597,0.20176054367118282,1.0,
diamonds,hard,clean,7002,0.22014510104633395,0.3631773919743656,0.2048682708586692,0.10066666666666667,0.4622222222222222,rho_a1,0.23034680906905095,0.3833347823941483,0.21400664368347058,36.0,
diamonds,hard,clean,7002,0.22014510104633395,0.3631773919743656,0.2048682708586692,0.10066666666666667,0.4622222222222222,rho_landscape_a1,0.2304874868402601,0.3918104426292542,0.21325708813119762,49.0,
diamonds,hard,clean,7002,0.22014510104633395,0.3631773919743656,0.2048682708586692,0.10066666666666667,0.4622222222222222,rho_filter_a1,0.22548377369008213,0.37388473240693054,0.20963353294168605,92.0,
diamonds,hard,clean,7003,0.20504039103018226,0.21249590903213414,0.20420739541128718,0.088,0.11555555555555555,all_data,0.19664857144812295,0.21469774388804677,0.19463196018607476,,
diamonds,hard,clean,7003,0.20504039103018226,0.21249590903213414,0.20420739541128718,0.088,0.11555555555555555,random,0.2042572571370303,0.21780442266883188,0.20274364942613973,,
diamonds,hard,clean,7003,0.20504039103018226,0.21249590903213414,0.20420739541128718,0.088,0.11555555555555555,uniform,0.20351340094499334,0.21945064350923812,0.20173275294309606,10.0,
diamonds,hard,clean,7003,0.20504039103018226,0.21249590903213414,0.20420739541128718,0.088,0.11555555555555555,rho,0.20284741751417637,0.21411081290441208,0.2015889725595141,15.0,
diamonds,hard,clean,7003,0.20504039103018226,0.21249590903213414,0.20420739541128718,0.088,0.11555555555555555,ws_default,0.20320391067520058,0.22366897544526282,0.20091737481150826,13.0,
diamonds,hard,clean,7003,0.20504039103018226,0.21249590903213414,0.20420739541128718,0.088,0.11555555555555555,ws_tuned,0.20284282432963838,0.22204140050235582,0.20069779163885668,23.0,
diamonds,hard,clean,7003,0.20504039103018226,0.21249590903213414,0.20420739541128718,0.088,0.11555555555555555,kcenter_a1,0.20094252493746428,0.2176437271009273,0.1990765206935198,2.0,
diamonds,hard,clean,7003,0.20504039103018226,0.21249590903213414,0.20420739541128718,0.088,0.11555555555555555,rho_a1,0.2080826730743921,0.23326648100614686,0.20526891799141114,7.0,
diamonds,hard,clean,7003,0.20504039103018226,0.21249590903213414,0.20420739541128718,0.088,0.11555555555555555,rho_landscape_a1,0.2064005559608986,0.22962765342764677,0.20380542166917187,6.0,
diamonds,hard,clean,7003,0.20504039103018226,0.21249590903213414,0.20420739541128718,0.088,0.11555555555555555,rho_filter_a1,0.20291949286448183,0.22227437758929902,0.20075699601640612,22.0,
diamonds,hard,clean,7004,0.23105801729950984,0.3618343841625814,0.21701005762540357,0.116,0.47555555555555556,all_data,0.20413329562740384,0.26219293348227557,0.19789654604609427,,
diamonds,hard,clean,7004,0.23105801729950984,0.3618343841625814,0.21701005762540357,0.116,0.47555555555555556,random,0.21460068232984814,0.2996697990720493,0.20546258230327724,,
diamonds,hard,clean,7004,0.23105801729950984,0.3618343841625814,0.21701005762540357,0.116,0.47555555555555556,uniform,0.21145799576414007,0.31097045038653803,0.2007683965411361,16.0,
diamonds,hard,clean,7004,0.23105801729950984,0.3618343841625814,0.21701005762540357,0.116,0.47555555555555556,rho,0.21685590755044393,0.3069005963426222,0.20718333300687664,27.0,
diamonds,hard,clean,7004,0.23105801729950984,0.3618343841625814,0.21701005762540357,0.116,0.47555555555555556,ws_default,0.2162486760600977,0.3043219896549489,0.20678786607261088,41.0,
diamonds,hard,clean,7004,0.23105801729950984,0.3618343841625814,0.21701005762540357,0.116,0.47555555555555556,ws_tuned,0.21612498803233407,0.2748096239614257,0.2098211013378469,63.0,
diamonds,hard,clean,7004,0.23105801729950984,0.3618343841625814,0.21701005762540357,0.116,0.47555555555555556,kcenter_a1,0.21436522296151714,0.30815100398282674,0.20429078136786594,14.0,
diamonds,hard,clean,7004,0.23105801729950984,0.3618343841625814,0.21701005762540357,0.116,0.47555555555555556,rho_a1,0.21815912779679297,0.30178155425968933,0.20917643082348075,33.0,
diamonds,hard,clean,7004,0.23105801729950984,0.3618343841625814,0.21701005762540357,0.116,0.47555555555555556,rho_landscape_a1,0.21931192760024718,0.30118459299447975,0.2105171894571236,53.0,
diamonds,hard,clean,7004,0.23105801729950984,0.3618343841625814,0.21701005762540357,0.116,0.47555555555555556,rho_filter_a1,0.21800077777868393,0.2748100713984844,0.21189833981509515,97.0,
diamonds,hard,clean,7005,0.22464039595932786,0.3670761108572818,0.20815202171033179,0.104,0.4088888888888889,all_data,0.22078813166011013,0.3087762927731052,0.21060261231230176,,
diamonds,hard,clean,7005,0.22464039595932786,0.3670761108572818,0.20815202171033179,0.104,0.4088888888888889,random,0.2196166197304225,0.33190424929575657,0.20661819120333366,,
diamonds,hard,clean,7005,0.22464039595932786,0.3670761108572818,0.20815202171033179,0.104,0.4088888888888889,uniform,0.21984672247060463,0.3404723522851501,0.20588308610434622,12.0,
diamonds,hard,clean,7005,0.22464039595932786,0.3670761108572818,0.20815202171033179,0.104,0.4088888888888889,rho,0.21830961903008966,0.3261534527337332,0.20582560480777104,38.0,
diamonds,hard,clean,7005,0.22464039595932786,0.3670761108572818,0.20815202171033179,0.104,0.4088888888888889,ws_default,0.21907323969298323,0.33071538497640784,0.20614953249838874,25.0,
diamonds,hard,clean,7005,0.22464039595932786,0.3670761108572818,0.20815202171033179,0.104,0.4088888888888889,ws_tuned,0.21911230492407585,0.3204334282733987,0.20738336038015143,53.0,
diamonds,hard,clean,7005,0.22464039595932786,0.3670761108572818,0.20815202171033179,0.104,0.4088888888888889,kcenter_a1,0.21909405373667604,0.3451962205792394,0.20449645283300413,2.0,
diamonds,hard,clean,7005,0.22464039595932786,0.3670761108572818,0.20815202171033179,0.104,0.4088888888888889,rho_a1,0.22409866595545716,0.3432429647764781,0.21030650863029013,43.0,
diamonds,hard,clean,7005,0.22464039595932786,0.3670761108572818,0.20815202171033179,0.104,0.4088888888888889,rho_landscape_a1,0.2232458152107189,0.34521428526527853,0.20912673150844768,56.0,
diamonds,hard,clean,7005,0.22464039595932786,0.3670761108572818,0.20815202171033179,0.104,0.4088888888888889,rho_filter_a1,0.2174955433844516,0.3090735766259021,0.20689446003850964,76.0,
diamonds,hard,clean,7006,0.2488724983498567,0.3638948722744678,0.2364462585075857,0.10133333333333333,0.31555555555555553,all_data,0.21313294026183396,0.30119495934783697,0.20361931493121316,,
diamonds,hard,clean,7006,0.2488724983498567,0.3638948722744678,0.2364462585075857,0.10133333333333333,0.31555555555555553,random,0.21983993117785278,0.3212396142353332,0.20888539478106122,,
diamonds,hard,clean,7006,0.2488724983498567,0.3638948722744678,0.2364462585075857,0.10133333333333333,0.31555555555555553,uniform,0.21581537227115383,0.32804610538106915,0.20369072243379455,11.0,
diamonds,hard,clean,7006,0.2488724983498567,0.3638948722744678,0.2364462585075857,0.10133333333333333,0.31555555555555553,rho,0.22013509407162604,0.32951105834015554,0.20831885416449958,14.0,
diamonds,hard,clean,7006,0.2488724983498567,0.3638948722744678,0.2364462585075857,0.10133333333333333,0.31555555555555553,ws_default,0.2203845539237321,0.31985614514327637,0.20963831553713316,27.0,
diamonds,hard,clean,7006,0.2488724983498567,0.3638948722744678,0.2364462585075857,0.10133333333333333,0.31555555555555553,ws_tuned,0.22056143398776304,0.3161965483283292,0.21022966263241102,40.0,
diamonds,hard,clean,7006,0.2488724983498567,0.3638948722744678,0.2364462585075857,0.10133333333333333,0.31555555555555553,kcenter_a1,0.217824579930462,0.33545244045351447,0.2051168609265865,2.0,
diamonds,hard,clean,7006,0.2488724983498567,0.3638948722744678,0.2364462585075857,0.10133333333333333,0.31555555555555553,rho_a1,0.22489540558797114,0.3450039265010512,0.21191969280234754,39.0,
diamonds,hard,clean,7006,0.2488724983498567,0.3638948722744678,0.2364462585075857,0.10133333333333333,0.31555555555555553,rho_landscape_a1,0.2268256506655785,0.35261945000210315,0.21323573882589855,54.0,
diamonds,hard,clean,7006,0.2488724983498567,0.3638948722744678,0.2364462585075857,0.10133333333333333,0.31555555555555553,rho_filter_a1,0.22238974493236507,0.3293370085450378,0.2108358854285029,56.0,
diamonds,hard,clean,7007,0.2139096397026543,0.3165719737399427,0.20247101898885808,0.09933333333333333,0.36444444444444446,all_data,0.21296955788028465,0.3109735653390912,0.20204996716314622,,
diamonds,hard,clean,7007,0.2139096397026543,0.3165719737399427,0.20247101898885808,0.09933333333333333,0.36444444444444446,random,0.22281490357682815,0.324072931958606,0.2115327503728568,,
diamonds,hard,clean,7007,0.2139096397026543,0.3165719737399427,0.20247101898885808,0.09933333333333333,0.36444444444444446,uniform,0.21600944889226537,0.32036492581515413,0.20438217847101545,8.0,
diamonds,hard,clean,7007,0.2139096397026543,0.3165719737399427,0.20247101898885808,0.09933333333333333,0.36444444444444446,rho,0.21681129601772672,0.3139038895417603,0.20599325489432097,16.0,
diamonds,hard,clean,7007,0.2139096397026543,0.3165719737399427,0.20247101898885808,0.09933333333333333,0.36444444444444446,ws_default,0.22401668079035625,0.3154306828952484,0.21383134740773282,34.0,
diamonds,hard,clean,7007,0.2139096397026543,0.3165719737399427,0.20247101898885808,0.09933333333333333,0.36444444444444446,ws_tuned,0.2204183892629787,0.325148493783694,0.2087493778951524,48.0,
diamonds,hard,clean,7007,0.2139096397026543,0.3165719737399427,0.20247101898885808,0.09933333333333333,0.36444444444444446,kcenter_a1,0.2143852690431369,0.3185407407326137,0.20278028317276175,2.0,
diamonds,hard,clean,7007,0.2139096397026543,0.3165719737399427,0.20247101898885808,0.09933333333333333,0.36444444444444446,rho_a1,0.22125991571195786,0.3302352825934227,0.20911789789604582,26.0,
diamonds,hard,clean,7007,0.2139096397026543,0.3165719737399427,0.20247101898885808,0.09933333333333333,0.36444444444444446,rho_landscape_a1,0.22452546826857078,0.3364529396994712,0.21205452743950964,38.0,
diamonds,hard,clean,7007,0.2139096397026543,0.3165719737399427,0.20247101898885808,0.09933333333333333,0.36444444444444446,rho_filter_a1,0.22278719894029694,0.3245632378810866,0.21144732908332098,72.0,
diamonds,hard,clean,7008,0.21336330800815395,0.32272582927782656,0.20094128443409315,0.09533333333333334,0.3333333333333333,all_data,0.20227473106263924,0.30988707974249347,0.190051502148001,,
diamonds,hard,clean,7008,0.21336330800815395,0.32272582927782656,0.20094128443409315,0.09533333333333334,0.3333333333333333,random,0.21144480213752748,0.3219433410685885,0.19889374314981229,,
diamonds,hard,clean,7008,0.21336330800815395,0.32272582927782656,0.20094128443409315,0.09533333333333334,0.3333333333333333,uniform,0.2120137658303108,0.3396444234294915,0.19751674236136155,12.0,
diamonds,hard,clean,7008,0.21336330800815395,0.32272582927782656,0.20094128443409315,0.09533333333333334,0.3333333333333333,rho,0.20960813166112355,0.3153095796362134,0.19760195382876364,18.0,
diamonds,hard,clean,7008,0.21336330800815395,0.32272582927782656,0.20094128443409315,0.09533333333333334,0.3333333333333333,ws_default,0.21494830006417276,0.3413355321172439,0.2005925120136012,29.0,
diamonds,hard,clean,7008,0.21336330800815395,0.32272582927782656,0.20094128443409315,0.09533333333333334,0.3333333333333333,ws_tuned,0.20997854006248146,0.3139651117956248,0.19816714772753644,36.0,
diamonds,hard,clean,7008,0.21336330800815395,0.32272582927782656,0.20094128443409315,0.09533333333333334,0.3333333333333333,kcenter_a1,0.20745749949440584,0.3180059838340675,0.19490076742019039,4.0,
diamonds,hard,clean,7008,0.21336330800815395,0.32272582927782656,0.20094128443409315,0.09533333333333334,0.3333333333333333,rho_a1,0.21507879111947342,0.3203928487982923,0.20311661530294833,17.0,
diamonds,hard,clean,7008,0.21336330800815395,0.32272582927782656,0.20094128443409315,0.09533333333333334,0.3333333333333333,rho_landscape_a1,0.21544613580463176,0.3169894539533079,0.20391226225099596,34.0,
diamonds,hard,clean,7008,0.21336330800815395,0.32272582927782656,0.20094128443409315,0.09533333333333334,0.3333333333333333,rho_filter_a1,0.21203906517223567,0.3098929579399678,0.20092425775318368,61.0,
diamonds,hard,clean,7009,0.2111317170315511,0.32666980188664063,0.19903866700115097,0.10733333333333334,0.3244444444444444,all_data,0.2081999456919035,0.28500567227888535,0.20016090388674854,,
diamonds,hard,clean,7009,0.2111317170315511,0.32666980188664063,0.19903866700115097,0.10733333333333334,0.3244444444444444,random,0.2156220693282585,0.3007567564561406,0.20671125838612445,,
diamonds,hard,clean,7009,0.2111317170315511,0.32666980188664063,0.19903866700115097,0.10733333333333334,0.3244444444444444,uniform,0.21419207096894635,0.30556261471940815,0.20462857025604247,15.0,
diamonds,hard,clean,7009,0.2111317170315511,0.32666980188664063,0.19903866700115097,0.10733333333333334,0.3244444444444444,rho,0.21723782495674876,0.3088095119877161,0.20765327113605372,25.0,
diamonds,hard,clean,7009,0.2111317170315511,0.32666980188664063,0.19903866700115097,0.10733333333333334,0.3244444444444444,ws_default,0.21223168637633275,0.293278350803393,0.20374875740150375,31.0,
diamonds,hard,clean,7009,0.2111317170315511,0.32666980188664063,0.19903866700115097,0.10733333333333334,0.3244444444444444,ws_tuned,0.2185227280933593,0.29204873989281177,0.21082696491412908,54.0,
diamonds,hard,clean,7009,0.2111317170315511,0.32666980188664063,0.19903866700115097,0.10733333333333334,0.3244444444444444,kcenter_a1,0.21396113951374035,0.3093319772414013,0.2039789391550595,5.0,
diamonds,hard,clean,7009,0.2111317170315511,0.32666980188664063,0.19903866700115097,0.10733333333333334,0.3244444444444444,rho_a1,0.22690659421802228,0.3235977691910178,0.21678619783172978,31.0,
diamonds,hard,clean,7009,0.2111317170315511,0.32666980188664063,0.19903866700115097,0.10733333333333334,0.3244444444444444,rho_landscape_a1,0.2285868674362267,0.31489552568780466,0.2195531802013888,41.0,
diamonds,hard,clean,7009,0.2111317170315511,0.32666980188664063,0.19903866700115097,0.10733333333333334,0.3244444444444444,rho_filter_a1,0.21993897836262163,0.29561043332528497,0.21201865761397504,63.0,
diamonds,hard,outlier,7000,0.22960091659350076,0.33788801065125046,0.21750213621239584,0.08333333333333333,0.27555555555555555,all_data,0.22907508348196115,0.31144847513928786,0.21987160837183178,,
diamonds,hard,outlier,7000,0.22960091659350076,0.33788801065125046,0.21750213621239584,0.08333333333333333,0.27555555555555555,random,0.2429879763134719,0.3146285149642641,0.23498366932691872,,
diamonds,hard,outlier,7000,0.22960091659350076,0.33788801065125046,0.21750213621239584,0.08333333333333333,0.27555555555555555,uniform,0.23820146540267226,0.32183737105711724,0.22885693119670036,13.0,
diamonds,hard,outlier,7000,0.22960091659350076,0.33788801065125046,0.21750213621239584,0.08333333333333333,0.27555555555555555,rho,0.24185294599632806,0.31987474052199144,0.23313566934282146,20.0,
diamonds,hard,outlier,7000,0.22960091659350076,0.33788801065125046,0.21750213621239584,0.08333333333333333,0.27555555555555555,ws_default,0.24022076498356873,0.3193361138289708,0.23138130688577782,28.0,
diamonds,hard,outlier,7000,0.22960091659350076,0.33788801065125046,0.21750213621239584,0.08333333333333333,0.27555555555555555,ws_tuned,0.23908838866069992,0.3315876783198203,0.22875355974381104,46.0,
diamonds,hard,outlier,7000,0.22960091659350076,0.33788801065125046,0.21750213621239584,0.08333333333333333,0.27555555555555555,kcenter_a1,0.23440752849470362,0.31943250292975006,0.22490779538661898,5.0,
diamonds,hard,outlier,7000,0.22960091659350076,0.33788801065125046,0.21750213621239584,0.08333333333333333,0.27555555555555555,rho_a1,0.24160442558240647,0.33271764681321886,0.2314244603420544,14.0,
diamonds,hard,outlier,7000,0.22960091659350076,0.33788801065125046,0.21750213621239584,0.08333333333333333,0.27555555555555555,rho_landscape_a1,0.24260413749032944,0.3573034369924476,0.22978892948592378,25.0,
diamonds,hard,outlier,7000,0.22960091659350076,0.33788801065125046,0.21750213621239584,0.08333333333333333,0.27555555555555555,rho_filter_a1,0.24254011831802846,0.3060984681434945,0.2354388240907252,57.0,
diamonds,hard,outlier,7001,0.22814832466755258,0.3464335770337411,0.21467612521955173,0.10333333333333333,0.19555555555555557,all_data,0.23276707037904185,0.33653351140356463,0.2209485033005039,,
diamonds,hard,outlier,7001,0.22814832466755258,0.3464335770337411,0.21467612521955173,0.10333333333333333,0.19555555555555557,random,0.25451006364566153,0.3651227797788711,0.24191173423923357,,
diamonds,hard,outlier,7001,0.22814832466755258,0.3464335770337411,0.21467612521955173,0.10333333333333333,0.19555555555555557,uniform,0.24779223076898274,0.3557611899414997,0.23549501431073727,14.0,
diamonds,hard,outlier,7001,0.22814832466755258,0.3464335770337411,0.21467612521955173,0.10333333333333333,0.19555555555555557,rho,0.24300349017601397,0.351367839378063,0.23066124043398167,16.0,
diamonds,hard,outlier,7001,0.22814832466755258,0.3464335770337411,0.21467612521955173,0.10333333333333333,0.19555555555555557,ws_default,0.25485479903021346,0.34890862977949005,0.24414245796186088,27.0,
diamonds,hard,outlier,7001,0.22814832466755258,0.3464335770337411,0.21467612521955173,0.10333333333333333,0.19555555555555557,ws_tuned,0.2502639426949952,0.35169402784404236,0.23871147685652114,28.0,
diamonds,hard,outlier,7001,0.22814832466755258,0.3464335770337411,0.21467612521955173,0.10333333333333333,0.19555555555555557,kcenter_a1,0.24364672998756265,0.32704498832179096,0.23414801440452188,15.0,
diamonds,hard,outlier,7001,0.22814832466755258,0.3464335770337411,0.21467612521955173,0.10333333333333333,0.19555555555555557,rho_a1,0.252298300579126,0.35969445429925645,0.24006632428518748,19.0,
diamonds,hard,outlier,7001,0.22814832466755258,0.3464335770337411,0.21467612521955173,0.10333333333333333,0.19555555555555557,rho_landscape_a1,0.24708485455081183,0.36163060774609385,0.23403856854221522,25.0,
diamonds,hard,outlier,7001,0.22814832466755258,0.3464335770337411,0.21467612521955173,0.10333333333333333,0.19555555555555557,rho_filter_a1,0.25720325036670294,0.3600510445670803,0.24548931334972873,35.0,
diamonds,hard,outlier,7002,0.23846880234516352,0.3703432829489689,0.2243837028672806,0.09933333333333333,0.24,all_data,0.22735827441207884,0.3372319389439855,0.21562301306473078,,
diamonds,hard,outlier,7002,0.23846880234516352,0.3703432829489689,0.2243837028672806,0.09933333333333333,0.24,random,0.2514232014960025,0.3567618617686542,0.24017230972366063,,
diamonds,hard,outlier,7002,0.23846880234516352,0.3703432829489689,0.2243837028672806,0.09933333333333333,0.24,uniform,0.24236533061248383,0.35445595345008973,0.23039328290487013,10.0,
diamonds,hard,outlier,7002,0.23846880234516352,0.3703432829489689,0.2243837028672806,0.09933333333333333,0.24,rho,0.24738082412002366,0.35054809679249543,0.23636185144388253,16.0,
diamonds,hard,outlier,7002,0.23846880234516352,0.3703432829489689,0.2243837028672806,0.09933333333333333,0.24,ws_default,0.24747453534175443,0.3544076780972185,0.23605334189858643,30.0,
diamonds,hard,outlier,7002,0.23846880234516352,0.3703432829489689,0.2243837028672806,0.09933333333333333,0.24,ws_tuned,0.25035513355095473,0.35217178978141145,0.23948041597902442,44.0,
diamonds,hard,outlier,7002,0.23846880234516352,0.3703432829489689,0.2243837028672806,0.09933333333333333,0.24,kcenter_a1,0.24059019583810282,0.3492693162695608,0.22898251999788619,2.0,
diamonds,hard,outlier,7002,0.23846880234516352,0.3703432829489689,0.2243837028672806,0.09933333333333333,0.24,rho_a1,0.2544495635729694,0.3875406561615616,0.24023452158647332,23.0,
diamonds,hard,outlier,7002,0.23846880234516352,0.3703432829489689,0.2243837028672806,0.09933333333333333,0.24,rho_landscape_a1,0.252918065575581,0.3858563718868617,0.23871934221195223,35.0,
diamonds,hard,outlier,7002,0.23846880234516352,0.3703432829489689,0.2243837028672806,0.09933333333333333,0.24,rho_filter_a1,0.2496341930908262,0.35953199455070317,0.23789635375393842,51.0,
diamonds,hard,outlier,7003,0.23643862587521164,0.21056665649351258,0.23932926836866442,0.092,0.008888888888888889,all_data,0.212181312888369,0.22132096348505167,0.21116015125972354,,
diamonds,hard,outlier,7003,0.23643862587521164,0.21056665649351258,0.23932926836866442,0.092,0.008888888888888889,random,0.2358548739096118,0.23556715808772952,0.2358870200353474,,
diamonds,hard,outlier,7003,0.23643862587521164,0.21056665649351258,0.23932926836866442,0.092,0.008888888888888889,uniform,0.2202829772447746,0.22200354151010218,0.22009074077043841,9.0,
diamonds,hard,outlier,7003,0.23643862587521164,0.21056665649351258,0.23932926836866442,0.092,0.008888888888888889,rho,0.24713709119676638,0.23407741782274358,0.2485962320239918,10.0,
diamonds,hard,outlier,7003,0.23643862587521164,0.21056665649351258,0.23932926836866442,0.092,0.008888888888888889,ws_default,0.23712899414475103,0.2539625021704426,0.23524820753376494,21.0,
diamonds,hard,outlier,7003,0.23643862587521164,0.21056665649351258,0.23932926836866442,0.092,0.008888888888888889,ws_tuned,0.239875752805958,0.23021940896635765,0.2409546439186649,5.0,
diamonds,hard,outlier,7003,0.23643862587521164,0.21056665649351258,0.23932926836866442,0.092,0.008888888888888889,kcenter_a1,0.22735319329605563,0.22682151891195954,0.22741259660411747,4.0,
diamonds,hard,outlier,7003,0.23643862587521164,0.21056665649351258,0.23932926836866442,0.092,0.008888888888888889,rho_a1,0.2370798043591684,0.23540075782476766,0.23726740210981573,5.0,
diamonds,hard,outlier,7003,0.23643862587521164,0.21056665649351258,0.23932926836866442,0.092,0.008888888888888889,rho_landscape_a1,0.2388935683652727,0.25035334803220793,0.23761318164317488,3.0,
diamonds,hard,outlier,7003,0.23643862587521164,0.21056665649351258,0.23932926836866442,0.092,0.008888888888888889,rho_filter_a1,0.23735731827346904,0.2347213990741378,0.23765182619957556,2.0,
diamonds,hard,outlier,7004,0.3018681485690607,0.3662185543675152,0.2949556465065467,0.108,0.18222222222222223,all_data,0.2259103010143122,0.28745306582395785,0.21929939493841452,,
diamonds,hard,outlier,7004,0.3018681485690607,0.3662185543675152,0.2949556465065467,0.108,0.18222222222222223,random,0.24630463394085042,0.34593525639859307,0.23560234116299766,,
diamonds,hard,outlier,7004,0.3018681485690607,0.3662185543675152,0.2949556465065467,0.108,0.18222222222222223,uniform,0.2467590039063708,0.32756303791443536,0.2380790578390593,21.0,
diamonds,hard,outlier,7004,0.3018681485690607,0.3662185543675152,0.2949556465065467,0.108,0.18222222222222223,rho,0.2501854041100913,0.3465964265814924,0.23982895983575478,13.0,
diamonds,hard,outlier,7004,0.3018681485690607,0.3662185543675152,0.2949556465065467,0.108,0.18222222222222223,ws_default,0.24803681117512258,0.33140865602007047,0.23908103160706065,26.0,
diamonds,hard,outlier,7004,0.3018681485690607,0.3662185543675152,0.2949556465065467,0.108,0.18222222222222223,ws_tuned,0.2458232118548663,0.32000632420565817,0.23785448328562292,27.0,
diamonds,hard,outlier,7004,0.3018681485690607,0.3662185543675152,0.2949556465065467,0.108,0.18222222222222223,kcenter_a1,0.2408624863802977,0.3233341720152599,0.23200340165539038,12.0,
diamonds,hard,outlier,7004,0.3018681485690607,0.3662185543675152,0.2949556465065467,0.108,0.18222222222222223,rho_a1,0.2522966512365804,0.33025436941303216,0.24392245559636355,3.0,
diamonds,hard,outlier,7004,0.3018681485690607,0.3662185543675152,0.2949556465065467,0.108,0.18222222222222223,rho_landscape_a1,0.2455654914366304,0.3323700594626067,0.2362409697328433,18.0,
diamonds,hard,outlier,7004,0.3018681485690607,0.3662185543675152,0.2949556465065467,0.108,0.18222222222222223,rho_filter_a1,0.2405036866553496,0.30483540953048943,0.23359319150707877,35.0,
diamonds,hard,outlier,7005,0.22323556865755043,0.3592989460990833,0.20748485690350965,0.10733333333333334,0.22666666666666666,all_data,0.24688449295376866,0.33276881169596634,0.23694251463354216,,
diamonds,hard,outlier,7005,0.22323556865755043,0.3592989460990833,0.20748485690350965,0.10733333333333334,0.22666666666666666,random,0.25416324386570144,0.3677907586152873,0.2410097100801845,,
diamonds,hard,outlier,7005,0.22323556865755043,0.3592989460990833,0.20748485690350965,0.10733333333333334,0.22666666666666666,uniform,0.2447594618487513,0.37373589054290807,0.22982913607244027,18.0,
diamonds,hard,outlier,7005,0.22323556865755043,0.3592989460990833,0.20748485690350965,0.10733333333333334,0.22666666666666666,rho,0.2571631332102564,0.3742259374826151,0.24361192992628744,16.0,
diamonds,hard,outlier,7005,0.22323556865755043,0.3592989460990833,0.20748485690350965,0.10733333333333334,0.22666666666666666,ws_default,0.25499349653611014,0.3637626747498617,0.24240236433005516,26.0,
diamonds,hard,outlier,7005,0.22323556865755043,0.3592989460990833,0.20748485690350965,0.10733333333333334,0.22666666666666666,ws_tuned,0.24692271577048597,0.3530849841961836,0.23463335973236477,36.0,
diamonds,hard,outlier,7005,0.22323556865755043,0.3592989460990833,0.20748485690350965,0.10733333333333334,0.22666666666666666,kcenter_a1,0.24830863211606988,0.3724178567223755,0.23394173442803173,2.0,
diamonds,hard,outlier,7005,0.22323556865755043,0.3592989460990833,0.20748485690350965,0.10733333333333334,0.22666666666666666,rho_a1,0.25529990754420967,0.37870428956208435,0.24101460251285178,16.0,
diamonds,hard,outlier,7005,0.22323556865755043,0.3592989460990833,0.20748485690350965,0.10733333333333334,0.22666666666666666,rho_landscape_a1,0.2573414753469553,0.38351402753187774,0.2427357266281986,32.0,
diamonds,hard,outlier,7005,0.22323556865755043,0.3592989460990833,0.20748485690350965,0.10733333333333334,0.22666666666666666,rho_filter_a1,0.2478015148596582,0.34835626649966495,0.23616128559031294,48.0,
diamonds,hard,outlier,7006,0.22994320543264643,0.37484162508993224,0.21428935954169312,0.10133333333333333,0.2577777777777778,all_data,0.22848592884263833,0.3297593956524755,0.21754502799614622,,
diamonds,hard,outlier,7006,0.22994320543264643,0.37484162508993224,0.21428935954169312,0.10133333333333333,0.2577777777777778,random,0.2548711932540674,0.37200310186913266,0.24221705354219053,,
diamonds,hard,outlier,7006,0.22994320543264643,0.37484162508993224,0.21428935954169312,0.10133333333333333,0.2577777777777778,uniform,0.24909664813231797,0.3787423300922436,0.23509060492889106,10.0,
diamonds,hard,outlier,7006,0.22994320543264643,0.37484162508993224,0.21428935954169312,0.10133333333333333,0.2577777777777778,rho,0.25265662359797025,0.3467989045570269,0.2424861278710916,27.0,
diamonds,hard,outlier,7006,0.22994320543264643,0.37484162508993224,0.21428935954169312,0.10133333333333333,0.2577777777777778,ws_default,0.26220789488687635,0.33841066659956937,0.2539754624857821,30.0,
diamonds,hard,outlier,7006,0.22994320543264643,0.37484162508993224,0.21428935954169312,0.10133333333333333,0.2577777777777778,ws_tuned,0.24972698019316789,0.34502202736288795,0.23943194739643914,43.0,
diamonds,hard,outlier,7006,0.22994320543264643,0.37484162508993224,0.21428935954169312,0.10133333333333333,0.2577777777777778,kcenter_a1,0.2589604813108751,0.4287397863669829,0.24061867273140644,2.0,
diamonds,hard,outlier,7006,0.22994320543264643,0.37484162508993224,0.21428935954169312,0.10133333333333333,0.2577777777777778,rho_a1,0.25073884087500714,0.33424750580721885,0.24171712915102864,37.0,
diamonds,hard,outlier,7006,0.22994320543264643,0.37484162508993224,0.21428935954169312,0.10133333333333333,0.2577777777777778,rho_landscape_a1,0.25826927123602306,0.3307902201788311,0.2504345980815368,47.0,
diamonds,hard,outlier,7006,0.22994320543264643,0.37484162508993224,0.21428935954169312,0.10133333333333333,0.2577777777777778,rho_filter_a1,0.24560605396865803,0.32940156361656026,0.23655335348038048,53.0,
diamonds,hard,outlier,7007,0.2261113630672839,0.3217752073168722,0.21545251295778545,0.09933333333333333,0.18222222222222223,all_data,0.22117693691928528,0.3156574143724921,0.21064993734753315,,
diamonds,hard,outlier,7007,0.2261113630672839,0.3217752073168722,0.21545251295778545,0.09933333333333333,0.18222222222222223,random,0.23993555603538486,0.3303161992688392,0.2298653593316852,,
diamonds,hard,outlier,7007,0.2261113630672839,0.3217752073168722,0.21545251295778545,0.09933333333333333,0.18222222222222223,uniform,0.23409496400232307,0.3346321700053104,0.2228931247116318,13.0,
diamonds,hard,outlier,7007,0.2261113630672839,0.3217752073168722,0.21545251295778545,0.09933333333333333,0.18222222222222223,rho,0.2304444777308869,0.32536768932798854,0.2198681487921712,26.0,
diamonds,hard,outlier,7007,0.2261113630672839,0.3217752073168722,0.21545251295778545,0.09933333333333333,0.18222222222222223,ws_default,0.2464146775384338,0.3241920164013676,0.23774873897660095,24.0,
diamonds,hard,outlier,7007,0.2261113630672839,0.3217752073168722,0.21545251295778545,0.09933333333333333,0.18222222222222223,ws_tuned,0.2346969432407729,0.3213316450255318,0.2250441187296064,34.0,
diamonds,hard,outlier,7007,0.2261113630672839,0.3217752073168722,0.21545251295778545,0.09933333333333333,0.18222222222222223,kcenter_a1,0.22880110795641603,0.33394604317277016,0.2170858762193341,2.0,
diamonds,hard,outlier,7007,0.2261113630672839,0.3217752073168722,0.21545251295778545,0.09933333333333333,0.18222222222222223,rho_a1,0.22708482163497604,0.32986414849571155,0.21563316559964543,3.0,
diamonds,hard,outlier,7007,0.2261113630672839,0.3217752073168722,0.21545251295778545,0.09933333333333333,0.18222222222222223,rho_landscape_a1,0.22383581795909271,0.324883654962737,0.21257708424459942,8.0,
diamonds,hard,outlier,7007,0.2261113630672839,0.3217752073168722,0.21545251295778545,0.09933333333333333,0.18222222222222223,rho_filter_a1,0.23303263386199405,0.3149508069013527,0.22390532422354364,40.0,
diamonds,hard,outlier,7008,0.22196022649577257,0.3287013259841235,0.20983595907059235,0.098,0.18666666666666668,all_data,0.2253258116353622,0.31903583811475267,0.21468168836042026,,
diamonds,hard,outlier,7008,0.22196022649577257,0.3287013259841235,0.20983595907059235,0.098,0.18666666666666668,random,0.24848899853226764,0.33455998564401684,0.23871256124340529,,
diamonds,hard,outlier,7008,0.22196022649577257,0.3287013259841235,0.20983595907059235,0.098,0.18666666666666668,uniform,0.23678724069121193,0.3383428783094397,0.2252519678214355,12.0,
diamonds,hard,outlier,7008,0.22196022649577257,0.3287013259841235,0.20983595907059235,0.098,0.18666666666666668,rho,0.23413721175175692,0.3248639046863367,0.22383195264337483,26.0,
diamonds,hard,outlier,7008,0.22196022649577257,0.3287013259841235,0.20983595907059235,0.098,0.18666666666666668,ws_default,0.23968097799157936,0.33504598709335925,0.22884887228068682,25.0,
diamonds,hard,outlier,7008,0.22196022649577257,0.3287013259841235,0.20983595907059235,0.098,0.18666666666666668,ws_tuned,0.24573431744983898,0.3334106187685377,0.23577553934905135,26.0,
diamonds,hard,outlier,7008,0.22196022649577257,0.3287013259841235,0.20983595907059235,0.098,0.18666666666666668,kcenter_a1,0.22877858565418738,0.31859628639241366,0.21857657510262937,6.0,
diamonds,hard,outlier,7008,0.22196022649577257,0.3287013259841235,0.20983595907059235,0.098,0.18666666666666668,rho_a1,0.25082826020570276,0.3565668660505726,0.23881786176898034,36.0,
diamonds,hard,outlier,7008,0.22196022649577257,0.3287013259841235,0.20983595907059235,0.098,0.18666666666666668,rho_landscape_a1,0.2584051797990158,0.4016147940177676,0.24213860891893482,42.0,
diamonds,hard,outlier,7008,0.22196022649577257,0.3287013259841235,0.20983595907059235,0.098,0.18666666666666668,rho_filter_a1,0.2450843769832316,0.34333483695670386,0.23392452518223586,34.0,
diamonds,hard,outlier,7009,0.22080766087207548,0.32525834690242306,0.20987509804260798,0.11,0.24888888888888888,all_data,0.2303440085141682,0.2863484900225212,0.22448217518313648,,
diamonds,hard,outlier,7009,0.22080766087207548,0.32525834690242306,0.20987509804260798,0.11,0.24888888888888888,random,0.23860740168637054,0.3088898088718077,0.23125113758162583,,
diamonds,hard,outlier,7009,0.22080766087207548,0.32525834690242306,0.20987509804260798,0.11,0.24888888888888888,uniform,0.2323157791224363,0.3045309215773753,0.22475722099196904,15.0,
diamonds,hard,outlier,7009,0.22080766087207548,0.32525834690242306,0.20987509804260798,0.11,0.24888888888888888,rho,0.24394108305842999,0.320820148941369,0.23589436503312378,24.0,
diamonds,hard,outlier,7009,0.22080766087207548,0.32525834690242306,0.20987509804260798,0.11,0.24888888888888888,ws_default,0.2328461622892526,0.3118307701696454,0.2245790630385846,22.0,
diamonds,hard,outlier,7009,0.22080766087207548,0.32525834690242306,0.20987509804260798,0.11,0.24888888888888888,ws_tuned,0.24590028467769268,0.3130993620560918,0.23886674412911127,38.0,
diamonds,hard,outlier,7009,0.22080766087207548,0.32525834690242306,0.20987509804260798,0.11,0.24888888888888888,kcenter_a1,0.2345412912287566,0.30741251304789924,0.22691406309579473,6.0,
diamonds,hard,outlier,7009,0.22080766087207548,0.32525834690242306,0.20987509804260798,0.11,0.24888888888888888,rho_a1,0.24988490253862963,0.32447136330801224,0.24207814511482514,27.0,
diamonds,hard,outlier,7009,0.22080766087207548,0.32525834690242306,0.20987509804260798,0.11,0.24888888888888888,rho_landscape_a1,0.2514290686668391,0.337366570486172,0.24243422934357833,35.0,
diamonds,hard,outlier,7009,0.22080766087207548,0.32525834690242306,0.20987509804260798,0.11,0.24888888888888888,rho_filter_a1,0.24387278406671117,0.29351610950861656,0.2386767552507813,52.0,
diamonds,hard_sparse,clean,7000,0.22233416808852458,0.33026375946355174,0.21027533103105905,0.024,0.07555555555555556,all_data,0.20718342065170556,0.31494654438530956,0.1951431828137653,,
diamonds,hard_sparse,clean,7000,0.22233416808852458,0.33026375946355174,0.21027533103105905,0.024,0.07555555555555556,random,0.21607638771809165,0.3147180634056342,0.20505527776078422,,
diamonds,hard_sparse,clean,7000,0.22233416808852458,0.33026375946355174,0.21027533103105905,0.024,0.07555555555555556,uniform,0.21416158381524422,0.3425301623148306,0.19981912451651337,6.0,
diamonds,hard_sparse,clean,7000,0.22233416808852458,0.33026375946355174,0.21027533103105905,0.024,0.07555555555555556,rho,0.21251103249494335,0.32124170465289265,0.2003626916924154,5.0,
diamonds,hard_sparse,clean,7000,0.22233416808852458,0.33026375946355174,0.21027533103105905,0.024,0.07555555555555556,ws_default,0.21540061212652817,0.31938255840670327,0.20378284047432405,6.0,
diamonds,hard_sparse,clean,7000,0.22233416808852458,0.33026375946355174,0.21027533103105905,0.024,0.07555555555555556,ws_tuned,0.21434067263365825,0.31673317143378205,0.20290048794281615,12.0,
diamonds,hard_sparse,clean,7000,0.22233416808852458,0.33026375946355174,0.21027533103105905,0.024,0.07555555555555556,kcenter_a1,0.21021859160354364,0.32057100207015365,0.19788905602611803,9.0,
diamonds,hard_sparse,clean,7000,0.22233416808852458,0.33026375946355174,0.21027533103105905,0.024,0.07555555555555556,rho_a1,0.2149392966429885,0.32919858642021577,0.2021732503699353,1.0,
diamonds,hard_sparse,clean,7000,0.22233416808852458,0.33026375946355174,0.21027533103105905,0.024,0.07555555555555556,rho_landscape_a1,0.21508881372179348,0.32274401487659693,0.20306063393740462,5.0,
diamonds,hard_sparse,clean,7000,0.22233416808852458,0.33026375946355174,0.21027533103105905,0.024,0.07555555555555556,rho_filter_a1,0.21544344006319113,0.321911980798158,0.20354784435016812,15.0,
diamonds,hard_sparse,clean,7001,0.21442736270097626,0.34002215731796415,0.20012263671981556,0.023333333333333334,0.09777777777777778,all_data,0.20645380555566642,0.32469932985832695,0.1929861309692592,,
diamonds,hard_sparse,clean,7001,0.21442736270097626,0.34002215731796415,0.20012263671981556,0.023333333333333334,0.09777777777777778,random,0.2147097228748184,0.34451332190830114,0.1999256315340513,,
diamonds,hard_sparse,clean,7001,0.21442736270097626,0.34002215731796415,0.20012263671981556,0.023333333333333334,0.09777777777777778,uniform,0.209476652236712,0.33971618684310223,0.1946429096430017,10.0,
diamonds,hard_sparse,clean,7001,0.21442736270097626,0.34002215731796415,0.20012263671981556,0.023333333333333334,0.09777777777777778,rho,0.21129303941484615,0.33550236499426994,0.19714611260838993,7.0,
diamonds,hard_sparse,clean,7001,0.21442736270097626,0.34002215731796415,0.20012263671981556,0.023333333333333334,0.09777777777777778,ws_default,0.2120949763639482,0.3402602293865148,0.1974974858358976,9.0,
diamonds,hard_sparse,clean,7001,0.21442736270097626,0.34002215731796415,0.20012263671981556,0.023333333333333334,0.09777777777777778,ws_tuned,0.2127391739129632,0.34386396210045683,0.19780460460951435,12.0,
diamonds,hard_sparse,clean,7001,0.21442736270097626,0.34002215731796415,0.20012263671981556,0.023333333333333334,0.09777777777777778,kcenter_a1,0.20962541884708663,0.3475501357619102,0.19391636587628103,8.0,
diamonds,hard_sparse,clean,7001,0.21442736270097626,0.34002215731796415,0.20012263671981556,0.023333333333333334,0.09777777777777778,rho_a1,0.21977644831947146,0.34907663944529926,0.20504969305061496,5.0,
diamonds,hard_sparse,clean,7001,0.21442736270097626,0.34002215731796415,0.20012263671981556,0.023333333333333334,0.09777777777777778,rho_landscape_a1,0.22058014197306808,0.3420993228740709,0.20673961148336878,8.0,
diamonds,hard_sparse,clean,7001,0.21442736270097626,0.34002215731796415,0.20012263671981556,0.023333333333333334,0.09777777777777778,rho_filter_a1,0.2135732755417906,0.33514087349938276,0.1997272305502408,19.0,
diamonds,hard_sparse,clean,7002,0.2203659790366002,0.36430065457826355,0.2049927679798537,0.034,0.16444444444444445,all_data,0.21497459173757305,0.3600393849300088,0.19948067636062777,,
diamonds,hard_sparse,clean,7002,0.2203659790366002,0.36430065457826355,0.2049927679798537,0.034,0.16444444444444445,random,0.22073984900902568,0.3552342808664672,0.20637492075861824,,
diamonds,hard_sparse,clean,7002,0.2203659790366002,0.36430065457826355,0.2049927679798537,0.034,0.16444444444444445,uniform,0.21869022691582782,0.3590962139309132,0.20369390400829518,7.0,
diamonds,hard_sparse,clean,7002,0.2203659790366002,0.36430065457826355,0.2049927679798537,0.034,0.16444444444444445,rho,0.22360155737659687,0.37977626131478337,0.20692102729354764,10.0,
diamonds,hard_sparse,clean,7002,0.2203659790366002,0.36430065457826355,0.2049927679798537,0.034,0.16444444444444445,ws_default,0.22119365347200132,0.36351760764234065,0.20599247851080846,15.0,
diamonds,hard_sparse,clean,7002,0.2203659790366002,0.36430065457826355,0.2049927679798537,0.034,0.16444444444444445,ws_tuned,0.22692983806581588,0.3950647239549636,0.208971878477213,16.0,
diamonds,hard_sparse,clean,7002,0.2203659790366002,0.36430065457826355,0.2049927679798537,0.034,0.16444444444444445,kcenter_a1,0.21722945607477176,0.35769199586471584,0.2022270929428076,3.0,
diamonds,hard_sparse,clean,7002,0.2203659790366002,0.36430065457826355,0.2049927679798537,0.034,0.16444444444444445,rho_a1,0.23347216347716523,0.42107180578610925,0.21343523433182696,16.0,
diamonds,hard_sparse,clean,7002,0.2203659790366002,0.36430065457826355,0.2049927679798537,0.034,0.16444444444444445,rho_landscape_a1,0.23538672271053568,0.41944366376059566,0.21572817837037983,20.0,
diamonds,hard_sparse,clean,7002,0.2203659790366002,0.36430065457826355,0.2049927679798537,0.034,0.16444444444444445,rho_filter_a1,0.2273296547606645,0.3865416817321588,0.2103247177349321,34.0,
diamonds,hard_sparse,clean,7003,0.20440816158440037,0.2199270253018293,0.20267425852314233,0.023333333333333334,0.017777777777777778,all_data,0.20311004463010845,0.2185296656619912,0.20138722982888085,,
diamonds,hard_sparse,clean,7003,0.20440816158440037,0.2199270253018293,0.20267425852314233,0.023333333333333334,0.017777777777777778,random,0.20867551722759897,0.22536014424456868,0.20681136490385751,,
diamonds,hard_sparse,clean,7003,0.20440816158440037,0.2199270253018293,0.20267425852314233,0.023333333333333334,0.017777777777777778,uniform,0.20662276830152565,0.222807842767079,0.20481443035401245,4.0,
diamonds,hard_sparse,clean,7003,0.20440816158440037,0.2199270253018293,0.20267425852314233,0.023333333333333334,0.017777777777777778,rho,0.20334820223524566,0.22175558580584714,0.201291568495562,5.0,
diamonds,hard_sparse,clean,7003,0.20440816158440037,0.2199270253018293,0.20267425852314233,0.023333333333333334,0.017777777777777778,ws_default,0.20933604454026605,0.2264888205992334,0.2074195865147783,3.0,
diamonds,hard_sparse,clean,7003,0.20440816158440037,0.2199270253018293,0.20267425852314233,0.023333333333333334,0.017777777777777778,ws_tuned,0.20734946967668919,0.22240180017513123,0.20566769178331126,4.0,
diamonds,hard_sparse,clean,7003,0.20440816158440037,0.2199270253018293,0.20267425852314233,0.023333333333333334,0.017777777777777778,kcenter_a1,0.2054375827483318,0.22346010471379377,0.20342394911016737,0.0,
diamonds,hard_sparse,clean,7003,0.20440816158440037,0.2199270253018293,0.20267425852314233,0.023333333333333334,0.017777777777777778,rho_a1,0.20472925263357244,0.22423537524342585,0.20254985816743543,5.0,
diamonds,hard_sparse,clean,7003,0.20440816158440037,0.2199270253018293,0.20267425852314233,0.023333333333333334,0.017777777777777778,rho_landscape_a1,0.2040438182718021,0.22306104397139112,0.20191904764055285,8.0,
diamonds,hard_sparse,clean,7003,0.20440816158440037,0.2199270253018293,0.20267425852314233,0.023333333333333334,0.017777777777777778,rho_filter_a1,0.20560466910738187,0.22338461595980647,0.20361813808051285,3.0,
diamonds,hard_sparse,clean,7004,0.21899028946814408,0.35987676831888255,0.20385630447531836,0.024666666666666667,0.10222222222222223,all_data,0.2044828900727431,0.29839719893866334,0.19439464205503074,,
diamonds,hard_sparse,clean,7004,0.21899028946814408,0.35987676831888255,0.20385630447531836,0.024666666666666667,0.10222222222222223,random,0.21507501653305633,0.3285155685583412,0.20288926509733915,,
diamonds,hard_sparse,clean,7004,0.21899028946814408,0.35987676831888255,0.20385630447531836,0.024666666666666667,0.10222222222222223,uniform,0.21140446238747204,0.33559748101429876,0.19806368408536554,7.0,
diamonds,hard_sparse,clean,7004,0.21899028946814408,0.35987676831888255,0.20385630447531836,0.024666666666666667,0.10222222222222223,rho,0.21776397415830615,0.3468027214684426,0.20390266907626495,5.0,
diamonds,hard_sparse,clean,7004,0.21899028946814408,0.35987676831888255,0.20385630447531836,0.024666666666666667,0.10222222222222223,ws_default,0.21517520142965027,0.33000752495884556,0.20283994629971455,4.0,
diamonds,hard_sparse,clean,7004,0.21899028946814408,0.35987676831888255,0.20385630447531836,0.024666666666666667,0.10222222222222223,ws_tuned,0.2144068670572263,0.3295244736297483,0.20204096690491774,19.0,
diamonds,hard_sparse,clean,7004,0.21899028946814408,0.35987676831888255,0.20385630447531836,0.024666666666666667,0.10222222222222223,kcenter_a1,0.21177882645012425,0.34078549218309423,0.19792096756186503,8.0,
diamonds,hard_sparse,clean,7004,0.21899028946814408,0.35987676831888255,0.20385630447531836,0.024666666666666667,0.10222222222222223,rho_a1,0.22113753916371873,0.3723403629821897,0.20489537536483537,7.0,
diamonds,hard_sparse,clean,7004,0.21899028946814408,0.35987676831888255,0.20385630447531836,0.024666666666666667,0.10222222222222223,rho_landscape_a1,0.21870779756537612,0.34122861214924327,0.20554664694008806,10.0,
diamonds,hard_sparse,clean,7004,0.21899028946814408,0.35987676831888255,0.20385630447531836,0.024666666666666667,0.10222222222222223,rho_filter_a1,0.2171457990557729,0.32558038233921405,0.20549778734094035,19.0,
diamonds,hard_sparse,clean,7005,0.24701126313171448,0.40554164023706574,0.2286597689898119,0.02666666666666667,0.12,all_data,0.21545765331280056,0.34673954694225556,0.20026044665834483,,
diamonds,hard_sparse,clean,7005,0.24701126313171448,0.40554164023706574,0.2286597689898119,0.02666666666666667,0.12,random,0.22343568354783558,0.3511040836970427,0.20865677530183255,,
diamonds,hard_sparse,clean,7005,0.24701126313171448,0.40554164023706574,0.2286597689898119,0.02666666666666667,0.12,uniform,0.219441154432762,0.35242555005016757,0.20404686595822272,5.0,
diamonds,hard_sparse,clean,7005,0.24701126313171448,0.40554164023706574,0.2286597689898119,0.02666666666666667,0.12,rho,0.22138001044894384,0.3570582464130002,0.20567388271530826,6.0,
diamonds,hard_sparse,clean,7005,0.24701126313171448,0.40554164023706574,0.2286597689898119,0.02666666666666667,0.12,ws_default,0.2251771450954415,0.3578363028564732,0.20982050619144482,8.0,
diamonds,hard_sparse,clean,7005,0.24701126313171448,0.40554164023706574,0.2286597689898119,0.02666666666666667,0.12,ws_tuned,0.22663773130715503,0.3431289282318237,0.21315269735353232,16.0,
diamonds,hard_sparse,clean,7005,0.24701126313171448,0.40554164023706574,0.2286597689898119,0.02666666666666667,0.12,kcenter_a1,0.22061683977249746,0.35609567312084006,0.2049337949079055,3.0,
diamonds,hard_sparse,clean,7005,0.24701126313171448,0.40554164023706574,0.2286597689898119,0.02666666666666667,0.12,rho_a1,0.2241573677954079,0.3577411750516802,0.20869369136267343,9.0,
diamonds,hard_sparse,clean,7005,0.24701126313171448,0.40554164023706574,0.2286597689898119,0.02666666666666667,0.12,rho_landscape_a1,0.2244343008101728,0.3579339011166392,0.20898037218334337,15.0,
diamonds,hard_sparse,clean,7005,0.24701126313171448,0.40554164023706574,0.2286597689898119,0.02666666666666667,0.12,rho_filter_a1,0.22740409516889015,0.35075680565965967,0.21312477163927526,19.0,
diamonds,hard_sparse,clean,7006,0.22612480448396216,0.3517167845092353,0.2125566958385725,0.022,0.05333333333333334,all_data,0.21879798597939337,0.3481731618377561,0.20482116642682788,,
diamonds,hard_sparse,clean,7006,0.22612480448396216,0.3517167845092353,0.2125566958385725,0.022,0.05333333333333334,random,0.2272691642122024,0.38346596921180465,0.21039471713468308,,
diamonds,hard_sparse,clean,7006,0.22612480448396216,0.3517167845092353,0.2125566958385725,0.022,0.05333333333333334,uniform,0.22381454447289162,0.38312518134387324,0.20660370004638667,4.0,
diamonds,hard_sparse,clean,7006,0.22612480448396216,0.3517167845092353,0.2125566958385725,0.022,0.05333333333333334,rho,0.22609269742013866,0.38717096592563155,0.20869089001926824,3.0,
diamonds,hard_sparse,clean,7006,0.22612480448396216,0.3517167845092353,0.2125566958385725,0.022,0.05333333333333334,ws_default,0.22198197895131863,0.3560258112827554,0.2075007893088643,3.0,
diamonds,hard_sparse,clean,7006,0.22612480448396216,0.3517167845092353,0.2125566958385725,0.022,0.05333333333333334,ws_tuned,0.2242507279507099,0.36113812098597886,0.20946233922944818,8.0,
diamonds,hard_sparse,clean,7006,0.22612480448396216,0.3517167845092353,0.2125566958385725,0.022,0.05333333333333334,kcenter_a1,0.22479411890502213,0.39161426485647,0.20677199787425626,2.0,
diamonds,hard_sparse,clean,7006,0.22612480448396216,0.3517167845092353,0.2125566958385725,0.022,0.05333333333333334,rho_a1,0.22489829711599296,0.3532082202300251,0.2110365602698787,5.0,
diamonds,hard_sparse,clean,7006,0.22612480448396216,0.3517167845092353,0.2125566958385725,0.022,0.05333333333333334,rho_landscape_a1,0.2256164511600259,0.35600618396714473,0.21153002573211,5.0,
diamonds,hard_sparse,clean,7006,0.22612480448396216,0.3517167845092353,0.2125566958385725,0.022,0.05333333333333334,rho_filter_a1,0.22380948070460374,0.3597661770515371,0.2091216381629683,10.0,
diamonds,hard_sparse,clean,7007,0.22586446135218144,0.3417988355330574,0.21294707206445398,0.023333333333333334,0.09777777777777778,all_data,0.2129142897027181,0.32082436791519864,0.2008909661786268,,
diamonds,hard_sparse,clean,7007,0.22586446135218144,0.3417988355330574,0.21294707206445398,0.023333333333333334,0.09777777777777778,random,0.22012521886133932,0.3306544097076308,0.20781007422967415,,
diamonds,hard_sparse,clean,7007,0.22586446135218144,0.3417988355330574,0.21294707206445398,0.023333333333333334,0.09777777777777778,uniform,0.21622048505875274,0.3299110274196289,0.20355310315080297,3.0,
diamonds,hard_sparse,clean,7007,0.22586446135218144,0.3417988355330574,0.21294707206445398,0.023333333333333334,0.09777777777777778,rho,0.21998859770533044,0.33869822103073566,0.20676199060516723,4.0,
diamonds,hard_sparse,clean,7007,0.22586446135218144,0.3417988355330574,0.21294707206445398,0.023333333333333334,0.09777777777777778,ws_default,0.22267139748565126,0.34011596136605277,0.20958574310497857,3.0,
diamonds,hard_sparse,clean,7007,0.22586446135218144,0.3417988355330574,0.21294707206445398,0.023333333333333334,0.09777777777777778,ws_tuned,0.22082989318622395,0.33471216144746146,0.20814114920935364,16.0,
diamonds,hard_sparse,clean,7007,0.22586446135218144,0.3417988355330574,0.21294707206445398,0.023333333333333334,0.09777777777777778,kcenter_a1,0.21558659621403695,0.32772601370597776,0.20309204038901105,1.0,
diamonds,hard_sparse,clean,7007,0.22586446135218144,0.3417988355330574,0.21294707206445398,0.023333333333333334,0.09777777777777778,rho_a1,0.22577586025964078,0.3673055562457411,0.21000664434121172,15.0,
diamonds,hard_sparse,clean,7007,0.22586446135218144,0.3417988355330574,0.21294707206445398,0.023333333333333334,0.09777777777777778,rho_landscape_a1,0.22621269064774646,0.35847927544447933,0.2114755690852319,17.0,
diamonds,hard_sparse,clean,7007,0.22586446135218144,0.3417988355330574,0.21294707206445398,0.023333333333333334,0.09777777777777778,rho_filter_a1,0.21983079654776105,0.3449888605700899,0.20588570522435065,15.0,
diamonds,hard_sparse,clean,7008,0.21589385262706634,0.32537256101547735,0.20345863185243618,0.020666666666666667,0.057777777777777775,all_data,0.2077803620953662,0.31703025737003976,0.19537113122897787,,
diamonds,hard_sparse,clean,7008,0.21589385262706634,0.32537256101547735,0.20345863185243618,0.020666666666666667,0.057777777777777775,random,0.21385587904999395,0.32323660605857096,0.20143178756349633,,
diamonds,hard_sparse,clean,7008,0.21589385262706634,0.32537256101547735,0.20345863185243618,0.020666666666666667,0.057777777777777775,uniform,0.21039577804947526,0.31786813300326333,0.19818845042666192,4.0,
diamonds,hard_sparse,clean,7008,0.21589385262706634,0.32537256101547735,0.20345863185243618,0.020666666666666667,0.057777777777777775,rho,0.21072147313621162,0.31065840572967734,0.19937006208439256,3.0,
diamonds,hard_sparse,clean,7008,0.21589385262706634,0.32537256101547735,0.20345863185243618,0.020666666666666667,0.057777777777777775,ws_default,0.21353251586913052,0.3197013266389578,0.20147325228502985,3.0,
diamonds,hard_sparse,clean,7008,0.21589385262706634,0.32537256101547735,0.20345863185243618,0.020666666666666667,0.057777777777777775,ws_tuned,0.21196973588110257,0.3166728912934614,0.20007694985430902,11.0,
diamonds,hard_sparse,clean,7008,0.21589385262706634,0.32537256101547735,0.20345863185243618,0.020666666666666667,0.057777777777777775,kcenter_a1,0.21005283143585554,0.3383753004964617,0.19547722804589807,5.0,
diamonds,hard_sparse,clean,7008,0.21589385262706634,0.32537256101547735,0.20345863185243618,0.020666666666666667,0.057777777777777775,rho_a1,0.21770994556416368,0.3293188894179722,0.20503276040482238,2.0,
diamonds,hard_sparse,clean,7008,0.21589385262706634,0.32537256101547735,0.20345863185243618,0.020666666666666667,0.057777777777777775,rho_landscape_a1,0.21744491857232232,0.3209754916978216,0.20568532117944824,4.0,
diamonds,hard_sparse,clean,7008,0.21589385262706634,0.32537256101547735,0.20345863185243618,0.020666666666666667,0.057777777777777775,rho_filter_a1,0.2132648759468751,0.3277831774152267,0.2002572292322071,12.0,
diamonds,hard_sparse,clean,7009,0.21153220412321522,0.34948353681436145,0.19709322177305102,0.025333333333333333,0.06666666666666667,all_data,0.2069704332478278,0.33787045697464746,0.1932694917972714,,
diamonds,hard_sparse,clean,7009,0.21153220412321522,0.34948353681436145,0.19709322177305102,0.025333333333333333,0.06666666666666667,random,0.2113139757711695,0.35500135296803415,0.19627461759452994,,
diamonds,hard_sparse,clean,7009,0.21153220412321522,0.34948353681436145,0.19709322177305102,0.025333333333333333,0.06666666666666667,uniform,0.20904102549867334,0.34655842859421865,0.19464746135252267,5.0,
diamonds,hard_sparse,clean,7009,0.21153220412321522,0.34948353681436145,0.19709322177305102,0.025333333333333333,0.06666666666666667,rho,0.21037149422186183,0.3521334669634801,0.19553366277500372,2.0,
diamonds,hard_sparse,clean,7009,0.21153220412321522,0.34948353681436145,0.19709322177305102,0.025333333333333333,0.06666666666666667,ws_default,0.2073576088298838,0.35269536049946937,0.19214551054687548,2.0,
diamonds,hard_sparse,clean,7009,0.21153220412321522,0.34948353681436145,0.19709322177305102,0.025333333333333333,0.06666666666666667,ws_tuned,0.209134889772975,0.3448588716990673,0.1949290380331272,13.0,
diamonds,hard_sparse,clean,7009,0.21153220412321522,0.34948353681436145,0.19709322177305102,0.025333333333333333,0.06666666666666667,kcenter_a1,0.21233299324943164,0.3608351172183761,0.19678968891796797,5.0,
diamonds,hard_sparse,clean,7009,0.21153220412321522,0.34948353681436145,0.19709322177305102,0.025333333333333333,0.06666666666666667,rho_a1,0.2115888867513038,0.3523763771244603,0.19685305166391734,10.0,
diamonds,hard_sparse,clean,7009,0.21153220412321522,0.34948353681436145,0.19709322177305102,0.025333333333333333,0.06666666666666667,rho_landscape_a1,0.21187997668498046,0.35555600787604863,0.1968418060632144,12.0,
diamonds,hard_sparse,clean,7009,0.21153220412321522,0.34948353681436145,0.19709322177305102,0.025333333333333333,0.06666666666666667,rho_filter_a1,0.2124972668392744,0.36156465027141227,0.19689479837178475,13.0,
diamonds,hard_sparse,outlier,7000,0.2255717600987213,0.3339188460197144,0.21346627690243467,0.021333333333333333,0.044444444444444446,all_data,0.22659215682033929,0.32581262444114784,0.2155063791706547,,
diamonds,hard_sparse,outlier,7000,0.2255717600987213,0.3339188460197144,0.21346627690243467,0.021333333333333333,0.044444444444444446,random,0.2559773106512605,0.37155475754101946,0.24306398834729084,,
diamonds,hard_sparse,outlier,7000,0.2255717600987213,0.3339188460197144,0.21346627690243467,0.021333333333333333,0.044444444444444446,uniform,0.2455063103137652,0.371126151315271,0.2314709639873046,5.0,
diamonds,hard_sparse,outlier,7000,0.2255717600987213,0.3339188460197144,0.21346627690243467,0.021333333333333333,0.044444444444444446,rho,0.24454106332410766,0.35491396652086377,0.23220923811980082,5.0,
diamonds,hard_sparse,outlier,7000,0.2255717600987213,0.3339188460197144,0.21346627690243467,0.021333333333333333,0.044444444444444446,ws_default,0.24285029169180106,0.3655384834299889,0.22914249483834034,5.0,
diamonds,hard_sparse,outlier,7000,0.2255717600987213,0.3339188460197144,0.21346627690243467,0.021333333333333333,0.044444444444444446,ws_tuned,0.24914835457823034,0.3596149352105104,0.23680606291225578,8.0,
diamonds,hard_sparse,outlier,7000,0.2255717600987213,0.3339188460197144,0.21346627690243467,0.021333333333333333,0.044444444444444446,kcenter_a1,0.23679472444437652,0.3497056678407992,0.22417932721109088,6.0,
diamonds,hard_sparse,outlier,7000,0.2255717600987213,0.3339188460197144,0.21346627690243467,0.021333333333333333,0.044444444444444446,rho_a1,0.2533650318442444,0.3645512011406853,0.2409423414448088,0.0,
diamonds,hard_sparse,outlier,7000,0.2255717600987213,0.3339188460197144,0.21346627690243467,0.021333333333333333,0.044444444444444446,rho_landscape_a1,0.2534573501436649,0.36884766149264225,0.2405649362575368,4.0,
diamonds,hard_sparse,outlier,7000,0.2255717600987213,0.3339188460197144,0.21346627690243467,0.021333333333333333,0.044444444444444446,rho_filter_a1,0.25014336518953195,0.35631900666952127,0.23828049474068375,10.0,
diamonds,hard_sparse,outlier,7001,0.26230348452231705,0.3571463495510043,0.25150127572344955,0.024,0.07111111111111111,all_data,0.22696272142442211,0.3559994941633982,0.21226596841683612,,
diamonds,hard_sparse,outlier,7001,0.26230348452231705,0.3571463495510043,0.25150127572344955,0.024,0.07111111111111111,random,0.23500841324960517,0.35558816555581696,0.2212748797789171,,
diamonds,hard_sparse,outlier,7001,0.26230348452231705,0.3571463495510043,0.25150127572344955,0.024,0.07111111111111111,uniform,0.22834709901995806,0.34964989179852185,0.21453121423955354,8.0,
diamonds,hard_sparse,outlier,7001,0.26230348452231705,0.3571463495510043,0.25150127572344955,0.024,0.07111111111111111,rho,0.23452359563564773,0.35528753112980915,0.2207690844640766,5.0,
diamonds,hard_sparse,outlier,7001,0.26230348452231705,0.3571463495510043,0.25150127572344955,0.024,0.07111111111111111,ws_default,0.23678036052956755,0.34067471802697,0.22494722429552758,10.0,
diamonds,hard_sparse,outlier,7001,0.26230348452231705,0.3571463495510043,0.25150127572344955,0.024,0.07111111111111111,ws_tuned,0.23826726285896466,0.37857429521653174,0.22228687404408162,14.0,
diamonds,hard_sparse,outlier,7001,0.26230348452231705,0.3571463495510043,0.25150127572344955,0.024,0.07111111111111111,kcenter_a1,0.23816082378609882,0.36002382936468263,0.2242811330922418,11.0,
diamonds,hard_sparse,outlier,7001,0.26230348452231705,0.3571463495510043,0.25150127572344955,0.024,0.07111111111111111,rho_a1,0.2435417511313172,0.35426417023720386,0.23093092701148774,0.0,
diamonds,hard_sparse,outlier,7001,0.26230348452231705,0.3571463495510043,0.25150127572344955,0.024,0.07111111111111111,rho_landscape_a1,0.2429041792956285,0.3601282861558444,0.22955283991778713,1.0,
diamonds,hard_sparse,outlier,7001,0.26230348452231705,0.3571463495510043,0.25150127572344955,0.024,0.07111111111111111,rho_filter_a1,0.23970624436047183,0.37879501322924314,0.2238646107020682,14.0,
diamonds,hard_sparse,outlier,7002,0.22900330328273305,0.36480965816839456,0.2144982526502302,0.036,0.08,all_data,0.23424333546769108,0.35935075569664093,0.22088100447478165,,
diamonds,hard_sparse,outlier,7002,0.22900330328273305,0.36480965816839456,0.2144982526502302,0.036,0.08,random,0.2589207378586519,0.3739511750064364,0.24663469780910977,,
diamonds,hard_sparse,outlier,7002,0.22900330328273305,0.36480965816839456,0.2144982526502302,0.036,0.08,uniform,0.2528450062581364,0.36582001042432083,0.24077850055582672,4.0,
diamonds,hard_sparse,outlier,7002,0.22900330328273305,0.36480965816839456,0.2144982526502302,0.036,0.08,rho,0.24516945965232276,0.36667589624252284,0.23219173842271093,5.0,
diamonds,hard_sparse,outlier,7002,0.22900330328273305,0.36480965816839456,0.2144982526502302,0.036,0.08,ws_default,0.2501094989944582,0.3573377452524893,0.2386567864721561,11.0,
diamonds,hard_sparse,outlier,7002,0.22900330328273305,0.36480965816839456,0.2144982526502302,0.036,0.08,ws_tuned,0.24751503444694095,0.357045636811334,0.2358164144932454,11.0,
diamonds,hard_sparse,outlier,7002,0.22900330328273305,0.36480965816839456,0.2144982526502302,0.036,0.08,kcenter_a1,0.24145812965934538,0.35943624930199747,0.22885725689175718,3.0,
diamonds,hard_sparse,outlier,7002,0.22900330328273305,0.36480965816839456,0.2144982526502302,0.036,0.08,rho_a1,0.25594508088740786,0.36818411880556834,0.24395718143073658,1.0,
diamonds,hard_sparse,outlier,7002,0.22900330328273305,0.36480965816839456,0.2144982526502302,0.036,0.08,rho_landscape_a1,0.2445157618626112,0.3612065825971582,0.2320523814521145,6.0,
diamonds,hard_sparse,outlier,7002,0.22900330328273305,0.36480965816839456,0.2144982526502302,0.036,0.08,rho_filter_a1,0.25023961619721563,0.35983648704097165,0.2385339183151764,18.0,
diamonds,hard_sparse,outlier,7003,0.2238699259350674,0.23768020523628672,0.22232692085471997,0.027333333333333334,0.04888888888888889,all_data,0.21502284444344133,0.22985028949715125,0.21336619271704013,,
diamonds,hard_sparse,outlier,7003,0.2238699259350674,0.23768020523628672,0.22232692085471997,0.027333333333333334,0.04888888888888889,random,0.23701217374523936,0.2470299893409525,0.23589289584933143,,
diamonds,hard_sparse,outlier,7003,0.2238699259350674,0.23768020523628672,0.22232692085471997,0.027333333333333334,0.04888888888888889,uniform,0.23763135597398247,0.2352208829751981,0.23790067508057258,2.0,
diamonds,hard_sparse,outlier,7003,0.2238699259350674,0.23768020523628672,0.22232692085471997,0.027333333333333334,0.04888888888888889,rho,0.2376804918420919,0.21936799309434518,0.23972652422024485,4.0,
diamonds,hard_sparse,outlier,7003,0.2238699259350674,0.23768020523628672,0.22232692085471997,0.027333333333333334,0.04888888888888889,ws_default,0.23588340740593305,0.22538785276430076,0.23705606248262462,5.0,
diamonds,hard_sparse,outlier,7003,0.2238699259350674,0.23768020523628672,0.22232692085471997,0.027333333333333334,0.04888888888888889,ws_tuned,0.2392011177397562,0.2437925715690188,0.23868812039696477,8.0,
diamonds,hard_sparse,outlier,7003,0.2238699259350674,0.23768020523628672,0.22232692085471997,0.027333333333333334,0.04888888888888889,kcenter_a1,0.23147386917802512,0.23316877005080197,0.23128450004215623,1.0,
diamonds,hard_sparse,outlier,7003,0.2238699259350674,0.23768020523628672,0.22232692085471997,0.027333333333333334,0.04888888888888889,rho_a1,0.249012885529502,0.2984164344990913,0.24349308934112657,13.0,
diamonds,hard_sparse,outlier,7003,0.2238699259350674,0.23768020523628672,0.22232692085471997,0.027333333333333334,0.04888888888888889,rho_landscape_a1,0.24692779062123008,0.30850680547385234,0.24004764499289377,11.0,
diamonds,hard_sparse,outlier,7003,0.2238699259350674,0.23768020523628672,0.22232692085471997,0.027333333333333334,0.04888888888888889,rho_filter_a1,0.2334414806607788,0.24333440989615782,0.2323361561603279,8.0,
diamonds,hard_sparse,outlier,7004,0.23973082310715382,0.37115330213124764,0.22561345825074508,0.021333333333333333,0.10222222222222223,all_data,0.2280536043956702,0.3101208946711704,0.21923795970383908,,
diamonds,hard_sparse,outlier,7004,0.23973082310715382,0.37115330213124764,0.22561345825074508,0.021333333333333333,0.10222222222222223,random,0.2483184259009456,0.34124238517062055,0.23833656095171146,,
diamonds,hard_sparse,outlier,7004,0.23973082310715382,0.37115330213124764,0.22561345825074508,0.021333333333333333,0.10222222222222223,uniform,0.2391687055643592,0.3470448072082524,0.2275806857864438,7.0,
diamonds,hard_sparse,outlier,7004,0.23973082310715382,0.37115330213124764,0.22561345825074508,0.021333333333333333,0.10222222222222223,rho,0.253153225013885,0.34736668622065325,0.2430328421378534,2.0,
diamonds,hard_sparse,outlier,7004,0.23973082310715382,0.37115330213124764,0.22561345825074508,0.021333333333333333,0.10222222222222223,ws_default,0.23955036178907274,0.34062598880287154,0.22869284703786735,6.0,
diamonds,hard_sparse,outlier,7004,0.23973082310715382,0.37115330213124764,0.22561345825074508,0.021333333333333333,0.10222222222222223,ws_tuned,0.24626675540930665,0.33581811016948043,0.236647174665412,14.0,
diamonds,hard_sparse,outlier,7004,0.23973082310715382,0.37115330213124764,0.22561345825074508,0.021333333333333333,0.10222222222222223,kcenter_a1,0.24778792142222894,0.3523807739960594,0.2365525873140766,7.0,
diamonds,hard_sparse,outlier,7004,0.23973082310715382,0.37115330213124764,0.22561345825074508,0.021333333333333333,0.10222222222222223,rho_a1,0.2675941088703012,0.354010630088829,0.2583112710428403,3.0,
diamonds,hard_sparse,outlier,7004,0.23973082310715382,0.37115330213124764,0.22561345825074508,0.021333333333333333,0.10222222222222223,rho_landscape_a1,0.2636144643794604,0.38718329588086786,0.25034073607864477,13.0,
diamonds,hard_sparse,outlier,7004,0.23973082310715382,0.37115330213124764,0.22561345825074508,0.021333333333333333,0.10222222222222223,rho_filter_a1,0.25671140830908473,0.32646773192651646,0.24921820411097748,22.0,
diamonds,hard_sparse,outlier,7005,0.2268030064892931,0.3574702799861534,0.2116769483299634,0.025333333333333333,0.06222222222222222,all_data,0.23396183175338492,0.345311505943685,0.22107198104516332,,
diamonds,hard_sparse,outlier,7005,0.2268030064892931,0.3574702799861534,0.2116769483299634,0.025333333333333333,0.06222222222222222,random,0.2577326622575837,0.3599589037698977,0.24589894113412186,,
diamonds,hard_sparse,outlier,7005,0.2268030064892931,0.3574702799861534,0.2116769483299634,0.025333333333333333,0.06222222222222222,uniform,0.25839496385620564,0.3670195225728117,0.24582057281927636,3.0,
diamonds,hard_sparse,outlier,7005,0.2268030064892931,0.3574702799861534,0.2116769483299634,0.025333333333333333,0.06222222222222222,rho,0.24791711864149438,0.35172151246611355,0.23590071043027627,11.0,
diamonds,hard_sparse,outlier,7005,0.2268030064892931,0.3574702799861534,0.2116769483299634,0.025333333333333333,0.06222222222222222,ws_default,0.2526759863731898,0.3570468128208741,0.2405940078583253,5.0,
diamonds,hard_sparse,outlier,7005,0.2268030064892931,0.3574702799861534,0.2116769483299634,0.025333333333333333,0.06222222222222222,ws_tuned,0.2553724167341359,0.3505195402341645,0.2443581751016361,13.0,
diamonds,hard_sparse,outlier,7005,0.2268030064892931,0.3574702799861534,0.2116769483299634,0.025333333333333333,0.06222222222222222,kcenter_a1,0.24675701712848092,0.35969441097783944,0.23368337181537527,5.0,
diamonds,hard_sparse,outlier,7005,0.2268030064892931,0.3574702799861534,0.2116769483299634,0.025333333333333333,0.06222222222222222,rho_a1,0.24445319403051033,0.3609830247384462,0.23096368782582596,9.0,
diamonds,hard_sparse,outlier,7005,0.2268030064892931,0.3574702799861534,0.2116769483299634,0.025333333333333333,0.06222222222222222,rho_landscape_a1,0.24212109563290013,0.35628178643305225,0.22890584132827999,8.0,
diamonds,hard_sparse,outlier,7005,0.2268030064892931,0.3574702799861534,0.2116769483299634,0.025333333333333333,0.06222222222222222,rho_filter_a1,0.2524095727716963,0.34173873441657704,0.24206881905269334,11.0,
diamonds,hard_sparse,outlier,7006,0.24406397498816443,0.3781906608769602,0.2295738344073804,0.018666666666666668,0.022222222222222223,all_data,0.24211790657060117,0.3792486287629818,0.22730323021186752,,
diamonds,hard_sparse,outlier,7006,0.24406397498816443,0.3781906608769602,0.2295738344073804,0.018666666666666668,0.022222222222222223,random,0.2588997811926802,0.3907078216873462,0.24466013138854734,,
diamonds,hard_sparse,outlier,7006,0.24406397498816443,0.3781906608769602,0.2295738344073804,0.018666666666666668,0.022222222222222223,uniform,0.2476239744256991,0.37911012468925653,0.23341909946647824,3.0,
diamonds,hard_sparse,outlier,7006,0.24406397498816443,0.3781906608769602,0.2295738344073804,0.018666666666666668,0.022222222222222223,rho,0.25279738838595134,0.39985603071755715,0.23691016663821557,4.0,
diamonds,hard_sparse,outlier,7006,0.24406397498816443,0.3781906608769602,0.2295738344073804,0.018666666666666668,0.022222222222222223,ws_default,0.2611119544986225,0.39215706024351094,0.24695472700817753,5.0,
diamonds,hard_sparse,outlier,7006,0.24406397498816443,0.3781906608769602,0.2295738344073804,0.018666666666666668,0.022222222222222223,ws_tuned,0.26086845538386283,0.38399521059988784,0.24756667296440305,6.0,
diamonds,hard_sparse,outlier,7006,0.24406397498816443,0.3781906608769602,0.2295738344073804,0.018666666666666668,0.022222222222222223,kcenter_a1,0.24968762113381962,0.38607491090596974,0.23495326018890592,0.0,
diamonds,hard_sparse,outlier,7006,0.24406397498816443,0.3781906608769602,0.2295738344073804,0.018666666666666668,0.022222222222222223,rho_a1,0.2507394211576784,0.38858952002907093,0.2358470282048133,8.0,
diamonds,hard_sparse,outlier,7006,0.24406397498816443,0.3781906608769602,0.2295738344073804,0.018666666666666668,0.022222222222222223,rho_landscape_a1,0.25242085562776573,0.38892128094514966,0.23767427228322843,5.0,
diamonds,hard_sparse,outlier,7006,0.24406397498816443,0.3781906608769602,0.2295738344073804,0.018666666666666668,0.022222222222222223,rho_filter_a1,0.2533859319611943,0.38715908994423964,0.23893398414585146,5.0,
diamonds,hard_sparse,outlier,7007,0.2183355625982998,0.32214964135588364,0.2067686146733787,0.022,0.07111111111111111,all_data,0.2308333863992623,0.31301115372619887,0.22167715280712513,,
diamonds,hard_sparse,outlier,7007,0.2183355625982998,0.32214964135588364,0.2067686146733787,0.022,0.07111111111111111,random,0.24536118353281783,0.33928969878476506,0.23489568350057805,,
diamonds,hard_sparse,outlier,7007,0.2183355625982998,0.32214964135588364,0.2067686146733787,0.022,0.07111111111111111,uniform,0.23629995777566518,0.34655547606691983,0.2240153056959783,4.0,
diamonds,hard_sparse,outlier,7007,0.2183355625982998,0.32214964135588364,0.2067686146733787,0.022,0.07111111111111111,rho,0.23788067611553276,0.3504875025725132,0.22533404165894783,2.0,
diamonds,hard_sparse,outlier,7007,0.2183355625982998,0.32214964135588364,0.2067686146733787,0.022,0.07111111111111111,ws_default,0.25702912521628196,0.35494660414078044,0.24611917549449147,8.0,
diamonds,hard_sparse,outlier,7007,0.2183355625982998,0.32214964135588364,0.2067686146733787,0.022,0.07111111111111111,ws_tuned,0.24166307030982673,0.35629107879454336,0.2288912360774368,13.0,
diamonds,hard_sparse,outlier,7007,0.2183355625982998,0.32214964135588364,0.2067686146733787,0.022,0.07111111111111111,kcenter_a1,0.2296758042302966,0.3332814500193658,0.21813207987313718,2.0,
diamonds,hard_sparse,outlier,7007,0.2183355625982998,0.32214964135588364,0.2067686146733787,0.022,0.07111111111111111,rho_a1,0.24279315469548543,0.36201628959405324,0.2295093322185958,4.0,
diamonds,hard_sparse,outlier,7007,0.2183355625982998,0.32214964135588364,0.2067686146733787,0.022,0.07111111111111111,rho_landscape_a1,0.2491838754905617,0.3640691391374606,0.23638337792945957,9.0,
diamonds,hard_sparse,outlier,7007,0.2183355625982998,0.32214964135588364,0.2067686146733787,0.022,0.07111111111111111,rho_filter_a1,0.24040482766426288,0.3265499371621051,0.23080655344680392,16.0,
diamonds,hard_sparse,outlier,7008,0.2617047100051424,0.3316944490828986,0.25375487327247964,0.015333333333333332,0.035555555555555556,all_data,0.2339109582276584,0.3492027102581356,0.22081545855381798,,
diamonds,hard_sparse,outlier,7008,0.2617047100051424,0.3316944490828986,0.25375487327247964,0.015333333333333332,0.035555555555555556,random,0.24748862964339113,0.3580737408626752,0.2349277372777263,,
diamonds,hard_sparse,outlier,7008,0.2617047100051424,0.3316944490828986,0.25375487327247964,0.015333333333333332,0.035555555555555556,uniform,0.2295443592299823,0.3229356391849946,0.21893644101682944,3.0,
diamonds,hard_sparse,outlier,7008,0.2617047100051424,0.3316944490828986,0.25375487327247964,0.015333333333333332,0.035555555555555556,rho,0.23591167031068683,0.3145410178716274,0.2269804972024285,2.0,
diamonds,hard_sparse,outlier,7008,0.2617047100051424,0.3316944490828986,0.25375487327247964,0.015333333333333332,0.035555555555555556,ws_default,0.2364709903528201,0.3278866519568119,0.22608747422408162,2.0,
diamonds,hard_sparse,outlier,7008,0.2617047100051424,0.3316944490828986,0.25375487327247964,0.015333333333333332,0.035555555555555556,ws_tuned,0.24593506547949184,0.366428373552443,0.23224874318167335,5.0,
diamonds,hard_sparse,outlier,7008,0.2617047100051424,0.3316944490828986,0.25375487327247964,0.015333333333333332,0.035555555555555556,kcenter_a1,0.23169985155823733,0.32744757268577745,0.22082427521635642,4.0,
diamonds,hard_sparse,outlier,7008,0.2617047100051424,0.3316944490828986,0.25375487327247964,0.015333333333333332,0.035555555555555556,rho_a1,0.2574387735007217,0.38407383187033134,0.2430548359130823,2.0,
diamonds,hard_sparse,outlier,7008,0.2617047100051424,0.3316944490828986,0.25375487327247964,0.015333333333333332,0.035555555555555556,rho_landscape_a1,0.25810898107108016,0.413827037258133,0.24042162947745058,5.0,
diamonds,hard_sparse,outlier,7008,0.2617047100051424,0.3316944490828986,0.25375487327247964,0.015333333333333332,0.035555555555555556,rho_filter_a1,0.2526406724921346,0.40999257695694025,0.23476773902285827,8.0,
diamonds,hard_sparse,outlier,7009,0.22278200652416547,0.3313190633289125,0.2114217346299376,0.023333333333333334,0.035555555555555556,all_data,0.21743506590217077,0.3627612558335815,0.20222417775414409,,
diamonds,hard_sparse,outlier,7009,0.22278200652416547,0.3313190633289125,0.2114217346299376,0.023333333333333334,0.035555555555555556,random,0.2346962394621237,0.37319564559001067,0.22019989178952795,,
diamonds,hard_sparse,outlier,7009,0.22278200652416547,0.3313190633289125,0.2114217346299376,0.023333333333333334,0.035555555555555556,uniform,0.22367559969832976,0.3443545435143665,0.21104447025721462,4.0,
diamonds,hard_sparse,outlier,7009,0.22278200652416547,0.3313190633289125,0.2114217346299376,0.023333333333333334,0.035555555555555556,rho,0.24562021917079777,0.3759227570652326,0.23198181490070915,6.0,
diamonds,hard_sparse,outlier,7009,0.22278200652416547,0.3313190633289125,0.2114217346299376,0.023333333333333334,0.035555555555555556,ws_default,0.2234797248815356,0.3674050560996294,0.20841546071924413,4.0,
diamonds,hard_sparse,outlier,7009,0.22278200652416547,0.3313190633289125,0.2114217346299376,0.023333333333333334,0.035555555555555556,ws_tuned,0.2231026579953654,0.37119053063801105,0.2076027121981926,9.0,
diamonds,hard_sparse,outlier,7009,0.22278200652416547,0.3313190633289125,0.2114217346299376,0.023333333333333334,0.035555555555555556,kcenter_a1,0.22654899476935175,0.3453648332675685,0.21411287138055746,2.0,
diamonds,hard_sparse,outlier,7009,0.22278200652416547,0.3313190633289125,0.2114217346299376,0.023333333333333334,0.035555555555555556,rho_a1,0.23819458051259731,0.40096260162892855,0.2211581044001727,9.0,
diamonds,hard_sparse,outlier,7009,0.22278200652416547,0.3313190633289125,0.2114217346299376,0.023333333333333334,0.035555555555555556,rho_landscape_a1,0.2401363804729613,0.45829763694278475,0.21730204846465886,11.0,
diamonds,hard_sparse,outlier,7009,0.22278200652416547,0.3313190633289125,0.2114217346299376,0.023333333333333334,0.035555555555555556,rho_filter_a1,0.21827619025410827,0.35128363936307866,0.20435467044955155,5.0,
sulfur,sparse_init,clean,7000,0.31119104010988374,0.26365136586312304,0.31659086947866943,0.12666666666666668,0.1111111111111111,all_data,0.20056067867781305,0.20705618414879368,0.19982288184257918,,
sulfur,sparse_init,clean,7000,0.31119104010988374,0.26365136586312304,0.31659086947866943,0.12666666666666668,0.1111111111111111,random,0.21364497520766865,0.21845840254170806,0.21309823847262183,,
sulfur,sparse_init,clean,7000,0.31119104010988374,0.26365136586312304,0.31659086947866943,0.12666666666666668,0.1111111111111111,uniform,0.21878031243722962,0.21568333962114164,0.219132084405204,22.0,
sulfur,sparse_init,clean,7000,0.31119104010988374,0.26365136586312304,0.31659086947866943,0.12666666666666668,0.1111111111111111,rho,0.2136238387625957,0.22202708219507733,0.21266935008763674,23.0,
sulfur,sparse_init,clean,7000,0.31119104010988374,0.26365136586312304,0.31659086947866943,0.12666666666666668,0.1111111111111111,ws_default,0.20722659528827256,0.20709439174106048,0.20724161172682,28.0,
sulfur,sparse_init,clean,7000,0.31119104010988374,0.26365136586312304,0.31659086947866943,0.12666666666666668,0.1111111111111111,ws_tuned,0.21046552055923387,0.21984711816959032,0.20939990479502857,24.0,
sulfur,sparse_init,clean,7000,0.31119104010988374,0.26365136586312304,0.31659086947866943,0.12666666666666668,0.1111111111111111,kcenter_a1,0.22087895186029316,0.21811288544094878,0.2211931375783033,37.0,
sulfur,sparse_init,clean,7000,0.31119104010988374,0.26365136586312304,0.31659086947866943,0.12666666666666668,0.1111111111111111,rho_a1,0.24012196304293318,0.24169146949201725,0.23994368948190137,30.0,
sulfur,sparse_init,clean,7000,0.31119104010988374,0.26365136586312304,0.31659086947866943,0.12666666666666668,0.1111111111111111,rho_landscape_a1,0.21322952268473544,0.23235024107603985,0.21105768162024427,26.0,
sulfur,sparse_init,clean,7000,0.31119104010988374,0.26365136586312304,0.31659086947866943,0.12666666666666668,0.1111111111111111,rho_filter_a1,0.20927065341906498,0.2216205083618127,0.20786788593113598,24.0,
sulfur,sparse_init,clean,7001,0.4086026815512645,0.30722617275158876,0.4204960149858633,0.11733333333333333,0.18222222222222223,all_data,0.2498877749171296,0.16076537679812633,0.26034347525511325,,
sulfur,sparse_init,clean,7001,0.4086026815512645,0.30722617275158876,0.4204960149858633,0.11733333333333333,0.18222222222222223,random,0.25926683141762313,0.16251229082513755,0.27061792277204894,,
sulfur,sparse_init,clean,7001,0.4086026815512645,0.30722617275158876,0.4204960149858633,0.11733333333333333,0.18222222222222223,uniform,0.2646293214458881,0.18272404695490144,0.2742383201291882,13.0,
sulfur,sparse_init,clean,7001,0.4086026815512645,0.30722617275158876,0.4204960149858633,0.11733333333333333,0.18222222222222223,rho,0.262088270757474,0.192871849467577,0.2702086330317077,17.0,
sulfur,sparse_init,clean,7001,0.4086026815512645,0.30722617275158876,0.4204960149858633,0.11733333333333333,0.18222222222222223,ws_default,0.2601861710195691,0.16975174992658154,0.27079579584053404,25.0,
sulfur,sparse_init,clean,7001,0.4086026815512645,0.30722617275158876,0.4204960149858633,0.11733333333333333,0.18222222222222223,ws_tuned,0.2590365607403911,0.16865903509992652,0.26963951067586467,43.0,
sulfur,sparse_init,clean,7001,0.4086026815512645,0.30722617275158876,0.4204960149858633,0.11733333333333333,0.18222222222222223,kcenter_a1,0.26056029831041316,0.17774411686434025,0.2702761631728016,13.0,
sulfur,sparse_init,clean,7001,0.4086026815512645,0.30722617275158876,0.4204960149858633,0.11733333333333333,0.18222222222222223,rho_a1,0.26932161696217305,0.16937103392037287,0.2810476630173563,20.0,
sulfur,sparse_init,clean,7001,0.4086026815512645,0.30722617275158876,0.4204960149858633,0.11733333333333333,0.18222222222222223,rho_landscape_a1,0.2624126840505163,0.16602945032181135,0.27372021426449844,31.0,
sulfur,sparse_init,clean,7001,0.4086026815512645,0.30722617275158876,0.4204960149858633,0.11733333333333333,0.18222222222222223,rho_filter_a1,0.2596464192918639,0.15987294511582525,0.2713516872119578,39.0,
sulfur,sparse_init,clean,7002,0.3295448375089235,0.24068999905977412,0.3390895986712352,0.132,0.022222222222222223,all_data,0.2670340376437538,0.19589316019871097,0.27467597021536966,,
sulfur,sparse_init,clean,7002,0.3295448375089235,0.24068999905977412,0.3390895986712352,0.132,0.022222222222222223,random,0.29728713156151343,0.22222747661263917,0.3053500180842607,,
sulfur,sparse_init,clean,7002,0.3295448375089235,0.24068999905977412,0.3390895986712352,0.132,0.022222222222222223,uniform,0.2916962497996683,0.2169749820038234,0.29972278687186865,8.0,
sulfur,sparse_init,clean,7002,0.3295448375089235,0.24068999905977412,0.3390895986712352,0.132,0.022222222222222223,rho,0.2938795540808773,0.2215449702045964,0.3016497142536339,23.0,
sulfur,sparse_init,clean,7002,0.3295448375089235,0.24068999905977412,0.3390895986712352,0.132,0.022222222222222223,ws_default,0.2932120497537328,0.21086917220266282,0.30205729795135605,15.0,
sulfur,sparse_init,clean,7002,0.3295448375089235,0.24068999905977412,0.3390895986712352,0.132,0.022222222222222223,ws_tuned,0.29377413502560057,0.21685631872122701,0.30203662470613685,14.0,
sulfur,sparse_init,clean,7002,0.3295448375089235,0.24068999905977412,0.3390895986712352,0.132,0.022222222222222223,kcenter_a1,0.28875734264140973,0.21600193041558668,0.2965727080743054,12.0,
sulfur,sparse_init,clean,7002,0.3295448375089235,0.24068999905977412,0.3390895986712352,0.132,0.022222222222222223,rho_a1,0.28634944179395416,0.21854678003959735,0.29363278419724614,13.0,
sulfur,sparse_init,clean,7002,0.3295448375089235,0.24068999905977412,0.3390895986712352,0.132,0.022222222222222223,rho_landscape_a1,0.2892902086911977,0.21472944581337908,0.29729950437131775,6.0,
sulfur,sparse_init,clean,7002,0.3295448375089235,0.24068999905977412,0.3390895986712352,0.132,0.022222222222222223,rho_filter_a1,0.28959318404627915,0.22088859270173933,0.2969734114664567,5.0,
sulfur,sparse_init,clean,7003,0.294724209505693,0.2305529398577519,0.30205296174960833,0.11333333333333333,0.07111111111111111,all_data,0.26047859573073423,0.20759561436331056,0.26651815627687453,,
sulfur,sparse_init,clean,7003,0.294724209505693,0.2305529398577519,0.30205296174960833,0.11333333333333333,0.07111111111111111,random,0.2812165863872727,0.22269017058136953,0.28790066173000817,,
sulfur,sparse_init,clean,7003,0.294724209505693,0.2305529398577519,0.30205296174960833,0.11333333333333333,0.07111111111111111,uniform,0.27277974226521384,0.21385538511839908,0.2795092649477191,11.0,
sulfur,sparse_init,clean,7003,0.294724209505693,0.2305529398577519,0.30205296174960833,0.11333333333333333,0.07111111111111111,rho,0.28184919436523304,0.21207919041991907,0.28981735637570066,25.0,
sulfur,sparse_init,clean,7003,0.294724209505693,0.2305529398577519,0.30205296174960833,0.11333333333333333,0.07111111111111111,ws_default,0.27588172188160076,0.2137541134098322,0.28297707549536827,31.0,
sulfur,sparse_init,clean,7003,0.294724209505693,0.2305529398577519,0.30205296174960833,0.11333333333333333,0.07111111111111111,ws_tuned,0.27314004982339135,0.21228892110561853,0.2800896216268138,23.0,
sulfur,sparse_init,clean,7003,0.294724209505693,0.2305529398577519,0.30205296174960833,0.11333333333333333,0.07111111111111111,kcenter_a1,0.2733788712597111,0.212233557021392,0.28036204085238825,10.0,
sulfur,sparse_init,clean,7003,0.294724209505693,0.2305529398577519,0.30205296174960833,0.11333333333333333,0.07111111111111111,rho_a1,0.27450588808795157,0.23312869061243974,0.2792314176046534,9.0,
sulfur,sparse_init,clean,7003,0.294724209505693,0.2305529398577519,0.30205296174960833,0.11333333333333333,0.07111111111111111,rho_landscape_a1,0.27522581721882006,0.22930969819382746,0.28046971939159077,9.0,
sulfur,sparse_init,clean,7003,0.294724209505693,0.2305529398577519,0.30205296174960833,0.11333333333333333,0.07111111111111111,rho_filter_a1,0.27605087796183725,0.22562367852434004,0.28180997316221995,16.0,
sulfur,sparse_init,clean,7004,0.31487802519024216,0.19583397629611002,0.3282154596368186,0.11733333333333333,0.07555555555555556,all_data,0.24008571153520422,0.17249995355985415,0.2476578717976635,,
sulfur,sparse_init,clean,7004,0.31487802519024216,0.19583397629611002,0.3282154596368186,0.11733333333333333,0.07555555555555556,random,0.27050387735998127,0.20976042366289552,0.2773094408406389,,
sulfur,sparse_init,clean,7004,0.31487802519024216,0.19583397629611002,0.3282154596368186,0.11733333333333333,0.07555555555555556,uniform,0.26457073031555567,0.2128192482372372,0.27036885299488916,13.0,
sulfur,sparse_init,clean,7004,0.31487802519024216,0.19583397629611002,0.3282154596368186,0.11733333333333333,0.07555555555555556,rho,0.2635881174701225,0.20722266887131388,0.2699031788505284,20.0,
sulfur,sparse_init,clean,7004,0.31487802519024216,0.19583397629611002,0.3282154596368186,0.11733333333333333,0.07555555555555556,ws_default,0.26456140423745406,0.21198678036051705,0.27045174992063603,26.0,
sulfur,sparse_init,clean,7004,0.31487802519024216,0.19583397629611002,0.3282154596368186,0.11733333333333333,0.07555555555555556,ws_tuned,0.26156163808594807,0.1966325644833824,0.26883614925131755,13.0,
sulfur,sparse_init,clean,7004,0.31487802519024216,0.19583397629611002,0.3282154596368186,0.11733333333333333,0.07555555555555556,kcenter_a1,0.2502828729824745,0.17770100937986474,0.258414785974371,15.0,
sulfur,sparse_init,clean,7004,0.31487802519024216,0.19583397629611002,0.3282154596368186,0.11733333333333333,0.07555555555555556,rho_a1,0.26410468452246033,0.2054165293031268,0.2706799768642428,17.0,
sulfur,sparse_init,clean,7004,0.31487802519024216,0.19583397629611002,0.3282154596368186,0.11733333333333333,0.07555555555555556,rho_landscape_a1,0.26546734264622135,0.20389479253899462,0.2723657962723577,15.0,
sulfur,sparse_init,clean,7004,0.31487802519024216,0.19583397629611002,0.3282154596368186,0.11733333333333333,0.07555555555555556,rho_filter_a1,0.25958714992499954,0.1965009236859192,0.2666551925089165,13.0,
sulfur,sparse_init,clean,7005,0.2697259930855161,0.2325044933940557,0.2739769164486076,0.11666666666666667,0.13333333333333333,all_data,0.23154011794742013,0.20685205949494054,0.23435964551441638,,
sulfur,sparse_init,clean,7005,0.2697259930855161,0.2325044933940557,0.2739769164486076,0.11666666666666667,0.13333333333333333,random,0.2601842159680945,0.2260130239098091,0.26408677550678444,,
sulfur,sparse_init,clean,7005,0.2697259930855161,0.2325044933940557,0.2739769164486076,0.11666666666666667,0.13333333333333333,uniform,0.24566915358638441,0.24206330970199783,0.24608096305507482,22.0,
sulfur,sparse_init,clean,7005,0.2697259930855161,0.2325044933940557,0.2739769164486076,0.11666666666666667,0.13333333333333333,rho,0.2482433671616469,0.23605226166343782,0.24963566611826693,25.0,
sulfur,sparse_init,clean,7005,0.2697259930855161,0.2325044933940557,0.2739769164486076,0.11666666666666667,0.13333333333333333,ws_default,0.2641029560024503,0.22733052737559578,0.2683025926979964,22.0,
sulfur,sparse_init,clean,7005,0.2697259930855161,0.2325044933940557,0.2739769164486076,0.11666666666666667,0.13333333333333333,ws_tuned,0.2585574163715468,0.23425048048706998,0.26133341740570704,29.0,
sulfur,sparse_init,clean,7005,0.2697259930855161,0.2325044933940557,0.2739769164486076,0.11666666666666667,0.13333333333333333,kcenter_a1,0.2416932915975634,0.218013234995023,0.2443976991761265,43.0,
sulfur,sparse_init,clean,7005,0.2697259930855161,0.2325044933940557,0.2739769164486076,0.11666666666666667,0.13333333333333333,rho_a1,0.25525973730542395,0.22442471010108322,0.2587812863733292,39.0,
sulfur,sparse_init,clean,7005,0.2697259930855161,0.2325044933940557,0.2739769164486076,0.11666666666666667,0.13333333333333333,rho_landscape_a1,0.258052733970356,0.22433363447902158,0.2619036617674165,44.0,
sulfur,sparse_init,clean,7005,0.2697259930855161,0.2325044933940557,0.2739769164486076,0.11666666666666667,0.13333333333333333,rho_filter_a1,0.24758253203133507,0.22033358304651135,0.2506945289906046,30.0,
sulfur,sparse_init,clean,7006,0.26051126257820245,0.2099506401066234,0.26642718014748246,0.11866666666666667,0.10666666666666667,all_data,0.2265491793593445,0.19319608512407951,0.23045170560468825,,
sulfur,sparse_init,clean,7006,0.26051126257820245,0.2099506401066234,0.26642718014748246,0.11866666666666667,0.10666666666666667,random,0.23100336485592393,0.19405679341980542,0.235326351013906,,
sulfur,sparse_init,clean,7006,0.26051126257820245,0.2099506401066234,0.26642718014748246,0.11866666666666667,0.10666666666666667,uniform,0.25204699406290687,0.1894173897925792,0.259375060019139,9.0,
sulfur,sparse_init,clean,7006,0.26051126257820245,0.2099506401066234,0.26642718014748246,0.11866666666666667,0.10666666666666667,rho,0.2696263586829262,0.2097427345111105,0.2766331273307874,20.0,
sulfur,sparse_init,clean,7006,0.26051126257820245,0.2099506401066234,0.26642718014748246,0.11866666666666667,0.10666666666666667,ws_default,0.2385012804190938,0.1938595251458405,0.24372465251054679,28.0,
sulfur,sparse_init,clean,7006,0.26051126257820245,0.2099506401066234,0.26642718014748246,0.11866666666666667,0.10666666666666667,ws_tuned,0.2344740647779492,0.19230142112147008,0.23940853495166176,19.0,
sulfur,sparse_init,clean,7006,0.26051126257820245,0.2099506401066234,0.26642718014748246,0.11866666666666667,0.10666666666666667,kcenter_a1,0.25720993986679197,0.20153784878288072,0.26372393209358863,8.0,
sulfur,sparse_init,clean,7006,0.26051126257820245,0.2099506401066234,0.26642718014748246,0.11866666666666667,0.10666666666666667,rho_a1,0.27269939859843645,0.21525007289112463,0.27942133869097024,24.0,
sulfur,sparse_init,clean,7006,0.26051126257820245,0.2099506401066234,0.26642718014748246,0.11866666666666667,0.10666666666666667,rho_landscape_a1,0.2716707660719461,0.21101822462879913,0.2787675029791448,24.0,
sulfur,sparse_init,clean,7006,0.26051126257820245,0.2099506401066234,0.26642718014748246,0.11866666666666667,0.10666666666666667,rho_filter_a1,0.24716466447992708,0.19921613121990372,0.2527749508345626,23.0,
sulfur,sparse_init,clean,7007,0.25444221585595334,0.35155278393874917,0.24329128105937808,0.12,0.3022222222222222,all_data,0.18960842527580365,0.17722345586657798,0.191030556657242,,
sulfur,sparse_init,clean,7007,0.25444221585595334,0.35155278393874917,0.24329128105937808,0.12,0.3022222222222222,random,0.19575447482082323,0.19344633924962867,0.19601951156980096,,
sulfur,sparse_init,clean,7007,0.25444221585595334,0.35155278393874917,0.24329128105937808,0.12,0.3022222222222222,uniform,0.2045992613655011,0.1913062411649813,0.20612566167838128,16.0,
sulfur,sparse_init,clean,7007,0.25444221585595334,0.35155278393874917,0.24329128105937808,0.12,0.3022222222222222,rho,0.1975763200793798,0.21672214578514623,0.19537785848774775,34.0,
sulfur,sparse_init,clean,7007,0.25444221585595334,0.35155278393874917,0.24329128105937808,0.12,0.3022222222222222,ws_default,0.1872236542737283,0.19867944598387158,0.18590821776743538,30.0,
sulfur,sparse_init,clean,7007,0.25444221585595334,0.35155278393874917,0.24329128105937808,0.12,0.3022222222222222,ws_tuned,0.20236201431155784,0.18581999519441197,0.2042614880786326,46.0,
sulfur,sparse_init,clean,7007,0.25444221585595334,0.35155278393874917,0.24329128105937808,0.12,0.3022222222222222,kcenter_a1,0.2012340725398106,0.18567216985984789,0.20302100227898134,25.0,
sulfur,sparse_init,clean,7007,0.25444221585595334,0.35155278393874917,0.24329128105937808,0.12,0.3022222222222222,rho_a1,0.19001612619584626,0.18705504228511005,0.19035613917556293,68.0,
sulfur,sparse_init,clean,7007,0.25444221585595334,0.35155278393874917,0.24329128105937808,0.12,0.3022222222222222,rho_landscape_a1,0.19152515308603824,0.18577718521580036,0.1921851761525204,68.0,
sulfur,sparse_init,clean,7007,0.25444221585595334,0.35155278393874917,0.24329128105937808,0.12,0.3022222222222222,rho_filter_a1,0.19281934147362648,0.18638891924184622,0.19355772886478967,64.0,
sulfur,sparse_init,clean,7008,0.3040760372450235,0.1597742628162003,0.32096027167274677,0.122,0.013333333333333334,all_data,0.25963255228593446,0.1576283580070144,0.27156769816777404,,
sulfur,sparse_init,clean,7008,0.3040760372450235,0.1597742628162003,0.32096027167274677,0.122,0.013333333333333334,random,0.2830341986924059,0.16511496723976568,0.2968315061424635,,
sulfur,sparse_init,clean,7008,0.3040760372450235,0.1597742628162003,0.32096027167274677,0.122,0.013333333333333334,uniform,0.28226226750201044,0.17158007338770084,0.2952127951015345,10.0,
sulfur,sparse_init,clean,7008,0.3040760372450235,0.1597742628162003,0.32096027167274677,0.122,0.013333333333333334,rho,0.295277985294441,0.18224805072596253,0.3085032136061395,18.0,
sulfur,sparse_init,clean,7008,0.3040760372450235,0.1597742628162003,0.32096027167274677,0.122,0.013333333333333334,ws_default,0.26608673292106033,0.16351695720647436,0.2780880554634818,25.0,
sulfur,sparse_init,clean,7008,0.3040760372450235,0.1597742628162003,0.32096027167274677,0.122,0.013333333333333334,ws_tuned,0.261132716935987,0.1723821337624289,0.271517105193379,4.0,
sulfur,sparse_init,clean,7008,0.3040760372450235,0.1597742628162003,0.32096027167274677,0.122,0.013333333333333334,kcenter_a1,0.2814964068450619,0.16557443466606608,0.29506002213213234,9.0,
sulfur,sparse_init,clean,7008,0.3040760372450235,0.1597742628162003,0.32096027167274677,0.122,0.013333333333333334,rho_a1,0.3095118646842456,0.2678740300308773,0.3143837587696299,5.0,
sulfur,sparse_init,clean,7008,0.3040760372450235,0.1597742628162003,0.32096027167274677,0.122,0.013333333333333334,rho_landscape_a1,0.308646425660816,0.2853407432731431,0.31137334018760604,3.0,
sulfur,sparse_init,clean,7008,0.3040760372450235,0.1597742628162003,0.32096027167274677,0.122,0.013333333333333334,rho_filter_a1,0.26845929181356676,0.19994000006778148,0.2764764890326352,3.0,
sulfur,sparse_init,clean,7009,0.3357106896990053,0.23281127109863695,0.3477826885292161,0.128,0.0,all_data,0.2144949299650019,0.17953262495111993,0.2185966528995914,,
sulfur,sparse_init,clean,7009,0.3357106896990053,0.23281127109863695,0.3477826885292161,0.128,0.0,random,0.23587760733694063,0.20624910338384989,0.2393535770744541,,
sulfur,sparse_init,clean,7009,0.3357106896990053,0.23281127109863695,0.3477826885292161,0.128,0.0,uniform,0.2272093072804861,0.2018487285552185,0.2301845707063555,29.0,
sulfur,sparse_init,clean,7009,0.3357106896990053,0.23281127109863695,0.3477826885292161,0.128,0.0,rho,0.24167681546948902,0.21791510497124428,0.24446450217598703,24.0,
sulfur,sparse_init,clean,7009,0.3357106896990053,0.23281127109863695,0.3477826885292161,0.128,0.0,ws_default,0.23753008914869003,0.19315889124057645,0.2427356486798095,20.0,
sulfur,sparse_init,clean,7009,0.3357106896990053,0.23281127109863695,0.3477826885292161,0.128,0.0,ws_tuned,0.22889923749001115,0.20341678939765032,0.23188879843939425,10.0,
sulfur,sparse_init,clean,7009,0.3357106896990053,0.23281127109863695,0.3477826885292161,0.128,0.0,kcenter_a1,0.23329226627584956,0.1918835355845425,0.2381502737871202,46.0,
sulfur,sparse_init,clean,7009,0.3357106896990053,0.23281127109863695,0.3477826885292161,0.128,0.0,rho_a1,0.24599356716206086,0.21451335978639133,0.24968677584859192,10.0,
sulfur,sparse_init,clean,7009,0.3357106896990053,0.23281127109863695,0.3477826885292161,0.128,0.0,rho_landscape_a1,0.24118688174314484,0.22044406854876783,0.24362039614025055,5.0,
sulfur,sparse_init,clean,7009,0.3357106896990053,0.23281127109863695,0.3477826885292161,0.128,0.0,rho_filter_a1,0.2430828821418926,0.22362609470315972,0.2453655220090065,0.0,
sulfur,sparse_init,outlier,7000,0.26057084375087775,0.34453997209033654,0.25103314765886797,0.124,0.20444444444444446,all_data,0.22665494522769292,0.22099553365721056,0.22729777371342696,,
sulfur,sparse_init,outlier,7000,0.26057084375087775,0.34453997209033654,0.25103314765886797,0.124,0.20444444444444446,random,0.2397979522717737,0.2896694997556691,0.23413325534153168,,
sulfur,sparse_init,outlier,7000,0.26057084375087775,0.34453997209033654,0.25103314765886797,0.124,0.20444444444444446,uniform,0.262864386468062,0.32442142008852143,0.2558723848764285,24.0,
sulfur,sparse_init,outlier,7000,0.26057084375087775,0.34453997209033654,0.25103314765886797,0.124,0.20444444444444446,rho,0.22352059298589785,0.26098040459801614,0.21926569233507814,35.0,
sulfur,sparse_init,outlier,7000,0.26057084375087775,0.34453997209033654,0.25103314765886797,0.124,0.20444444444444446,ws_default,0.25804416565682003,0.26785370420952054,0.2569299419013908,34.0,
sulfur,sparse_init,outlier,7000,0.26057084375087775,0.34453997209033654,0.25103314765886797,0.124,0.20444444444444446,ws_tuned,0.2307804861534774,0.25505290660761815,0.22802348516648144,45.0,
sulfur,sparse_init,outlier,7000,0.26057084375087775,0.34453997209033654,0.25103314765886797,0.124,0.20444444444444446,kcenter_a1,0.25591212300659727,0.3754809749230881,0.2423308057510493,27.0,
sulfur,sparse_init,outlier,7000,0.26057084375087775,0.34453997209033654,0.25103314765886797,0.124,0.20444444444444446,rho_a1,0.23713760899468217,0.24492544990670936,0.23625302127416242,71.0,
sulfur,sparse_init,outlier,7000,0.26057084375087775,0.34453997209033654,0.25103314765886797,0.124,0.20444444444444446,rho_landscape_a1,0.24957190201681825,0.2863824376637675,0.24539074986092868,71.0,
sulfur,sparse_init,outlier,7000,0.26057084375087775,0.34453997209033654,0.25103314765886797,0.124,0.20444444444444446,rho_filter_a1,0.22531137133488802,0.24715522891109049,0.2228302204743394,46.0,
sulfur,sparse_init,outlier,7001,0.3990220698231465,0.29960152896178766,0.4106859321588366,0.11533333333333333,0.04888888888888889,all_data,0.2572531615469887,0.16633057516917857,0.2679200571555586,,
sulfur,sparse_init,outlier,7001,0.3990220698231465,0.29960152896178766,0.4106859321588366,0.11533333333333333,0.04888888888888889,random,0.2834206161086138,0.1716406076153052,0.29653447185363885,,
sulfur,sparse_init,outlier,7001,0.3990220698231465,0.29960152896178766,0.4106859321588366,0.11533333333333333,0.04888888888888889,uniform,0.2787051277277159,0.20176151814908624,0.28773203164476174,13.0,
sulfur,sparse_init,outlier,7001,0.3990220698231465,0.29960152896178766,0.4106859321588366,0.11533333333333333,0.04888888888888889,rho,0.28140114564236446,0.18196092818483442,0.29306731640553835,25.0,
sulfur,sparse_init,outlier,7001,0.3990220698231465,0.29960152896178766,0.4106859321588366,0.11533333333333333,0.04888888888888889,ws_default,0.28189926305690016,0.17481766873953447,0.2944619082002782,27.0,
sulfur,sparse_init,outlier,7001,0.3990220698231465,0.29960152896178766,0.4106859321588366,0.11533333333333333,0.04888888888888889,ws_tuned,0.287143412757725,0.183839850508,0.29926282508869834,11.0,
sulfur,sparse_init,outlier,7001,0.3990220698231465,0.29960152896178766,0.4106859321588366,0.11533333333333333,0.04888888888888889,kcenter_a1,0.28736498698865864,0.16597595759141642,0.3016061580352624,14.0,
sulfur,sparse_init,outlier,7001,0.3990220698231465,0.29960152896178766,0.4106859321588366,0.11533333333333333,0.04888888888888889,rho_a1,0.29142960740521273,0.19054291793198896,0.30326547600263,18.0,
sulfur,sparse_init,outlier,7001,0.3990220698231465,0.29960152896178766,0.4106859321588366,0.11533333333333333,0.04888888888888889,rho_landscape_a1,0.2946507228329369,0.2126744234358778,0.30426805404711715,21.0,
sulfur,sparse_init,outlier,7001,0.3990220698231465,0.29960152896178766,0.4106859321588366,0.11533333333333333,0.04888888888888889,rho_filter_a1,0.28187921400409105,0.18050432233451102,0.2937723577195166,11.0,
sulfur,sparse_init,outlier,7002,0.34425337797937594,0.2218084923523528,0.357406372337982,0.12666666666666668,0.04888888888888889,all_data,0.29244607764946895,0.20938660213590973,0.3013683025938934,,
sulfur,sparse_init,outlier,7002,0.34425337797937594,0.2218084923523528,0.357406372337982,0.12666666666666668,0.04888888888888889,random,0.310916356171588,0.2297783647509994,0.31963217584799675,,
sulfur,sparse_init,outlier,7002,0.34425337797937594,0.2218084923523528,0.357406372337982,0.12666666666666668,0.04888888888888889,uniform,0.3107449790530703,0.24967841645930208,0.317304731624051,11.0,
sulfur,sparse_init,outlier,7002,0.34425337797937594,0.2218084923523528,0.357406372337982,0.12666666666666668,0.04888888888888889,rho,0.33480178748705314,0.26712767975431745,0.342071320654357,28.0,
sulfur,sparse_init,outlier,7002,0.34425337797937594,0.2218084923523528,0.357406372337982,0.12666666666666668,0.04888888888888889,ws_default,0.3283774657397256,0.2505493263991664,0.33673774205870044,28.0,
sulfur,sparse_init,outlier,7002,0.34425337797937594,0.2218084923523528,0.357406372337982,0.12666666666666668,0.04888888888888889,ws_tuned,0.31189477984932606,0.23196576901826566,0.32048073117890846,12.0,
sulfur,sparse_init,outlier,7002,0.34425337797937594,0.2218084923523528,0.357406372337982,0.12666666666666668,0.04888888888888889,kcenter_a1,0.31887182067852743,0.25673048446576746,0.3255470251222016,11.0,
sulfur,sparse_init,outlier,7002,0.34425337797937594,0.2218084923523528,0.357406372337982,0.12666666666666668,0.04888888888888889,rho_a1,0.32280993181043743,0.25008209773253237,0.33062233480662434,7.0,
sulfur,sparse_init,outlier,7002,0.34425337797937594,0.2218084923523528,0.357406372337982,0.12666666666666668,0.04888888888888889,rho_landscape_a1,0.32222290920803603,0.2539562607371709,0.32955609293082,6.0,
sulfur,sparse_init,outlier,7002,0.34425337797937594,0.2218084923523528,0.357406372337982,0.12666666666666668,0.04888888888888889,rho_filter_a1,0.3258895920541001,0.25277119267406656,0.3337439494625865,11.0,
sulfur,sparse_init,outlier,7003,0.3131767477127597,0.2228871078788952,0.32348837788877205,0.118,0.05333333333333334,all_data,0.281322901911366,0.20701506658532365,0.28980931207395016,,
sulfur,sparse_init,outlier,7003,0.3131767477127597,0.2228871078788952,0.32348837788877205,0.118,0.05333333333333334,random,0.31873136187212936,0.22826439847597063,0.3290632434856183,,
sulfur,sparse_init,outlier,7003,0.3131767477127597,0.2228871078788952,0.32348837788877205,0.118,0.05333333333333334,uniform,0.2956299660366341,0.25928422247747346,0.2997808726826664,10.0,
sulfur,sparse_init,outlier,7003,0.3131767477127597,0.2228871078788952,0.32348837788877205,0.118,0.05333333333333334,rho,0.29472489003844426,0.21654167051369372,0.30365389282539346,24.0,
sulfur,sparse_init,outlier,7003,0.3131767477127597,0.2228871078788952,0.32348837788877205,0.118,0.05333333333333334,ws_default,0.31391858868182787,0.22718843155058313,0.32382370412021516,20.0,
sulfur,sparse_init,outlier,7003,0.3131767477127597,0.2228871078788952,0.32348837788877205,0.118,0.05333333333333334,ws_tuned,0.29646113675790786,0.21017125429428657,0.30631597013119055,14.0,
sulfur,sparse_init,outlier,7003,0.3131767477127597,0.2228871078788952,0.32348837788877205,0.118,0.05333333333333334,kcenter_a1,0.29156029184467624,0.20850046699807215,0.30104623284387066,9.0,
sulfur,sparse_init,outlier,7003,0.3131767477127597,0.2228871078788952,0.32348837788877205,0.118,0.05333333333333334,rho_a1,0.30641966158156436,0.21419194957178164,0.31695263147683206,2.0,
sulfur,sparse_init,outlier,7003,0.3131767477127597,0.2228871078788952,0.32348837788877205,0.118,0.05333333333333334,rho_landscape_a1,0.3063063439895607,0.2138673346878693,0.3168634453304224,6.0,
sulfur,sparse_init,outlier,7003,0.3131767477127597,0.2228871078788952,0.32348837788877205,0.118,0.05333333333333334,rho_filter_a1,0.3055525743813729,0.2083586335481545,0.31665271804199113,12.0,
sulfur,sparse_init,outlier,7004,0.3541894299636071,0.23295949770675525,0.36777176599349626,0.122,0.12,all_data,0.2644345731917758,0.1941261505060615,0.2723117748438033,,
sulfur,sparse_init,outlier,7004,0.3541894299636071,0.23295949770675525,0.36777176599349626,0.122,0.12,random,0.3017416611636571,0.2097566802651058,0.31204745691070074,,
sulfur,sparse_init,outlier,7004,0.3541894299636071,0.23295949770675525,0.36777176599349626,0.122,0.12,uniform,0.28598523856962615,0.24942478549801783,0.2900813916382551,16.0,
sulfur,sparse_init,outlier,7004,0.3541894299636071,0.23295949770675525,0.36777176599349626,0.122,0.12,rho,0.31143166960554586,0.23380225611075026,0.32012909902962217,20.0,
sulfur,sparse_init,outlier,7004,0.3541894299636071,0.23295949770675525,0.36777176599349626,0.122,0.12,ws_default,0.2793319017674737,0.17989934049012707,0.2904721081046354,26.0,
sulfur,sparse_init,outlier,7004,0.3541894299636071,0.23295949770675525,0.36777176599349626,0.122,0.12,ws_tuned,0.276492089135756,0.21295863957786018,0.2836102376405745,16.0,
sulfur,sparse_init,outlier,7004,0.3541894299636071,0.23295949770675525,0.36777176599349626,0.122,0.12,kcenter_a1,0.28434267215312103,0.23620325251097649,0.289736107270103,19.0,
sulfur,sparse_init,outlier,7004,0.3541894299636071,0.23295949770675525,0.36777176599349626,0.122,0.12,rho_a1,0.27635939198735276,0.2682445103167555,0.27726856555233764,24.0,
sulfur,sparse_init,outlier,7004,0.3541894299636071,0.23295949770675525,0.36777176599349626,0.122,0.12,rho_landscape_a1,0.26894821232625465,0.24379981245035987,0.27176578395538603,20.0,
sulfur,sparse_init,outlier,7004,0.3541894299636071,0.23295949770675525,0.36777176599349626,0.122,0.12,rho_filter_a1,0.27197686525041853,0.1905364482280683,0.28110127116090144,25.0,
sulfur,sparse_init,outlier,7005,0.30547353910785824,0.2429159258235986,0.31261800190633915,0.11133333333333334,0.0044444444444444444,all_data,0.2458146467069987,0.19810814573417493,0.25126302146991175,,
sulfur,sparse_init,outlier,7005,0.30547353910785824,0.2429159258235986,0.31261800190633915,0.11133333333333334,0.0044444444444444444,random,0.28528277844996053,0.2274852968286411,0.29188360504181043,,
sulfur,sparse_init,outlier,7005,0.30547353910785824,0.2429159258235986,0.31261800190633915,0.11133333333333334,0.0044444444444444444,uniform,0.2775974171183346,0.22205879950834792,0.2839402675974696,23.0,
sulfur,sparse_init,outlier,7005,0.30547353910785824,0.2429159258235986,0.31261800190633915,0.11133333333333334,0.0044444444444444444,rho,0.27946961683219207,0.2418663917470416,0.28376413557450736,15.0,
sulfur,sparse_init,outlier,7005,0.30547353910785824,0.2429159258235986,0.31261800190633915,0.11133333333333334,0.0044444444444444444,ws_default,0.2769282615667795,0.2526020119128404,0.2797064683517698,9.0,
sulfur,sparse_init,outlier,7005,0.30547353910785824,0.2429159258235986,0.31261800190633915,0.11133333333333334,0.0044444444444444444,ws_tuned,0.2869353816462503,0.2504325267237651,0.2911042313727737,10.0,
sulfur,sparse_init,outlier,7005,0.30547353910785824,0.2429159258235986,0.31261800190633915,0.11133333333333334,0.0044444444444444444,kcenter_a1,0.28954715713449447,0.22689392525795174,0.2967025401621775,38.0,
sulfur,sparse_init,outlier,7005,0.30547353910785824,0.2429159258235986,0.31261800190633915,0.11133333333333334,0.0044444444444444444,rho_a1,0.2919953714382347,0.24483121963128873,0.2973818066028162,16.0,
sulfur,sparse_init,outlier,7005,0.30547353910785824,0.2429159258235986,0.31261800190633915,0.11133333333333334,0.0044444444444444444,rho_landscape_a1,0.2907550995677797,0.24535183961158438,0.29594043009202486,16.0,
sulfur,sparse_init,outlier,7005,0.30547353910785824,0.2429159258235986,0.31261800190633915,0.11133333333333334,0.0044444444444444444,rho_filter_a1,0.2795271604915944,0.2578513841383002,0.2820026669831962,1.0,
sulfur,sparse_init,outlier,7006,0.2994829388687087,0.2163898677178379,0.30920536188245196,0.11666666666666667,0.008888888888888889,all_data,0.2605937402336373,0.20233531683891778,0.2674103499522599,,
sulfur,sparse_init,outlier,7006,0.2994829388687087,0.2163898677178379,0.30920536188245196,0.11666666666666667,0.008888888888888889,random,0.2809755691614121,0.21139072151550004,0.2891174432646339,,
sulfur,sparse_init,outlier,7006,0.2994829388687087,0.2163898677178379,0.30920536188245196,0.11666666666666667,0.008888888888888889,uniform,0.27126716046006116,0.2087655583957996,0.2785802493360527,11.0,
sulfur,sparse_init,outlier,7006,0.2994829388687087,0.2163898677178379,0.30920536188245196,0.11666666666666667,0.008888888888888889,rho,0.2863122985765557,0.20027517334002956,0.2963791948273528,26.0,
sulfur,sparse_init,outlier,7006,0.2994829388687087,0.2163898677178379,0.30920536188245196,0.11666666666666667,0.008888888888888889,ws_default,0.29935653683182634,0.2062194770344642,0.31025417102760827,22.0,
sulfur,sparse_init,outlier,7006,0.2994829388687087,0.2163898677178379,0.30920536188245196,0.11666666666666667,0.008888888888888889,ws_tuned,0.29785680083985905,0.20620500687292612,0.3085806493939346,14.0,
sulfur,sparse_init,outlier,7006,0.2994829388687087,0.2163898677178379,0.30920536188245196,0.11666666666666667,0.008888888888888889,kcenter_a1,0.28104506736807167,0.19993014933194814,0.2905360337621336,8.0,
sulfur,sparse_init,outlier,7006,0.2994829388687087,0.2163898677178379,0.30920536188245196,0.11666666666666667,0.008888888888888889,rho_a1,0.2897693526232015,0.20834730789955588,0.2992962548123128,3.0,
sulfur,sparse_init,outlier,7006,0.2994829388687087,0.2163898677178379,0.30920536188245196,0.11666666666666667,0.008888888888888889,rho_landscape_a1,0.2858349316115555,0.20521854477975,0.29526756665275244,4.0,
sulfur,sparse_init,outlier,7006,0.2994829388687087,0.2163898677178379,0.30920536188245196,0.11666666666666667,0.008888888888888889,rho_filter_a1,0.2916886414603617,0.21807294213289288,0.3003021510996272,2.0,
sulfur,sparse_init,outlier,7007,0.311380848998076,0.22985210323847977,0.32074256673858703,0.114,0.03111111111111111,all_data,0.2230266169878498,0.19738161028706233,0.22597136134702608,,
sulfur,sparse_init,outlier,7007,0.311380848998076,0.22985210323847977,0.32074256673858703,0.114,0.03111111111111111,random,0.2536511912457325,0.21163541011367784,0.2584757458238836,,
sulfur,sparse_init,outlier,7007,0.311380848998076,0.22985210323847977,0.32074256673858703,0.114,0.03111111111111111,uniform,0.26354405129170955,0.24180037634580576,0.26604081664224244,14.0,
sulfur,sparse_init,outlier,7007,0.311380848998076,0.22985210323847977,0.32074256673858703,0.114,0.03111111111111111,rho,0.24212553461761768,0.2187487732085189,0.24480982271699023,16.0,
sulfur,sparse_init,outlier,7007,0.311380848998076,0.22985210323847977,0.32074256673858703,0.114,0.03111111111111111,ws_default,0.25210091132303963,0.23606528478443234,0.2539422374473167,21.0,
sulfur,sparse_init,outlier,7007,0.311380848998076,0.22985210323847977,0.32074256673858703,0.114,0.03111111111111111,ws_tuned,0.25881545221658436,0.23421696831213012,0.2616400272914548,11.0,
sulfur,sparse_init,outlier,7007,0.311380848998076,0.22985210323847977,0.32074256673858703,0.114,0.03111111111111111,kcenter_a1,0.2561665289506978,0.21336766508734953,0.26108100272764856,23.0,
sulfur,sparse_init,outlier,7007,0.311380848998076,0.22985210323847977,0.32074256673858703,0.114,0.03111111111111111,rho_a1,0.26635618166914127,0.23346535636258114,0.2701329431034508,10.0,
sulfur,sparse_init,outlier,7007,0.311380848998076,0.22985210323847977,0.32074256673858703,0.114,0.03111111111111111,rho_landscape_a1,0.2591998279808547,0.24387857500332,0.26095912458808557,5.0,
sulfur,sparse_init,outlier,7007,0.311380848998076,0.22985210323847977,0.32074256673858703,0.114,0.03111111111111111,rho_filter_a1,0.2514117808326675,0.2405214832968142,0.2526622832253017,5.0,
sulfur,sparse_init,outlier,7008,0.3009194475146345,0.15221323019162086,0.31831903004977624,0.12533333333333332,0.057777777777777775,all_data,0.2794414653193054,0.1791610959475117,0.2911749126152511,,
sulfur,sparse_init,outlier,7008,0.3009194475146345,0.15221323019162086,0.31831903004977624,0.12533333333333332,0.057777777777777775,random,0.30247328934694584,0.17220985834081853,0.317714947428925,,
sulfur,sparse_init,outlier,7008,0.3009194475146345,0.15221323019162086,0.31831903004977624,0.12533333333333332,0.057777777777777775,uniform,0.33433651286446103,0.18982002722057137,0.3512458698833915,13.0,
sulfur,sparse_init,outlier,7008,0.3009194475146345,0.15221323019162086,0.31831903004977624,0.12533333333333332,0.057777777777777775,rho,0.30635198732056934,0.1954569437964887,0.319327419668123,12.0,
sulfur,sparse_init,outlier,7008,0.3009194475146345,0.15221323019162086,0.31831903004977624,0.12533333333333332,0.057777777777777775,ws_default,0.3006965623742216,0.1649001378545597,0.31658561623452275,21.0,
sulfur,sparse_init,outlier,7008,0.3009194475146345,0.15221323019162086,0.31831903004977624,0.12533333333333332,0.057777777777777775,ws_tuned,0.27998231348604224,0.15349394199877528,0.2947822653579118,14.0,
sulfur,sparse_init,outlier,7008,0.3009194475146345,0.15221323019162086,0.31831903004977624,0.12533333333333332,0.057777777777777775,kcenter_a1,0.3210220246355662,0.208455507061377,0.33419303018250435,15.0,
sulfur,sparse_init,outlier,7008,0.3009194475146345,0.15221323019162086,0.31831903004977624,0.12533333333333332,0.057777777777777775,rho_a1,0.2890745390176313,0.17352048096028153,0.30259510598943523,6.0,
sulfur,sparse_init,outlier,7008,0.3009194475146345,0.15221323019162086,0.31831903004977624,0.12533333333333332,0.057777777777777775,rho_landscape_a1,0.2852243247119786,0.1775075694965574,0.29782787691395063,4.0,
sulfur,sparse_init,outlier,7008,0.3009194475146345,0.15221323019162086,0.31831903004977624,0.12533333333333332,0.057777777777777775,rho_filter_a1,0.2782939615271771,0.15836994243010832,0.2923258420079567,12.0,
sulfur,sparse_init,outlier,7009,0.2816503224829379,0.20466931613764813,0.2906816137301506,0.128,0.08444444444444445,all_data,0.22719106129170433,0.18669212899661025,0.23194233267827963,,
sulfur,sparse_init,outlier,7009,0.2816503224829379,0.20466931613764813,0.2906816137301506,0.128,0.08444444444444445,random,0.2674465797451255,0.2090427000738182,0.2742984315501392,,
sulfur,sparse_init,outlier,7009,0.2816503224829379,0.20466931613764813,0.2906816137301506,0.128,0.08444444444444445,uniform,0.25120098722311734,0.20344415055015166,0.256803744598158,25.0,
sulfur,sparse_init,outlier,7009,0.2816503224829379,0.20466931613764813,0.2906816137301506,0.128,0.08444444444444445,rho,0.2545380210773614,0.20088063878882023,0.2608330212341176,23.0,
sulfur,sparse_init,outlier,7009,0.2816503224829379,0.20466931613764813,0.2906816137301506,0.128,0.08444444444444445,ws_default,0.25189915513036387,0.2062918590986874,0.2572497317597784,26.0,
sulfur,sparse_init,outlier,7009,0.2816503224829379,0.20466931613764813,0.2906816137301506,0.128,0.08444444444444445,ws_tuned,0.2596129516140495,0.2415079673022425,0.2617370000528648,19.0,
sulfur,sparse_init,outlier,7009,0.2816503224829379,0.20466931613764813,0.2906816137301506,0.128,0.08444444444444445,kcenter_a1,0.24326476126367036,0.19887312317002445,0.248472718805383,47.0,
sulfur,sparse_init,outlier,7009,0.2816503224829379,0.20466931613764813,0.2906816137301506,0.128,0.08444444444444445,rho_a1,0.2623705647889567,0.22210373374081668,0.2670946064203027,10.0,
sulfur,sparse_init,outlier,7009,0.2816503224829379,0.20466931613764813,0.2906816137301506,0.128,0.08444444444444445,rho_landscape_a1,0.2615236240500492,0.22468213862472414,0.26584580949100917,10.0,
sulfur,sparse_init,outlier,7009,0.2816503224829379,0.20466931613764813,0.2906816137301506,0.128,0.08444444444444445,rho_filter_a1,0.2510486644388611,0.21735559168009647,0.25500148303067144,19.0,
sulfur,sparse_all,clean,7000,0.2203128480866627,0.2334595102417866,0.21881957465701618,0.024,0.03111111111111111,all_data,0.18879340046596912,0.20277012114583476,0.18720584421948105,,
sulfur,sparse_all,clean,7000,0.2203128480866627,0.2334595102417866,0.21881957465701618,0.024,0.03111111111111111,random,0.19803330786065082,0.2214009259044662,0.19537907953050695,,
sulfur,sparse_all,clean,7000,0.2203128480866627,0.2334595102417866,0.21881957465701618,0.024,0.03111111111111111,uniform,0.20614331253529541,0.22893335942657042,0.20355468805544014,10.0,
sulfur,sparse_all,clean,7000,0.2203128480866627,0.2334595102417866,0.21881957465701618,0.024,0.03111111111111111,rho,0.19554809216893182,0.2127211158437173,0.1935974814619963,6.0,
sulfur,sparse_all,clean,7000,0.2203128480866627,0.2334595102417866,0.21881957465701618,0.024,0.03111111111111111,ws_default,0.19089008431510576,0.21701139703293243,0.18792307552087598,8.0,
sulfur,sparse_all,clean,7000,0.2203128480866627,0.2334595102417866,0.21881957465701618,0.024,0.03111111111111111,ws_tuned,0.1934874238357412,0.2172427099940009,0.19078916193357803,7.0,
sulfur,sparse_all,clean,7000,0.2203128480866627,0.2334595102417866,0.21881957465701618,0.024,0.03111111111111111,kcenter_a1,0.1989012937641533,0.21031605029862058,0.19760474012660803,14.0,
sulfur,sparse_all,clean,7000,0.2203128480866627,0.2334595102417866,0.21881957465701618,0.024,0.03111111111111111,rho_a1,0.19384546814287357,0.21359275698687505,0.1916024576060271,5.0,
sulfur,sparse_all,clean,7000,0.2203128480866627,0.2334595102417866,0.21881957465701618,0.024,0.03111111111111111,rho_landscape_a1,0.19558051008974126,0.2174044294597982,0.19310162392521366,5.0,
sulfur,sparse_all,clean,7000,0.2203128480866627,0.2334595102417866,0.21881957465701618,0.024,0.03111111111111111,rho_filter_a1,0.19146024674507742,0.20714720583947702,0.1896784317922614,7.0,
sulfur,sparse_all,clean,7001,0.2771132414118589,0.20665824001461208,0.2853789119668432,0.026,0.0,all_data,0.2298809382872161,0.15589737524225292,0.23856057417517268,,
sulfur,sparse_all,clean,7001,0.2771132414118589,0.20665824001461208,0.2853789119668432,0.026,0.0,random,0.24946193435387265,0.169016397723225,0.25889967887478665,,
sulfur,sparse_all,clean,7001,0.2771132414118589,0.20665824001461208,0.2853789119668432,0.026,0.0,uniform,0.25620217409345186,0.17571385816908835,0.26564493741418727,4.0,
sulfur,sparse_all,clean,7001,0.2771132414118589,0.20665824001461208,0.2853789119668432,0.026,0.0,rho,0.25179830069687714,0.1761560521970696,0.26067253096780424,4.0,
sulfur,sparse_all,clean,7001,0.2771132414118589,0.20665824001461208,0.2853789119668432,0.026,0.0,ws_default,0.245684632475247,0.1765291810981743,0.2537978418546801,2.0,
sulfur,sparse_all,clean,7001,0.2771132414118589,0.20665824001461208,0.2853789119668432,0.026,0.0,ws_tuned,0.2518139835018325,0.16276456113724358,0.2622611224384602,2.0,
sulfur,sparse_all,clean,7001,0.2771132414118589,0.20665824001461208,0.2853789119668432,0.026,0.0,kcenter_a1,0.24467954827749008,0.18222792832929158,0.25200627464012787,4.0,
sulfur,sparse_all,clean,7001,0.2771132414118589,0.20665824001461208,0.2853789119668432,0.026,0.0,rho_a1,0.26744430864891067,0.19582529161855453,0.27584653969716477,1.0,
sulfur,sparse_all,clean,7001,0.2771132414118589,0.20665824001461208,0.2853789119668432,0.026,0.0,rho_landscape_a1,0.26327876831003244,0.18171056957799786,0.27284822179256163,1.0,
sulfur,sparse_all,clean,7001,0.2771132414118589,0.20665824001461208,0.2853789119668432,0.026,0.0,rho_filter_a1,0.25887361449807766,0.22210487664445683,0.2631872653077203,0.0,
sulfur,sparse_all,clean,7002,0.37070970946597964,0.21481376304164,0.3874560071438988,0.03133333333333333,0.0,all_data,0.27380714590647337,0.2339328831326997,0.2780904277326705,,
sulfur,sparse_all,clean,7002,0.37070970946597964,0.21481376304164,0.3874560071438988,0.03133333333333333,0.0,random,0.2966531041608268,0.2170856966721313,0.3052002121634884,,
sulfur,sparse_all,clean,7002,0.37070970946597964,0.21481376304164,0.3874560071438988,0.03133333333333333,0.0,uniform,0.2953796411948033,0.2301793195090748,0.30238344097721265,4.0,
sulfur,sparse_all,clean,7002,0.37070970946597964,0.21481376304164,0.3874560071438988,0.03133333333333333,0.0,rho,0.30093552295469866,0.24081494780395302,0.30739365782692724,3.0,
sulfur,sparse_all,clean,7002,0.37070970946597964,0.21481376304164,0.3874560071438988,0.03133333333333333,0.0,ws_default,0.2889342513848498,0.20924340111243123,0.29749461957579615,7.0,
sulfur,sparse_all,clean,7002,0.37070970946597964,0.21481376304164,0.3874560071438988,0.03133333333333333,0.0,ws_tuned,0.29300064937879733,0.244383126758513,0.29822312966026754,1.0,
sulfur,sparse_all,clean,7002,0.37070970946597964,0.21481376304164,0.3874560071438988,0.03133333333333333,0.0,kcenter_a1,0.2906532133654381,0.25917572270076067,0.2940345163493514,7.0,
sulfur,sparse_all,clean,7002,0.37070970946597964,0.21481376304164,0.3874560071438988,0.03133333333333333,0.0,rho_a1,0.30446438386298474,0.24371368007391184,0.31099020697210994,1.0,
sulfur,sparse_all,clean,7002,0.37070970946597964,0.21481376304164,0.3874560071438988,0.03133333333333333,0.0,rho_landscape_a1,0.29903383681722334,0.230957998409291,0.3063465237779868,0.0,
sulfur,sparse_all,clean,7002,0.37070970946597964,0.21481376304164,0.3874560071438988,0.03133333333333333,0.0,rho_filter_a1,0.29976020835295264,0.2237312292983251,0.30792721939204326,0.0,
sulfur,sparse_all,clean,7003,0.3025475012931873,0.2123632937699142,0.31284709045322684,0.020666666666666667,0.008888888888888889,all_data,0.25427967972572274,0.21453201666675856,0.25881910642605016,,
sulfur,sparse_all,clean,7003,0.3025475012931873,0.2123632937699142,0.31284709045322684,0.020666666666666667,0.008888888888888889,random,0.28246944614476976,0.21783326122669475,0.28985129456159725,,
sulfur,sparse_all,clean,7003,0.3025475012931873,0.2123632937699142,0.31284709045322684,0.020666666666666667,0.008888888888888889,uniform,0.26918634467914104,0.21675217214759138,0.27517464850586393,3.0,
sulfur,sparse_all,clean,7003,0.3025475012931873,0.2123632937699142,0.31284709045322684,0.020666666666666667,0.008888888888888889,rho,0.276884568043176,0.21839990706390885,0.28356387472883043,5.0,
sulfur,sparse_all,clean,7003,0.3025475012931873,0.2123632937699142,0.31284709045322684,0.020666666666666667,0.008888888888888889,ws_default,0.2767985779871891,0.21993941747368684,0.283292242558369,6.0,
sulfur,sparse_all,clean,7003,0.3025475012931873,0.2123632937699142,0.31284709045322684,0.020666666666666667,0.008888888888888889,ws_tuned,0.2756540834458963,0.21898292350240933,0.2821262771998879,1.0,
sulfur,sparse_all,clean,7003,0.3025475012931873,0.2123632937699142,0.31284709045322684,0.020666666666666667,0.008888888888888889,kcenter_a1,0.2786805431052038,0.21608973509762266,0.2858287969445097,2.0,
sulfur,sparse_all,clean,7003,0.3025475012931873,0.2123632937699142,0.31284709045322684,0.020666666666666667,0.008888888888888889,rho_a1,0.27419152448074563,0.22357515672325268,0.2799722238625205,2.0,
sulfur,sparse_all,clean,7003,0.3025475012931873,0.2123632937699142,0.31284709045322684,0.020666666666666667,0.008888888888888889,rho_landscape_a1,0.2709168657294322,0.21917231763199727,0.2768264102196685,2.0,
sulfur,sparse_all,clean,7003,0.3025475012931873,0.2123632937699142,0.31284709045322684,0.020666666666666667,0.008888888888888889,rho_filter_a1,0.2751262278653476,0.21472191443582592,0.282024770624708,2.0,
sulfur,sparse_all,clean,7004,0.26028593857862276,0.16442457775352243,0.27102603544059534,0.03333333333333333,0.0,all_data,0.22742174944230648,0.17219097965997857,0.23360968389387113,,
sulfur,sparse_all,clean,7004,0.26028593857862276,0.16442457775352243,0.27102603544059534,0.03333333333333333,0.0,random,0.24449910906759956,0.18238488398885028,0.25145825077089007,,
sulfur,sparse_all,clean,7004,0.26028593857862276,0.16442457775352243,0.27102603544059534,0.03333333333333333,0.0,uniform,0.24723701928852165,0.18636934463270113,0.25405650021326326,6.0,
sulfur,sparse_all,clean,7004,0.26028593857862276,0.16442457775352243,0.27102603544059534,0.03333333333333333,0.0,rho,0.23360186834906438,0.1778568288861715,0.2398474204490215,11.0,
sulfur,sparse_all,clean,7004,0.26028593857862276,0.16442457775352243,0.27102603544059534,0.03333333333333333,0.0,ws_default,0.2303865675363543,0.17074553791514627,0.23706861783864702,10.0,
sulfur,sparse_all,clean,7004,0.26028593857862276,0.16442457775352243,0.27102603544059534,0.03333333333333333,0.0,ws_tuned,0.23468799032567164,0.17434937337939932,0.24144819678364987,0.0,
sulfur,sparse_all,clean,7004,0.26028593857862276,0.16442457775352243,0.27102603544059534,0.03333333333333333,0.0,kcenter_a1,0.2475301636387367,0.17827160685705432,0.2552897406148329,12.0,
sulfur,sparse_all,clean,7004,0.26028593857862276,0.16442457775352243,0.27102603544059534,0.03333333333333333,0.0,rho_a1,0.23252249128490296,0.17826091438434322,0.23860183948921923,2.0,
sulfur,sparse_all,clean,7004,0.26028593857862276,0.16442457775352243,0.27102603544059534,0.03333333333333333,0.0,rho_landscape_a1,0.23089667569854225,0.17167145225565872,0.23753213998752803,1.0,
sulfur,sparse_all,clean,7004,0.26028593857862276,0.16442457775352243,0.27102603544059534,0.03333333333333333,0.0,rho_filter_a1,0.22737555592559333,0.17962686461370497,0.23272521469642765,0.0,
sulfur,sparse_all,clean,7005,0.27405544248864067,0.23837732437328146,0.27813010221769285,0.02266666666666667,0.013333333333333334,all_data,0.2242342164598668,0.20950652801418196,0.22591620873360796,,
sulfur,sparse_all,clean,7005,0.27405544248864067,0.23837732437328146,0.27813010221769285,0.02266666666666667,0.013333333333333334,random,0.2403123147840629,0.21218751014340514,0.24352433982658925,,
sulfur,sparse_all,clean,7005,0.27405544248864067,0.23837732437328146,0.27813010221769285,0.02266666666666667,0.013333333333333334,uniform,0.2367555866243106,0.20892548324559526,0.2399339549767544,6.0,
sulfur,sparse_all,clean,7005,0.27405544248864067,0.23837732437328146,0.27813010221769285,0.02266666666666667,0.013333333333333334,rho,0.23825645277630872,0.2329202788208944,0.23886587654280453,2.0,
sulfur,sparse_all,clean,7005,0.27405544248864067,0.23837732437328146,0.27813010221769285,0.02266666666666667,0.013333333333333334,ws_default,0.24674590701011773,0.23631457128134042,0.24793722947496416,2.0,
sulfur,sparse_all,clean,7005,0.27405544248864067,0.23837732437328146,0.27813010221769285,0.02266666666666667,0.013333333333333334,ws_tuned,0.23472958861108625,0.22338965216539375,0.23602467884583112,2.0,
sulfur,sparse_all,clean,7005,0.27405544248864067,0.23837732437328146,0.27813010221769285,0.02266666666666667,0.013333333333333334,kcenter_a1,0.23889272293871402,0.21294753781660525,0.24185582207522224,16.0,
sulfur,sparse_all,clean,7005,0.27405544248864067,0.23837732437328146,0.27813010221769285,0.02266666666666667,0.013333333333333334,rho_a1,0.24553641373385715,0.22101930476799578,0.24833641782188032,4.0,
sulfur,sparse_all,clean,7005,0.27405544248864067,0.23837732437328146,0.27813010221769285,0.02266666666666667,0.013333333333333334,rho_landscape_a1,0.24459762423412384,0.21779259847320445,0.24765892244080268,3.0,
sulfur,sparse_all,clean,7005,0.27405544248864067,0.23837732437328146,0.27813010221769285,0.02266666666666667,0.013333333333333334,rho_filter_a1,0.24169643886437553,0.2212473573713717,0.24403184928558208,2.0,
sulfur,sparse_all,clean,7006,0.3088317264971937,0.2728397206145714,0.31304302235444553,0.02666666666666667,0.0,all_data,0.22364931754146675,0.19662314701413908,0.22681155307649895,,
sulfur,sparse_all,clean,7006,0.3088317264971937,0.2728397206145714,0.31304302235444553,0.02666666666666667,0.0,random,0.26011120177270713,0.21126571179419074,0.26582643782436827,,
sulfur,sparse_all,clean,7006,0.3088317264971937,0.2728397206145714,0.31304302235444553,0.02666666666666667,0.0,uniform,0.2613862195485668,0.20608186893247923,0.2678571837787094,4.0,
sulfur,sparse_all,clean,7006,0.3088317264971937,0.2728397206145714,0.31304302235444553,0.02666666666666667,0.0,rho,0.2523545542644254,0.21644567174930907,0.2565561241537953,4.0,
sulfur,sparse_all,clean,7006,0.3088317264971937,0.2728397206145714,0.31304302235444553,0.02666666666666667,0.0,ws_default,0.2457109074012059,0.20761755095631645,0.2501680747707699,2.0,
sulfur,sparse_all,clean,7006,0.3088317264971937,0.2728397206145714,0.31304302235444553,0.02666666666666667,0.0,ws_tuned,0.24580970221565895,0.2058443205586351,0.2504859085586617,2.0,
sulfur,sparse_all,clean,7006,0.3088317264971937,0.2728397206145714,0.31304302235444553,0.02666666666666667,0.0,kcenter_a1,0.24936754257526147,0.1958010653095352,0.25563516446142154,3.0,
sulfur,sparse_all,clean,7006,0.3088317264971937,0.2728397206145714,0.31304302235444553,0.02666666666666667,0.0,rho_a1,0.2565162260172713,0.20872178343885714,0.2621084827724669,5.0,
sulfur,sparse_all,clean,7006,0.3088317264971937,0.2728397206145714,0.31304302235444553,0.02666666666666667,0.0,rho_landscape_a1,0.250689332741213,0.20920731044002583,0.2555429957806426,1.0,
sulfur,sparse_all,clean,7006,0.3088317264971937,0.2728397206145714,0.31304302235444553,0.02666666666666667,0.0,rho_filter_a1,0.25115745757396096,0.21783288209007548,0.25505664694222346,0.0,
sulfur,sparse_all,clean,7007,0.2253621392824081,0.1940817874048592,0.2289539745593173,0.024666666666666667,0.013333333333333334,all_data,0.1788936348347548,0.18580859498457286,0.17809960931030522,,
sulfur,sparse_all,clean,7007,0.2253621392824081,0.1940817874048592,0.2289539745593173,0.024666666666666667,0.013333333333333334,random,0.1907596181526491,0.198768480359844,0.1898399829159255,,
sulfur,sparse_all,clean,7007,0.2253621392824081,0.1940817874048592,0.2289539745593173,0.024666666666666667,0.013333333333333334,uniform,0.2013776195655164,0.21905143170695981,0.19934818517246328,8.0,
sulfur,sparse_all,clean,7007,0.2253621392824081,0.1940817874048592,0.2289539745593173,0.024666666666666667,0.013333333333333334,rho,0.19267715278263753,0.19994764129324327,0.19184230293136398,8.0,
sulfur,sparse_all,clean,7007,0.2253621392824081,0.1940817874048592,0.2289539745593173,0.024666666666666667,0.013333333333333334,ws_default,0.19167348851144725,0.20090333333250682,0.19061365125774704,4.0,
sulfur,sparse_all,clean,7007,0.2253621392824081,0.1940817874048592,0.2289539745593173,0.024666666666666667,0.013333333333333334,ws_tuned,0.20726705292487646,0.21025428577830924,0.20692403733524037,5.0,
sulfur,sparse_all,clean,7007,0.2253621392824081,0.1940817874048592,0.2289539745593173,0.024666666666666667,0.013333333333333334,kcenter_a1,0.19680658102564025,0.21421934549086435,0.1948071220067795,8.0,
sulfur,sparse_all,clean,7007,0.2253621392824081,0.1940817874048592,0.2289539745593173,0.024666666666666667,0.013333333333333334,rho_a1,0.1947688870459931,0.21830720114841665,0.19206604830290544,3.0,
sulfur,sparse_all,clean,7007,0.2253621392824081,0.1940817874048592,0.2289539745593173,0.024666666666666667,0.013333333333333334,rho_landscape_a1,0.1938391129144056,0.21398746219793086,0.19152553434561725,3.0,
sulfur,sparse_all,clean,7007,0.2253621392824081,0.1940817874048592,0.2289539745593173,0.024666666666666667,0.013333333333333334,rho_filter_a1,0.19474343765609434,0.198895234901999,0.19426669839597374,3.0,
sulfur,sparse_all,clean,7008,0.3173766703008267,0.199350960975298,0.331186436345897,0.028666666666666667,0.008888888888888889,all_data,0.25728555563437766,0.16623946379816146,0.2679385331488637,,
sulfur,sparse_all,clean,7008,0.3173766703008267,0.199350960975298,0.331186436345897,0.028666666666666667,0.008888888888888889,random,0.28101262483412554,0.17228866252518174,0.2937340267351162,,
sulfur,sparse_all,clean,7008,0.3173766703008267,0.199350960975298,0.331186436345897,0.028666666666666667,0.008888888888888889,uniform,0.2832248102873076,0.17074512272387754,0.2963856561652962,6.0,
sulfur,sparse_all,clean,7008,0.3173766703008267,0.199350960975298,0.331186436345897,0.028666666666666667,0.008888888888888889,rho,0.27072956964638306,0.15918669619606335,0.2837808022561803,5.0,
sulfur,sparse_all,clean,7008,0.3173766703008267,0.199350960975298,0.331186436345897,0.028666666666666667,0.008888888888888889,ws_default,0.2707000064268026,0.17286012735049827,0.2821479006834269,7.0,
sulfur,sparse_all,clean,7008,0.3173766703008267,0.199350960975298,0.331186436345897,0.028666666666666667,0.008888888888888889,ws_tuned,0.2713569979137495,0.17430911645094746,0.282712223362762,1.0,
sulfur,sparse_all,clean,7008,0.3173766703008267,0.199350960975298,0.331186436345897,0.028666666666666667,0.008888888888888889,kcenter_a1,0.27310322983261276,0.1607721613583848,0.286246686322616,3.0,
sulfur,sparse_all,clean,7008,0.3173766703008267,0.199350960975298,0.331186436345897,0.028666666666666667,0.008888888888888889,rho_a1,0.2645359791195276,0.1656846415810091,0.2761022205126131,6.0,
sulfur,sparse_all,clean,7008,0.3173766703008267,0.199350960975298,0.331186436345897,0.028666666666666667,0.008888888888888889,rho_landscape_a1,0.27464069171843325,0.19589720357451446,0.2838541855839183,2.0,
sulfur,sparse_all,clean,7008,0.3173766703008267,0.199350960975298,0.331186436345897,0.028666666666666667,0.008888888888888889,rho_filter_a1,0.2687990323449717,0.16601915320502256,0.28082493833761024,2.0,
sulfur,sparse_all,clean,7009,0.2491619570022765,0.2009531843459749,0.25481773479994313,0.032,0.0044444444444444444,all_data,0.21197239034238055,0.18708445342100907,0.21489220417114477,,
sulfur,sparse_all,clean,7009,0.2491619570022765,0.2009531843459749,0.25481773479994313,0.032,0.0044444444444444444,random,0.23112783139904908,0.20261493219397053,0.23447292013260576,,
sulfur,sparse_all,clean,7009,0.2491619570022765,0.2009531843459749,0.25481773479994313,0.032,0.0044444444444444444,uniform,0.23560396990460927,0.19703360698828146,0.24012898454842427,14.0,
sulfur,sparse_all,clean,7009,0.2491619570022765,0.2009531843459749,0.25481773479994313,0.032,0.0044444444444444444,rho,0.22660264551959813,0.20224783497199394,0.2294599137961327,5.0,
sulfur,sparse_all,clean,7009,0.2491619570022765,0.2009531843459749,0.25481773479994313,0.032,0.0044444444444444444,ws_default,0.22172860609980363,0.20324874332704942,0.22389663469325521,3.0,
sulfur,sparse_all,clean,7009,0.2491619570022765,0.2009531843459749,0.25481773479994313,0.032,0.0044444444444444444,ws_tuned,0.23697202676184576,0.1951705195508106,0.24187611420001187,5.0,
sulfur,sparse_all,clean,7009,0.2491619570022765,0.2009531843459749,0.25481773479994313,0.032,0.0044444444444444444,kcenter_a1,0.229419915147489,0.20049415684532765,0.23281343986450237,23.0,
sulfur,sparse_all,clean,7009,0.2491619570022765,0.2009531843459749,0.25481773479994313,0.032,0.0044444444444444444,rho_a1,0.23957248839008047,0.1974137084297189,0.24451849050833518,4.0,
sulfur,sparse_all,clean,7009,0.2491619570022765,0.2009531843459749,0.25481773479994313,0.032,0.0044444444444444444,rho_landscape_a1,0.2346122135013809,0.1919754779607835,0.23961428862066886,4.0,
sulfur,sparse_all,clean,7009,0.2491619570022765,0.2009531843459749,0.25481773479994313,0.032,0.0044444444444444444,rho_filter_a1,0.22923181590112857,0.19769774312583518,0.23293134399208476,1.0,
sulfur,sparse_all,outlier,7000,0.2634239736678895,0.23273841457365815,0.2669094157921786,0.028,0.02666666666666667,all_data,0.2177456590835801,0.24320561356027046,0.2148537711586108,,
sulfur,sparse_all,outlier,7000,0.2634239736678895,0.23273841457365815,0.2669094157921786,0.028,0.02666666666666667,random,0.26235502864660915,0.27989965075703865,0.2603622096541105,,
sulfur,sparse_all,outlier,7000,0.2634239736678895,0.23273841457365815,0.2669094157921786,0.028,0.02666666666666667,uniform,0.23036930488943463,0.23360740779494235,0.23000150255495605,8.0,
sulfur,sparse_all,outlier,7000,0.2634239736678895,0.23273841457365815,0.2669094157921786,0.028,0.02666666666666667,rho,0.23582180512207382,0.23588990927342932,0.23581406946122946,2.0,
sulfur,sparse_all,outlier,7000,0.2634239736678895,0.23273841457365815,0.2669094157921786,0.028,0.02666666666666667,ws_default,0.26337555843636734,0.31488865627267043,0.25752440478458233,6.0,
sulfur,sparse_all,outlier,7000,0.2634239736678895,0.23273841457365815,0.2669094157921786,0.028,0.02666666666666667,ws_tuned,0.23726673727792993,0.25627248662504537,0.23510795505810167,6.0,
sulfur,sparse_all,outlier,7000,0.2634239736678895,0.23273841457365815,0.2669094157921786,0.028,0.02666666666666667,kcenter_a1,0.23917433120894604,0.22697270238635467,0.24056026232242528,18.0,
sulfur,sparse_all,outlier,7000,0.2634239736678895,0.23273841457365815,0.2669094157921786,0.028,0.02666666666666667,rho_a1,0.22560303163398326,0.23697292165637274,0.22431157419268738,5.0,
sulfur,sparse_all,outlier,7000,0.2634239736678895,0.23273841457365815,0.2669094157921786,0.028,0.02666666666666667,rho_landscape_a1,0.22358467038817595,0.22031128125425334,0.22395648073523622,2.0,
sulfur,sparse_all,outlier,7000,0.2634239736678895,0.23273841457365815,0.2669094157921786,0.028,0.02666666666666667,rho_filter_a1,0.23319152557682335,0.23838580637111598,0.232601529317338,6.0,
sulfur,sparse_all,outlier,7001,0.38930325802643606,0.25521675291295903,0.4050340770620953,0.024,0.0,all_data,0.26409135011103263,0.1782003751158269,0.2741679449428724,,
sulfur,sparse_all,outlier,7001,0.38930325802643606,0.25521675291295903,0.4050340770620953,0.024,0.0,random,0.295746015976998,0.1792227464466128,0.30941634368726667,,
sulfur,sparse_all,outlier,7001,0.38930325802643606,0.25521675291295903,0.4050340770620953,0.024,0.0,uniform,0.28744630804512433,0.193925647914161,0.29841800560238824,4.0,
sulfur,sparse_all,outlier,7001,0.38930325802643606,0.25521675291295903,0.4050340770620953,0.024,0.0,rho,0.2940300112690812,0.1895038438775763,0.30629285772283316,5.0,
sulfur,sparse_all,outlier,7001,0.38930325802643606,0.25521675291295903,0.4050340770620953,0.024,0.0,ws_default,0.29001473853936216,0.19418347480992598,0.3012575124964469,4.0,
sulfur,sparse_all,outlier,7001,0.38930325802643606,0.25521675291295903,0.4050340770620953,0.024,0.0,ws_tuned,0.28691097190614506,0.184156667186087,0.29896594620291167,2.0,
sulfur,sparse_all,outlier,7001,0.38930325802643606,0.25521675291295903,0.4050340770620953,0.024,0.0,kcenter_a1,0.2794485958969068,0.1908024867351751,0.2898484187594563,3.0,
sulfur,sparse_all,outlier,7001,0.38930325802643606,0.25521675291295903,0.4050340770620953,0.024,0.0,rho_a1,0.31235365463343623,0.1802772505281737,0.3278486517631038,1.0,
sulfur,sparse_all,outlier,7001,0.38930325802643606,0.25521675291295903,0.4050340770620953,0.024,0.0,rho_landscape_a1,0.3009877125986237,0.19886738899005962,0.3129683092230921,1.0,
sulfur,sparse_all,outlier,7001,0.38930325802643606,0.25521675291295903,0.4050340770620953,0.024,0.0,rho_filter_a1,0.29504929203813207,0.19015671827023764,0.3073551247148124,0.0,
sulfur,sparse_all,outlier,7002,0.4257714068218241,0.23404312653954673,0.4463668034855904,0.025333333333333333,0.008888888888888889,all_data,0.2900385804170445,0.23420660225403434,0.2960360354356625,,
sulfur,sparse_all,outlier,7002,0.4257714068218241,0.23404312653954673,0.4463668034855904,0.025333333333333333,0.008888888888888889,random,0.3210426965760625,0.2227013460429192,0.3316064961349937,,
sulfur,sparse_all,outlier,7002,0.4257714068218241,0.23404312653954673,0.4463668034855904,0.025333333333333333,0.008888888888888889,uniform,0.32057810226923716,0.22675307197228384,0.330656760008777,4.0,
sulfur,sparse_all,outlier,7002,0.4257714068218241,0.23404312653954673,0.4463668034855904,0.025333333333333333,0.008888888888888889,rho,0.3089883552270699,0.21371062854861578,0.3192230611936369,1.0,
sulfur,sparse_all,outlier,7002,0.4257714068218241,0.23404312653954673,0.4463668034855904,0.025333333333333333,0.008888888888888889,ws_default,0.3099734129470779,0.22458893894606596,0.31914538855958974,9.0,
sulfur,sparse_all,outlier,7002,0.4257714068218241,0.23404312653954673,0.4463668034855904,0.025333333333333333,0.008888888888888889,ws_tuned,0.3143098819949556,0.22791684780495042,0.3235901968525752,1.0,
sulfur,sparse_all,outlier,7002,0.4257714068218241,0.23404312653954673,0.4463668034855904,0.025333333333333333,0.008888888888888889,kcenter_a1,0.3047582649597681,0.21998400501584914,0.3138646915539654,4.0,
sulfur,sparse_all,outlier,7002,0.4257714068218241,0.23404312653954673,0.4463668034855904,0.025333333333333333,0.008888888888888889,rho_a1,0.31656709855162324,0.21554271397004054,0.3274191088555142,0.0,
sulfur,sparse_all,outlier,7002,0.4257714068218241,0.23404312653954673,0.4463668034855904,0.025333333333333333,0.008888888888888889,rho_landscape_a1,0.3106378152177013,0.22050364253059726,0.3203200020954966,0.0,
sulfur,sparse_all,outlier,7002,0.4257714068218241,0.23404312653954673,0.4463668034855904,0.025333333333333333,0.008888888888888889,rho_filter_a1,0.3093930697492788,0.2375868112544285,0.31710647736168246,2.0,
sulfur,sparse_all,outlier,7003,0.3629437375090132,0.20981403113109384,0.3804320883766865,0.020666666666666667,0.0,all_data,0.28014847790204567,0.21849577680289115,0.28718959418356477,,
sulfur,sparse_all,outlier,7003,0.3629437375090132,0.20981403113109384,0.3804320883766865,0.020666666666666667,0.0,random,0.3567889856285592,0.23070042930619836,0.37118907144810465,,
sulfur,sparse_all,outlier,7003,0.3629437375090132,0.20981403113109384,0.3804320883766865,0.020666666666666667,0.0,uniform,0.3088997386162714,0.22356575569061074,0.3186454024044388,2.0,
sulfur,sparse_all,outlier,7003,0.3629437375090132,0.20981403113109384,0.3804320883766865,0.020666666666666667,0.0,rho,0.303464563228301,0.21862013803384703,0.3131543165234894,3.0,
sulfur,sparse_all,outlier,7003,0.3629437375090132,0.20981403113109384,0.3804320883766865,0.020666666666666667,0.0,ws_default,0.3194529744325736,0.21928491542602135,0.3308927806143803,2.0,
sulfur,sparse_all,outlier,7003,0.3629437375090132,0.20981403113109384,0.3804320883766865,0.020666666666666667,0.0,ws_tuned,0.3054620284818061,0.2213611733101605,0.31506686152369323,0.0,
sulfur,sparse_all,outlier,7003,0.3629437375090132,0.20981403113109384,0.3804320883766865,0.020666666666666667,0.0,kcenter_a1,0.30191239835616945,0.22806118466165834,0.31034665953019436,3.0,
sulfur,sparse_all,outlier,7003,0.3629437375090132,0.20981403113109384,0.3804320883766865,0.020666666666666667,0.0,rho_a1,0.2932299396841621,0.21698081496281474,0.30193805699217113,0.0,
sulfur,sparse_all,outlier,7003,0.3629437375090132,0.20981403113109384,0.3804320883766865,0.020666666666666667,0.0,rho_landscape_a1,0.2903702310075465,0.22029444011359187,0.29837331576145226,0.0,
sulfur,sparse_all,outlier,7003,0.3629437375090132,0.20981403113109384,0.3804320883766865,0.020666666666666667,0.0,rho_filter_a1,0.29449926833494044,0.2278114781375197,0.3021154226471807,0.0,
sulfur,sparse_all,outlier,7004,0.28819466266146054,0.18865969532593985,0.2993463423490376,0.03,0.0,all_data,0.24539249295521728,0.19299370062612942,0.25126313885697493,,
sulfur,sparse_all,outlier,7004,0.28819466266146054,0.18865969532593985,0.2993463423490376,0.03,0.0,random,0.27369993740246057,0.19049822736095703,0.2830216747243194,,
sulfur,sparse_all,outlier,7004,0.28819466266146054,0.18865969532593985,0.2993463423490376,0.03,0.0,uniform,0.28000112919260883,0.21542989911965532,0.2872355483528536,6.0,
sulfur,sparse_all,outlier,7004,0.28819466266146054,0.18865969532593985,0.2993463423490376,0.03,0.0,rho,0.2607541793216984,0.1807896323231481,0.26971323198792463,3.0,
sulfur,sparse_all,outlier,7004,0.28819466266146054,0.18865969532593985,0.2993463423490376,0.03,0.0,ws_default,0.26936118616341104,0.20663375662122274,0.2763890299514294,6.0,
sulfur,sparse_all,outlier,7004,0.28819466266146054,0.18865969532593985,0.2993463423490376,0.03,0.0,ws_tuned,0.28024964681084874,0.17751996247010818,0.29175925559297783,0.0,
sulfur,sparse_all,outlier,7004,0.28819466266146054,0.18865969532593985,0.2993463423490376,0.03,0.0,kcenter_a1,0.2847768146829817,0.22866484148506727,0.2910634772347636,5.0,
sulfur,sparse_all,outlier,7004,0.28819466266146054,0.18865969532593985,0.2993463423490376,0.03,0.0,rho_a1,0.2919826795799183,0.1962200637639605,0.3027117132673887,3.0,
sulfur,sparse_all,outlier,7004,0.28819466266146054,0.18865969532593985,0.2993463423490376,0.03,0.0,rho_landscape_a1,0.2832418713588909,0.20121248077698797,0.29243226457671323,1.0,
sulfur,sparse_all,outlier,7004,0.28819466266146054,0.18865969532593985,0.2993463423490376,0.03,0.0,rho_filter_a1,0.2771105260229083,0.18625103236696638,0.28729022464491116,0.0,
sulfur,sparse_all,outlier,7005,0.2871679443597808,0.23888851511522943,0.29268175104230626,0.022,0.017777777777777778,all_data,0.2584344205405754,0.2355380536816401,0.26104932594786323,,
sulfur,sparse_all,outlier,7005,0.2871679443597808,0.23888851511522943,0.29268175104230626,0.022,0.017777777777777778,random,0.27610143286974226,0.2608967481987744,0.2778379010355074,,
sulfur,sparse_all,outlier,7005,0.2871679443597808,0.23888851511522943,0.29268175104230626,0.022,0.017777777777777778,uniform,0.2667973985649404,0.2434146969624595,0.26946784638026555,10.0,
sulfur,sparse_all,outlier,7005,0.2871679443597808,0.23888851511522943,0.29268175104230626,0.022,0.017777777777777778,rho,0.28713893615481423,0.29946542317156727,0.28573117579914054,3.0,
sulfur,sparse_all,outlier,7005,0.2871679443597808,0.23888851511522943,0.29268175104230626,0.022,0.017777777777777778,ws_default,0.27616633036925087,0.2677980902184756,0.27712203467616386,4.0,
sulfur,sparse_all,outlier,7005,0.2871679443597808,0.23888851511522943,0.29268175104230626,0.022,0.017777777777777778,ws_tuned,0.27423856378912936,0.29148446612760226,0.27226897605688044,4.0,
sulfur,sparse_all,outlier,7005,0.2871679443597808,0.23888851511522943,0.29268175104230626,0.022,0.017777777777777778,kcenter_a1,0.28008731239636414,0.2364007601027337,0.2850765843853303,16.0,
sulfur,sparse_all,outlier,7005,0.2871679443597808,0.23888851511522943,0.29268175104230626,0.022,0.017777777777777778,rho_a1,0.29637342489534635,0.3205736325206809,0.29360961288242515,0.0,
sulfur,sparse_all,outlier,7005,0.2871679443597808,0.23888851511522943,0.29268175104230626,0.022,0.017777777777777778,rho_landscape_a1,0.30256292097447274,0.3298530855323517,0.2994462169441858,1.0,
sulfur,sparse_all,outlier,7005,0.2871679443597808,0.23888851511522943,0.29268175104230626,0.022,0.017777777777777778,rho_filter_a1,0.2844213454971701,0.278326058920777,0.2851174645769252,3.0,
sulfur,sparse_all,outlier,7006,0.2780190928820721,0.21958577684445366,0.284856166163212,0.026,0.0,all_data,0.24968227435125448,0.20554769215508376,0.2548463039352242,,
sulfur,sparse_all,outlier,7006,0.2780190928820721,0.21958577684445366,0.284856166163212,0.026,0.0,random,0.2704638023998563,0.20773772101169677,0.27780315679852674,,
sulfur,sparse_all,outlier,7006,0.2780190928820721,0.21958577684445366,0.284856166163212,0.026,0.0,uniform,0.2738778891831788,0.21533409880879684,0.2807278886712732,4.0,
sulfur,sparse_all,outlier,7006,0.2780190928820721,0.21958577684445366,0.284856166163212,0.026,0.0,rho,0.2676999472867657,0.22715381279315605,0.2724441054417008,4.0,
sulfur,sparse_all,outlier,7006,0.2780190928820721,0.21958577684445366,0.284856166163212,0.026,0.0,ws_default,0.25872930931763344,0.2027604708276327,0.26527802289688796,5.0,
sulfur,sparse_all,outlier,7006,0.2780190928820721,0.21958577684445366,0.284856166163212,0.026,0.0,ws_tuned,0.2712532522889745,0.22998337705143632,0.2760820927593819,0.0,
sulfur,sparse_all,outlier,7006,0.2780190928820721,0.21958577684445366,0.284856166163212,0.026,0.0,kcenter_a1,0.2667792622321668,0.20322369977509705,0.2742156712434798,2.0,
sulfur,sparse_all,outlier,7006,0.2780190928820721,0.21958577684445366,0.284856166163212,0.026,0.0,rho_a1,0.27635846458322,0.21827964102456063,0.2831540599674921,3.0,
sulfur,sparse_all,outlier,7006,0.2780190928820721,0.21958577684445366,0.284856166163212,0.026,0.0,rho_landscape_a1,0.2797070080231243,0.2421455064799634,0.2841019449531954,1.0,
sulfur,sparse_all,outlier,7006,0.2780190928820721,0.21958577684445366,0.284856166163212,0.026,0.0,rho_filter_a1,0.27482354725051467,0.259494236898151,0.27661717501863536,0.0,
sulfur,sparse_all,outlier,7007,0.3133931484817338,0.2581211440101966,0.3197398780921778,0.028,0.0044444444444444444,all_data,0.2057957049034433,0.21786174618403062,0.20441019514658657,,
sulfur,sparse_all,outlier,7007,0.3133931484817338,0.2581211440101966,0.3197398780921778,0.028,0.0044444444444444444,random,0.24020915361481557,0.28117590858274505,0.23550505577568875,,
sulfur,sparse_all,outlier,7007,0.3133931484817338,0.2581211440101966,0.3197398780921778,0.028,0.0044444444444444444,uniform,0.24281097648454827,0.25098067544866776,0.24187287281308306,10.0,
sulfur,sparse_all,outlier,7007,0.3133931484817338,0.2581211440101966,0.3197398780921778,0.028,0.0044444444444444444,rho,0.23049560081167542,0.2550614100330918,0.2276747776792274,5.0,
sulfur,sparse_all,outlier,7007,0.3133931484817338,0.2581211440101966,0.3197398780921778,0.028,0.0044444444444444444,ws_default,0.24016019174477082,0.2817403121913068,0.23538566286406493,2.0,
sulfur,sparse_all,outlier,7007,0.3133931484817338,0.2581211440101966,0.3197398780921778,0.028,0.0044444444444444444,ws_tuned,0.2328591849679094,0.26050852817370945,0.22968428825642956,6.0,
sulfur,sparse_all,outlier,7007,0.3133931484817338,0.2581211440101966,0.3197398780921778,0.028,0.0044444444444444444,kcenter_a1,0.23783859624867335,0.22977567197549095,0.23876443928115695,10.0,
sulfur,sparse_all,outlier,7007,0.3133931484817338,0.2581211440101966,0.3197398780921778,0.028,0.0044444444444444444,rho_a1,0.2395239449868107,0.2626408689783415,0.23686949329101617,2.0,
sulfur,sparse_all,outlier,7007,0.3133931484817338,0.2581211440101966,0.3197398780921778,0.028,0.0044444444444444444,rho_landscape_a1,0.23148319814395793,0.26953153109501093,0.22711421453865305,3.0,
sulfur,sparse_all,outlier,7007,0.3133931484817338,0.2581211440101966,0.3197398780921778,0.028,0.0044444444444444444,rho_filter_a1,0.23002347390534522,0.24678931519999095,0.22809829926393105,1.0,
sulfur,sparse_all,outlier,7008,0.326745744369916,0.1722366623002718,0.34482429935097736,0.027333333333333334,0.022222222222222223,all_data,0.28115429308537915,0.1999168372489617,0.2906595971891097,,
sulfur,sparse_all,outlier,7008,0.326745744369916,0.1722366623002718,0.34482429935097736,0.027333333333333334,0.022222222222222223,random,0.2925241201016028,0.18807553695630808,0.3047452751805971,,
sulfur,sparse_all,outlier,7008,0.326745744369916,0.1722366623002718,0.34482429935097736,0.027333333333333334,0.022222222222222223,uniform,0.32031680271141005,0.24429948370127547,0.32921131727863884,6.0,
sulfur,sparse_all,outlier,7008,0.326745744369916,0.1722366623002718,0.34482429935097736,0.027333333333333334,0.022222222222222223,rho,0.28846837183260243,0.20555460299414507,0.2981698153241728,8.0,
sulfur,sparse_all,outlier,7008,0.326745744369916,0.1722366623002718,0.34482429935097736,0.027333333333333334,0.022222222222222223,ws_default,0.280817536879506,0.16450960387242625,0.29442631206240644,3.0,
sulfur,sparse_all,outlier,7008,0.326745744369916,0.1722366623002718,0.34482429935097736,0.027333333333333334,0.022222222222222223,ws_tuned,0.3309733145237625,0.2144205239893489,0.34461073961002875,7.0,
sulfur,sparse_all,outlier,7008,0.326745744369916,0.1722366623002718,0.34482429935097736,0.027333333333333334,0.022222222222222223,kcenter_a1,0.34502396623894366,0.2545999682946108,0.35560415477250285,3.0,
sulfur,sparse_all,outlier,7008,0.326745744369916,0.1722366623002718,0.34482429935097736,0.027333333333333334,0.022222222222222223,rho_a1,0.29994399199849464,0.18021409412256656,0.3139531590496015,4.0,
sulfur,sparse_all,outlier,7008,0.326745744369916,0.1722366623002718,0.34482429935097736,0.027333333333333334,0.022222222222222223,rho_landscape_a1,0.3261165041332959,0.23105692552432505,0.33723908537796465,5.0,
sulfur,sparse_all,outlier,7008,0.326745744369916,0.1722366623002718,0.34482429935097736,0.027333333333333334,0.022222222222222223,rho_filter_a1,0.312362832906885,0.19354489082706633,0.32626529527254927,4.0,
sulfur,sparse_all,outlier,7009,0.2927917792934282,0.21960903710241433,0.3013774641314801,0.034,0.0044444444444444444,all_data,0.22739120234961255,0.2007187861884464,0.23052036849142535,,
sulfur,sparse_all,outlier,7009,0.2927917792934282,0.21960903710241433,0.3013774641314801,0.034,0.0044444444444444444,random,0.26488379685893876,0.24031976972294683,0.26776561009835687,,
sulfur,sparse_all,outlier,7009,0.2927917792934282,0.21960903710241433,0.3013774641314801,0.034,0.0044444444444444444,uniform,0.25258927123500635,0.2130894022808908,0.2572233340731987,14.0,
sulfur,sparse_all,outlier,7009,0.2927917792934282,0.21960903710241433,0.3013774641314801,0.034,0.0044444444444444444,rho,0.2503113078795611,0.22176069011894053,0.2536608216950529,12.0,
sulfur,sparse_all,outlier,7009,0.2927917792934282,0.21960903710241433,0.3013774641314801,0.034,0.0044444444444444444,ws_default,0.2633301184659939,0.2210054520175816,0.2682955821275395,6.0,
sulfur,sparse_all,outlier,7009,0.2927917792934282,0.21960903710241433,0.3013774641314801,0.034,0.0044444444444444444,ws_tuned,0.2625207179445395,0.2581384724292619,0.2630348361334827,3.0,
sulfur,sparse_all,outlier,7009,0.2927917792934282,0.21960903710241433,0.3013774641314801,0.034,0.0044444444444444444,kcenter_a1,0.2530333663756551,0.20958359698923903,0.2581308253539497,27.0,
sulfur,sparse_all,outlier,7009,0.2927917792934282,0.21960903710241433,0.3013774641314801,0.034,0.0044444444444444444,rho_a1,0.2753377813161986,0.23319323531110495,0.2802821135290868,4.0,
sulfur,sparse_all,outlier,7009,0.2927917792934282,0.21960903710241433,0.3013774641314801,0.034,0.0044444444444444444,rho_landscape_a1,0.27740066145546727,0.24644259713585534,0.2810326131354217,0.0,
sulfur,sparse_all,outlier,7009,0.2927917792934282,0.21960903710241433,0.3013774641314801,0.034,0.0044444444444444444,rho_filter_a1,0.261344304704979,0.23788974781734498,0.26409595663034385,1.0,
sulfur,hard,clean,7000,0.27043369918948607,0.3299146106997267,0.26367751547674156,0.108,0.17333333333333334,all_data,0.21002765702968096,0.28702086091432755,0.20128232652162534,,
sulfur,hard,clean,7000,0.27043369918948607,0.3299146106997267,0.26367751547674156,0.108,0.17333333333333334,random,0.21903126576172505,0.2967159815651289,0.21020738935643862,,
sulfur,hard,clean,7000,0.27043369918948607,0.3299146106997267,0.26367751547674156,0.108,0.17333333333333334,uniform,0.22598981528961587,0.30798455719864015,0.21667638135340153,16.0,
sulfur,hard,clean,7000,0.27043369918948607,0.3299146106997267,0.26367751547674156,0.108,0.17333333333333334,rho,0.22364772060786123,0.3033763418297933,0.21459168568064846,22.0,
sulfur,hard,clean,7000,0.27043369918948607,0.3299146106997267,0.26367751547674156,0.108,0.17333333333333334,ws_default,0.22218071970772177,0.29169277068942534,0.21428514153385345,20.0,
sulfur,hard,clean,7000,0.27043369918948607,0.3299146106997267,0.26367751547674156,0.108,0.17333333333333334,ws_tuned,0.23098250303884868,0.298418743876525,0.22332270730895676,38.0,
sulfur,hard,clean,7000,0.27043369918948607,0.3299146106997267,0.26367751547674156,0.108,0.17333333333333334,kcenter_a1,0.22534106656568895,0.2922003369444286,0.21774680645585434,18.0,
sulfur,hard,clean,7000,0.27043369918948607,0.3299146106997267,0.26367751547674156,0.108,0.17333333333333334,rho_a1,0.2238217197277699,0.3132956582803969,0.21365875566054499,24.0,
sulfur,hard,clean,7000,0.27043369918948607,0.3299146106997267,0.26367751547674156,0.108,0.17333333333333334,rho_landscape_a1,0.22273185486170338,0.31128662872826335,0.21267329480113645,24.0,
sulfur,hard,clean,7000,0.27043369918948607,0.3299146106997267,0.26367751547674156,0.108,0.17333333333333334,rho_filter_a1,0.21683517921175274,0.3023560939379064,0.20712122230521857,36.0,
sulfur,hard,clean,7001,0.3172919113532548,0.38691058743676815,0.30912435717585945,0.094,0.3111111111111111,all_data,0.2647683910005277,0.3482101513768834,0.25497913419659773,,
sulfur,hard,clean,7001,0.3172919113532548,0.38691058743676815,0.30912435717585945,0.094,0.3111111111111111,random,0.2842341946379502,0.36872731781058576,0.2743215935953505,,
sulfur,hard,clean,7001,0.3172919113532548,0.38691058743676815,0.30912435717585945,0.094,0.3111111111111111,uniform,0.28597519077633266,0.3794059105114956,0.2750140448856152,9.0,
sulfur,hard,clean,7001,0.3172919113532548,0.38691058743676815,0.30912435717585945,0.094,0.3111111111111111,rho,0.283594046917788,0.3831607235998165,0.27191304015620926,15.0,
sulfur,hard,clean,7001,0.3172919113532548,0.38691058743676815,0.30912435717585945,0.094,0.3111111111111111,ws_default,0.28212251237842045,0.3752755863298746,0.27119393945674153,30.0,
sulfur,hard,clean,7001,0.3172919113532548,0.38691058743676815,0.30912435717585945,0.094,0.3111111111111111,ws_tuned,0.27815933415242794,0.35675514080171933,0.26893859705949436,46.0,
sulfur,hard,clean,7001,0.3172919113532548,0.38691058743676815,0.30912435717585945,0.094,0.3111111111111111,kcenter_a1,0.2805729032472309,0.3796012789233714,0.2689550491176278,2.0,
sulfur,hard,clean,7001,0.3172919113532548,0.38691058743676815,0.30912435717585945,0.094,0.3111111111111111,rho_a1,0.28390473294283225,0.37627029921909,0.27306854918975176,15.0,
sulfur,hard,clean,7001,0.3172919113532548,0.38691058743676815,0.30912435717585945,0.094,0.3111111111111111,rho_landscape_a1,0.2819329855980228,0.37643678818764803,0.27084594730538525,29.0,
sulfur,hard,clean,7001,0.3172919113532548,0.38691058743676815,0.30912435717585945,0.094,0.3111111111111111,rho_filter_a1,0.2850402457235857,0.3526148941553963,0.2771124936729264,69.0,
sulfur,hard,clean,7002,0.3533162353219501,0.4039799026239477,0.3478739587679148,0.10866666666666666,0.26222222222222225,all_data,0.2933592863099425,0.3672843359507686,0.2854182787626998,,
sulfur,hard,clean,7002,0.3533162353219501,0.4039799026239477,0.3478739587679148,0.10866666666666666,0.26222222222222225,random,0.31812897987105826,0.39113883571089625,0.3102862821784068,,
sulfur,hard,clean,7002,0.3533162353219501,0.4039799026239477,0.3478739587679148,0.10866666666666666,0.26222222222222225,uniform,0.31682755740002094,0.40431163772325507,0.3074300426809139,13.0,
sulfur,hard,clean,7002,0.3533162353219501,0.4039799026239477,0.3478739587679148,0.10866666666666666,0.26222222222222225,rho,0.316296388207731,0.3948072507082045,0.3078627739634941,10.0,
sulfur,hard,clean,7002,0.3533162353219501,0.4039799026239477,0.3478739587679148,0.10866666666666666,0.26222222222222225,ws_default,0.30547970669984953,0.36879360046404913,0.2986785464616133,23.0,
sulfur,hard,clean,7002,0.3533162353219501,0.4039799026239477,0.3478739587679148,0.10866666666666666,0.26222222222222225,ws_tuned,0.3095219848391889,0.37172795708802425,0.30283983721113017,42.0,
sulfur,hard,clean,7002,0.3533162353219501,0.4039799026239477,0.3478739587679148,0.10866666666666666,0.26222222222222225,kcenter_a1,0.3133831587730766,0.4066581037221282,0.3033635910432228,7.0,
sulfur,hard,clean,7002,0.3533162353219501,0.4039799026239477,0.3478739587679148,0.10866666666666666,0.26222222222222225,rho_a1,0.33511744787100456,0.4244013354046417,0.3255265983795729,4.0,
sulfur,hard,clean,7002,0.3533162353219501,0.4039799026239477,0.3478739587679148,0.10866666666666666,0.26222222222222225,rho_landscape_a1,0.3316200332865451,0.41459385709836966,0.32270700902325944,5.0,
sulfur,hard,clean,7002,0.3533162353219501,0.4039799026239477,0.3478739587679148,0.10866666666666666,0.26222222222222225,rho_filter_a1,0.3289147238275623,0.3903724076396525,0.3223129571279248,58.0,
sulfur,hard,clean,7003,0.32613119829243076,0.36383415778980305,0.32182528926905407,0.098,0.24888888888888888,all_data,0.27180495734034027,0.3488470258139956,0.26300628099655227,,
sulfur,hard,clean,7003,0.32613119829243076,0.36383415778980305,0.32182528926905407,0.098,0.24888888888888888,random,0.3053667195578025,0.35833238295504266,0.2993177162171706,,
sulfur,hard,clean,7003,0.32613119829243076,0.36383415778980305,0.32182528926905407,0.098,0.24888888888888888,uniform,0.2959070100083802,0.3594123186138777,0.2886543145966103,11.0,
sulfur,hard,clean,7003,0.32613119829243076,0.36383415778980305,0.32182528926905407,0.098,0.24888888888888888,rho,0.2960688262086675,0.36047989799053975,0.2887126870915177,15.0,
sulfur,hard,clean,7003,0.32613119829243076,0.36383415778980305,0.32182528926905407,0.098,0.24888888888888888,ws_default,0.3060914072075851,0.3480762931836656,0.3012964759401219,18.0,
sulfur,hard,clean,7003,0.32613119829243076,0.36383415778980305,0.32182528926905407,0.098,0.24888888888888888,ws_tuned,0.2936944138742224,0.355899101061691,0.28659025739877336,44.0,
sulfur,hard,clean,7003,0.32613119829243076,0.36383415778980305,0.32182528926905407,0.098,0.24888888888888888,kcenter_a1,0.28842680654854985,0.35820445621307795,0.28045777135009403,6.0,
sulfur,hard,clean,7003,0.32613119829243076,0.36383415778980305,0.32182528926905407,0.098,0.24888888888888888,rho_a1,0.2927140952450902,0.3679487207457343,0.2841218399650723,10.0,
sulfur,hard,clean,7003,0.32613119829243076,0.36383415778980305,0.32182528926905407,0.098,0.24888888888888888,rho_landscape_a1,0.29658101881511484,0.38692504437113845,0.28626317745634894,24.0,
sulfur,hard,clean,7003,0.32613119829243076,0.36383415778980305,0.32182528926905407,0.098,0.24888888888888888,rho_filter_a1,0.28857904402014645,0.35535066016546285,0.2809533162709599,56.0,
sulfur,hard,clean,7004,0.3268217475279057,0.38856992403486307,0.3199036171046908,0.09666666666666666,0.2088888888888889,all_data,0.26522180760179936,0.33692917434411906,0.25718787132235676,,
sulfur,hard,clean,7004,0.3268217475279057,0.38856992403486307,0.3199036171046908,0.09666666666666666,0.2088888888888889,random,0.268743865023485,0.35342589700246935,0.25925627567471365,,
sulfur,hard,clean,7004,0.3268217475279057,0.38856992403486307,0.3199036171046908,0.09666666666666666,0.2088888888888889,uniform,0.2870725687746451,0.4132582689157246,0.2729349993676795,14.0,
sulfur,hard,clean,7004,0.3268217475279057,0.38856992403486307,0.3199036171046908,0.09666666666666666,0.2088888888888889,rho,0.26364628147259467,0.3653102593647805,0.25225607210630313,17.0,
sulfur,hard,clean,7004,0.3268217475279057,0.38856992403486307,0.3199036171046908,0.09666666666666666,0.2088888888888889,ws_default,0.2754843010303863,0.3572416832746048,0.26632438303082556,25.0,
sulfur,hard,clean,7004,0.3268217475279057,0.38856992403486307,0.3199036171046908,0.09666666666666666,0.2088888888888889,ws_tuned,0.2859634786956583,0.38537354032027826,0.27482579317029776,36.0,
sulfur,hard,clean,7004,0.3268217475279057,0.38856992403486307,0.3199036171046908,0.09666666666666666,0.2088888888888889,kcenter_a1,0.2745587622473341,0.3815638170125804,0.2625701503289593,8.0,
sulfur,hard,clean,7004,0.3268217475279057,0.38856992403486307,0.3199036171046908,0.09666666666666666,0.2088888888888889,rho_a1,0.2609687278780232,0.379220492313325,0.2477200592465451,4.0,
sulfur,hard,clean,7004,0.3268217475279057,0.38856992403486307,0.3199036171046908,0.09666666666666666,0.2088888888888889,rho_landscape_a1,0.2631423823635648,0.3852210004181732,0.24946496143612326,14.0,
sulfur,hard,clean,7004,0.3268217475279057,0.38856992403486307,0.3199036171046908,0.09666666666666666,0.2088888888888889,rho_filter_a1,0.28428256437394733,0.38365145324695266,0.2731494917534799,47.0,
sulfur,hard,clean,7005,0.273175721685647,0.35318952895533706,0.2640376545601393,0.09066666666666667,0.26222222222222225,all_data,0.23879032111704215,0.2811699226619387,0.23395031091275031,,
sulfur,hard,clean,7005,0.273175721685647,0.35318952895533706,0.2640376545601393,0.09066666666666667,0.26222222222222225,random,0.25447161353045367,0.3083167363207477,0.24832217053769026,,
sulfur,hard,clean,7005,0.273175721685647,0.35318952895533706,0.2640376545601393,0.09066666666666667,0.26222222222222225,uniform,0.2629381438410378,0.3167586465416423,0.2567915126133922,17.0,
sulfur,hard,clean,7005,0.273175721685647,0.35318952895533706,0.2640376545601393,0.09066666666666667,0.26222222222222225,rho,0.2698888093317207,0.3066751282794808,0.26568758627640554,29.0,
sulfur,hard,clean,7005,0.273175721685647,0.35318952895533706,0.2640376545601393,0.09066666666666667,0.26222222222222225,ws_default,0.2506063514404551,0.28642508534413846,0.24651563252666397,17.0,
sulfur,hard,clean,7005,0.273175721685647,0.35318952895533706,0.2640376545601393,0.09066666666666667,0.26222222222222225,ws_tuned,0.2465364057390244,0.2803417721356918,0.24267562573271975,39.0,
sulfur,hard,clean,7005,0.273175721685647,0.35318952895533706,0.2640376545601393,0.09066666666666667,0.26222222222222225,kcenter_a1,0.24535148173534743,0.30002341389046355,0.23910761204632305,23.0,
sulfur,hard,clean,7005,0.273175721685647,0.35318952895533706,0.2640376545601393,0.09066666666666667,0.26222222222222225,rho_a1,0.2691415258976474,0.30156594390654623,0.26543845865986226,37.0,
sulfur,hard,clean,7005,0.273175721685647,0.35318952895533706,0.2640376545601393,0.09066666666666667,0.26222222222222225,rho_landscape_a1,0.26813401640975093,0.2903203383875239,0.26560020247914173,45.0,
sulfur,hard,clean,7005,0.273175721685647,0.35318952895533706,0.2640376545601393,0.09066666666666667,0.26222222222222225,rho_filter_a1,0.257039127655153,0.2884557238392482,0.25345115984582745,53.0,
sulfur,hard,clean,7006,0.3981926338067592,0.4221283526864413,0.395392000963814,0.09,0.1511111111111111,all_data,0.25515620457127985,0.3701279207320415,0.24170377534163473,,
sulfur,hard,clean,7006,0.3981926338067592,0.4221283526864413,0.395392000963814,0.09,0.1511111111111111,random,0.28325107785353154,0.3928253012836799,0.270430189940314,,
sulfur,hard,clean,7006,0.3981926338067592,0.4221283526864413,0.395392000963814,0.09,0.1511111111111111,uniform,0.28432967363034195,0.39011542200097854,0.2719520616316553,8.0,
sulfur,hard,clean,7006,0.3981926338067592,0.4221283526864413,0.395392000963814,0.09,0.1511111111111111,rho,0.2772584457811162,0.39441264981324803,0.2635506514528661,16.0,
sulfur,hard,clean,7006,0.3981926338067592,0.4221283526864413,0.395392000963814,0.09,0.1511111111111111,ws_default,0.2880783406751548,0.3915323791067106,0.2759735537154167,23.0,
sulfur,hard,clean,7006,0.3981926338067592,0.4221283526864413,0.395392000963814,0.09,0.1511111111111111,ws_tuned,0.29453261750643184,0.3895211350468666,0.2834183508631919,27.0,
sulfur,hard,clean,7006,0.3981926338067592,0.4221283526864413,0.395392000963814,0.09,0.1511111111111111,kcenter_a1,0.2805470177628757,0.39586022240283947,0.26705463218785624,2.0,
sulfur,hard,clean,7006,0.3981926338067592,0.4221283526864413,0.395392000963814,0.09,0.1511111111111111,rho_a1,0.290963275684368,0.3969836088822654,0.27855821575420353,0.0,
sulfur,hard,clean,7006,0.3981926338067592,0.4221283526864413,0.395392000963814,0.09,0.1511111111111111,rho_landscape_a1,0.2995242918979174,0.40943662111890494,0.2866638434355902,10.0,
sulfur,hard,clean,7006,0.3981926338067592,0.4221283526864413,0.395392000963814,0.09,0.1511111111111111,rho_filter_a1,0.29436892144619103,0.3925624159272066,0.28287965191601927,29.0,
sulfur,hard,clean,7007,0.2760563182079382,0.34757898231271467,0.26784357082466953,0.096,0.23555555555555555,all_data,0.20477841989072845,0.30746684208053093,0.1929869957150878,,
sulfur,hard,clean,7007,0.2760563182079382,0.34757898231271467,0.26784357082466953,0.096,0.23555555555555555,random,0.22733738282348667,0.33702615004536957,0.21474212861629166,,
sulfur,hard,clean,7007,0.2760563182079382,0.34757898231271467,0.26784357082466953,0.096,0.23555555555555555,uniform,0.2325017405128358,0.3426311161171937,0.21985589247799872,14.0,
sulfur,hard,clean,7007,0.2760563182079382,0.34757898231271467,0.26784357082466953,0.096,0.23555555555555555,rho,0.24036713219722913,0.34349360770685256,0.22852540758464138,19.0,
sulfur,hard,clean,7007,0.2760563182079382,0.34757898231271467,0.26784357082466953,0.096,0.23555555555555555,ws_default,0.22070244786855597,0.3252277571915246,0.20870009908342133,23.0,
sulfur,hard,clean,7007,0.2760563182079382,0.34757898231271467,0.26784357082466953,0.096,0.23555555555555555,ws_tuned,0.23032901493660132,0.3244394216016196,0.21952258028052893,44.0,
sulfur,hard,clean,7007,0.2760563182079382,0.34757898231271467,0.26784357082466953,0.096,0.23555555555555555,kcenter_a1,0.22129859088970005,0.31926794991976776,0.21004904353173237,17.0,
sulfur,hard,clean,7007,0.2760563182079382,0.34757898231271467,0.26784357082466953,0.096,0.23555555555555555,rho_a1,0.23087558098186395,0.3496810833428979,0.2172334775892369,16.0,
sulfur,hard,clean,7007,0.2760563182079382,0.34757898231271467,0.26784357082466953,0.096,0.23555555555555555,rho_landscape_a1,0.22604818125326392,0.3365210169624763,0.21336289465566205,25.0,
sulfur,hard,clean,7007,0.2760563182079382,0.34757898231271467,0.26784357082466953,0.096,0.23555555555555555,rho_filter_a1,0.22866884133611298,0.32563302290708757,0.21753471569306906,49.0,
sulfur,hard,clean,7008,0.3067436555827008,0.33181990643875675,0.30380957317312596,0.098,0.3377777777777778,all_data,0.2727240428048636,0.2891986735026134,0.27079640520018416,,
sulfur,hard,clean,7008,0.3067436555827008,0.33181990643875675,0.30380957317312596,0.098,0.3377777777777778,random,0.29119009393933765,0.31816721019954175,0.28803359806862405,,
sulfur,hard,clean,7008,0.3067436555827008,0.33181990643875675,0.30380957317312596,0.098,0.3377777777777778,uniform,0.3041865848565957,0.3265691872077451,0.30156767662282546,10.0,
sulfur,hard,clean,7008,0.3067436555827008,0.33181990643875675,0.30380957317312596,0.098,0.3377777777777778,rho,0.27902390815903344,0.32155918663480926,0.274047007382337,12.0,
sulfur,hard,clean,7008,0.3067436555827008,0.33181990643875675,0.30380957317312596,0.098,0.3377777777777778,ws_default,0.27713439349933217,0.3049276336929016,0.2738824058866247,30.0,
sulfur,hard,clean,7008,0.3067436555827008,0.33181990643875675,0.30380957317312596,0.098,0.3377777777777778,ws_tuned,0.2814547781106742,0.3166443033261833,0.27733737764563704,46.0,
sulfur,hard,clean,7008,0.3067436555827008,0.33181990643875675,0.30380957317312596,0.098,0.3377777777777778,kcenter_a1,0.3073045012140308,0.33731628316884743,0.3037929299660362,4.0,
sulfur,hard,clean,7008,0.3067436555827008,0.33181990643875675,0.30380957317312596,0.098,0.3377777777777778,rho_a1,0.3164512799974455,0.33810393016729307,0.31391778085721483,11.0,
sulfur,hard,clean,7008,0.3067436555827008,0.33181990643875675,0.30380957317312596,0.098,0.3377777777777778,rho_landscape_a1,0.31809835729949315,0.34165203829019747,0.3153424253433063,25.0,
sulfur,hard,clean,7008,0.3067436555827008,0.33181990643875675,0.30380957317312596,0.098,0.3377777777777778,rho_filter_a1,0.30455414462344843,0.330504710095871,0.30151776178822215,76.0,
sulfur,hard,clean,7009,0.3489835903922722,0.35157762167960943,0.3486792626993444,0.10733333333333334,0.14666666666666667,all_data,0.22913582612273065,0.2805863236047192,0.22309973423936888,,
sulfur,hard,clean,7009,0.3489835903922722,0.35157762167960943,0.3486792626993444,0.10733333333333334,0.14666666666666667,random,0.2514075295710073,0.3026491413508373,0.2453959438314742,,
sulfur,hard,clean,7009,0.3489835903922722,0.35157762167960943,0.3486792626993444,0.10733333333333334,0.14666666666666667,uniform,0.25011902113305345,0.2954861033566485,0.24479662601184957,21.0,
sulfur,hard,clean,7009,0.3489835903922722,0.35157762167960943,0.3486792626993444,0.10733333333333334,0.14666666666666667,rho,0.2586297272137681,0.30535171601057154,0.2531483765728023,20.0,
sulfur,hard,clean,7009,0.3489835903922722,0.35157762167960943,0.3486792626993444,0.10733333333333334,0.14666666666666667,ws_default,0.2562344494978258,0.30954004712215993,0.2499807201675967,23.0,
sulfur,hard,clean,7009,0.3489835903922722,0.35157762167960943,0.3486792626993444,0.10733333333333334,0.14666666666666667,ws_tuned,0.25411511537244663,0.29841299836780216,0.24891815703220938,35.0,
sulfur,hard,clean,7009,0.3489835903922722,0.35157762167960943,0.3486792626993444,0.10733333333333334,0.14666666666666667,kcenter_a1,0.26122359316057614,0.3116943869952393,0.2553024385766212,35.0,
sulfur,hard,clean,7009,0.3489835903922722,0.35157762167960943,0.3486792626993444,0.10733333333333334,0.14666666666666667,rho_a1,0.2633426942132825,0.35301455432482126,0.2528225318538282,15.0,
sulfur,hard,clean,7009,0.3489835903922722,0.35157762167960943,0.3486792626993444,0.10733333333333334,0.14666666666666667,rho_landscape_a1,0.2677615055368853,0.34275717138566913,0.25896313133116217,18.0,
sulfur,hard,clean,7009,0.3489835903922722,0.35157762167960943,0.3486792626993444,0.10733333333333334,0.14666666666666667,rho_filter_a1,0.25593568687322843,0.33231656040370666,0.2469748022690941,26.0,
sulfur,hard,outlier,7000,0.2715194287660606,0.3438771823490758,0.2633006193390366,0.10133333333333333,0.10666666666666667,all_data,0.23353711396194352,0.2868605978680596,0.22748032625768533,,
sulfur,hard,outlier,7000,0.2715194287660606,0.3438771823490758,0.2633006193390366,0.10133333333333333,0.10666666666666667,random,0.23471833702732461,0.30610377907433034,0.2266099683315622,,
sulfur,hard,outlier,7000,0.2715194287660606,0.3438771823490758,0.2633006193390366,0.10133333333333333,0.10666666666666667,uniform,0.2578018250549655,0.29564764943014893,0.253503078856448,17.0,
sulfur,hard,outlier,7000,0.2715194287660606,0.3438771823490758,0.2633006193390366,0.10133333333333333,0.10666666666666667,rho,0.23479214747909158,0.30772359061127286,0.22650817509659438,19.0,
sulfur,hard,outlier,7000,0.2715194287660606,0.3438771823490758,0.2633006193390366,0.10133333333333333,0.10666666666666667,ws_default,0.24683882241948366,0.3107639878792814,0.23957783480600997,25.0,
sulfur,hard,outlier,7000,0.2715194287660606,0.3438771823490758,0.2633006193390366,0.10133333333333333,0.10666666666666667,ws_tuned,0.25327516723613697,0.3105851581336595,0.24676556916091724,31.0,
sulfur,hard,outlier,7000,0.2715194287660606,0.3438771823490758,0.2633006193390366,0.10133333333333333,0.10666666666666667,kcenter_a1,0.2512939979054925,0.30567867664645143,0.2451166735941586,24.0,
sulfur,hard,outlier,7000,0.2715194287660606,0.3438771823490758,0.2633006193390366,0.10133333333333333,0.10666666666666667,rho_a1,0.26168607433065494,0.3418505577313981,0.25258053167266403,17.0,
sulfur,hard,outlier,7000,0.2715194287660606,0.3438771823490758,0.2633006193390366,0.10133333333333333,0.10666666666666667,rho_landscape_a1,0.27457591369644446,0.32404430658204925,0.2689570093820439,18.0,
sulfur,hard,outlier,7000,0.2715194287660606,0.3438771823490758,0.2633006193390366,0.10133333333333333,0.10666666666666667,rho_filter_a1,0.23654116479958115,0.3008887322334208,0.2292321983427308,22.0,
sulfur,hard,outlier,7001,0.3558063248448683,0.38354074317042763,0.3525525662703613,0.096,0.22666666666666666,all_data,0.28399828529448273,0.36268578112250754,0.27476679137052457,,
sulfur,hard,outlier,7001,0.3558063248448683,0.38354074317042763,0.3525525662703613,0.096,0.22666666666666666,random,0.3139369452750239,0.38513190570540845,0.30558446388374977,,
sulfur,hard,outlier,7001,0.3558063248448683,0.38354074317042763,0.3525525662703613,0.096,0.22666666666666666,uniform,0.3198100955852553,0.4137024151286274,0.30879479552709427,12.0,
sulfur,hard,outlier,7001,0.3558063248448683,0.38354074317042763,0.3525525662703613,0.096,0.22666666666666666,rho,0.3185015689236126,0.4173046299683856,0.3069101483541142,16.0,
sulfur,hard,outlier,7001,0.3558063248448683,0.38354074317042763,0.3525525662703613,0.096,0.22666666666666666,ws_default,0.31816566053489087,0.3920814609668354,0.3094939744506963,30.0,
sulfur,hard,outlier,7001,0.3558063248448683,0.38354074317042763,0.3525525662703613,0.096,0.22666666666666666,ws_tuned,0.31010277057316055,0.37758809065634963,0.30218549838463,32.0,
sulfur,hard,outlier,7001,0.3558063248448683,0.38354074317042763,0.3525525662703613,0.096,0.22666666666666666,kcenter_a1,0.3128153904733441,0.38123670763150314,0.30478830857210754,0.0,
sulfur,hard,outlier,7001,0.3558063248448683,0.38354074317042763,0.3525525662703613,0.096,0.22666666666666666,rho_a1,0.31749081392934825,0.3860032825922742,0.3094530382761557,15.0,
sulfur,hard,outlier,7001,0.3558063248448683,0.38354074317042763,0.3525525662703613,0.096,0.22666666666666666,rho_landscape_a1,0.31561476746693223,0.4442717809129604,0.3005209279006384,32.0,
sulfur,hard,outlier,7001,0.3558063248448683,0.38354074317042763,0.3525525662703613,0.096,0.22666666666666666,rho_filter_a1,0.319450709706104,0.39126136467417316,0.31102599599476627,51.0,
sulfur,hard,outlier,7002,0.38865672646123095,0.39700685585176226,0.3877597579663455,0.104,0.1111111111111111,all_data,0.3167311489955453,0.3802917857607356,0.30990348369518705,,
sulfur,hard,outlier,7002,0.38865672646123095,0.39700685585176226,0.3877597579663455,0.104,0.1111111111111111,random,0.3632287883392653,0.4152401051136584,0.3576417476669329,,
sulfur,hard,outlier,7002,0.38865672646123095,0.39700685585176226,0.3877597579663455,0.104,0.1111111111111111,uniform,0.3405304776029364,0.39341873071251277,0.33484923668197414,13.0,
sulfur,hard,outlier,7002,0.38865672646123095,0.39700685585176226,0.3877597579663455,0.104,0.1111111111111111,rho,0.33685011672042214,0.3999780679992619,0.330068930370425,19.0,
sulfur,hard,outlier,7002,0.38865672646123095,0.39700685585176226,0.3877597579663455,0.104,0.1111111111111111,ws_default,0.3507589296080742,0.4116704002412351,0.3442158369708465,24.0,
sulfur,hard,outlier,7002,0.38865672646123095,0.39700685585176226,0.3877597579663455,0.104,0.1111111111111111,ws_tuned,0.3395253516183746,0.407966936763461,0.33217337624841514,31.0,
sulfur,hard,outlier,7002,0.38865672646123095,0.39700685585176226,0.3877597579663455,0.104,0.1111111111111111,kcenter_a1,0.34014869252477775,0.3969126652698319,0.334051122916505,5.0,
sulfur,hard,outlier,7002,0.38865672646123095,0.39700685585176226,0.3877597579663455,0.104,0.1111111111111111,rho_a1,0.34867351310126093,0.40820783119685106,0.34227835379309673,0.0,
sulfur,hard,outlier,7002,0.38865672646123095,0.39700685585176226,0.3877597579663455,0.104,0.1111111111111111,rho_landscape_a1,0.34427223715902233,0.40443613943154083,0.33780944809984814,2.0,
sulfur,hard,outlier,7002,0.38865672646123095,0.39700685585176226,0.3877597579663455,0.104,0.1111111111111111,rho_filter_a1,0.3433288042383759,0.4117999628371595,0.3359736520965354,20.0,
sulfur,hard,outlier,7003,0.3289051636807661,0.38472389514153094,0.32253032248329716,0.094,0.17333333333333334,all_data,0.31129452600219837,0.36095143540973756,0.30562340264367716,,
sulfur,hard,outlier,7003,0.3289051636807661,0.38472389514153094,0.32253032248329716,0.094,0.17333333333333334,random,0.32277254842150616,0.37572964169708856,0.31672452384128646,,
sulfur,hard,outlier,7003,0.3289051636807661,0.38472389514153094,0.32253032248329716,0.094,0.17333333333333334,uniform,0.31444872919282696,0.366088188278174,0.30855118651177055,8.0,
sulfur,hard,outlier,7003,0.3289051636807661,0.38472389514153094,0.32253032248329716,0.094,0.17333333333333334,rho,0.3317238339245279,0.3605282989094172,0.32843418750564085,18.0,
sulfur,hard,outlier,7003,0.3289051636807661,0.38472389514153094,0.32253032248329716,0.094,0.17333333333333334,ws_default,0.3154488119880515,0.38213384307377657,0.3078329727832751,25.0,
sulfur,hard,outlier,7003,0.3289051636807661,0.38472389514153094,0.32253032248329716,0.094,0.17333333333333334,ws_tuned,0.3023992693364262,0.3680825468181278,0.29489783653210927,35.0,
sulfur,hard,outlier,7003,0.3289051636807661,0.38472389514153094,0.32253032248329716,0.094,0.17333333333333334,kcenter_a1,0.31136299759385694,0.37549746313427684,0.30403844860456114,6.0,
sulfur,hard,outlier,7003,0.3289051636807661,0.38472389514153094,0.32253032248329716,0.094,0.17333333333333334,rho_a1,0.3293115218267312,0.39860791136924323,0.3213974494834359,12.0,
sulfur,hard,outlier,7003,0.3289051636807661,0.38472389514153094,0.32253032248329716,0.094,0.17333333333333334,rho_landscape_a1,0.3199803750922293,0.3712786773128796,0.3141217946157763,20.0,
sulfur,hard,outlier,7003,0.3289051636807661,0.38472389514153094,0.32253032248329716,0.094,0.17333333333333334,rho_filter_a1,0.30683985041007206,0.3594284884382744,0.3008339056770462,39.0,
sulfur,hard,outlier,7004,0.4997969126661214,0.5346334189340551,0.49589390682070095,0.09466666666666666,0.1688888888888889,all_data,0.27762740728202245,0.35894395939197665,0.26851687892497167,,
sulfur,hard,outlier,7004,0.4997969126661214,0.5346334189340551,0.49589390682070095,0.09466666666666666,0.1688888888888889,random,0.29153584088612894,0.3603091141287188,0.28383063401463504,,
sulfur,hard,outlier,7004,0.4997969126661214,0.5346334189340551,0.49589390682070095,0.09466666666666666,0.1688888888888889,uniform,0.2939356799197623,0.3956067124589779,0.2825446801662722,13.0,
sulfur,hard,outlier,7004,0.4997969126661214,0.5346334189340551,0.49589390682070095,0.09466666666666666,0.1688888888888889,rho,0.27691538199196797,0.36911574735055497,0.2665854550418677,17.0,
sulfur,hard,outlier,7004,0.4997969126661214,0.5346334189340551,0.49589390682070095,0.09466666666666666,0.1688888888888889,ws_default,0.2831329273237088,0.33972031649435686,0.27679300020784253,24.0,
sulfur,hard,outlier,7004,0.4997969126661214,0.5346334189340551,0.49589390682070095,0.09466666666666666,0.1688888888888889,ws_tuned,0.2837144220816559,0.3437509773173737,0.27698805795599724,30.0,
sulfur,hard,outlier,7004,0.4997969126661214,0.5346334189340551,0.49589390682070095,0.09466666666666666,0.1688888888888889,kcenter_a1,0.2886467406567764,0.38612621290322946,0.2777253541359757,8.0,
sulfur,hard,outlier,7004,0.4997969126661214,0.5346334189340551,0.49589390682070095,0.09466666666666666,0.1688888888888889,rho_a1,0.28263197691490444,0.3567305872589855,0.2743301309408525,14.0,
sulfur,hard,outlier,7004,0.4997969126661214,0.5346334189340551,0.49589390682070095,0.09466666666666666,0.1688888888888889,rho_landscape_a1,0.28769602697685875,0.35268369835970503,0.2804149506445576,21.0,
sulfur,hard,outlier,7004,0.4997969126661214,0.5346334189340551,0.49589390682070095,0.09466666666666666,0.1688888888888889,rho_filter_a1,0.2821362335814308,0.3457219283189486,0.2750122316411417,31.0,
sulfur,hard,outlier,7005,0.29539271287440183,0.38313647377402077,0.28537183767416674,0.09666666666666666,0.18222222222222223,all_data,0.25724002071831026,0.2809898745337935,0.2545276418703024,,
sulfur,hard,outlier,7005,0.29539271287440183,0.38313647377402077,0.28537183767416674,0.09666666666666666,0.18222222222222223,random,0.279698261307077,0.32368961876550995,0.27467417870040356,,
sulfur,hard,outlier,7005,0.29539271287440183,0.38313647377402077,0.28537183767416674,0.09666666666666666,0.18222222222222223,uniform,0.2924034964659362,0.32789846578100673,0.2883497534522373,20.0,
sulfur,hard,outlier,7005,0.29539271287440183,0.38313647377402077,0.28537183767416674,0.09666666666666666,0.18222222222222223,rho,0.26831238098410487,0.31878229403139136,0.2625484076277295,15.0,
sulfur,hard,outlier,7005,0.29539271287440183,0.38313647377402077,0.28537183767416674,0.09666666666666666,0.18222222222222223,ws_default,0.2725645127057253,0.3168987948473182,0.2675012659987467,15.0,
sulfur,hard,outlier,7005,0.29539271287440183,0.38313647377402077,0.28537183767416674,0.09666666666666666,0.18222222222222223,ws_tuned,0.2719022130353927,0.3012323039264283,0.26855253691691783,35.0,
sulfur,hard,outlier,7005,0.29539271287440183,0.38313647377402077,0.28537183767416674,0.09666666666666666,0.18222222222222223,kcenter_a1,0.28583682695495405,0.3341602218859269,0.28031799912161176,27.0,
sulfur,hard,outlier,7005,0.29539271287440183,0.38313647377402077,0.28537183767416674,0.09666666666666666,0.18222222222222223,rho_a1,0.2835913466423175,0.3179273057761035,0.27966996969389063,32.0,
sulfur,hard,outlier,7005,0.29539271287440183,0.38313647377402077,0.28537183767416674,0.09666666666666666,0.18222222222222223,rho_landscape_a1,0.26883044521377647,0.3022541224110821,0.2650132564530813,34.0,
sulfur,hard,outlier,7005,0.29539271287440183,0.38313647377402077,0.28537183767416674,0.09666666666666666,0.18222222222222223,rho_filter_a1,0.27491442786349085,0.3170112217815626,0.2701067160232654,38.0,
sulfur,hard,outlier,7006,0.3147631113894065,0.40366631207786907,0.30436086590254097,0.08733333333333333,0.16444444444444445,all_data,0.2646341435820203,0.3767511200377987,0.2515157372332431,,
sulfur,hard,outlier,7006,0.3147631113894065,0.40366631207786907,0.30436086590254097,0.08733333333333333,0.16444444444444445,random,0.30995149987903914,0.3880952909275108,0.30080817442544805,,
sulfur,hard,outlier,7006,0.3147631113894065,0.40366631207786907,0.30436086590254097,0.08733333333333333,0.16444444444444445,uniform,0.28938436900040587,0.39377480774080975,0.27717001719023293,8.0,
sulfur,hard,outlier,7006,0.3147631113894065,0.40366631207786907,0.30436086590254097,0.08733333333333333,0.16444444444444445,rho,0.30791111468155863,0.3868508270391788,0.2986746613227642,10.0,
sulfur,hard,outlier,7006,0.3147631113894065,0.40366631207786907,0.30436086590254097,0.08733333333333333,0.16444444444444445,ws_default,0.2950441704940119,0.38780056332902313,0.2841910767777679,14.0,
sulfur,hard,outlier,7006,0.3147631113894065,0.40366631207786907,0.30436086590254097,0.08733333333333333,0.16444444444444445,ws_tuned,0.3005199421542599,0.3838310321192664,0.2907720095389743,34.0,
sulfur,hard,outlier,7006,0.3147631113894065,0.40366631207786907,0.30436086590254097,0.08733333333333333,0.16444444444444445,kcenter_a1,0.30239314763315517,0.40147145332434503,0.290800349508439,0.0,
sulfur,hard,outlier,7006,0.3147631113894065,0.40366631207786907,0.30436086590254097,0.08733333333333333,0.16444444444444445,rho_a1,0.32706214235260245,0.39596030618687295,0.31900061466576657,14.0,
sulfur,hard,outlier,7006,0.3147631113894065,0.40366631207786907,0.30436086590254097,0.08733333333333333,0.16444444444444445,rho_landscape_a1,0.32134701432905094,0.39595217900605406,0.3126177308887648,26.0,
sulfur,hard,outlier,7006,0.3147631113894065,0.40366631207786907,0.30436086590254097,0.08733333333333333,0.16444444444444445,rho_filter_a1,0.307792456276802,0.3855654758711496,0.2986925134647295,37.0,
sulfur,hard,outlier,7007,0.2621122285805226,0.3280251024865214,0.25454363770837335,0.09666666666666666,0.12444444444444444,all_data,0.23450723333055348,0.3210603275992681,0.22456858370995417,,
sulfur,hard,outlier,7007,0.2621122285805226,0.3280251024865214,0.25454363770837335,0.09666666666666666,0.12444444444444444,random,0.262646159776796,0.3577549631518971,0.25172508202023475,,
sulfur,hard,outlier,7007,0.2621122285805226,0.3280251024865214,0.25454363770837335,0.09666666666666666,0.12444444444444444,uniform,0.2611312371066008,0.3512406526471367,0.2507842250657143,16.0,
sulfur,hard,outlier,7007,0.2621122285805226,0.3280251024865214,0.25454363770837335,0.09666666666666666,0.12444444444444444,rho,0.2579920571453064,0.33713824147177945,0.2489039222672387,13.0,
sulfur,hard,outlier,7007,0.2621122285805226,0.3280251024865214,0.25454363770837335,0.09666666666666666,0.12444444444444444,ws_default,0.2686470373124056,0.34279231032066965,0.2601331430873764,27.0,
sulfur,hard,outlier,7007,0.2621122285805226,0.3280251024865214,0.25454363770837335,0.09666666666666666,0.12444444444444444,ws_tuned,0.2641019961806841,0.3244684145761817,0.25717028927462354,32.0,
sulfur,hard,outlier,7007,0.2621122285805226,0.3280251024865214,0.25454363770837335,0.09666666666666666,0.12444444444444444,kcenter_a1,0.26443001768457075,0.34604850311628976,0.2550579953886209,11.0,
sulfur,hard,outlier,7007,0.2621122285805226,0.3280251024865214,0.25454363770837335,0.09666666666666666,0.12444444444444444,rho_a1,0.25579094753078246,0.33970052169918064,0.24615584592616155,6.0,
sulfur,hard,outlier,7007,0.2621122285805226,0.3280251024865214,0.25454363770837335,0.09666666666666666,0.12444444444444444,rho_landscape_a1,0.26313752361825665,0.3465933446142754,0.2535545252207204,8.0,
sulfur,hard,outlier,7007,0.2621122285805226,0.3280251024865214,0.25454363770837335,0.09666666666666666,0.12444444444444444,rho_filter_a1,0.25701761227681763,0.31383036884282367,0.25049396241472327,28.0,
sulfur,hard,outlier,7008,0.33729697864246094,0.34623073648550595,0.3362516715952016,0.102,0.13777777777777778,all_data,0.29572105166260026,0.300357292511763,0.2951785817056611,,
sulfur,hard,outlier,7008,0.33729697864246094,0.34623073648550595,0.3362516715952016,0.102,0.13777777777777778,random,0.34872097116168155,0.3412995527822461,0.34958932477826454,,
sulfur,hard,outlier,7008,0.33729697864246094,0.34623073648550595,0.3362516715952016,0.102,0.13777777777777778,uniform,0.3460113423948618,0.3859040618126873,0.3413436380005393,11.0,
sulfur,hard,outlier,7008,0.33729697864246094,0.34623073648550595,0.3362516715952016,0.102,0.13777777777777778,rho,0.3251327317650121,0.33721646887714735,0.32371885691162344,24.0,
sulfur,hard,outlier,7008,0.33729697864246094,0.34623073648550595,0.3362516715952016,0.102,0.13777777777777778,ws_default,0.3572387767914378,0.3427260228742743,0.35893686221207216,26.0,
sulfur,hard,outlier,7008,0.33729697864246094,0.34623073648550595,0.3362516715952016,0.102,0.13777777777777778,ws_tuned,0.3303139113859273,0.33208434771388745,0.3301067589644206,31.0,
sulfur,hard,outlier,7008,0.33729697864246094,0.34623073648550595,0.3362516715952016,0.102,0.13777777777777778,kcenter_a1,0.33374980204307403,0.38214341002880264,0.32808743908691096,3.0,
sulfur,hard,outlier,7008,0.33729697864246094,0.34623073648550595,0.3362516715952016,0.102,0.13777777777777778,rho_a1,0.33702874992597653,0.3610157288247505,0.3342221193315654,23.0,
sulfur,hard,outlier,7008,0.33729697864246094,0.34623073648550595,0.3362516715952016,0.102,0.13777777777777778,rho_landscape_a1,0.3276179967745808,0.36374433613080853,0.32339098303812197,34.0,
sulfur,hard,outlier,7008,0.33729697864246094,0.34623073648550595,0.3362516715952016,0.102,0.13777777777777778,rho_filter_a1,0.33066383701007057,0.36511608635843557,0.326632702556855,31.0,
sulfur,hard,outlier,7009,0.3387709457955657,0.31719349040757644,0.34130237910924044,0.10533333333333333,0.09333333333333334,all_data,0.23951453289614907,0.292421666520062,0.23330755073915369,,
sulfur,hard,outlier,7009,0.3387709457955657,0.31719349040757644,0.34130237910924044,0.10533333333333333,0.09333333333333334,random,0.261588320748318,0.30708114845692586,0.25625117336350933,,
sulfur,hard,outlier,7009,0.3387709457955657,0.31719349040757644,0.34130237910924044,0.10533333333333333,0.09333333333333334,uniform,0.2755081593822014,0.31795498988606224,0.2705283636247653,22.0,
sulfur,hard,outlier,7009,0.3387709457955657,0.31719349040757644,0.34130237910924044,0.10533333333333333,0.09333333333333334,rho,0.25401868026402563,0.3028300381829063,0.24829220810594466,19.0,
sulfur,hard,outlier,7009,0.3387709457955657,0.31719349040757644,0.34130237910924044,0.10533333333333333,0.09333333333333334,ws_default,0.2671869612410327,0.30797732936779854,0.26240149905856297,25.0,
sulfur,hard,outlier,7009,0.3387709457955657,0.31719349040757644,0.34130237910924044,0.10533333333333333,0.09333333333333334,ws_tuned,0.26061737202335894,0.30210478460280066,0.25575013367605004,19.0,
sulfur,hard,outlier,7009,0.3387709457955657,0.31719349040757644,0.34130237910924044,0.10533333333333333,0.09333333333333334,kcenter_a1,0.2566111033934336,0.3043339270971253,0.2510123363667436,34.0,
sulfur,hard,outlier,7009,0.3387709457955657,0.31719349040757644,0.34130237910924044,0.10533333333333333,0.09333333333333334,rho_a1,0.2551148414788095,0.31120757085354406,0.24853413021138254,10.0,
sulfur,hard,outlier,7009,0.3387709457955657,0.31719349040757644,0.34130237910924044,0.10533333333333333,0.09333333333333334,rho_landscape_a1,0.2566874702478192,0.3014048435135048,0.2514412979652527,6.0,
sulfur,hard,outlier,7009,0.3387709457955657,0.31719349040757644,0.34130237910924044,0.10533333333333333,0.09333333333333334,rho_filter_a1,0.2516830602199383,0.30364478271489015,0.2455869922177373,21.0,
sulfur,hard_sparse,clean,7000,0.23860544552436877,0.34771773524609845,0.22621184468737943,0.025333333333333333,0.08888888888888889,all_data,0.19744290646787543,0.27954831910467887,0.1881169019144746,,
sulfur,hard_sparse,clean,7000,0.23860544552436877,0.34771773524609845,0.22621184468737943,0.025333333333333333,0.08888888888888889,random,0.2143408417935714,0.31423934287622685,0.20299379601358156,,
sulfur,hard_sparse,clean,7000,0.23860544552436877,0.34771773524609845,0.22621184468737943,0.025333333333333333,0.08888888888888889,uniform,0.2141554495983844,0.2806165432590096,0.2066064166881575,11.0,
sulfur,hard_sparse,clean,7000,0.23860544552436877,0.34771773524609845,0.22621184468737943,0.025333333333333333,0.08888888888888889,rho,0.2036120982621712,0.3070689213860956,0.1918608778182511,3.0,
sulfur,hard_sparse,clean,7000,0.23860544552436877,0.34771773524609845,0.22621184468737943,0.025333333333333333,0.08888888888888889,ws_default,0.2041985598883278,0.30144808446012805,0.19315240008173132,8.0,
sulfur,hard_sparse,clean,7000,0.23860544552436877,0.34771773524609845,0.22621184468737943,0.025333333333333333,0.08888888888888889,ws_tuned,0.20426631683596377,0.293623753550004,0.19411658571699708,10.0,
sulfur,hard_sparse,clean,7000,0.23860544552436877,0.34771773524609845,0.22621184468737943,0.025333333333333333,0.08888888888888889,kcenter_a1,0.21353155678299396,0.2979433502937108,0.20394358023723325,16.0,
sulfur,hard_sparse,clean,7000,0.23860544552436877,0.34771773524609845,0.22621184468737943,0.025333333333333333,0.08888888888888889,rho_a1,0.2009235370705844,0.3043542624343751,0.18917528096022065,11.0,
sulfur,hard_sparse,clean,7000,0.23860544552436877,0.34771773524609845,0.22621184468737943,0.025333333333333333,0.08888888888888889,rho_landscape_a1,0.20172114307785197,0.3028003253841504,0.19023998874016548,11.0,
sulfur,hard_sparse,clean,7000,0.23860544552436877,0.34771773524609845,0.22621184468737943,0.025333333333333333,0.08888888888888889,rho_filter_a1,0.1993438672547953,0.2816553750692144,0.18999445322687689,17.0,
sulfur,hard_sparse,clean,7001,0.33226702969556515,0.4227183336972995,0.32165542419815496,0.02666666666666667,0.10222222222222223,all_data,0.2530332051348728,0.36630996895170426,0.2397437523965853,,
sulfur,hard_sparse,clean,7001,0.33226702969556515,0.4227183336972995,0.32165542419815496,0.02666666666666667,0.10222222222222223,random,0.279716054698798,0.38323932408474837,0.26757086667027874,,
sulfur,hard_sparse,clean,7001,0.33226702969556515,0.4227183336972995,0.32165542419815496,0.02666666666666667,0.10222222222222223,uniform,0.27146841150849027,0.3889288366041819,0.25768813817324154,4.0,
sulfur,hard_sparse,clean,7001,0.33226702969556515,0.4227183336972995,0.32165542419815496,0.02666666666666667,0.10222222222222223,rho,0.27062059777553177,0.38260096842163815,0.2574832358561562,4.0,
sulfur,hard_sparse,clean,7001,0.33226702969556515,0.4227183336972995,0.32165542419815496,0.02666666666666667,0.10222222222222223,ws_default,0.27817141737022516,0.38659506233465796,0.26545132494423035,9.0,
sulfur,hard_sparse,clean,7001,0.33226702969556515,0.4227183336972995,0.32165542419815496,0.02666666666666667,0.10222222222222223,ws_tuned,0.2754266437674053,0.3829760800915232,0.26280911213161495,9.0,
sulfur,hard_sparse,clean,7001,0.33226702969556515,0.4227183336972995,0.32165542419815496,0.02666666666666667,0.10222222222222223,kcenter_a1,0.2750553906080967,0.3887721370377163,0.2617143197979179,5.0,
sulfur,hard_sparse,clean,7001,0.33226702969556515,0.4227183336972995,0.32165542419815496,0.02666666666666667,0.10222222222222223,rho_a1,0.28481728791242594,0.3924188846978528,0.2721936368929066,3.0,
sulfur,hard_sparse,clean,7001,0.33226702969556515,0.4227183336972995,0.32165542419815496,0.02666666666666667,0.10222222222222223,rho_landscape_a1,0.28222403060501133,0.3948143963321277,0.26901510501691384,9.0,
sulfur,hard_sparse,clean,7001,0.33226702969556515,0.4227183336972995,0.32165542419815496,0.02666666666666667,0.10222222222222223,rho_filter_a1,0.27551909945166936,0.38092133265673345,0.2631534743270529,23.0,
sulfur,hard_sparse,clean,7002,0.3395922040461671,0.4046693691428513,0.33260163370909246,0.028,0.08444444444444445,all_data,0.2880054046932338,0.40236572933704684,0.2757208515476636,,
sulfur,hard_sparse,clean,7002,0.3395922040461671,0.4046693691428513,0.33260163370909246,0.028,0.08444444444444445,random,0.31647290284920643,0.41266314611779203,0.30614017461326753,,
sulfur,hard_sparse,clean,7002,0.3395922040461671,0.4046693691428513,0.33260163370909246,0.028,0.08444444444444445,uniform,0.31075965957793494,0.41135004456472773,0.29995426938555525,6.0,
sulfur,hard_sparse,clean,7002,0.3395922040461671,0.4046693691428513,0.33260163370909246,0.028,0.08444444444444445,rho,0.2998788196165197,0.4089474857920822,0.28816269489998647,4.0,
sulfur,hard_sparse,clean,7002,0.3395922040461671,0.4046693691428513,0.33260163370909246,0.028,0.08444444444444445,ws_default,0.31436163713472426,0.41311935519532333,0.3037531114958781,9.0,
sulfur,hard_sparse,clean,7002,0.3395922040461671,0.4046693691428513,0.33260163370909246,0.028,0.08444444444444445,ws_tuned,0.317584416301792,0.401632260982308,0.30855602102603347,14.0,
sulfur,hard_sparse,clean,7002,0.3395922040461671,0.4046693691428513,0.33260163370909246,0.028,0.08444444444444445,kcenter_a1,0.3099779980703079,0.42689111351191605,0.2974192248722614,5.0,
sulfur,hard_sparse,clean,7002,0.3395922040461671,0.4046693691428513,0.33260163370909246,0.028,0.08444444444444445,rho_a1,0.3078932206377306,0.4160289186085746,0.29627731509711946,3.0,
sulfur,hard_sparse,clean,7002,0.3395922040461671,0.4046693691428513,0.33260163370909246,0.028,0.08444444444444445,rho_landscape_a1,0.3083469790443621,0.4238556934900448,0.29593906619692995,4.0,
sulfur,hard_sparse,clean,7002,0.3395922040461671,0.4046693691428513,0.33260163370909246,0.028,0.08444444444444445,rho_filter_a1,0.30535052993183615,0.4070946428272247,0.2944212066197069,16.0,
sulfur,hard_sparse,clean,7003,0.3187865153709972,0.3628103305306078,0.3137587258959442,0.021333333333333333,0.08444444444444445,all_data,0.26846577153751594,0.36367233134495475,0.25759259896897835,,
sulfur,hard_sparse,clean,7003,0.3187865153709972,0.3628103305306078,0.3137587258959442,0.021333333333333333,0.08444444444444445,random,0.2931287667474675,0.37594539129675547,0.28367060071259065,,
sulfur,hard_sparse,clean,7003,0.3187865153709972,0.3628103305306078,0.3137587258959442,0.021333333333333333,0.08444444444444445,uniform,0.2800393328833468,0.3631177550289865,0.2705512679586358,5.0,
sulfur,hard_sparse,clean,7003,0.3187865153709972,0.3628103305306078,0.3137587258959442,0.021333333333333333,0.08444444444444445,rho,0.2900320349435349,0.366908643854278,0.28125225509578994,4.0,
sulfur,hard_sparse,clean,7003,0.3187865153709972,0.3628103305306078,0.3137587258959442,0.021333333333333333,0.08444444444444445,ws_default,0.28111735647785624,0.36276360017103376,0.2717928551089976,8.0,
sulfur,hard_sparse,clean,7003,0.3187865153709972,0.3628103305306078,0.3137587258959442,0.021333333333333333,0.08444444444444445,ws_tuned,0.2852959332032508,0.36477619322923466,0.27621880044262315,10.0,
sulfur,hard_sparse,clean,7003,0.3187865153709972,0.3628103305306078,0.3137587258959442,0.021333333333333333,0.08444444444444445,kcenter_a1,0.2914207949896336,0.3716501451300356,0.2822581115474149,2.0,
sulfur,hard_sparse,clean,7003,0.3187865153709972,0.3628103305306078,0.3137587258959442,0.021333333333333333,0.08444444444444445,rho_a1,0.2948465799252925,0.3709876799663101,0.2861507996977668,1.0,
sulfur,hard_sparse,clean,7003,0.3187865153709972,0.3628103305306078,0.3137587258959442,0.021333333333333333,0.08444444444444445,rho_landscape_a1,0.2924750822587808,0.3746444649249511,0.2830908352133408,3.0,
sulfur,hard_sparse,clean,7003,0.3187865153709972,0.3628103305306078,0.3137587258959442,0.021333333333333333,0.08444444444444445,rho_filter_a1,0.2960204198016272,0.3638652641781983,0.28827212281154524,19.0,
sulfur,hard_sparse,clean,7004,0.3061067682929079,0.3826765998632232,0.29752805210640887,0.03266666666666666,0.12444444444444444,all_data,0.2514599973054155,0.3766555610456557,0.23743336061169387,,
sulfur,hard_sparse,clean,7004,0.3061067682929079,0.3826765998632232,0.29752805210640887,0.03266666666666666,0.12444444444444444,random,0.2553057516823542,0.3744438020507732,0.24195778551652908,,
sulfur,hard_sparse,clean,7004,0.3061067682929079,0.3826765998632232,0.29752805210640887,0.03266666666666666,0.12444444444444444,uniform,0.27392174358903687,0.4027383602543879,0.2594894120582788,9.0,
sulfur,hard_sparse,clean,7004,0.3061067682929079,0.3826765998632232,0.29752805210640887,0.03266666666666666,0.12444444444444444,rho,0.25548395335003155,0.38443288600888137,0.24103679742522854,8.0,
sulfur,hard_sparse,clean,7004,0.3061067682929079,0.3826765998632232,0.29752805210640887,0.03266666666666666,0.12444444444444444,ws_default,0.27945203093075655,0.4110794436656868,0.26470478396601466,10.0,
sulfur,hard_sparse,clean,7004,0.3061067682929079,0.3826765998632232,0.29752805210640887,0.03266666666666666,0.12444444444444444,ws_tuned,0.28892002643552644,0.45591264811464083,0.2702105389357536,17.0,
sulfur,hard_sparse,clean,7004,0.3061067682929079,0.3826765998632232,0.29752805210640887,0.03266666666666666,0.12444444444444444,kcenter_a1,0.26513009094892526,0.3882857647900451,0.25133199905068476,12.0,
sulfur,hard_sparse,clean,7004,0.3061067682929079,0.3826765998632232,0.29752805210640887,0.03266666666666666,0.12444444444444444,rho_a1,0.2595946222494092,0.38422347046077415,0.24563147912203084,8.0,
sulfur,hard_sparse,clean,7004,0.3061067682929079,0.3826765998632232,0.29752805210640887,0.03266666666666666,0.12444444444444444,rho_landscape_a1,0.2556994507466729,0.38406070491071503,0.24131813703299235,10.0,
sulfur,hard_sparse,clean,7004,0.3061067682929079,0.3826765998632232,0.29752805210640887,0.03266666666666666,0.12444444444444444,rho_filter_a1,0.2837243212742809,0.4402760763403582,0.26618460559687496,24.0,
sulfur,hard_sparse,clean,7005,0.27223090353758883,0.34636818112733037,0.26376397211369085,0.021333333333333333,0.08444444444444445,all_data,0.2374799412713553,0.3142231250753334,0.22871539938844973,,
sulfur,hard_sparse,clean,7005,0.27223090353758883,0.34636818112733037,0.26376397211369085,0.021333333333333333,0.08444444444444445,random,0.25386359014711823,0.31343059215041214,0.24706067348378938,,
sulfur,hard_sparse,clean,7005,0.27223090353758883,0.34636818112733037,0.26376397211369085,0.021333333333333333,0.08444444444444445,uniform,0.24769070074051158,0.31168562777918996,0.24038208790322518,10.0,
sulfur,hard_sparse,clean,7005,0.27223090353758883,0.34636818112733037,0.26376397211369085,0.021333333333333333,0.08444444444444445,rho,0.24865478798886495,0.3249156744031757,0.23994532742344227,4.0,
sulfur,hard_sparse,clean,7005,0.27223090353758883,0.34636818112733037,0.26376397211369085,0.021333333333333333,0.08444444444444445,ws_default,0.248779842066921,0.3058743088419605,0.2422593040786853,7.0,
sulfur,hard_sparse,clean,7005,0.27223090353758883,0.34636818112733037,0.26376397211369085,0.021333333333333333,0.08444444444444445,ws_tuned,0.26235833824729704,0.319104608598259,0.2558775664244852,14.0,
sulfur,hard_sparse,clean,7005,0.27223090353758883,0.34636818112733037,0.26376397211369085,0.021333333333333333,0.08444444444444445,kcenter_a1,0.2548889738971378,0.3023757049899822,0.24946569820129766,14.0,
sulfur,hard_sparse,clean,7005,0.27223090353758883,0.34636818112733037,0.26376397211369085,0.021333333333333333,0.08444444444444445,rho_a1,0.2578761205965699,0.3150833810902901,0.2513427008744458,7.0,
sulfur,hard_sparse,clean,7005,0.27223090353758883,0.34636818112733037,0.26376397211369085,0.021333333333333333,0.08444444444444445,rho_landscape_a1,0.25537817494625703,0.3164744517114725,0.2484006057335166,9.0,
sulfur,hard_sparse,clean,7005,0.27223090353758883,0.34636818112733037,0.26376397211369085,0.021333333333333333,0.08444444444444445,rho_filter_a1,0.25862440258760183,0.301253482283978,0.25375590044957563,13.0,
sulfur,hard_sparse,clean,7006,0.3025481827658615,0.40533358671442754,0.29052163033513007,0.027333333333333334,0.057777777777777775,all_data,0.24794940696952797,0.3930144309991226,0.23097586743632487,,
sulfur,hard_sparse,clean,7006,0.3025481827658615,0.40533358671442754,0.29052163033513007,0.027333333333333334,0.057777777777777775,random,0.274501140940471,0.3993388418710488,0.25989432812563934,,
sulfur,hard_sparse,clean,7006,0.3025481827658615,0.40533358671442754,0.29052163033513007,0.027333333333333334,0.057777777777777775,uniform,0.2778473332734509,0.41202042831670627,0.26214821938818866,4.0,
sulfur,hard_sparse,clean,7006,0.3025481827658615,0.40533358671442754,0.29052163033513007,0.027333333333333334,0.057777777777777775,rho,0.2674322173601046,0.4005371352976186,0.2518580870568881,4.0,
sulfur,hard_sparse,clean,7006,0.3025481827658615,0.40533358671442754,0.29052163033513007,0.027333333333333334,0.057777777777777775,ws_default,0.26316931556398815,0.3941839396000127,0.24783976307275823,4.0,
sulfur,hard_sparse,clean,7006,0.3025481827658615,0.40533358671442754,0.29052163033513007,0.027333333333333334,0.057777777777777775,ws_tuned,0.26903536229809377,0.3885194895415192,0.25505495198952216,16.0,
sulfur,hard_sparse,clean,7006,0.3025481827658615,0.40533358671442754,0.29052163033513007,0.027333333333333334,0.057777777777777775,kcenter_a1,0.2716818774996217,0.39698966641725647,0.2570200613710294,1.0,
sulfur,hard_sparse,clean,7006,0.3025481827658615,0.40533358671442754,0.29052163033513007,0.027333333333333334,0.057777777777777775,rho_a1,0.2667271615771649,0.39306149432766646,0.2519452332268549,0.0,
sulfur,hard_sparse,clean,7006,0.3025481827658615,0.40533358671442754,0.29052163033513007,0.027333333333333334,0.057777777777777775,rho_landscape_a1,0.2685725897960174,0.3933682651881253,0.2539706942391078,0.0,
sulfur,hard_sparse,clean,7006,0.3025481827658615,0.40533358671442754,0.29052163033513007,0.027333333333333334,0.057777777777777775,rho_filter_a1,0.2705197986453599,0.39670221703168473,0.2557556452513722,13.0,
sulfur,hard_sparse,clean,7007,0.23900260784851343,0.3820069676004144,0.2225818173753297,0.025333333333333333,0.06666666666666667,all_data,0.19634260516983942,0.32341486436092604,0.18175125322259092,,
sulfur,hard_sparse,clean,7007,0.23900260784851343,0.3820069676004144,0.2225818173753297,0.025333333333333333,0.06666666666666667,random,0.20772155919823856,0.34912468108727274,0.19148463438823798,,
sulfur,hard_sparse,clean,7007,0.23900260784851343,0.3820069676004144,0.2225818173753297,0.025333333333333333,0.06666666666666667,uniform,0.21993666729645345,0.35654123152143735,0.20425074743561358,4.0,
sulfur,hard_sparse,clean,7007,0.23900260784851343,0.3820069676004144,0.2225818173753297,0.025333333333333333,0.06666666666666667,rho,0.20364105426598672,0.353668941075424,0.18641377183413382,8.0,
sulfur,hard_sparse,clean,7007,0.23900260784851343,0.3820069676004144,0.2225818173753297,0.025333333333333333,0.06666666666666667,ws_default,0.20515726208683868,0.347648395032327,0.18879540401171574,6.0,
sulfur,hard_sparse,clean,7007,0.23900260784851343,0.3820069676004144,0.2225818173753297,0.025333333333333333,0.06666666666666667,ws_tuned,0.2022694083900203,0.34831180033729164,0.18549976918091335,13.0,
sulfur,hard_sparse,clean,7007,0.23900260784851343,0.3820069676004144,0.2225818173753297,0.025333333333333333,0.06666666666666667,kcenter_a1,0.21123264095095975,0.34164315793677924,0.19625796620230934,10.0,
sulfur,hard_sparse,clean,7007,0.23900260784851343,0.3820069676004144,0.2225818173753297,0.025333333333333333,0.06666666666666667,rho_a1,0.20627909097637645,0.3547358131036438,0.1892322209885185,13.0,
sulfur,hard_sparse,clean,7007,0.23900260784851343,0.3820069676004144,0.2225818173753297,0.025333333333333333,0.06666666666666667,rho_landscape_a1,0.20557335256080833,0.3457326508880624,0.18947925252991962,14.0,
sulfur,hard_sparse,clean,7007,0.23900260784851343,0.3820069676004144,0.2225818173753297,0.025333333333333333,0.06666666666666667,rho_filter_a1,0.2055451581206266,0.33347048892141795,0.19085585034751457,14.0,
sulfur,hard_sparse,clean,7008,0.31893188657901284,0.3340699130557117,0.31716064025292046,0.028666666666666667,0.04,all_data,0.27288737879404434,0.3373783437777874,0.26534152167921937,,
sulfur,hard_sparse,clean,7008,0.31893188657901284,0.3340699130557117,0.31716064025292046,0.028666666666666667,0.04,random,0.3016133845521055,0.33317274762669735,0.29792073637331357,,
sulfur,hard_sparse,clean,7008,0.31893188657901284,0.3340699130557117,0.31716064025292046,0.028666666666666667,0.04,uniform,0.29978641304338755,0.3350633928686553,0.29565877982730626,4.0,
sulfur,hard_sparse,clean,7008,0.31893188657901284,0.3340699130557117,0.31716064025292046,0.028666666666666667,0.04,rho,0.29176259082012695,0.3178408505393116,0.28871126693787663,8.0,
sulfur,hard_sparse,clean,7008,0.31893188657901284,0.3340699130557117,0.31716064025292046,0.028666666666666667,0.04,ws_default,0.2923432933890215,0.3201116178435612,0.2890942210778089,7.0,
sulfur,hard_sparse,clean,7008,0.31893188657901284,0.3340699130557117,0.31716064025292046,0.028666666666666667,0.04,ws_tuned,0.2939967734560705,0.3537367773097272,0.28700680930787664,10.0,
sulfur,hard_sparse,clean,7008,0.31893188657901284,0.3340699130557117,0.31716064025292046,0.028666666666666667,0.04,kcenter_a1,0.2961332201625666,0.3330693153322774,0.29181145979504114,2.0,
sulfur,hard_sparse,clean,7008,0.31893188657901284,0.3340699130557117,0.31716064025292046,0.028666666666666667,0.04,rho_a1,0.29643810621865974,0.33292180735613913,0.2921692788585358,2.0,
sulfur,hard_sparse,clean,7008,0.31893188657901284,0.3340699130557117,0.31716064025292046,0.028666666666666667,0.04,rho_landscape_a1,0.29588552381752664,0.3392960351004505,0.29080621518096006,0.0,
sulfur,hard_sparse,clean,7008,0.31893188657901284,0.3340699130557117,0.31716064025292046,0.028666666666666667,0.04,rho_filter_a1,0.3114831152274905,0.3678772970654645,0.3048846337446334,9.0,
sulfur,hard_sparse,clean,7009,0.267366580364407,0.30331691238215785,0.26314894364724073,0.032,0.07111111111111111,all_data,0.22736138484236862,0.29644370386173113,0.2192567552367451,,
sulfur,hard_sparse,clean,7009,0.267366580364407,0.30331691238215785,0.26314894364724073,0.032,0.07111111111111111,random,0.2454535716882888,0.3096937299719412,0.23791701680584915,,
sulfur,hard_sparse,clean,7009,0.267366580364407,0.30331691238215785,0.26314894364724073,0.032,0.07111111111111111,uniform,0.23747165748854196,0.31421324432086917,0.228468454564079,12.0,
sulfur,hard_sparse,clean,7009,0.267366580364407,0.30331691238215785,0.26314894364724073,0.032,0.07111111111111111,rho,0.23685045469479155,0.3174082196442314,0.22739954372306953,12.0,
sulfur,hard_sparse,clean,7009,0.267366580364407,0.30331691238215785,0.26314894364724073,0.032,0.07111111111111111,ws_default,0.24808011950792316,0.32054996404355945,0.23957807070765297,6.0,
sulfur,hard_sparse,clean,7009,0.267366580364407,0.30331691238215785,0.26314894364724073,0.032,0.07111111111111111,ws_tuned,0.23659303925791889,0.3137505263990678,0.22754104355979526,9.0,
sulfur,hard_sparse,clean,7009,0.267366580364407,0.30331691238215785,0.26314894364724073,0.032,0.07111111111111111,kcenter_a1,0.24490358550781133,0.30511858271159914,0.23783925622692004,22.0,
sulfur,hard_sparse,clean,7009,0.267366580364407,0.30331691238215785,0.26314894364724073,0.032,0.07111111111111111,rho_a1,0.23290256161481,0.3024625504886396,0.22474189252905347,13.0,
sulfur,hard_sparse,clean,7009,0.267366580364407,0.30331691238215785,0.26314894364724073,0.032,0.07111111111111111,rho_landscape_a1,0.24784604928453927,0.3073328153657466,0.24086715493981659,13.0,
sulfur,hard_sparse,clean,7009,0.267366580364407,0.30331691238215785,0.26314894364724073,0.032,0.07111111111111111,rho_filter_a1,0.24113804887014795,0.3038607571764151,0.23377951884539036,15.0,
sulfur,hard_sparse,outlier,7000,0.3096037008476383,0.3752652072588715,0.30214548965170757,0.027333333333333334,0.013333333333333334,all_data,0.21792190151166557,0.2942839461088539,0.20924826170218536,,
sulfur,hard_sparse,outlier,7000,0.3096037008476383,0.3752652072588715,0.30214548965170757,0.027333333333333334,0.013333333333333334,random,0.24682349993125477,0.332606141915171,0.2370798145388723,,
sulfur,hard_sparse,outlier,7000,0.3096037008476383,0.3752652072588715,0.30214548965170757,0.027333333333333334,0.013333333333333334,uniform,0.24143277286785753,0.3032606986843047,0.23441000178402946,10.0,
sulfur,hard_sparse,outlier,7000,0.3096037008476383,0.3752652072588715,0.30214548965170757,0.027333333333333334,0.013333333333333334,rho,0.2556853801237893,0.31264958891466393,0.24921505796714205,3.0,
sulfur,hard_sparse,outlier,7000,0.3096037008476383,0.3752652072588715,0.30214548965170757,0.027333333333333334,0.013333333333333334,ws_default,0.2434283814513653,0.3318483856648915,0.2333851293023902,6.0,
sulfur,hard_sparse,outlier,7000,0.3096037008476383,0.3752652072588715,0.30214548965170757,0.027333333333333334,0.013333333333333334,ws_tuned,0.23056259559096776,0.32516515925188544,0.21981709281433792,2.0,
sulfur,hard_sparse,outlier,7000,0.3096037008476383,0.3752652072588715,0.30214548965170757,0.027333333333333334,0.013333333333333334,kcenter_a1,0.22669802889288662,0.2932294370785347,0.21914100925487312,18.0,
sulfur,hard_sparse,outlier,7000,0.3096037008476383,0.3752652072588715,0.30214548965170757,0.027333333333333334,0.013333333333333334,rho_a1,0.25335187185178376,0.3334703293795472,0.24425155707691537,1.0,
sulfur,hard_sparse,outlier,7000,0.3096037008476383,0.3752652072588715,0.30214548965170757,0.027333333333333334,0.013333333333333334,rho_landscape_a1,0.23716224438470038,0.3228658941523613,0.2274275313821376,1.0,
sulfur,hard_sparse,outlier,7000,0.3096037008476383,0.3752652072588715,0.30214548965170757,0.027333333333333334,0.013333333333333334,rho_filter_a1,0.2325576870620655,0.31325754893553,0.22339133304080336,3.0,
sulfur,hard_sparse,outlier,7001,0.3499307071572201,0.3991083919784733,0.344161258099978,0.024666666666666667,0.057777777777777775,all_data,0.27004017488047655,0.3783995470825879,0.25732762283441885,,
sulfur,hard_sparse,outlier,7001,0.3499307071572201,0.3991083919784733,0.344161258099978,0.024666666666666667,0.057777777777777775,random,0.3148500303719258,0.3762450018841218,0.30764726835094197,,
sulfur,hard_sparse,outlier,7001,0.3499307071572201,0.3991083919784733,0.344161258099978,0.024666666666666667,0.057777777777777775,uniform,0.3075071055214327,0.3791115549589898,0.2991065835203784,5.0,
sulfur,hard_sparse,outlier,7001,0.3499307071572201,0.3991083919784733,0.344161258099978,0.024666666666666667,0.057777777777777775,rho,0.3162145533555181,0.3976756813478615,0.3066576612446846,6.0,
sulfur,hard_sparse,outlier,7001,0.3499307071572201,0.3991083919784733,0.344161258099978,0.024666666666666667,0.057777777777777775,ws_default,0.3106998546800696,0.37923877197904066,0.3026589761142686,6.0,
sulfur,hard_sparse,outlier,7001,0.3499307071572201,0.3991083919784733,0.344161258099978,0.024666666666666667,0.057777777777777775,ws_tuned,0.3065148171524431,0.3737703920990878,0.29862449830395404,15.0,
sulfur,hard_sparse,outlier,7001,0.3499307071572201,0.3991083919784733,0.344161258099978,0.024666666666666667,0.057777777777777775,kcenter_a1,0.2998043589540788,0.3883071962814049,0.28942134451902934,3.0,
sulfur,hard_sparse,outlier,7001,0.3499307071572201,0.3991083919784733,0.344161258099978,0.024666666666666667,0.057777777777777775,rho_a1,0.3137518826066662,0.39434985196633865,0.3042962549164253,3.0,
sulfur,hard_sparse,outlier,7001,0.3499307071572201,0.3991083919784733,0.344161258099978,0.024666666666666667,0.057777777777777775,rho_landscape_a1,0.3183469437494647,0.4165214763037231,0.3068292611593003,6.0,
sulfur,hard_sparse,outlier,7001,0.3499307071572201,0.3991083919784733,0.344161258099978,0.024666666666666667,0.057777777777777775,rho_filter_a1,0.3043708337138796,0.383507547347467,0.2950866382596598,13.0,
sulfur,hard_sparse,outlier,7002,0.3864600534032063,0.410864800223649,0.38383850252659174,0.023333333333333334,0.0044444444444444444,all_data,0.3135188950462657,0.40195562244718785,0.30401904725236817,,
sulfur,hard_sparse,outlier,7002,0.3864600534032063,0.410864800223649,0.38383850252659174,0.023333333333333334,0.0044444444444444444,random,0.3601316484194106,0.4099628350752553,0.35477879669668966,,
sulfur,hard_sparse,outlier,7002,0.3864600534032063,0.410864800223649,0.38383850252659174,0.023333333333333334,0.0044444444444444444,uniform,0.34019404965693817,0.40327863439356004,0.3334175217284195,5.0,
sulfur,hard_sparse,outlier,7002,0.3864600534032063,0.410864800223649,0.38383850252659174,0.023333333333333334,0.0044444444444444444,rho,0.3604701801407057,0.4182427134059303,0.35426427125175014,4.0,
sulfur,hard_sparse,outlier,7002,0.3864600534032063,0.410864800223649,0.38383850252659174,0.023333333333333334,0.0044444444444444444,ws_default,0.35403957662721247,0.42684807006834524,0.3462185092254518,4.0,
sulfur,hard_sparse,outlier,7002,0.3864600534032063,0.410864800223649,0.38383850252659174,0.023333333333333334,0.0044444444444444444,ws_tuned,0.3511668983933896,0.42111682995574085,0.3436528968855845,6.0,
sulfur,hard_sparse,outlier,7002,0.3864600534032063,0.410864800223649,0.38383850252659174,0.023333333333333334,0.0044444444444444444,kcenter_a1,0.34861651225637824,0.4114237919858403,0.34186977235188454,3.0,
sulfur,hard_sparse,outlier,7002,0.3864600534032063,0.410864800223649,0.38383850252659174,0.023333333333333334,0.0044444444444444444,rho_a1,0.35562556020176317,0.4131583019672788,0.34944540964666343,1.0,
sulfur,hard_sparse,outlier,7002,0.3864600534032063,0.410864800223649,0.38383850252659174,0.023333333333333334,0.0044444444444444444,rho_landscape_a1,0.3569630305564254,0.4189533207155197,0.35030405143634546,2.0,
sulfur,hard_sparse,outlier,7002,0.3864600534032063,0.410864800223649,0.38383850252659174,0.023333333333333334,0.0044444444444444444,rho_filter_a1,0.3571499107755261,0.42060907584010854,0.3503331455360305,1.0,
sulfur,hard_sparse,outlier,7003,0.3184463726908951,0.3781668619752387,0.3116259268394798,0.022,0.04888888888888889,all_data,0.294845610778646,0.35866817533412954,0.28755668279320085,,
sulfur,hard_sparse,outlier,7003,0.3184463726908951,0.3781668619752387,0.3116259268394798,0.022,0.04888888888888889,random,0.3160288709536524,0.3711599772810262,0.3097325607602754,,
sulfur,hard_sparse,outlier,7003,0.3184463726908951,0.3781668619752387,0.3116259268394798,0.022,0.04888888888888889,uniform,0.31911706309597276,0.3701651836603251,0.3132870548978155,3.0,
sulfur,hard_sparse,outlier,7003,0.3184463726908951,0.3781668619752387,0.3116259268394798,0.022,0.04888888888888889,rho,0.3084867525824464,0.357758659053626,0.302859598918607,5.0,
sulfur,hard_sparse,outlier,7003,0.3184463726908951,0.3781668619752387,0.3116259268394798,0.022,0.04888888888888889,ws_default,0.3111742911088256,0.36373603206730715,0.30517141818599064,6.0,
sulfur,hard_sparse,outlier,7003,0.3184463726908951,0.3781668619752387,0.3116259268394798,0.022,0.04888888888888889,ws_tuned,0.3110717180530503,0.3621115440629449,0.3052426571438423,6.0,
sulfur,hard_sparse,outlier,7003,0.3184463726908951,0.3781668619752387,0.3116259268394798,0.022,0.04888888888888889,kcenter_a1,0.30365356001573873,0.3604698365063206,0.2971647930627754,4.0,
sulfur,hard_sparse,outlier,7003,0.3184463726908951,0.3781668619752387,0.3116259268394798,0.022,0.04888888888888889,rho_a1,0.31323859297945156,0.36573705892077885,0.30724294645133343,0.0,
sulfur,hard_sparse,outlier,7003,0.3184463726908951,0.3781668619752387,0.3116259268394798,0.022,0.04888888888888889,rho_landscape_a1,0.310832328860478,0.3805830400031753,0.3028663702062981,3.0,
sulfur,hard_sparse,outlier,7003,0.3184463726908951,0.3781668619752387,0.3116259268394798,0.022,0.04888888888888889,rho_filter_a1,0.3093169619145156,0.3709975246953381,0.3022726636582098,11.0,
sulfur,hard_sparse,outlier,7004,0.3102323043166013,0.38644659732151426,0.3016934218920864,0.03,0.1288888888888889,all_data,0.27817685577249984,0.4135354151925989,0.2630115793070286,,
sulfur,hard_sparse,outlier,7004,0.3102323043166013,0.38644659732151426,0.3016934218920864,0.03,0.1288888888888889,random,0.29243286303620436,0.41163557424106595,0.27907765241191773,,
sulfur,hard_sparse,outlier,7004,0.3102323043166013,0.38644659732151426,0.3016934218920864,0.03,0.1288888888888889,uniform,0.29140204238893497,0.39319117580323604,0.27999781087212555,5.0,
sulfur,hard_sparse,outlier,7004,0.3102323043166013,0.38644659732151426,0.3016934218920864,0.03,0.1288888888888889,rho,0.2850030993664022,0.4015392719976645,0.27194664188227696,9.0,
sulfur,hard_sparse,outlier,7004,0.3102323043166013,0.38644659732151426,0.3016934218920864,0.03,0.1288888888888889,ws_default,0.29382868104837834,0.3960643813397981,0.2823744171569571,5.0,
sulfur,hard_sparse,outlier,7004,0.3102323043166013,0.38644659732151426,0.3016934218920864,0.03,0.1288888888888889,ws_tuned,0.27568012108622486,0.38910767110827194,0.2629719468691315,17.0,
sulfur,hard_sparse,outlier,7004,0.3102323043166013,0.38644659732151426,0.3016934218920864,0.03,0.1288888888888889,kcenter_a1,0.2846274026233463,0.3851997223642609,0.2733595002448118,5.0,
sulfur,hard_sparse,outlier,7004,0.3102323043166013,0.38644659732151426,0.3016934218920864,0.03,0.1288888888888889,rho_a1,0.30033801849929664,0.47514969209935115,0.2807525015516119,10.0,
sulfur,hard_sparse,outlier,7004,0.3102323043166013,0.38644659732151426,0.3016934218920864,0.03,0.1288888888888889,rho_landscape_a1,0.30453899410948243,0.47809367390471474,0.28509430799397545,12.0,
sulfur,hard_sparse,outlier,7004,0.3102323043166013,0.38644659732151426,0.3016934218920864,0.03,0.1288888888888889,rho_filter_a1,0.3087826804120544,0.4137714121241512,0.2970199729113664,25.0,
sulfur,hard_sparse,outlier,7005,0.3298026281907438,0.4097661159822464,0.32067030785800954,0.020666666666666667,0.05333333333333334,all_data,0.2818163466476821,0.3864736987442313,0.26986383568400935,,
sulfur,hard_sparse,outlier,7005,0.3298026281907438,0.4097661159822464,0.32067030785800954,0.020666666666666667,0.05333333333333334,random,0.28077803020260744,0.34255943924034327,0.27372221468576297,,
sulfur,hard_sparse,outlier,7005,0.3298026281907438,0.4097661159822464,0.32067030785800954,0.020666666666666667,0.05333333333333334,uniform,0.2833652987389686,0.38535281491783957,0.2717176993982062,6.0,
sulfur,hard_sparse,outlier,7005,0.3298026281907438,0.4097661159822464,0.32067030785800954,0.020666666666666667,0.05333333333333334,rho,0.29517160632426614,0.38618773946821977,0.28477700616019347,4.0,
sulfur,hard_sparse,outlier,7005,0.3298026281907438,0.4097661159822464,0.32067030785800954,0.020666666666666667,0.05333333333333334,ws_default,0.2731595158073655,0.3743920519644509,0.2615981398117096,4.0,
sulfur,hard_sparse,outlier,7005,0.3298026281907438,0.4097661159822464,0.32067030785800954,0.020666666666666667,0.05333333333333334,ws_tuned,0.2750188603760823,0.3398072836499457,0.26761962540608675,7.0,
sulfur,hard_sparse,outlier,7005,0.3298026281907438,0.4097661159822464,0.32067030785800954,0.020666666666666667,0.05333333333333334,kcenter_a1,0.285164696947431,0.3749161013753374,0.2749145365531576,14.0,
sulfur,hard_sparse,outlier,7005,0.3298026281907438,0.4097661159822464,0.32067030785800954,0.020666666666666667,0.05333333333333334,rho_a1,0.3170431795399727,0.4376649070582013,0.3032674390713171,2.0,
sulfur,hard_sparse,outlier,7005,0.3298026281907438,0.4097661159822464,0.32067030785800954,0.020666666666666667,0.05333333333333334,rho_landscape_a1,0.297918459450142,0.4033956670965249,0.28587231595849383,6.0,
sulfur,hard_sparse,outlier,7005,0.3298026281907438,0.4097661159822464,0.32067030785800954,0.020666666666666667,0.05333333333333334,rho_filter_a1,0.2750920186140028,0.32816349277881934,0.26903093103529113,12.0,
sulfur,hard_sparse,outlier,7006,0.29955015923802286,0.4202664180306251,0.28542558162447906,0.024666666666666667,0.035555555555555556,all_data,0.2698140894413623,0.3989442478673666,0.2547050315300259,,
sulfur,hard_sparse,outlier,7006,0.29955015923802286,0.4202664180306251,0.28542558162447906,0.024666666666666667,0.035555555555555556,random,0.28422324378315345,0.3982504740256757,0.27088132547217414,,
sulfur,hard_sparse,outlier,7006,0.29955015923802286,0.4202664180306251,0.28542558162447906,0.024666666666666667,0.035555555555555556,uniform,0.3034450260974873,0.40891708160515217,0.2911041181785508,4.0,
sulfur,hard_sparse,outlier,7006,0.29955015923802286,0.4202664180306251,0.28542558162447906,0.024666666666666667,0.035555555555555556,rho,0.2945972059312623,0.4038130702535909,0.2818182483353238,5.0,
sulfur,hard_sparse,outlier,7006,0.29955015923802286,0.4202664180306251,0.28542558162447906,0.024666666666666667,0.035555555555555556,ws_default,0.2709127366406319,0.40003260751201203,0.2558048824392613,4.0,
sulfur,hard_sparse,outlier,7006,0.29955015923802286,0.4202664180306251,0.28542558162447906,0.024666666666666667,0.035555555555555556,ws_tuned,0.27299547406383845,0.3933354313791904,0.25891492614003714,5.0,
sulfur,hard_sparse,outlier,7006,0.29955015923802286,0.4202664180306251,0.28542558162447906,0.024666666666666667,0.035555555555555556,kcenter_a1,0.29995127325323045,0.40393525826827154,0.2877844791394907,3.0,
sulfur,hard_sparse,outlier,7006,0.29955015923802286,0.4202664180306251,0.28542558162447906,0.024666666666666667,0.035555555555555556,rho_a1,0.27612826531847956,0.4036397891921069,0.26120859804591606,8.0,
sulfur,hard_sparse,outlier,7006,0.29955015923802286,0.4202664180306251,0.28542558162447906,0.024666666666666667,0.035555555555555556,rho_landscape_a1,0.271471417270688,0.399392438733451,0.2565038361500798,10.0,
sulfur,hard_sparse,outlier,7006,0.29955015923802286,0.4202664180306251,0.28542558162447906,0.024666666666666667,0.035555555555555556,rho_filter_a1,0.2875323834316266,0.40860001617904507,0.2733666928085693,8.0,
sulfur,hard_sparse,outlier,7007,0.24587172799040122,0.36918927956971265,0.23171151861172884,0.026,0.008888888888888889,all_data,0.2324924056214897,0.33693580678071067,0.22049946212160143,,
sulfur,hard_sparse,outlier,7007,0.24587172799040122,0.36918927956971265,0.23171151861172884,0.026,0.008888888888888889,random,0.23994271692204383,0.35521186805659355,0.22670668284527834,,
sulfur,hard_sparse,outlier,7007,0.24587172799040122,0.36918927956971265,0.23171151861172884,0.026,0.008888888888888889,uniform,0.2612131984469489,0.40732951954570146,0.2444350701602471,4.0,
sulfur,hard_sparse,outlier,7007,0.24587172799040122,0.36918927956971265,0.23171151861172884,0.026,0.008888888888888889,rho,0.24526024887371056,0.3562223542405903,0.23251878081040112,8.0,
sulfur,hard_sparse,outlier,7007,0.24587172799040122,0.36918927956971265,0.23171151861172884,0.026,0.008888888888888889,ws_default,0.246665768026521,0.3629009105737663,0.2333188118588886,3.0,
sulfur,hard_sparse,outlier,7007,0.24587172799040122,0.36918927956971265,0.23171151861172884,0.026,0.008888888888888889,ws_tuned,0.2296481166508279,0.3565816989599906,0.21507268858188283,3.0,
sulfur,hard_sparse,outlier,7007,0.24587172799040122,0.36918927956971265,0.23171151861172884,0.026,0.008888888888888889,kcenter_a1,0.26025371713701895,0.37381236628338665,0.24721409521720192,10.0,
sulfur,hard_sparse,outlier,7007,0.24587172799040122,0.36918927956971265,0.23171151861172884,0.026,0.008888888888888889,rho_a1,0.24496508848930154,0.3675680212312511,0.2308869367920654,6.0,
sulfur,hard_sparse,outlier,7007,0.24587172799040122,0.36918927956971265,0.23171151861172884,0.026,0.008888888888888889,rho_landscape_a1,0.24053059539895838,0.37509934721753657,0.2250784421801027,6.0,
sulfur,hard_sparse,outlier,7007,0.24587172799040122,0.36918927956971265,0.23171151861172884,0.026,0.008888888888888889,rho_filter_a1,0.23978267029612146,0.3727439546254891,0.22451509807101017,2.0,
sulfur,hard_sparse,outlier,7008,0.35809215732071825,0.3545872596996573,0.35850225285359294,0.026,0.02666666666666667,all_data,0.2934737126932997,0.3393672988566596,0.2881038683474612,,
sulfur,hard_sparse,outlier,7008,0.35809215732071825,0.3545872596996573,0.35850225285359294,0.026,0.02666666666666667,random,0.3461139666766106,0.3532675848664984,0.34527694740222825,,
sulfur,hard_sparse,outlier,7008,0.35809215732071825,0.3545872596996573,0.35850225285359294,0.026,0.02666666666666667,uniform,0.3274796907641347,0.3589839649922412,0.3237934883342055,5.0,
sulfur,hard_sparse,outlier,7008,0.35809215732071825,0.3545872596996573,0.35850225285359294,0.026,0.02666666666666667,rho,0.30393974940863044,0.3449632539292972,0.2991397358944838,12.0,
sulfur,hard_sparse,outlier,7008,0.35809215732071825,0.3545872596996573,0.35850225285359294,0.026,0.02666666666666667,ws_default,0.3037271182400148,0.34431808760481064,0.2989777141171862,6.0,
sulfur,hard_sparse,outlier,7008,0.35809215732071825,0.3545872596996573,0.35850225285359294,0.026,0.02666666666666667,ws_tuned,0.3192583644722597,0.35657680211433485,0.3148918675797634,7.0,
sulfur,hard_sparse,outlier,7008,0.35809215732071825,0.3545872596996573,0.35850225285359294,0.026,0.02666666666666667,kcenter_a1,0.3207876472819652,0.3724864440426717,0.3147385560106063,2.0,
sulfur,hard_sparse,outlier,7008,0.35809215732071825,0.3545872596996573,0.35850225285359294,0.026,0.02666666666666667,rho_a1,0.31787590888181405,0.3545836610919682,0.3135808661071549,4.0,
sulfur,hard_sparse,outlier,7008,0.35809215732071825,0.3545872596996573,0.35850225285359294,0.026,0.02666666666666667,rho_landscape_a1,0.3009150255900632,0.3341153471397889,0.29703037473015403,5.0,
sulfur,hard_sparse,outlier,7008,0.35809215732071825,0.3545872596996573,0.35850225285359294,0.026,0.02666666666666667,rho_filter_a1,0.2979409844800988,0.35348473686367193,0.2914420087055339,6.0,
sulfur,hard_sparse,outlier,7009,0.2689144772299485,0.3014619462998867,0.26509605907090544,0.03266666666666666,0.02666666666666667,all_data,0.2393792381930428,0.3197576654257366,0.22994936684172115,,
sulfur,hard_sparse,outlier,7009,0.2689144772299485,0.3014619462998867,0.26509605907090544,0.03266666666666666,0.02666666666666667,random,0.252764470721056,0.3395508548893425,0.24258282788567048,,
sulfur,hard_sparse,outlier,7009,0.2689144772299485,0.3014619462998867,0.26509605907090544,0.03266666666666666,0.02666666666666667,uniform,0.2636191511796422,0.3261479873790365,0.2562833659271993,13.0,
sulfur,hard_sparse,outlier,7009,0.2689144772299485,0.3014619462998867,0.26509605907090544,0.03266666666666666,0.02666666666666667,rho,0.2679296016823858,0.32391254698101757,0.26136177011103795,6.0,
sulfur,hard_sparse,outlier,7009,0.2689144772299485,0.3014619462998867,0.26509605907090544,0.03266666666666666,0.02666666666666667,ws_default,0.25355784179859536,0.30755957864894423,0.24722244250330305,7.0,
sulfur,hard_sparse,outlier,7009,0.2689144772299485,0.3014619462998867,0.26509605907090544,0.03266666666666666,0.02666666666666667,ws_tuned,0.2565964422705242,0.31576861933425737,0.24965445501723707,10.0,
sulfur,hard_sparse,outlier,7009,0.2689144772299485,0.3014619462998867,0.26509605907090544,0.03266666666666666,0.02666666666666667,kcenter_a1,0.2532142947358868,0.31548294995918175,0.24590903350857285,27.0,
sulfur,hard_sparse,outlier,7009,0.2689144772299485,0.3014619462998867,0.26509605907090544,0.03266666666666666,0.02666666666666667,rho_a1,0.26444445359608176,0.32984048137194033,0.2567722939128805,0.0,
sulfur,hard_sparse,outlier,7009,0.2689144772299485,0.3014619462998867,0.26509605907090544,0.03266666666666666,0.02666666666666667,rho_landscape_a1,0.26216240547636216,0.3265171780076,0.2546124042296807,2.0,
sulfur,hard_sparse,outlier,7009,0.2689144772299485,0.3014619462998867,0.26509605907090544,0.03266666666666666,0.02666666666666667,rho_filter_a1,0.25809410080754336,0.30882625629894306,0.252142283682854,6.0,
brazilian_houses,sparse_init,clean,7000,0.05927538309495728,0.0512356351877681,0.06017117051112368,0.13733333333333334,0.14666666666666667,all_data,0.03874534553716278,0.03863907581916569,0.038757186092016026,,
brazilian_houses,sparse_init,clean,7000,0.05927538309495728,0.0512356351877681,0.06017117051112368,0.13733333333333334,0.14666666666666667,random,0.03977369126252837,0.023091138942003254,0.04163245855358993,,
brazilian_houses,sparse_init,clean,7000,0.05927538309495728,0.0512356351877681,0.06017117051112368,0.13733333333333334,0.14666666666666667,uniform,0.09014085189671492,0.13539760794369327,0.08509835143135278,3.0,
brazilian_houses,sparse_init,clean,7000,0.05927538309495728,0.0512356351877681,0.06017117051112368,0.13733333333333334,0.14666666666666667,rho,0.11091914999905915,0.15237038168030836,0.10630066044524393,21.0,
brazilian_houses,sparse_init,clean,7000,0.05927538309495728,0.0512356351877681,0.06017117051112368,0.13733333333333334,0.14666666666666667,ws_default,0.11118872660047185,0.15209425282735,0.10663103946043903,29.0,
brazilian_houses,sparse_init,clean,7000,0.05927538309495728,0.0512356351877681,0.06017117051112368,0.13733333333333334,0.14666666666666667,ws_tuned,0.11292499234498382,0.15069320363343658,0.10871686432979359,25.0,
brazilian_houses,sparse_init,clean,7000,0.05927538309495728,0.0512356351877681,0.06017117051112368,0.13733333333333334,0.14666666666666667,kcenter_a1,0.0932810244976356,0.13897748437797444,0.0881895323020213,0.0,
brazilian_houses,sparse_init,clean,7000,0.05927538309495728,0.0512356351877681,0.06017117051112368,0.13733333333333334,0.14666666666666667,rho_a1,0.11163634329844535,0.14859724140570968,0.10751816598779988,22.0,
brazilian_houses,sparse_init,clean,7000,0.05927538309495728,0.0512356351877681,0.06017117051112368,0.13733333333333334,0.14666666666666667,rho_landscape_a1,0.11230689061277813,0.15124953598710122,0.10796790734100718,27.0,
brazilian_houses,sparse_init,clean,7000,0.05927538309495728,0.0512356351877681,0.06017117051112368,0.13733333333333334,0.14666666666666667,rho_filter_a1,0.1135767327301149,0.15210177025506527,0.10928427925762113,30.0,
brazilian_houses,sparse_init,clean,7001,0.13138032995891313,0.08070720712112904,0.1371989828600188,0.13066666666666665,0.16,all_data,0.05747325133402733,0.018372292712166886,0.06196310499963671,,
brazilian_houses,sparse_init,clean,7001,0.13138032995891313,0.08070720712112904,0.1371989828600188,0.13066666666666665,0.16,random,0.08677351273715214,0.022450522638602456,0.09415954170053076,,
brazilian_houses,sparse_init,clean,7001,0.13138032995891313,0.08070720712112904,0.1371989828600188,0.13066666666666665,0.16,uniform,0.09247071975262965,0.046250352726963324,0.09777807516360361,1.0,
brazilian_houses,sparse_init,clean,7001,0.13138032995891313,0.08070720712112904,0.1371989828600188,0.13066666666666665,0.16,rho,0.07825092198452965,0.04239053859742815,0.08236866946376206,17.0,
brazilian_houses,sparse_init,clean,7001,0.13138032995891313,0.08070720712112904,0.1371989828600188,0.13066666666666665,0.16,ws_default,0.07885813574500183,0.021576168011970116,0.08543566381245142,28.0,
brazilian_houses,sparse_init,clean,7001,0.13138032995891313,0.08070720712112904,0.1371989828600188,0.13066666666666665,0.16,ws_tuned,0.07728240991733676,0.02860693788482272,0.08287167816633224,26.0,
brazilian_houses,sparse_init,clean,7001,0.13138032995891313,0.08070720712112904,0.1371989828600188,0.13066666666666665,0.16,kcenter_a1,0.07956194762677168,0.0598112055399262,0.08182987007375615,0.0,
brazilian_houses,sparse_init,clean,7001,0.13138032995891313,0.08070720712112904,0.1371989828600188,0.13066666666666665,0.16,rho_a1,0.07616409107549416,0.03847484304210908,0.08049184196450049,24.0,
brazilian_houses,sparse_init,clean,7001,0.13138032995891313,0.08070720712112904,0.1371989828600188,0.13066666666666665,0.16,rho_landscape_a1,0.0800310840603083,0.04109018600116545,0.0845025584193849,30.0,
brazilian_houses,sparse_init,clean,7001,0.13138032995891313,0.08070720712112904,0.1371989828600188,0.13066666666666665,0.16,rho_filter_a1,0.08227036642980803,0.03988644261818195,0.08713719380171162,36.0,
brazilian_houses,sparse_init,clean,7002,0.16001404196759397,0.11422603453815622,0.16517235713002018,0.12866666666666668,0.05333333333333334,all_data,0.041856082618319725,0.020683912145295538,0.04424126454921675,,
brazilian_houses,sparse_init,clean,7002,0.16001404196759397,0.11422603453815622,0.16517235713002018,0.12866666666666668,0.05333333333333334,random,0.12352724595191358,0.09102041436256261,0.1271893507623968,,
brazilian_houses,sparse_init,clean,7002,0.16001404196759397,0.11422603453815622,0.16517235713002018,0.12866666666666668,0.05333333333333334,uniform,0.1198436322809608,0.09454655014082718,0.12269351218826374,9.0,
brazilian_houses,sparse_init,clean,7002,0.16001404196759397,0.11422603453815622,0.16517235713002018,0.12866666666666668,0.05333333333333334,rho,0.10875604499729448,0.08373849481299447,0.11157443382195138,25.0,
brazilian_houses,sparse_init,clean,7002,0.16001404196759397,0.11422603453815622,0.16517235713002018,0.12866666666666668,0.05333333333333334,ws_default,0.12851922365611557,0.09492733998130132,0.1323035666014006,22.0,
brazilian_houses,sparse_init,clean,7002,0.16001404196759397,0.11422603453815622,0.16517235713002018,0.12866666666666668,0.05333333333333334,ws_tuned,0.12770572259571095,0.08842416207300041,0.132131044434848,18.0,
brazilian_houses,sparse_init,clean,7002,0.16001404196759397,0.11422603453815622,0.16517235713002018,0.12866666666666668,0.05333333333333334,kcenter_a1,0.12021927019361255,0.10194762779735371,0.12227768887803114,0.0,
brazilian_houses,sparse_init,clean,7002,0.16001404196759397,0.11422603453815622,0.16517235713002018,0.12866666666666668,0.05333333333333334,rho_a1,0.11578698080245287,0.08726862339150396,0.11899975820201732,25.0,
brazilian_houses,sparse_init,clean,7002,0.16001404196759397,0.11422603453815622,0.16517235713002018,0.12866666666666668,0.05333333333333334,rho_landscape_a1,0.11255506406954378,0.08283931602332731,0.11590273526807443,23.0,
brazilian_houses,sparse_init,clean,7002,0.16001404196759397,0.11422603453815622,0.16517235713002018,0.12866666666666668,0.05333333333333334,rho_filter_a1,0.11561857204876307,0.09624469171828548,0.11780116496499211,11.0,
brazilian_houses,sparse_init,clean,7003,0.09172207904809387,0.08413714560244923,0.09251597293815168,0.12533333333333332,0.2311111111111111,all_data,0.04247807538443059,0.025419820743314607,0.04426351545871475,,
brazilian_houses,sparse_init,clean,7003,0.09172207904809387,0.08413714560244923,0.09251597293815168,0.12533333333333332,0.2311111111111111,random,0.056043335903706956,0.04658538747970918,0.05703327306269486,,
brazilian_houses,sparse_init,clean,7003,0.09172207904809387,0.08413714560244923,0.09251597293815168,0.12533333333333332,0.2311111111111111,uniform,0.10258877232197329,0.08076430688969605,0.10487307842493741,39.0,
brazilian_houses,sparse_init,clean,7003,0.09172207904809387,0.08413714560244923,0.09251597293815168,0.12533333333333332,0.2311111111111111,rho,0.03748005046749879,0.031026898632032784,0.03815548392390355,30.0,
brazilian_houses,sparse_init,clean,7003,0.09172207904809387,0.08413714560244923,0.09251597293815168,0.12533333333333332,0.2311111111111111,ws_default,0.034439161804697575,0.032905088651951214,0.03459972897533852,28.0,
brazilian_houses,sparse_init,clean,7003,0.09172207904809387,0.08413714560244923,0.09251597293815168,0.12533333333333332,0.2311111111111111,ws_tuned,0.03435834755718112,0.03434660884659023,0.03435957621537332,56.0,
brazilian_houses,sparse_init,clean,7003,0.09172207904809387,0.08413714560244923,0.09251597293815168,0.12533333333333332,0.2311111111111111,kcenter_a1,0.10257459864539854,0.08207777377139208,0.1047199443032965,68.0,
brazilian_houses,sparse_init,clean,7003,0.09172207904809387,0.08413714560244923,0.09251597293815168,0.12533333333333332,0.2311111111111111,rho_a1,0.042916557474413766,0.03235012307938764,0.044022516777290015,53.0,
brazilian_houses,sparse_init,clean,7003,0.09172207904809387,0.08413714560244923,0.09251597293815168,0.12533333333333332,0.2311111111111111,rho_landscape_a1,0.041019064708096145,0.03215950903623979,0.04194636976184747,55.0,
brazilian_houses,sparse_init,clean,7003,0.09172207904809387,0.08413714560244923,0.09251597293815168,0.12533333333333332,0.2311111111111111,rho_filter_a1,0.04410633958844393,0.035256191421170695,0.04503265998485282,47.0,
brazilian_houses,sparse_init,clean,7004,0.14359569854437876,0.11017064077383176,0.14736124747263232,0.132,0.08,all_data,0.04806255467410707,0.020358617262005756,0.0511835823936901,,
brazilian_houses,sparse_init,clean,7004,0.14359569854437876,0.11017064077383176,0.14736124747263232,0.132,0.08,random,0.0635527018992137,0.04046145956373018,0.0661540796866604,,
brazilian_houses,sparse_init,clean,7004,0.14359569854437876,0.11017064077383176,0.14736124747263232,0.132,0.08,uniform,0.10532156617022762,0.09265934057370387,0.10674804777428662,9.0,
brazilian_houses,sparse_init,clean,7004,0.14359569854437876,0.11017064077383176,0.14736124747263232,0.132,0.08,rho,0.04688144366360487,0.02570394493835262,0.04926722585657487,31.0,
brazilian_houses,sparse_init,clean,7004,0.14359569854437876,0.11017064077383176,0.14736124747263232,0.132,0.08,ws_default,0.05557368119996127,0.02336053752332118,0.05920270016770516,27.0,
brazilian_houses,sparse_init,clean,7004,0.14359569854437876,0.11017064077383176,0.14736124747263232,0.132,0.08,ws_tuned,0.11182404896441986,0.09420331772249108,0.11380913829765522,22.0,
brazilian_houses,sparse_init,clean,7004,0.14359569854437876,0.11017064077383176,0.14736124747263232,0.132,0.08,kcenter_a1,0.10724427851427802,0.09221793691580546,0.10893709307544114,0.0,
brazilian_houses,sparse_init,clean,7004,0.14359569854437876,0.11017064077383176,0.14736124747263232,0.132,0.08,rho_a1,0.04875050513420702,0.03398045109842934,0.050414447243939974,17.0,
brazilian_houses,sparse_init,clean,7004,0.14359569854437876,0.11017064077383176,0.14736124747263232,0.132,0.08,rho_landscape_a1,0.05468713531011174,0.03413680644845305,0.057002262761842414,14.0,
brazilian_houses,sparse_init,clean,7004,0.14359569854437876,0.11017064077383176,0.14736124747263232,0.132,0.08,rho_filter_a1,0.05164837207054865,0.034703233454419086,0.05355735152521693,18.0,
brazilian_houses,sparse_init,clean,7005,0.21110257675447666,0.08929767834324935,0.223591943405242,0.124,0.19111111111111112,all_data,0.07081438287467509,0.025609082481125797,0.07544954598007758,,
brazilian_houses,sparse_init,clean,7005,0.21110257675447666,0.08929767834324935,0.223591943405242,0.124,0.19111111111111112,random,0.13038794246307117,0.0529172639693876,0.13833146297014126,,
brazilian_houses,sparse_init,clean,7005,0.21110257675447666,0.08929767834324935,0.223591943405242,0.124,0.19111111111111112,uniform,0.08353860745427041,0.04273172633152592,0.08772277497843275,31.0,
brazilian_houses,sparse_init,clean,7005,0.21110257675447666,0.08929767834324935,0.223591943405242,0.124,0.19111111111111112,rho,0.08193990474238524,0.0393935115505071,0.08630243458455136,34.0,
brazilian_houses,sparse_init,clean,7005,0.21110257675447666,0.08929767834324935,0.223591943405242,0.124,0.19111111111111112,ws_default,0.1322169593872411,0.04216887393517972,0.14145011478640507,35.0,
brazilian_houses,sparse_init,clean,7005,0.21110257675447666,0.08929767834324935,0.223591943405242,0.124,0.19111111111111112,ws_tuned,0.12108049242124239,0.04449631867492177,0.12893311442610217,34.0,
brazilian_houses,sparse_init,clean,7005,0.21110257675447666,0.08929767834324935,0.223591943405242,0.124,0.19111111111111112,kcenter_a1,0.09006587186059518,0.0458255548423498,0.0946020895923447,35.0,
brazilian_houses,sparse_init,clean,7005,0.21110257675447666,0.08929767834324935,0.223591943405242,0.124,0.19111111111111112,rho_a1,0.07585795405582067,0.04118698638635005,0.0794129705864279,32.0,
brazilian_houses,sparse_init,clean,7005,0.21110257675447666,0.08929767834324935,0.223591943405242,0.124,0.19111111111111112,rho_landscape_a1,0.08337634936423552,0.047195047187416905,0.0870862293007781,31.0,
brazilian_houses,sparse_init,clean,7005,0.21110257675447666,0.08929767834324935,0.223591943405242,0.124,0.19111111111111112,rho_filter_a1,0.12914314783159392,0.04590570207830249,0.13767796861996892,36.0,
brazilian_houses,sparse_init,clean,7006,0.12270286369070828,0.06534567967692152,0.12882900453999485,0.13066666666666665,0.29777777777777775,all_data,0.056268418393517476,0.04102379013260083,0.057896649303510225,,
brazilian_houses,sparse_init,clean,7006,0.12270286369070828,0.06534567967692152,0.12882900453999485,0.13066666666666665,0.29777777777777775,random,0.08531588379107032,0.02120511511652975,0.09216335382659124,,
brazilian_houses,sparse_init,clean,7006,0.12270286369070828,0.06534567967692152,0.12882900453999485,0.13066666666666665,0.29777777777777775,uniform,0.05991780059191983,0.03324290299469369,0.06276686270385379,3.0,
brazilian_houses,sparse_init,clean,7006,0.12270286369070828,0.06534567967692152,0.12882900453999485,0.13066666666666665,0.29777777777777775,rho,0.08724703511130567,0.015222437154599035,0.09493975642046137,26.0,
brazilian_houses,sparse_init,clean,7006,0.12270286369070828,0.06534567967692152,0.12882900453999485,0.13066666666666665,0.29777777777777775,ws_default,0.08665815134296018,0.022063940032303636,0.0935572563694996,36.0,
brazilian_houses,sparse_init,clean,7006,0.12270286369070828,0.06534567967692152,0.12882900453999485,0.13066666666666665,0.29777777777777775,ws_tuned,0.08648578260990582,0.023554376435823046,0.0932072886373535,53.0,
brazilian_houses,sparse_init,clean,7006,0.12270286369070828,0.06534567967692152,0.12882900453999485,0.13066666666666665,0.29777777777777775,kcenter_a1,0.05600609910104815,0.03526730645298379,0.058221144469657135,0.0,
brazilian_houses,sparse_init,clean,7006,0.12270286369070828,0.06534567967692152,0.12882900453999485,0.13066666666666665,0.29777777777777775,rho_a1,0.08437856730273001,0.017658776016886896,0.09150469885677964,47.0,
brazilian_houses,sparse_init,clean,7006,0.12270286369070828,0.06534567967692152,0.12882900453999485,0.13066666666666665,0.29777777777777775,rho_landscape_a1,0.08798126684054847,0.03138970030412709,0.0940256344894302,49.0,
brazilian_houses,sparse_init,clean,7006,0.12270286369070828,0.06534567967692152,0.12882900453999485,0.13066666666666665,0.29777777777777775,rho_filter_a1,0.08340636879691385,0.017990269270113175,0.09039325712490084,65.0,
brazilian_houses,sparse_init,clean,7007,0.12339232858420132,0.08367531041558957,0.1278913061501977,0.11533333333333333,0.28444444444444444,all_data,0.04634764281557665,0.029936009440949648,0.048206683946518246,,
brazilian_houses,sparse_init,clean,7007,0.12339232858420132,0.08367531041558957,0.1278913061501977,0.11533333333333333,0.28444444444444444,random,0.08990667759922014,0.039591269107172464,0.09560619645707247,,
brazilian_houses,sparse_init,clean,7007,0.12339232858420132,0.08367531041558957,0.1278913061501977,0.11533333333333333,0.28444444444444444,uniform,0.08846977876827208,0.04972352056669191,0.09285879270872381,36.0,
brazilian_houses,sparse_init,clean,7007,0.12339232858420132,0.08367531041558957,0.1278913061501977,0.11533333333333333,0.28444444444444444,rho,0.10163987822463284,0.06798030786739127,0.10545269345853135,13.0,
brazilian_houses,sparse_init,clean,7007,0.12339232858420132,0.08367531041558957,0.1278913061501977,0.11533333333333333,0.28444444444444444,ws_default,0.0856582688903779,0.03583081917066269,0.09130251382105532,31.0,
brazilian_houses,sparse_init,clean,7007,0.12339232858420132,0.08367531041558957,0.1278913061501977,0.11533333333333333,0.28444444444444444,ws_tuned,0.08427830001771933,0.03485070599770877,0.08987725096849702,45.0,
brazilian_houses,sparse_init,clean,7007,0.12339232858420132,0.08367531041558957,0.1278913061501977,0.11533333333333333,0.28444444444444444,kcenter_a1,0.09638069928712352,0.05687797613430454,0.10085540241075204,41.0,
brazilian_houses,sparse_init,clean,7007,0.12339232858420132,0.08367531041558957,0.1278913061501977,0.11533333333333333,0.28444444444444444,rho_a1,0.09607513061556412,0.055474922809331015,0.10067415220675167,54.0,
brazilian_houses,sparse_init,clean,7007,0.12339232858420132,0.08367531041558957,0.1278913061501977,0.11533333333333333,0.28444444444444444,rho_landscape_a1,0.09924562571273446,0.05454662268370298,0.10430894166954376,57.0,
brazilian_houses,sparse_init,clean,7007,0.12339232858420132,0.08367531041558957,0.1278913061501977,0.11533333333333333,0.28444444444444444,rho_filter_a1,0.0998064086599564,0.05618038566983513,0.1047481819293634,58.0,
brazilian_houses,sparse_init,clean,7008,0.0674323383789029,0.06816337666565314,0.06735066039355728,0.11466666666666667,0.2577777777777778,all_data,0.023239827598057112,0.018022006444808763,0.023822808171599593,,
brazilian_houses,sparse_init,clean,7008,0.0674323383789029,0.06816337666565314,0.06735066039355728,0.11466666666666667,0.2577777777777778,random,0.044683544547611094,0.046566107981174464,0.04447320811062041,,
brazilian_houses,sparse_init,clean,7008,0.0674323383789029,0.06816337666565314,0.06735066039355728,0.11466666666666667,0.2577777777777778,uniform,0.04141927200894307,0.03103081299277435,0.042579961426536125,42.0,
brazilian_houses,sparse_init,clean,7008,0.0674323383789029,0.06816337666565314,0.06735066039355728,0.11466666666666667,0.2577777777777778,rho,0.04292981058160738,0.033418287703775536,0.0439925210309927,25.0,
brazilian_houses,sparse_init,clean,7008,0.0674323383789029,0.06816337666565314,0.06735066039355728,0.11466666666666667,0.2577777777777778,ws_default,0.04009592967502691,0.04486864706893646,0.03956267998287804,22.0,
brazilian_houses,sparse_init,clean,7008,0.0674323383789029,0.06816337666565314,0.06735066039355728,0.11466666666666667,0.2577777777777778,ws_tuned,0.03516400263541634,0.027923633884384777,0.035972959899984065,49.0,
brazilian_houses,sparse_init,clean,7008,0.0674323383789029,0.06816337666565314,0.06735066039355728,0.11466666666666667,0.2577777777777778,kcenter_a1,0.04107130643229771,0.0278969372073063,0.04254326208222726,66.0,
brazilian_houses,sparse_init,clean,7008,0.0674323383789029,0.06816337666565314,0.06735066039355728,0.11466666666666667,0.2577777777777778,rho_a1,0.04308306010376542,0.03061852176856338,0.044475707244052025,47.0,
brazilian_houses,sparse_init,clean,7008,0.0674323383789029,0.06816337666565314,0.06735066039355728,0.11466666666666667,0.2577777777777778,rho_landscape_a1,0.038198376348052725,0.03244520868733364,0.03884117051136819,47.0,
brazilian_houses,sparse_init,clean,7008,0.0674323383789029,0.06816337666565314,0.06735066039355728,0.11466666666666667,0.2577777777777778,rho_filter_a1,0.039926438405483204,0.02881014685354801,0.04116844763390953,50.0,
brazilian_houses,sparse_init,clean,7009,0.1621552060080253,0.13760664701088868,0.1647471213029137,0.12133333333333333,0.14222222222222222,all_data,0.039790549578615796,0.015260885538748164,0.04238046988354378,,
brazilian_houses,sparse_init,clean,7009,0.1621552060080253,0.13760664701088868,0.1647471213029137,0.12133333333333333,0.14222222222222222,random,0.12362861048862735,0.09985964102136351,0.12613821423005764,,
brazilian_houses,sparse_init,clean,7009,0.1621552060080253,0.13760664701088868,0.1647471213029137,0.12133333333333333,0.14222222222222222,uniform,0.11560559388085122,0.10133529117558272,0.11711229803602327,8.0,
brazilian_houses,sparse_init,clean,7009,0.1621552060080253,0.13760664701088868,0.1647471213029137,0.12133333333333333,0.14222222222222222,rho,0.11908066160088344,0.09951684471209746,0.12114627189704602,24.0,
brazilian_houses,sparse_init,clean,7009,0.1621552060080253,0.13760664701088868,0.1647471213029137,0.12133333333333333,0.14222222222222222,ws_default,0.12512608406649686,0.10038446443134658,0.1277383833204016,21.0,
brazilian_houses,sparse_init,clean,7009,0.1621552060080253,0.13760664701088868,0.1647471213029137,0.12133333333333333,0.14222222222222222,ws_tuned,0.11220859777534672,0.09446681454558091,0.11408183193614566,26.0,
brazilian_houses,sparse_init,clean,7009,0.1621552060080253,0.13760664701088868,0.1647471213029137,0.12133333333333333,0.14222222222222222,kcenter_a1,0.12777111727061308,0.10476422548751467,0.13020025841520777,0.0,
brazilian_houses,sparse_init,clean,7009,0.1621552060080253,0.13760664701088868,0.1647471213029137,0.12133333333333333,0.14222222222222222,rho_a1,0.11371667878031397,0.08790146466418475,0.11644233156980024,36.0,
brazilian_houses,sparse_init,clean,7009,0.1621552060080253,0.13760664701088868,0.1647471213029137,0.12133333333333333,0.14222222222222222,rho_landscape_a1,0.12195841441513669,0.09292364658961005,0.12502399797217129,39.0,
brazilian_houses,sparse_init,clean,7009,0.1621552060080253,0.13760664701088868,0.1647471213029137,0.12133333333333333,0.14222222222222222,rho_filter_a1,0.11927411161307003,0.09746337812417827,0.12157695854307465,28.0,
brazilian_houses,sparse_init,outlier,7000,0.21688201212875619,0.24403997353164453,0.2138560764459114,0.13733333333333334,0.1688888888888889,all_data,0.13176179790197173,0.12129010680618896,0.13292855203628928,,
brazilian_houses,sparse_init,outlier,7000,0.21688201212875619,0.24403997353164453,0.2138560764459114,0.13733333333333334,0.1688888888888889,random,0.16523904826840652,0.11822106670645727,0.17047778419681486,,
brazilian_houses,sparse_init,outlier,7000,0.21688201212875619,0.24403997353164453,0.2138560764459114,0.13733333333333334,0.1688888888888889,uniform,0.16320442208410685,0.1782090747150991,0.16153260610604964,3.0,
brazilian_houses,sparse_init,outlier,7000,0.21688201212875619,0.24403997353164453,0.2138560764459114,0.13733333333333334,0.1688888888888889,rho,0.17842391119284234,0.17483178819829223,0.17882414495800342,19.0,
brazilian_houses,sparse_init,outlier,7000,0.21688201212875619,0.24403997353164453,0.2138560764459114,0.13733333333333334,0.1688888888888889,ws_default,0.13528449953377464,0.07419009030975608,0.1420916287637917,27.0,
brazilian_houses,sparse_init,outlier,7000,0.21688201212875619,0.24403997353164453,0.2138560764459114,0.13733333333333334,0.1688888888888889,ws_tuned,0.17266261813422232,0.1766924881559349,0.17221361066584037,23.0,
brazilian_houses,sparse_init,outlier,7000,0.21688201212875619,0.24403997353164453,0.2138560764459114,0.13733333333333334,0.1688888888888889,kcenter_a1,0.16627850165329602,0.18099525292842203,0.16463876359791244,0.0,
brazilian_houses,sparse_init,outlier,7000,0.21688201212875619,0.24403997353164453,0.2138560764459114,0.13733333333333334,0.1688888888888889,rho_a1,0.1725354452358609,0.1738244859885725,0.17239182052293023,25.0,
brazilian_houses,sparse_init,outlier,7000,0.21688201212875619,0.24403997353164453,0.2138560764459114,0.13733333333333334,0.1688888888888889,rho_landscape_a1,0.1693554167929454,0.18669997729167315,0.16742288865735502,37.0,
brazilian_houses,sparse_init,outlier,7000,0.21688201212875619,0.24403997353164453,0.2138560764459114,0.13733333333333334,0.1688888888888889,rho_filter_a1,0.17081923781641747,0.175731285520481,0.1702719382528361,33.0,
brazilian_houses,sparse_init,outlier,7001,0.20308587169899137,0.2797249794757726,0.19428561740578235,0.13333333333333333,0.24888888888888888,all_data,0.16611545398056435,0.12337627191437987,0.1710230746637494,,
brazilian_houses,sparse_init,outlier,7001,0.20308587169899137,0.2797249794757726,0.19428561740578235,0.13333333333333333,0.24888888888888888,random,0.23241231610558666,0.15784692867505098,0.2409744508941542,,
brazilian_houses,sparse_init,outlier,7001,0.20308587169899137,0.2797249794757726,0.19428561740578235,0.13333333333333333,0.24888888888888888,uniform,0.18810400230346125,0.19359405144280675,0.18747359532313507,2.0,
brazilian_houses,sparse_init,outlier,7001,0.20308587169899137,0.2797249794757726,0.19428561740578235,0.13333333333333333,0.24888888888888888,rho,0.1865169831117183,0.13935046660750525,0.1919329822197829,35.0,
brazilian_houses,sparse_init,outlier,7001,0.20308587169899137,0.2797249794757726,0.19428561740578235,0.13333333333333333,0.24888888888888888,ws_default,0.23678223664057088,0.14455918406721013,0.2473719517075231,33.0,
brazilian_houses,sparse_init,outlier,7001,0.20308587169899137,0.2797249794757726,0.19428561740578235,0.13333333333333333,0.24888888888888888,ws_tuned,0.2253816476346804,0.18145592246611475,0.23042551574210765,49.0,
brazilian_houses,sparse_init,outlier,7001,0.20308587169899137,0.2797249794757726,0.19428561740578235,0.13333333333333333,0.24888888888888888,kcenter_a1,0.18814187487818407,0.21314679009103657,0.18527063043345293,0.0,
brazilian_houses,sparse_init,outlier,7001,0.20308587169899137,0.2797249794757726,0.19428561740578235,0.13333333333333333,0.24888888888888888,rho_a1,0.20940190055798885,0.15658095892768897,0.21546718148097757,108.0,
brazilian_houses,sparse_init,outlier,7001,0.20308587169899137,0.2797249794757726,0.19428561740578235,0.13333333333333333,0.24888888888888888,rho_landscape_a1,0.21701329217391,0.17893574557640962,0.22138563030049033,108.0,
brazilian_houses,sparse_init,outlier,7001,0.20308587169899137,0.2797249794757726,0.19428561740578235,0.13333333333333333,0.24888888888888888,rho_filter_a1,0.24437308388581938,0.20591909695132182,0.24878864760293565,55.0,
brazilian_houses,sparse_init,outlier,7002,0.18368485689950106,0.09714715464837574,0.19343388872473213,0.134,0.10666666666666667,all_data,0.12277072455799407,0.08498411679686989,0.12702763030020695,,
brazilian_houses,sparse_init,outlier,7002,0.18368485689950106,0.09714715464837574,0.19343388872473213,0.134,0.10666666666666667,random,0.19987329153270195,0.12582517580343738,0.20821529066214622,,
brazilian_houses,sparse_init,outlier,7002,0.18368485689950106,0.09714715464837574,0.19343388872473213,0.134,0.10666666666666667,uniform,0.14375397974548484,0.11840103425550526,0.14661015302043393,8.0,
brazilian_houses,sparse_init,outlier,7002,0.18368485689950106,0.09714715464837574,0.19343388872473213,0.134,0.10666666666666667,rho,0.17689563189781302,0.12085941983961601,0.18320847359004383,28.0,
brazilian_houses,sparse_init,outlier,7002,0.18368485689950106,0.09714715464837574,0.19343388872473213,0.134,0.10666666666666667,ws_default,0.24177785517740408,0.16225417759850272,0.25073671176139717,24.0,
brazilian_houses,sparse_init,outlier,7002,0.18368485689950106,0.09714715464837574,0.19343388872473213,0.134,0.10666666666666667,ws_tuned,0.19612162990121562,0.1627501565185631,0.1998811422016257,28.0,
brazilian_houses,sparse_init,outlier,7002,0.18368485689950106,0.09714715464837574,0.19343388872473213,0.134,0.10666666666666667,kcenter_a1,0.15067021007212042,0.15493227116297828,0.1501900613261406,0.0,
brazilian_houses,sparse_init,outlier,7002,0.18368485689950106,0.09714715464837574,0.19343388872473213,0.134,0.10666666666666667,rho_a1,0.17259983294780334,0.14472065821358232,0.1757406022850383,37.0,
brazilian_houses,sparse_init,outlier,7002,0.18368485689950106,0.09714715464837574,0.19343388872473213,0.134,0.10666666666666667,rho_landscape_a1,0.1728222754466675,0.13600806779764027,0.17696963402743413,31.0,
brazilian_houses,sparse_init,outlier,7002,0.18368485689950106,0.09714715464837574,0.19343388872473213,0.134,0.10666666666666667,rho_filter_a1,0.16749747671483659,0.11623145939523152,0.17327292511940964,22.0,
brazilian_houses,sparse_init,outlier,7003,0.24016932769246294,0.30240342068249493,0.23365545825219167,0.12066666666666667,0.18666666666666668,all_data,0.1219049999880821,0.12068513963279065,0.12203267937903915,,
brazilian_houses,sparse_init,outlier,7003,0.24016932769246294,0.30240342068249493,0.23365545825219167,0.12066666666666667,0.18666666666666668,random,0.20816587738004735,0.22098899496104424,0.20682371732393084,,
brazilian_houses,sparse_init,outlier,7003,0.24016932769246294,0.30240342068249493,0.23365545825219167,0.12066666666666667,0.18666666666666668,uniform,0.20444787621605218,0.253312831664154,0.19933331722272699,41.0,
brazilian_houses,sparse_init,outlier,7003,0.24016932769246294,0.30240342068249493,0.23365545825219167,0.12066666666666667,0.18666666666666668,rho,0.19611603681037354,0.19656802298499737,0.1960687286744491,37.0,
brazilian_houses,sparse_init,outlier,7003,0.24016932769246294,0.30240342068249493,0.23365545825219167,0.12066666666666667,0.18666666666666668,ws_default,0.18887048260176362,0.1800442143005859,0.18979430355899818,35.0,
brazilian_houses,sparse_init,outlier,7003,0.24016932769246294,0.30240342068249493,0.23365545825219167,0.12066666666666667,0.18666666666666668,ws_tuned,0.21445976161275868,0.2167700079858755,0.2142179545496791,43.0,
brazilian_houses,sparse_init,outlier,7003,0.24016932769246294,0.30240342068249493,0.23365545825219167,0.12066666666666667,0.18666666666666668,kcenter_a1,0.18669500683965076,0.16948932905964312,0.18849587728389902,65.0,
brazilian_houses,sparse_init,outlier,7003,0.24016932769246294,0.30240342068249493,0.23365545825219167,0.12066666666666667,0.18666666666666668,rho_a1,0.2045339409203445,0.20040584616482252,0.20496601711817455,51.0,
brazilian_houses,sparse_init,outlier,7003,0.24016932769246294,0.30240342068249493,0.23365545825219167,0.12066666666666667,0.18666666666666668,rho_landscape_a1,0.2051495604951558,0.19729964876284448,0.20597118892557448,54.0,
brazilian_houses,sparse_init,outlier,7003,0.24016932769246294,0.30240342068249493,0.23365545825219167,0.12066666666666667,0.18666666666666668,rho_filter_a1,0.1971936279887765,0.1980696463644557,0.19710193758160102,38.0,
brazilian_houses,sparse_init,outlier,7004,0.18664527812970072,0.10392615645032058,0.19596412215755857,0.13533333333333333,0.02666666666666667,all_data,0.12297878183248141,0.08010328203230514,0.12780898417436498,,
brazilian_houses,sparse_init,outlier,7004,0.18664527812970072,0.10392615645032058,0.19596412215755857,0.13533333333333333,0.02666666666666667,random,0.19136196876437267,0.11689198018302252,0.1997514945989893,,
brazilian_houses,sparse_init,outlier,7004,0.18664527812970072,0.10392615645032058,0.19596412215755857,0.13533333333333333,0.02666666666666667,uniform,0.1643693346261843,0.14733222336633114,0.16628867539398418,9.0,
brazilian_houses,sparse_init,outlier,7004,0.18664527812970072,0.10392615645032058,0.19596412215755857,0.13533333333333333,0.02666666666666667,rho,0.17270924938633586,0.11048588851225617,0.17971911340692062,28.0,
brazilian_houses,sparse_init,outlier,7004,0.18664527812970072,0.10392615645032058,0.19596412215755857,0.13533333333333333,0.02666666666666667,ws_default,0.21173965062950115,0.10830995801809208,0.22339167441465294,22.0,
brazilian_houses,sparse_init,outlier,7004,0.18664527812970072,0.10392615645032058,0.19596412215755857,0.13533333333333333,0.02666666666666667,ws_tuned,0.15092365385050002,0.10723262691677088,0.15584573059824974,9.0,
brazilian_houses,sparse_init,outlier,7004,0.18664527812970072,0.10392615645032058,0.19596412215755857,0.13533333333333333,0.02666666666666667,kcenter_a1,0.150420891162533,0.14250016369764976,0.15131321233729728,1.0,
brazilian_houses,sparse_init,outlier,7004,0.18664527812970072,0.10392615645032058,0.19596412215755857,0.13533333333333333,0.02666666666666667,rho_a1,0.20185571157876295,0.16087158482129182,0.20647283851527917,22.0,
brazilian_houses,sparse_init,outlier,7004,0.18664527812970072,0.10392615645032058,0.19596412215755857,0.13533333333333333,0.02666666666666667,rho_landscape_a1,0.1780079616551158,0.12477322981947016,0.18400519848221913,16.0,
brazilian_houses,sparse_init,outlier,7004,0.18664527812970072,0.10392615645032058,0.19596412215755857,0.13533333333333333,0.02666666666666667,rho_filter_a1,0.16344395721772204,0.10546728047802856,0.16997540480592116,5.0,
brazilian_houses,sparse_init,outlier,7005,0.181340464395215,0.13752113442797426,0.18583351586925398,0.13133333333333333,0.09333333333333334,all_data,0.18492685616821675,0.11916737334674761,0.19166955947846662,,
brazilian_houses,sparse_init,outlier,7005,0.181340464395215,0.13752113442797426,0.18583351586925398,0.13133333333333333,0.09333333333333334,random,0.23313487310634975,0.1890636511749796,0.2376537525326093,,
brazilian_houses,sparse_init,outlier,7005,0.181340464395215,0.13752113442797426,0.18583351586925398,0.13133333333333333,0.09333333333333334,uniform,0.16194580131909328,0.13579358807631184,0.16462734027342477,31.0,
brazilian_houses,sparse_init,outlier,7005,0.181340464395215,0.13752113442797426,0.18583351586925398,0.13133333333333333,0.09333333333333334,rho,0.2150786273837312,0.1730567739543605,0.21938737310471407,26.0,
brazilian_houses,sparse_init,outlier,7005,0.181340464395215,0.13752113442797426,0.18583351586925398,0.13133333333333333,0.09333333333333334,ws_default,0.2294941792222005,0.1852682188881748,0.23402892487938287,22.0,
brazilian_houses,sparse_init,outlier,7005,0.181340464395215,0.13752113442797426,0.18583351586925398,0.13133333333333333,0.09333333333333334,ws_tuned,0.21077741055832813,0.18253228289024082,0.21367354823543083,22.0,
brazilian_houses,sparse_init,outlier,7005,0.181340464395215,0.13752113442797426,0.18583351586925398,0.13133333333333333,0.09333333333333334,kcenter_a1,0.18047303148941296,0.12742672969443683,0.1859121782004745,40.0,
brazilian_houses,sparse_init,outlier,7005,0.181340464395215,0.13752113442797426,0.18583351586925398,0.13133333333333333,0.09333333333333334,rho_a1,0.19983632439443424,0.13567128796497663,0.20641553981663882,46.0,
brazilian_houses,sparse_init,outlier,7005,0.181340464395215,0.13752113442797426,0.18583351586925398,0.13133333333333333,0.09333333333333334,rho_landscape_a1,0.20131803500673562,0.17892877272289534,0.20361373665215693,41.0,
brazilian_houses,sparse_init,outlier,7005,0.181340464395215,0.13752113442797426,0.18583351586925398,0.13133333333333333,0.09333333333333334,rho_filter_a1,0.22851495268576974,0.19691135926488085,0.23175545344447168,19.0,
brazilian_houses,sparse_init,outlier,7006,0.14397031794781265,0.10047996066383501,0.1486153865453819,0.12333333333333334,0.1111111111111111,all_data,0.1347396380135782,0.04320309087472474,0.14451636939033452,,
brazilian_houses,sparse_init,outlier,7006,0.14397031794781265,0.10047996066383501,0.1486153865453819,0.12333333333333334,0.1111111111111111,random,0.14840799025286125,0.10930602128326576,0.15258434886444502,,
brazilian_houses,sparse_init,outlier,7006,0.14397031794781265,0.10047996066383501,0.1486153865453819,0.12333333333333334,0.1111111111111111,uniform,0.15857008995557714,0.14556394489771196,0.15995923549855887,2.0,
brazilian_houses,sparse_init,outlier,7006,0.14397031794781265,0.10047996066383501,0.1486153865453819,0.12333333333333334,0.1111111111111111,rho,0.1378602121798194,0.09662464299476718,0.14226445393561082,24.0,
brazilian_houses,sparse_init,outlier,7006,0.14397031794781265,0.10047996066383501,0.1486153865453819,0.12333333333333334,0.1111111111111111,ws_default,0.12884740730347763,0.09598398341638188,0.1323574464900905,22.0,
brazilian_houses,sparse_init,outlier,7006,0.14397031794781265,0.10047996066383501,0.1486153865453819,0.12333333333333334,0.1111111111111111,ws_tuned,0.1155870123743745,0.0776370016313521,0.11964033394238963,23.0,
brazilian_houses,sparse_init,outlier,7006,0.14397031794781265,0.10047996066383501,0.1486153865453819,0.12333333333333334,0.1111111111111111,kcenter_a1,0.16428020759395945,0.11509097047566169,0.16953395566470178,0.0,
brazilian_houses,sparse_init,outlier,7006,0.14397031794781265,0.10047996066383501,0.1486153865453819,0.12333333333333334,0.1111111111111111,rho_a1,0.14420366522976655,0.11920223238945828,0.14687398982200758,19.0,
brazilian_houses,sparse_init,outlier,7006,0.14397031794781265,0.10047996066383501,0.1486153865453819,0.12333333333333334,0.1111111111111111,rho_landscape_a1,0.12494564032582393,0.10771229313702495,0.12678628006430662,12.0,
brazilian_houses,sparse_init,outlier,7006,0.14397031794781265,0.10047996066383501,0.1486153865453819,0.12333333333333334,0.1111111111111111,rho_filter_a1,0.1226338159996422,0.08269657504352895,0.12689938739119166,25.0,
brazilian_houses,sparse_init,outlier,7007,0.2031535450966925,0.16207743569433836,0.20780647482860407,0.114,0.08888888888888889,all_data,0.10713071620027495,0.12462166487832119,0.10514941474968637,,
brazilian_houses,sparse_init,outlier,7007,0.2031535450966925,0.16207743569433836,0.20780647482860407,0.114,0.08888888888888889,random,0.2638057712017752,0.21515610592885057,0.26931660164042814,,
brazilian_houses,sparse_init,outlier,7007,0.2031535450966925,0.16207743569433836,0.20780647482860407,0.114,0.08888888888888889,uniform,0.15727976190801257,0.14270539070605232,0.15893068567066157,33.0,
brazilian_houses,sparse_init,outlier,7007,0.2031535450966925,0.16207743569433836,0.20780647482860407,0.114,0.08888888888888889,rho,0.1730086210568046,0.20578566553679337,0.16929577466010115,31.0,
brazilian_houses,sparse_init,outlier,7007,0.2031535450966925,0.16207743569433836,0.20780647482860407,0.114,0.08888888888888889,ws_default,0.3541232701719955,0.262561704744298,0.36449498103452616,18.0,
brazilian_houses,sparse_init,outlier,7007,0.2031535450966925,0.16207743569433836,0.20780647482860407,0.114,0.08888888888888889,ws_tuned,0.3213714981648893,0.21619500216863796,0.33328545137125565,28.0,
brazilian_houses,sparse_init,outlier,7007,0.2031535450966925,0.16207743569433836,0.20780647482860407,0.114,0.08888888888888889,kcenter_a1,0.1438347830713653,0.13686356613616954,0.1446244533448484,49.0,
brazilian_houses,sparse_init,outlier,7007,0.2031535450966925,0.16207743569433836,0.20780647482860407,0.114,0.08888888888888889,rho_a1,0.1930030777539643,0.2181578404567612,0.19015365153074187,53.0,
brazilian_houses,sparse_init,outlier,7007,0.2031535450966925,0.16207743569433836,0.20780647482860407,0.114,0.08888888888888889,rho_landscape_a1,0.2074215339609405,0.18751394326070936,0.20967658250393917,45.0,
brazilian_houses,sparse_init,outlier,7007,0.2031535450966925,0.16207743569433836,0.20780647482860407,0.114,0.08888888888888889,rho_filter_a1,0.20137202384998773,0.21795214184441425,0.1994938974865779,20.0,
brazilian_houses,sparse_init,outlier,7008,0.1811754352749402,0.12341570941618712,0.18762885656321668,0.11466666666666667,0.11555555555555555,all_data,0.11524114259811444,0.14173056723632158,0.11228151260796455,,
brazilian_houses,sparse_init,outlier,7008,0.1811754352749402,0.12341570941618712,0.18762885656321668,0.11466666666666667,0.11555555555555555,random,0.1727733699372245,0.26569370910156215,0.162391497690403,,
brazilian_houses,sparse_init,outlier,7008,0.1811754352749402,0.12341570941618712,0.18762885656321668,0.11466666666666667,0.11555555555555555,uniform,0.13359891226432963,0.1648099028507283,0.13011174766851746,44.0,
brazilian_houses,sparse_init,outlier,7008,0.1811754352749402,0.12341570941618712,0.18762885656321668,0.11466666666666667,0.11555555555555555,rho,0.1328305733972618,0.21102332348850011,0.12409419609412736,13.0,
brazilian_houses,sparse_init,outlier,7008,0.1811754352749402,0.12341570941618712,0.18762885656321668,0.11466666666666667,0.11555555555555555,ws_default,0.18876620501695424,0.23926252861328992,0.18312431449840869,28.0,
brazilian_houses,sparse_init,outlier,7008,0.1811754352749402,0.12341570941618712,0.18762885656321668,0.11466666666666667,0.11555555555555555,ws_tuned,0.15821883233734296,0.24255088300532887,0.14879651872741234,15.0,
brazilian_houses,sparse_init,outlier,7008,0.1811754352749402,0.12341570941618712,0.18762885656321668,0.11466666666666667,0.11555555555555555,kcenter_a1,0.14147563221617643,0.1528584086544116,0.14020384896765767,71.0,
brazilian_houses,sparse_init,outlier,7008,0.1811754352749402,0.12341570941618712,0.18762885656321668,0.11466666666666667,0.11555555555555555,rho_a1,0.14292090576545524,0.1966169416728807,0.13692151542782738,8.0,
brazilian_houses,sparse_init,outlier,7008,0.1811754352749402,0.12341570941618712,0.18762885656321668,0.11466666666666667,0.11555555555555555,rho_landscape_a1,0.15667217638766237,0.22703344823342428,0.14881080026704085,12.0,
brazilian_houses,sparse_init,outlier,7008,0.1811754352749402,0.12341570941618712,0.18762885656321668,0.11466666666666667,0.11555555555555555,rho_filter_a1,0.15985998600960258,0.22541983289873443,0.1525350670408891,21.0,
brazilian_houses,sparse_init,outlier,7009,0.1559533094234759,0.08215934360677284,0.1637447121161184,0.12333333333333334,0.1288888888888889,all_data,0.14408953371286892,0.11696826748139279,0.1469530836577069,,
brazilian_houses,sparse_init,outlier,7009,0.1559533094234759,0.08215934360677284,0.1637447121161184,0.12333333333333334,0.1288888888888889,random,0.20343536832561154,0.1689654153372208,0.20707481609829403,,
brazilian_houses,sparse_init,outlier,7009,0.1559533094234759,0.08215934360677284,0.1637447121161184,0.12333333333333334,0.1288888888888889,uniform,0.18047278106940395,0.18770063343128046,0.17970964132306985,10.0,
brazilian_houses,sparse_init,outlier,7009,0.1559533094234759,0.08215934360677284,0.1637447121161184,0.12333333333333334,0.1288888888888889,rho,0.19492467578389608,0.22984091467031678,0.1912381077201557,17.0,
brazilian_houses,sparse_init,outlier,7009,0.1559533094234759,0.08215934360677284,0.1637447121161184,0.12333333333333334,0.1288888888888889,ws_default,0.20997281657641084,0.15149607657878347,0.21614697762646437,19.0,
brazilian_houses,sparse_init,outlier,7009,0.1559533094234759,0.08215934360677284,0.1637447121161184,0.12333333333333334,0.1288888888888889,ws_tuned,0.2178852499489044,0.200971628862538,0.21967104410451305,29.0,
brazilian_houses,sparse_init,outlier,7009,0.1559533094234759,0.08215934360677284,0.1637447121161184,0.12333333333333334,0.1288888888888889,kcenter_a1,0.18805119122567937,0.16856917535691582,0.19010816470878264,0.0,
brazilian_houses,sparse_init,outlier,7009,0.1559533094234759,0.08215934360677284,0.1637447121161184,0.12333333333333334,0.1288888888888889,rho_a1,0.21753358640253134,0.24993214015575685,0.21411284357949867,16.0,
brazilian_houses,sparse_init,outlier,7009,0.1559533094234759,0.08215934360677284,0.1637447121161184,0.12333333333333334,0.1288888888888889,rho_landscape_a1,0.2014580930006452,0.17155019912286334,0.20461586399603293,18.0,
brazilian_houses,sparse_init,outlier,7009,0.1559533094234759,0.08215934360677284,0.1637447121161184,0.12333333333333334,0.1288888888888889,rho_filter_a1,0.20963775543283134,0.19454300743151726,0.21123150715657427,26.0,
brazilian_houses,sparse_all,clean,7000,0.07182420738197831,0.05926872672754015,0.07322313701310632,0.027333333333333334,0.03111111111111111,all_data,0.052828620819929256,0.07903724283568692,0.049908460378606995,,
brazilian_houses,sparse_all,clean,7000,0.07182420738197831,0.05926872672754015,0.07322313701310632,0.027333333333333334,0.03111111111111111,random,0.06775604667202537,0.08420562934138799,0.0659232368219519,,
brazilian_houses,sparse_all,clean,7000,0.07182420738197831,0.05926872672754015,0.07322313701310632,0.027333333333333334,0.03111111111111111,uniform,0.0902612588444685,0.13911565800590378,0.08481790956307492,3.0,
brazilian_houses,sparse_all,clean,7000,0.07182420738197831,0.05926872672754015,0.07322313701310632,0.027333333333333334,0.03111111111111111,rho,0.1129494577189883,0.15820664577105176,0.1079069091196892,1.0,
brazilian_houses,sparse_all,clean,7000,0.07182420738197831,0.05926872672754015,0.07322313701310632,0.027333333333333334,0.03111111111111111,ws_default,0.10514529748861881,0.14453664060320573,0.10075632038693795,6.0,
brazilian_houses,sparse_all,clean,7000,0.07182420738197831,0.05926872672754015,0.07322313701310632,0.027333333333333334,0.03111111111111111,ws_tuned,0.10331325722774466,0.14135725372766303,0.09907440126873737,7.0,
brazilian_houses,sparse_all,clean,7000,0.07182420738197831,0.05926872672754015,0.07322313701310632,0.027333333333333334,0.03111111111111111,kcenter_a1,0.09360020351528846,0.14179811510173468,0.0882299999737033,0.0,
brazilian_houses,sparse_all,clean,7000,0.07182420738197831,0.05926872672754015,0.07322313701310632,0.027333333333333334,0.03111111111111111,rho_a1,0.11575199223047115,0.15936517158227145,0.11089261881561373,2.0,
brazilian_houses,sparse_all,clean,7000,0.07182420738197831,0.05926872672754015,0.07322313701310632,0.027333333333333334,0.03111111111111111,rho_landscape_a1,0.1140943510766922,0.16281633923687752,0.10866575500771908,2.0,
brazilian_houses,sparse_all,clean,7000,0.07182420738197831,0.05926872672754015,0.07322313701310632,0.027333333333333334,0.03111111111111111,rho_filter_a1,0.11612258801549125,0.1579839264115159,0.11145840443760685,5.0,
brazilian_houses,sparse_all,clean,7001,0.11008571016140037,0.08408922294111691,0.11307081404511185,0.03666666666666667,0.10666666666666667,all_data,0.05382826205182173,0.018428835582846862,0.05789307913800278,,
brazilian_houses,sparse_all,clean,7001,0.11008571016140037,0.08408922294111691,0.11307081404511185,0.03666666666666667,0.10666666666666667,random,0.08379098709124697,0.033986008046930395,0.08950995346980281,,
brazilian_houses,sparse_all,clean,7001,0.11008571016140037,0.08408922294111691,0.11307081404511185,0.03666666666666667,0.10666666666666667,uniform,0.10562137874922803,0.05563890949933506,0.11136072583143423,2.0,
brazilian_houses,sparse_all,clean,7001,0.11008571016140037,0.08408922294111691,0.11307081404511185,0.03666666666666667,0.10666666666666667,rho,0.08730302714903632,0.04532792264587615,0.09212291094371355,7.0,
brazilian_houses,sparse_all,clean,7001,0.11008571016140037,0.08408922294111691,0.11307081404511185,0.03666666666666667,0.10666666666666667,ws_default,0.07887158439456972,0.040768867207533144,0.08324681278951371,10.0,
brazilian_houses,sparse_all,clean,7001,0.11008571016140037,0.08408922294111691,0.11307081404511185,0.03666666666666667,0.10666666666666667,ws_tuned,0.08659542856263276,0.028412461982900754,0.0932764158064593,16.0,
brazilian_houses,sparse_all,clean,7001,0.11008571016140037,0.08408922294111691,0.11307081404511185,0.03666666666666667,0.10666666666666667,kcenter_a1,0.08381764646250846,0.058831801863758075,0.08668670108198594,0.0,
brazilian_houses,sparse_all,clean,7001,0.11008571016140037,0.08408922294111691,0.11307081404511185,0.03666666666666667,0.10666666666666667,rho_a1,0.07715307724224722,0.023405415394650266,0.08332477085462459,15.0,
brazilian_houses,sparse_all,clean,7001,0.11008571016140037,0.08408922294111691,0.11307081404511185,0.03666666666666667,0.10666666666666667,rho_landscape_a1,0.08069010246613445,0.02420887734657473,0.08717568349993002,18.0,
brazilian_houses,sparse_all,clean,7001,0.11008571016140037,0.08408922294111691,0.11307081404511185,0.03666666666666667,0.10666666666666667,rho_filter_a1,0.07395605732968502,0.026941990026514293,0.0793545511225798,23.0,
brazilian_houses,sparse_all,clean,7002,0.1143330039137663,0.058591971243646804,0.12061259173891188,0.03266666666666666,0.0044444444444444444,all_data,0.04616674559334146,0.03206528142125161,0.04775536673094823,,
brazilian_houses,sparse_all,clean,7002,0.1143330039137663,0.058591971243646804,0.12061259173891188,0.03266666666666666,0.0044444444444444444,random,0.08332052432679207,0.04124578296088299,0.08806051605229784,,
brazilian_houses,sparse_all,clean,7002,0.1143330039137663,0.058591971243646804,0.12061259173891188,0.03266666666666666,0.0044444444444444444,uniform,0.09931216416028305,0.09723686664932235,0.09954595984649696,5.0,
brazilian_houses,sparse_all,clean,7002,0.1143330039137663,0.058591971243646804,0.12061259173891188,0.03266666666666666,0.0044444444444444444,rho,0.12375771568667215,0.11587315497847465,0.12464596244239398,8.0,
brazilian_houses,sparse_all,clean,7002,0.1143330039137663,0.058591971243646804,0.12061259173891188,0.03266666666666666,0.0044444444444444444,ws_default,0.11067079451288,0.08787962612608667,0.11323836702933378,8.0,
brazilian_houses,sparse_all,clean,7002,0.1143330039137663,0.058591971243646804,0.12061259173891188,0.03266666666666666,0.0044444444444444444,ws_tuned,0.06744899263896191,0.034371939421627286,0.07117533660364075,2.0,
brazilian_houses,sparse_all,clean,7002,0.1143330039137663,0.058591971243646804,0.12061259173891188,0.03266666666666666,0.0044444444444444444,kcenter_a1,0.10127300298462223,0.09923387340487237,0.10150272411947583,0.0,
brazilian_houses,sparse_all,clean,7002,0.1143330039137663,0.058591971243646804,0.12061259173891188,0.03266666666666666,0.0044444444444444444,rho_a1,0.10608391776725135,0.11066619808027847,0.10556769425493535,2.0,
brazilian_houses,sparse_all,clean,7002,0.1143330039137663,0.058591971243646804,0.12061259173891188,0.03266666666666666,0.0044444444444444444,rho_landscape_a1,0.10275142034418235,0.10679225128933612,0.10229619460488129,3.0,
brazilian_houses,sparse_all,clean,7002,0.1143330039137663,0.058591971243646804,0.12061259173891188,0.03266666666666666,0.0044444444444444444,rho_filter_a1,0.11667862566438669,0.09997333635644894,0.11856058454330595,1.0,
brazilian_houses,sparse_all,clean,7003,0.17267477716096907,0.17241697331843023,0.17270176077221525,0.02666666666666667,0.03111111111111111,all_data,0.03650695504415711,0.03562026068749749,0.03659976287657191,,
brazilian_houses,sparse_all,clean,7003,0.17267477716096907,0.17241697331843023,0.17270176077221525,0.02666666666666667,0.03111111111111111,random,0.12116747104839558,0.10686248410928914,0.12266473424914712,,
brazilian_houses,sparse_all,clean,7003,0.17267477716096907,0.17241697331843023,0.17270176077221525,0.02666666666666667,0.03111111111111111,uniform,0.1120166319229172,0.09341819333879214,0.11396327876726503,11.0,
brazilian_houses,sparse_all,clean,7003,0.17267477716096907,0.17241697331843023,0.17270176077221525,0.02666666666666667,0.03111111111111111,rho,0.1007709638673907,0.10188064657496182,0.10065481646441653,2.0,
brazilian_houses,sparse_all,clean,7003,0.17267477716096907,0.17241697331843023,0.17270176077221525,0.02666666666666667,0.03111111111111111,ws_default,0.12152812157122114,0.10801366539905663,0.12294264211506273,6.0,
brazilian_houses,sparse_all,clean,7003,0.17267477716096907,0.17241697331843023,0.17270176077221525,0.02666666666666667,0.03111111111111111,ws_tuned,0.12322025380249112,0.1033434025351002,0.12530070854713105,7.0,
brazilian_houses,sparse_all,clean,7003,0.17267477716096907,0.17241697331843023,0.17270176077221525,0.02666666666666667,0.03111111111111111,kcenter_a1,0.10984108381893179,0.08499946569068172,0.11244118690388258,25.0,
brazilian_houses,sparse_all,clean,7003,0.17267477716096907,0.17241697331843023,0.17270176077221525,0.02666666666666667,0.03111111111111111,rho_a1,0.10162461555164691,0.09158392447797706,0.10267554676316884,4.0,
brazilian_houses,sparse_all,clean,7003,0.17267477716096907,0.17241697331843023,0.17270176077221525,0.02666666666666667,0.03111111111111111,rho_landscape_a1,0.10262329708473539,0.09947920067308692,0.10295238091241138,4.0,
brazilian_houses,sparse_all,clean,7003,0.17267477716096907,0.17241697331843023,0.17270176077221525,0.02666666666666667,0.03111111111111111,rho_filter_a1,0.11238089870256462,0.10557536359799712,0.11309321513576846,7.0,
brazilian_houses,sparse_all,clean,7004,0.16469294423415115,0.12937369191453568,0.16867188642871145,0.02666666666666667,0.0044444444444444444,all_data,0.04844627288242505,0.02823333101632253,0.050723391507118104,,
brazilian_houses,sparse_all,clean,7004,0.16469294423415115,0.12937369191453568,0.16867188642871145,0.02666666666666667,0.0044444444444444444,random,0.12882171807411075,0.09837158172959123,0.1322521228639662,,
brazilian_houses,sparse_all,clean,7004,0.16469294423415115,0.12937369191453568,0.16867188642871145,0.02666666666666667,0.0044444444444444444,uniform,0.11646616503461425,0.09613157765870423,0.11875698781270703,1.0,
brazilian_houses,sparse_all,clean,7004,0.16469294423415115,0.12937369191453568,0.16867188642871145,0.02666666666666667,0.0044444444444444444,rho,0.12657684337655126,0.09716552432113082,0.1298902186804303,7.0,
brazilian_houses,sparse_all,clean,7004,0.16469294423415115,0.12937369191453568,0.16867188642871145,0.02666666666666667,0.0044444444444444444,ws_default,0.12452849596045218,0.10662006653632951,0.12654599635454666,3.0,
brazilian_houses,sparse_all,clean,7004,0.16469294423415115,0.12937369191453568,0.16867188642871145,0.02666666666666667,0.0044444444444444444,ws_tuned,0.1326807339079666,0.10232752206531301,0.13610021952584556,3.0,
brazilian_houses,sparse_all,clean,7004,0.16469294423415115,0.12937369191453568,0.16867188642871145,0.02666666666666667,0.0044444444444444444,kcenter_a1,0.11768925161852062,0.10291883383168098,0.11935323470716318,0.0,
brazilian_houses,sparse_all,clean,7004,0.16469294423415115,0.12937369191453568,0.16867188642871145,0.02666666666666667,0.0044444444444444444,rho_a1,0.1271078276629202,0.10710656515546232,0.12936109923886469,1.0,
brazilian_houses,sparse_all,clean,7004,0.16469294423415115,0.12937369191453568,0.16867188642871145,0.02666666666666667,0.0044444444444444444,rho_landscape_a1,0.1248651395243273,0.10482045112657115,0.12712330330766283,0.0,
brazilian_houses,sparse_all,clean,7004,0.16469294423415115,0.12937369191453568,0.16867188642871145,0.02666666666666667,0.0044444444444444444,rho_filter_a1,0.1181527097249847,0.09937665001194565,0.12026795428236461,1.0,
brazilian_houses,sparse_all,clean,7005,0.18664831946111674,0.09889983286421225,0.1956456835774476,0.025333333333333333,0.05333333333333334,all_data,0.06636057564777595,0.027859591433862883,0.0703083061129291,,
brazilian_houses,sparse_all,clean,7005,0.18664831946111674,0.09889983286421225,0.1956456835774476,0.025333333333333333,0.05333333333333334,random,0.12591789422241487,0.044622505509943275,0.1342535845755128,,
brazilian_houses,sparse_all,clean,7005,0.18664831946111674,0.09889983286421225,0.1956456835774476,0.025333333333333333,0.05333333333333334,uniform,0.07673374531587365,0.045139588916019796,0.07997327844176824,11.0,
brazilian_houses,sparse_all,clean,7005,0.18664831946111674,0.09889983286421225,0.1956456835774476,0.025333333333333333,0.05333333333333334,rho,0.0886116761138068,0.05264356482279288,0.09229969634541019,4.0,
brazilian_houses,sparse_all,clean,7005,0.18664831946111674,0.09889983286421225,0.1956456835774476,0.025333333333333333,0.05333333333333334,ws_default,0.10126265056109975,0.04724817114636861,0.10680107017032796,3.0,
brazilian_houses,sparse_all,clean,7005,0.18664831946111674,0.09889983286421225,0.1956456835774476,0.025333333333333333,0.05333333333333334,ws_tuned,0.07552220629965328,0.03590126867381861,0.07958477212016336,10.0,
brazilian_houses,sparse_all,clean,7005,0.18664831946111674,0.09889983286421225,0.1956456835774476,0.025333333333333333,0.05333333333333334,kcenter_a1,0.0765438724461024,0.041191879547078765,0.08016871846551718,13.0,
brazilian_houses,sparse_all,clean,7005,0.18664831946111674,0.09889983286421225,0.1956456835774476,0.025333333333333333,0.05333333333333334,rho_a1,0.08822348512971803,0.04980983408273115,0.09216226081590301,8.0,
brazilian_houses,sparse_all,clean,7005,0.18664831946111674,0.09889983286421225,0.1956456835774476,0.025333333333333333,0.05333333333333334,rho_landscape_a1,0.09168382624285266,0.048676607042110784,0.09609360726343588,5.0,
brazilian_houses,sparse_all,clean,7005,0.18664831946111674,0.09889983286421225,0.1956456835774476,0.025333333333333333,0.05333333333333334,rho_filter_a1,0.12025123860773262,0.04749181374025278,0.12771168680252384,10.0,
brazilian_houses,sparse_all,clean,7006,0.08326306261160825,0.06200122886591502,0.08553397235865794,0.03266666666666666,0.04888888888888889,all_data,0.06503003376001262,0.025930622152571997,0.06920611922776915,,
brazilian_houses,sparse_all,clean,7006,0.08326306261160825,0.06200122886591502,0.08553397235865794,0.03266666666666666,0.04888888888888889,random,0.05627844016596732,0.023569297661434205,0.05977200104221242,,
brazilian_houses,sparse_all,clean,7006,0.08326306261160825,0.06200122886591502,0.08553397235865794,0.03266666666666666,0.04888888888888889,uniform,0.06026924774368034,0.03203969115200806,0.06328435810460604,1.0,
brazilian_houses,sparse_all,clean,7006,0.08326306261160825,0.06200122886591502,0.08553397235865794,0.03266666666666666,0.04888888888888889,rho,0.06044267624742807,0.025631425317617466,0.0641607567285866,5.0,
brazilian_houses,sparse_all,clean,7006,0.08326306261160825,0.06200122886591502,0.08553397235865794,0.03266666666666666,0.04888888888888889,ws_default,0.05840002014305616,0.020823666269145193,0.062413432593341055,6.0,
brazilian_houses,sparse_all,clean,7006,0.08326306261160825,0.06200122886591502,0.08553397235865794,0.03266666666666666,0.04888888888888889,ws_tuned,0.05275064310684103,0.01682747348853916,0.05658748413414168,6.0,
brazilian_houses,sparse_all,clean,7006,0.08326306261160825,0.06200122886591502,0.08553397235865794,0.03266666666666666,0.04888888888888889,kcenter_a1,0.06283358021497709,0.03388004053348177,0.0659260169380145,0.0,
brazilian_houses,sparse_all,clean,7006,0.08326306261160825,0.06200122886591502,0.08553397235865794,0.03266666666666666,0.04888888888888889,rho_a1,0.05906068646376057,0.019716110563924784,0.06326295716031193,6.0,
brazilian_houses,sparse_all,clean,7006,0.08326306261160825,0.06200122886591502,0.08553397235865794,0.03266666666666666,0.04888888888888889,rho_landscape_a1,0.0553156481352549,0.02462235847479542,0.0585939020945624,5.0,
brazilian_houses,sparse_all,clean,7006,0.08326306261160825,0.06200122886591502,0.08553397235865794,0.03266666666666666,0.04888888888888889,rho_filter_a1,0.058102948028409894,0.026179286327699537,0.06151261416467835,10.0,
brazilian_houses,sparse_all,clean,7007,0.15868103484263904,0.1080259120987541,0.1644190351089238,0.019333333333333334,0.1111111111111111,all_data,0.04562397390895277,0.03611160585450444,0.04670149514417695,,
brazilian_houses,sparse_all,clean,7007,0.15868103484263904,0.1080259120987541,0.1644190351089238,0.019333333333333334,0.1111111111111111,random,0.13597258592930356,0.059471592327885826,0.14463829825765787,,
brazilian_houses,sparse_all,clean,7007,0.15868103484263904,0.1080259120987541,0.1644190351089238,0.019333333333333334,0.1111111111111111,uniform,0.11569989519140327,0.06683921300624576,0.12123462874257473,8.0,
brazilian_houses,sparse_all,clean,7007,0.15868103484263904,0.1080259120987541,0.1644190351089238,0.019333333333333334,0.1111111111111111,rho,0.11409658550375609,0.07823473883766796,0.11815886537937476,6.0,
brazilian_houses,sparse_all,clean,7007,0.15868103484263904,0.1080259120987541,0.1644190351089238,0.019333333333333334,0.1111111111111111,ws_default,0.13253124407629072,0.05615533622045886,0.1411827872149836,10.0,
brazilian_houses,sparse_all,clean,7007,0.15868103484263904,0.1080259120987541,0.1644190351089238,0.019333333333333334,0.1111111111111111,ws_tuned,0.11933951156947183,0.07552918149387011,0.12430216237402787,11.0,
brazilian_houses,sparse_all,clean,7007,0.15868103484263904,0.1080259120987541,0.1644190351089238,0.019333333333333334,0.1111111111111111,kcenter_a1,0.1011480421823837,0.06496445532052199,0.10524676744060181,17.0,
brazilian_houses,sparse_all,clean,7007,0.15868103484263904,0.1080259120987541,0.1644190351089238,0.019333333333333334,0.1111111111111111,rho_a1,0.10696995834241578,0.07584554841202068,0.11049560121513241,18.0,
brazilian_houses,sparse_all,clean,7007,0.15868103484263904,0.1080259120987541,0.1644190351089238,0.019333333333333334,0.1111111111111111,rho_landscape_a1,0.10399192498351251,0.07392784068398654,0.10739745860719942,19.0,
brazilian_houses,sparse_all,clean,7007,0.15868103484263904,0.1080259120987541,0.1644190351089238,0.019333333333333334,0.1111111111111111,rho_filter_a1,0.10890713887480627,0.07014540607956062,0.11329790571245309,24.0,
brazilian_houses,sparse_all,clean,7008,0.08062571742041524,0.07907049908030146,0.08079948000316281,0.024,0.035555555555555556,all_data,0.024712382681406755,0.027056363628213266,0.024450492647883626,,
brazilian_houses,sparse_all,clean,7008,0.08062571742041524,0.07907049908030146,0.08079948000316281,0.024,0.035555555555555556,random,0.0546581800157964,0.05910620876130642,0.054161207376637134,,
brazilian_houses,sparse_all,clean,7008,0.08062571742041524,0.07907049908030146,0.08079948000316281,0.024,0.035555555555555556,uniform,0.03898927410140504,0.03524849724046048,0.0394072263799208,13.0,
brazilian_houses,sparse_all,clean,7008,0.08062571742041524,0.07907049908030146,0.08079948000316281,0.024,0.035555555555555556,rho,0.04169739652566312,0.05004398252099781,0.04076484300422773,5.0,
brazilian_houses,sparse_all,clean,7008,0.08062571742041524,0.07907049908030146,0.08079948000316281,0.024,0.035555555555555556,ws_default,0.05636983616284962,0.053031026309562156,0.0567428771748067,6.0,
brazilian_houses,sparse_all,clean,7008,0.08062571742041524,0.07907049908030146,0.08079948000316281,0.024,0.035555555555555556,ws_tuned,0.037942142538504774,0.03680775965821302,0.038068885706341704,8.0,
brazilian_houses,sparse_all,clean,7008,0.08062571742041524,0.07907049908030146,0.08079948000316281,0.024,0.035555555555555556,kcenter_a1,0.04138433945355056,0.030127679654793082,0.04264203184907599,25.0,
brazilian_houses,sparse_all,clean,7008,0.08062571742041524,0.07907049908030146,0.08079948000316281,0.024,0.035555555555555556,rho_a1,0.03947850618115578,0.037385721343172695,0.03971233039040236,11.0,
brazilian_houses,sparse_all,clean,7008,0.08062571742041524,0.07907049908030146,0.08079948000316281,0.024,0.035555555555555556,rho_landscape_a1,0.039466020034232954,0.03537483790046652,0.03992312265173549,11.0,
brazilian_houses,sparse_all,clean,7008,0.08062571742041524,0.07907049908030146,0.08079948000316281,0.024,0.035555555555555556,rho_filter_a1,0.03940775413092212,0.038194793033168875,0.03954327674384508,5.0,
brazilian_houses,sparse_all,clean,7009,0.14396054179235046,0.10389786380376237,0.1481904873400676,0.026,0.0,all_data,0.042892770440100834,0.03040538862860588,0.044211228110634576,,
brazilian_houses,sparse_all,clean,7009,0.14396054179235046,0.10389786380376237,0.1481904873400676,0.026,0.0,random,0.06247537148760267,0.03468918956368976,0.06540912535574384,,
brazilian_houses,sparse_all,clean,7009,0.14396054179235046,0.10389786380376237,0.1481904873400676,0.026,0.0,uniform,0.11424016484435551,0.09740802623084949,0.11601735582013198,4.0,
brazilian_houses,sparse_all,clean,7009,0.14396054179235046,0.10389786380376237,0.1481904873400676,0.026,0.0,rho,0.10864888929484201,0.09467877302272813,0.11012389880726534,0.0,
brazilian_houses,sparse_all,clean,7009,0.14396054179235046,0.10389786380376237,0.1481904873400676,0.026,0.0,ws_default,0.1280989428250551,0.11350734768131027,0.12963957006245438,6.0,
brazilian_houses,sparse_all,clean,7009,0.14396054179235046,0.10389786380376237,0.1481904873400676,0.026,0.0,ws_tuned,0.11783260120829717,0.11085145839114127,0.11856969257262928,7.0,
brazilian_houses,sparse_all,clean,7009,0.14396054179235046,0.10389786380376237,0.1481904873400676,0.026,0.0,kcenter_a1,0.11496289137200179,0.10491071151644626,0.11602423263922738,0.0,
brazilian_houses,sparse_all,clean,7009,0.14396054179235046,0.10389786380376237,0.1481904873400676,0.026,0.0,rho_a1,0.11448739085318695,0.10195286410928754,0.11581082623631841,3.0,
brazilian_houses,sparse_all,clean,7009,0.14396054179235046,0.10389786380376237,0.1481904873400676,0.026,0.0,rho_landscape_a1,0.12112038116265963,0.1068795145808109,0.12262397735786863,2.0,
brazilian_houses,sparse_all,clean,7009,0.14396054179235046,0.10389786380376237,0.1481904873400676,0.026,0.0,rho_filter_a1,0.1112611952988812,0.10057311790380617,0.11238967666010803,0.0,
brazilian_houses,sparse_all,outlier,7000,0.19964999322079843,0.22104007347937007,0.19726671392552553,0.029333333333333333,0.0,all_data,0.16568698808924934,0.14798303350538516,0.16765955985588712,,
brazilian_houses,sparse_all,outlier,7000,0.19964999322079843,0.22104007347937007,0.19726671392552553,0.029333333333333333,0.0,random,0.1788933406337158,0.1827853024958894,0.17845969887024496,,
brazilian_houses,sparse_all,outlier,7000,0.19964999322079843,0.22104007347937007,0.19726671392552553,0.029333333333333333,0.0,uniform,0.17755931055658744,0.1807431381288713,0.17720456900157608,1.0,
brazilian_houses,sparse_all,outlier,7000,0.19964999322079843,0.22104007347937007,0.19726671392552553,0.029333333333333333,0.0,rho,0.19040536691153856,0.2018855975706235,0.18912624146160995,3.0,
brazilian_houses,sparse_all,outlier,7000,0.19964999322079843,0.22104007347937007,0.19726671392552553,0.029333333333333333,0.0,ws_default,0.1685980292724563,0.1885598721482729,0.16637388395620115,5.0,
brazilian_houses,sparse_all,outlier,7000,0.19964999322079843,0.22104007347937007,0.19726671392552553,0.029333333333333333,0.0,ws_tuned,0.18211156274389448,0.19848275225613404,0.18028748744675416,1.0,
brazilian_houses,sparse_all,outlier,7000,0.19964999322079843,0.22104007347937007,0.19726671392552553,0.029333333333333333,0.0,kcenter_a1,0.18352947093845295,0.18463798606971235,0.18340596036117177,0.0,
brazilian_houses,sparse_all,outlier,7000,0.19964999322079843,0.22104007347937007,0.19726671392552553,0.029333333333333333,0.0,rho_a1,0.1840039467604152,0.18737392514755233,0.18362846431161223,2.0,
brazilian_houses,sparse_all,outlier,7000,0.19964999322079843,0.22104007347937007,0.19726671392552553,0.029333333333333333,0.0,rho_landscape_a1,0.18624010018663342,0.18648757210504746,0.1862125269053653,1.0,
brazilian_houses,sparse_all,outlier,7000,0.19964999322079843,0.22104007347937007,0.19726671392552553,0.029333333333333333,0.0,rho_filter_a1,0.1774630156614865,0.17616463573002508,0.1776076809442084,0.0,
brazilian_houses,sparse_all,outlier,7001,0.23653669914639341,0.15285221393780987,0.24614595441560644,0.03,0.017777777777777778,all_data,0.16587592771870038,0.08343767796457932,0.1753420812579138,,
brazilian_houses,sparse_all,outlier,7001,0.23653669914639341,0.15285221393780987,0.24614595441560644,0.03,0.017777777777777778,random,0.23886385557129303,0.07268554442255085,0.257945646037648,,
brazilian_houses,sparse_all,outlier,7001,0.23653669914639341,0.15285221393780987,0.24614595441560644,0.03,0.017777777777777778,uniform,0.15649863882540263,0.08156049365436593,0.16510357634225517,1.0,
brazilian_houses,sparse_all,outlier,7001,0.23653669914639341,0.15285221393780987,0.24614595441560644,0.03,0.017777777777777778,rho,0.18513642850538575,0.07550921230471047,0.19772461498104857,8.0,
brazilian_houses,sparse_all,outlier,7001,0.23653669914639341,0.15285221393780987,0.24614595441560644,0.03,0.017777777777777778,ws_default,0.22768599983563975,0.07829129147249606,0.24484057615827504,7.0,
brazilian_houses,sparse_all,outlier,7001,0.23653669914639341,0.15285221393780987,0.24614595441560644,0.03,0.017777777777777778,ws_tuned,0.2323092543458528,0.05285330070181969,0.2529156793462268,4.0,
brazilian_houses,sparse_all,outlier,7001,0.23653669914639341,0.15285221393780987,0.24614595441560644,0.03,0.017777777777777778,kcenter_a1,0.18488496462325366,0.0955946122193385,0.19513792593607782,0.0,
brazilian_houses,sparse_all,outlier,7001,0.23653669914639341,0.15285221393780987,0.24614595441560644,0.03,0.017777777777777778,rho_a1,0.1881295249553642,0.06540523957550891,0.20222161123644009,8.0,
brazilian_houses,sparse_all,outlier,7001,0.23653669914639341,0.15285221393780987,0.24614595441560644,0.03,0.017777777777777778,rho_landscape_a1,0.2202241872219564,0.06661499424357191,0.2378627010199203,6.0,
brazilian_houses,sparse_all,outlier,7001,0.23653669914639341,0.15285221393780987,0.24614595441560644,0.03,0.017777777777777778,rho_filter_a1,0.23701988324445164,0.07651338210298428,0.2554503956386224,4.0,
brazilian_houses,sparse_all,outlier,7002,0.1944948773150431,0.0660932222474695,0.2089601541724471,0.028666666666666667,0.013333333333333334,all_data,0.1191986931563984,0.08987862265348755,0.12250178872070407,,
brazilian_houses,sparse_all,outlier,7002,0.1944948773150431,0.0660932222474695,0.2089601541724471,0.028666666666666667,0.013333333333333334,random,0.20264049454798544,0.21364358712611797,0.20140092500858522,,
brazilian_houses,sparse_all,outlier,7002,0.1944948773150431,0.0660932222474695,0.2089601541724471,0.028666666666666667,0.013333333333333334,uniform,0.1701951452741164,0.19161257095186965,0.1677823337582638,3.0,
brazilian_houses,sparse_all,outlier,7002,0.1944948773150431,0.0660932222474695,0.2089601541724471,0.028666666666666667,0.013333333333333334,rho,0.16043170258514264,0.1761764945211369,0.15865794994701254,3.0,
brazilian_houses,sparse_all,outlier,7002,0.1944948773150431,0.0660932222474695,0.2089601541724471,0.028666666666666667,0.013333333333333334,ws_default,0.16377329409556876,0.23964950858070616,0.1552253478183836,4.0,
brazilian_houses,sparse_all,outlier,7002,0.1944948773150431,0.0660932222474695,0.2089601541724471,0.028666666666666667,0.013333333333333334,ws_tuned,0.17301834776082553,0.19666254154520219,0.17035467641654944,4.0,
brazilian_houses,sparse_all,outlier,7002,0.1944948773150431,0.0660932222474695,0.2089601541724471,0.028666666666666667,0.013333333333333334,kcenter_a1,0.16729159637939833,0.15619465172432084,0.1685417389622374,0.0,
brazilian_houses,sparse_all,outlier,7002,0.1944948773150431,0.0660932222474695,0.2089601541724471,0.028666666666666667,0.013333333333333334,rho_a1,0.1599403264853517,0.17665520517584676,0.1580572873004698,2.0,
brazilian_houses,sparse_all,outlier,7002,0.1944948773150431,0.0660932222474695,0.2089601541724471,0.028666666666666667,0.013333333333333334,rho_landscape_a1,0.1612464274283849,0.1850186128297405,0.15856833700069395,1.0,
brazilian_houses,sparse_all,outlier,7002,0.1944948773150431,0.0660932222474695,0.2089601541724471,0.028666666666666667,0.013333333333333334,rho_filter_a1,0.1621230695129235,0.20211416968466425,0.15761781344350623,3.0,
brazilian_houses,sparse_all,outlier,7003,0.11118917511553082,0.10132914147329287,0.11222119741611301,0.026,0.022222222222222223,all_data,0.11859146232356438,0.13677393798568777,0.11668835316146971,,
brazilian_houses,sparse_all,outlier,7003,0.11118917511553082,0.10132914147329287,0.11222119741611301,0.026,0.022222222222222223,random,0.16834580874136557,0.14713839236787965,0.17056553003535924,,
brazilian_houses,sparse_all,outlier,7003,0.11118917511553082,0.10132914147329287,0.11222119741611301,0.026,0.022222222222222223,uniform,0.16187720803491992,0.18077888215852184,0.15989882236995306,19.0,
brazilian_houses,sparse_all,outlier,7003,0.11118917511553082,0.10132914147329287,0.11222119741611301,0.026,0.022222222222222223,rho,0.169565617242704,0.17846901566884316,0.16863372328978857,5.0,
brazilian_houses,sparse_all,outlier,7003,0.11118917511553082,0.10132914147329287,0.11222119741611301,0.026,0.022222222222222223,ws_default,0.15960409073624954,0.14291843608379468,0.16135053180592102,4.0,
brazilian_houses,sparse_all,outlier,7003,0.11118917511553082,0.10132914147329287,0.11222119741611301,0.026,0.022222222222222223,ws_tuned,0.1511773455788252,0.1466340496125285,0.15165287973271266,5.0,
brazilian_houses,sparse_all,outlier,7003,0.11118917511553082,0.10132914147329287,0.11222119741611301,0.026,0.022222222222222223,kcenter_a1,0.15469730732617723,0.16246683701425005,0.15388409226078653,21.0,
brazilian_houses,sparse_all,outlier,7003,0.11118917511553082,0.10132914147329287,0.11222119741611301,0.026,0.022222222222222223,rho_a1,0.22295184556050976,0.2623077958962739,0.21883256768775228,1.0,
brazilian_houses,sparse_all,outlier,7003,0.11118917511553082,0.10132914147329287,0.11222119741611301,0.026,0.022222222222222223,rho_landscape_a1,0.19647992682292323,0.24415297461850297,0.19149012148889263,2.0,
brazilian_houses,sparse_all,outlier,7003,0.11118917511553082,0.10132914147329287,0.11222119741611301,0.026,0.022222222222222223,rho_filter_a1,0.19049257999503072,0.21561007535589974,0.18786360160735627,5.0,
brazilian_houses,sparse_all,outlier,7004,0.21367303995811673,0.11825574290939053,0.22442241556444054,0.029333333333333333,0.0044444444444444444,all_data,0.1309443687744124,0.07536042880802274,0.1372062590905147,,
brazilian_houses,sparse_all,outlier,7004,0.21367303995811673,0.11825574290939053,0.22442241556444054,0.029333333333333333,0.0044444444444444444,random,0.22431428684106852,0.11014669276197428,0.23717600467195393,,
brazilian_houses,sparse_all,outlier,7004,0.21367303995811673,0.11825574290939053,0.22442241556444054,0.029333333333333333,0.0044444444444444444,uniform,0.16592784729071564,0.15238404287640964,0.16745364445004635,3.0,
brazilian_houses,sparse_all,outlier,7004,0.21367303995811673,0.11825574290939053,0.22442241556444054,0.029333333333333333,0.0044444444444444444,rho,0.1901432793960168,0.14996078630343773,0.1946700971157649,3.0,
brazilian_houses,sparse_all,outlier,7004,0.21367303995811673,0.11825574290939053,0.22442241556444054,0.029333333333333333,0.0044444444444444444,ws_default,0.20819411090098663,0.10597224992859906,0.2197100646405741,4.0,
brazilian_houses,sparse_all,outlier,7004,0.21367303995811673,0.11825574290939053,0.22442241556444054,0.029333333333333333,0.0044444444444444444,ws_tuned,0.18436956231753915,0.1275457738092794,0.1907711295903751,3.0,
brazilian_houses,sparse_all,outlier,7004,0.21367303995811673,0.11825574290939053,0.22442241556444054,0.029333333333333333,0.0044444444444444444,kcenter_a1,0.17181038357144088,0.15923978585518714,0.173226542702201,0.0,
brazilian_houses,sparse_all,outlier,7004,0.21367303995811673,0.11825574290939053,0.22442241556444054,0.029333333333333333,0.0044444444444444444,rho_a1,0.20167929041699162,0.16526340530988387,0.2057817753873334,8.0,
brazilian_houses,sparse_all,outlier,7004,0.21367303995811673,0.11825574290939053,0.22442241556444054,0.029333333333333333,0.0044444444444444444,rho_landscape_a1,0.18868635731256433,0.16936649923293443,0.19086286427285643,5.0,
brazilian_houses,sparse_all,outlier,7004,0.21367303995811673,0.11825574290939053,0.22442241556444054,0.029333333333333333,0.0044444444444444444,rho_filter_a1,0.20755241350606538,0.1490075683406171,0.21414786894195031,1.0,
brazilian_houses,sparse_all,outlier,7005,0.2281367071908971,0.1308625480902011,0.23811079406671262,0.025333333333333333,0.0,all_data,0.20737817017881385,0.12057814972763498,0.21627828252937573,,
brazilian_houses,sparse_all,outlier,7005,0.2281367071908971,0.1308625480902011,0.23811079406671262,0.025333333333333333,0.0,random,0.21702319867756442,0.16668028510623908,0.22218515122677415,,
brazilian_houses,sparse_all,outlier,7005,0.2281367071908971,0.1308625480902011,0.23811079406671262,0.025333333333333333,0.0,uniform,0.2512936080186618,0.15833507691686532,0.2608251883852187,10.0,
brazilian_houses,sparse_all,outlier,7005,0.2281367071908971,0.1308625480902011,0.23811079406671262,0.025333333333333333,0.0,rho,0.22883004986986905,0.1655276434618101,0.2353208148047637,4.0,
brazilian_houses,sparse_all,outlier,7005,0.2281367071908971,0.1308625480902011,0.23811079406671262,0.025333333333333333,0.0,ws_default,0.21416805342932932,0.18212056999986917,0.21745406881956064,4.0,
brazilian_houses,sparse_all,outlier,7005,0.2281367071908971,0.1308625480902011,0.23811079406671262,0.025333333333333333,0.0,ws_tuned,0.2004950850345382,0.17531329320620365,0.2030771210213465,4.0,
brazilian_houses,sparse_all,outlier,7005,0.2281367071908971,0.1308625480902011,0.23811079406671262,0.025333333333333333,0.0,kcenter_a1,0.20928353130288832,0.11212901527267174,0.21924535047687965,13.0,
brazilian_houses,sparse_all,outlier,7005,0.2281367071908971,0.1308625480902011,0.23811079406671262,0.025333333333333333,0.0,rho_a1,0.22241153031500277,0.19466052852923285,0.22525700238344445,3.0,
brazilian_houses,sparse_all,outlier,7005,0.2281367071908971,0.1308625480902011,0.23811079406671262,0.025333333333333333,0.0,rho_landscape_a1,0.20347142151105807,0.1468543658233397,0.20927669844485935,4.0,
brazilian_houses,sparse_all,outlier,7005,0.2281367071908971,0.1308625480902011,0.23811079406671262,0.025333333333333333,0.0,rho_filter_a1,0.1898754634798631,0.20200154746195398,0.1886321053648306,0.0,
brazilian_houses,sparse_all,outlier,7006,0.1232476208630788,0.0843885477169032,0.12739803653392107,0.03266666666666666,0.022222222222222223,all_data,0.12169023982187967,0.039412843764565254,0.13047803032495753,,
brazilian_houses,sparse_all,outlier,7006,0.1232476208630788,0.0843885477169032,0.12739803653392107,0.03266666666666666,0.022222222222222223,random,0.14352288625584456,0.08500295362320442,0.14977321663664123,,
brazilian_houses,sparse_all,outlier,7006,0.1232476208630788,0.0843885477169032,0.12739803653392107,0.03266666666666666,0.022222222222222223,uniform,0.1357101231716742,0.04113247471229709,0.14581166503811566,2.0,
brazilian_houses,sparse_all,outlier,7006,0.1232476208630788,0.0843885477169032,0.12739803653392107,0.03266666666666666,0.022222222222222223,rho,0.2032248602176426,0.14954670629583028,0.2089580554068566,9.0,
brazilian_houses,sparse_all,outlier,7006,0.1232476208630788,0.0843885477169032,0.12739803653392107,0.03266666666666666,0.022222222222222223,ws_default,0.13613773393266485,0.06616308283840043,0.14361150684976118,12.0,
brazilian_houses,sparse_all,outlier,7006,0.1232476208630788,0.0843885477169032,0.12739803653392107,0.03266666666666666,0.022222222222222223,ws_tuned,0.13774870462438638,0.09161239136298768,0.14267637947743006,4.0,
brazilian_houses,sparse_all,outlier,7006,0.1232476208630788,0.0843885477169032,0.12739803653392107,0.03266666666666666,0.022222222222222223,kcenter_a1,0.11319830752842584,0.04264426501779981,0.12073396342469082,0.0,
brazilian_houses,sparse_all,outlier,7006,0.1232476208630788,0.0843885477169032,0.12739803653392107,0.03266666666666666,0.022222222222222223,rho_a1,0.21650572792447273,0.14188972656450374,0.22447522889983193,10.0,
brazilian_houses,sparse_all,outlier,7006,0.1232476208630788,0.0843885477169032,0.12739803653392107,0.03266666666666666,0.022222222222222223,rho_landscape_a1,0.23069125756360842,0.1160973907020769,0.24293066891074486,10.0,
brazilian_houses,sparse_all,outlier,7006,0.1232476208630788,0.0843885477169032,0.12739803653392107,0.03266666666666666,0.022222222222222223,rho_filter_a1,0.13573517912728414,0.05781017673110047,0.14405810412034636,5.0,
brazilian_houses,sparse_all,outlier,7007,0.21400082364544704,0.15596073404642172,0.22057536204422337,0.020666666666666667,0.017777777777777778,all_data,0.1303877014547998,0.11530591201110993,0.13209610343186126,,
brazilian_houses,sparse_all,outlier,7007,0.21400082364544704,0.15596073404642172,0.22057536204422337,0.020666666666666667,0.017777777777777778,random,0.18966663103193449,0.17914069983488085,0.19085896445726172,,
brazilian_houses,sparse_all,outlier,7007,0.21400082364544704,0.15596073404642172,0.22057536204422337,0.020666666666666667,0.017777777777777778,uniform,0.15316598317108066,0.10998202034553678,0.1580576817154715,9.0,
brazilian_houses,sparse_all,outlier,7007,0.21400082364544704,0.15596073404642172,0.22057536204422337,0.020666666666666667,0.017777777777777778,rho,0.18839172177649616,0.19892112497429,0.18719899505745854,4.0,
brazilian_houses,sparse_all,outlier,7007,0.21400082364544704,0.15596073404642172,0.22057536204422337,0.020666666666666667,0.017777777777777778,ws_default,0.21454761449817022,0.17112297630340284,0.21946657574093956,5.0,
brazilian_houses,sparse_all,outlier,7007,0.21400082364544704,0.15596073404642172,0.22057536204422337,0.020666666666666667,0.017777777777777778,ws_tuned,0.2122834195864662,0.17806126263221783,0.2161599622751328,5.0,
brazilian_houses,sparse_all,outlier,7007,0.21400082364544704,0.15596073404642172,0.22057536204422337,0.020666666666666667,0.017777777777777778,kcenter_a1,0.17658566150394361,0.14480332840615506,0.18018583115905074,17.0,
brazilian_houses,sparse_all,outlier,7007,0.21400082364544704,0.15596073404642172,0.22057536204422337,0.020666666666666667,0.017777777777777778,rho_a1,0.2048603170299008,0.17889322768764485,0.20780176021450922,7.0,
brazilian_houses,sparse_all,outlier,7007,0.21400082364544704,0.15596073404642172,0.22057536204422337,0.020666666666666667,0.017777777777777778,rho_landscape_a1,0.1915062342033877,0.17536534275561394,0.1933346068221586,8.0,
brazilian_houses,sparse_all,outlier,7007,0.21400082364544704,0.15596073404642172,0.22057536204422337,0.020666666666666667,0.017777777777777778,rho_filter_a1,0.17466671473400722,0.15260413305288045,0.1771658716347082,4.0,
brazilian_houses,sparse_all,outlier,7008,0.1597011764854972,0.2544002458879296,0.14912056895359677,0.025333333333333333,0.057777777777777775,all_data,0.11535993028045366,0.2289866094121813,0.10266456479658637,,
brazilian_houses,sparse_all,outlier,7008,0.1597011764854972,0.2544002458879296,0.14912056895359677,0.025333333333333333,0.057777777777777775,random,0.18763894226832348,0.3175600974464202,0.1731230155363627,,
brazilian_houses,sparse_all,outlier,7008,0.1597011764854972,0.2544002458879296,0.14912056895359677,0.025333333333333333,0.057777777777777775,uniform,0.12819915599162213,0.27566924753576927,0.11172250874294307,13.0,
brazilian_houses,sparse_all,outlier,7008,0.1597011764854972,0.2544002458879296,0.14912056895359677,0.025333333333333333,0.057777777777777775,rho,0.12339806284838431,0.18609695737774237,0.11639279447684402,7.0,
brazilian_houses,sparse_all,outlier,7008,0.1597011764854972,0.2544002458879296,0.14912056895359677,0.025333333333333333,0.057777777777777775,ws_default,0.15570341310180386,0.24995356876921307,0.14517296213507278,5.0,
brazilian_houses,sparse_all,outlier,7008,0.1597011764854972,0.2544002458879296,0.14912056895359677,0.025333333333333333,0.057777777777777775,ws_tuned,0.16351212937639478,0.24390967994726837,0.15452941249771465,10.0,
brazilian_houses,sparse_all,outlier,7008,0.1597011764854972,0.2544002458879296,0.14912056895359677,0.025333333333333333,0.057777777777777775,kcenter_a1,0.11445379063635511,0.2323226059939525,0.10128445662475027,26.0,
brazilian_houses,sparse_all,outlier,7008,0.1597011764854972,0.2544002458879296,0.14912056895359677,0.025333333333333333,0.057777777777777775,rho_a1,0.14177255105852013,0.2615491270669778,0.1283900653566302,11.0,
brazilian_houses,sparse_all,outlier,7008,0.1597011764854972,0.2544002458879296,0.14912056895359677,0.025333333333333333,0.057777777777777775,rho_landscape_a1,0.12384025698185956,0.23752815091749369,0.1111380520451934,14.0,
brazilian_houses,sparse_all,outlier,7008,0.1597011764854972,0.2544002458879296,0.14912056895359677,0.025333333333333333,0.057777777777777775,rho_filter_a1,0.13954686298684651,0.23758039062621894,0.12859370064359257,12.0,
brazilian_houses,sparse_all,outlier,7009,0.18850131373988915,0.1707719307991913,0.19037323863854763,0.028666666666666667,0.057777777777777775,all_data,0.1461308765315615,0.13312917760281234,0.1475036374466478,,
brazilian_houses,sparse_all,outlier,7009,0.18850131373988915,0.1707719307991913,0.19037323863854763,0.028666666666666667,0.057777777777777775,random,0.23366541583827344,0.14105680275653873,0.24344332910450409,,
brazilian_houses,sparse_all,outlier,7009,0.18850131373988915,0.1707719307991913,0.19037323863854763,0.028666666666666667,0.057777777777777775,uniform,0.20700673368586273,0.15669397620040507,0.21231891537725156,2.0,
brazilian_houses,sparse_all,outlier,7009,0.18850131373988915,0.1707719307991913,0.19037323863854763,0.028666666666666667,0.057777777777777775,rho,0.21526800826405781,0.12961597346533657,0.22431142376795815,3.0,
brazilian_houses,sparse_all,outlier,7009,0.18850131373988915,0.1707719307991913,0.19037323863854763,0.028666666666666667,0.057777777777777775,ws_default,0.22245202813323295,0.10537608589147103,0.2348132801886097,6.0,
brazilian_houses,sparse_all,outlier,7009,0.18850131373988915,0.1707719307991913,0.19037323863854763,0.028666666666666667,0.057777777777777775,ws_tuned,0.2387472713840975,0.12790950101370488,0.2504498773214911,8.0,
brazilian_houses,sparse_all,outlier,7009,0.18850131373988915,0.1707719307991913,0.19037323863854763,0.028666666666666667,0.057777777777777775,kcenter_a1,0.1979527517604054,0.19569167724237838,0.19819148323245797,0.0,
brazilian_houses,sparse_all,outlier,7009,0.18850131373988915,0.1707719307991913,0.19037323863854763,0.028666666666666667,0.057777777777777775,rho_a1,0.17811261919937504,0.11185515720241505,0.18510829373857868,9.0,
brazilian_houses,sparse_all,outlier,7009,0.18850131373988915,0.1707719307991913,0.19037323863854763,0.028666666666666667,0.057777777777777775,rho_landscape_a1,0.18305928545336397,0.1418985893986357,0.18740516325682063,9.0,
brazilian_houses,sparse_all,outlier,7009,0.18850131373988915,0.1707719307991913,0.19037323863854763,0.028666666666666667,0.057777777777777775,rho_filter_a1,0.2157333907127146,0.1101196688494024,0.22688442491718813,12.0,
brazilian_houses,hard,clean,7000,0.10917321729408906,0.30858456470795353,0.08695483710154678,0.112,0.43555555555555553,all_data,0.06204261803028014,0.11044794200755355,0.05664930463353475,,
brazilian_houses,hard,clean,7000,0.10917321729408906,0.30858456470795353,0.08695483710154678,0.112,0.43555555555555553,random,0.09185907802927547,0.23169272879024022,0.07627883519650334,,
brazilian_houses,hard,clean,7000,0.10917321729408906,0.30858456470795353,0.08695483710154678,0.112,0.43555555555555553,uniform,0.1255322220729543,0.31142450057330506,0.10482013436007831,3.0,
brazilian_houses,hard,clean,7000,0.10917321729408906,0.30858456470795353,0.08695483710154678,0.112,0.43555555555555553,rho,0.13399971357274604,0.2618773748158982,0.11975160516527061,28.0,
brazilian_houses,hard,clean,7000,0.10917321729408906,0.30858456470795353,0.08695483710154678,0.112,0.43555555555555553,ws_default,0.1253764741331922,0.23468834637447666,0.11319696294431887,36.0,
brazilian_houses,hard,clean,7000,0.10917321729408906,0.30858456470795353,0.08695483710154678,0.112,0.43555555555555553,ws_tuned,0.13149605918468316,0.22340791115744074,0.1212552554500136,51.0,
brazilian_houses,hard,clean,7000,0.10917321729408906,0.30858456470795353,0.08695483710154678,0.112,0.43555555555555553,kcenter_a1,0.12564570031784808,0.3155749107564914,0.10448381829898283,0.0,
brazilian_houses,hard,clean,7000,0.10917321729408906,0.30858456470795353,0.08695483710154678,0.112,0.43555555555555553,rho_a1,0.13226010682977324,0.2484395792205041,0.1193154087390027,33.0,
brazilian_houses,hard,clean,7000,0.10917321729408906,0.30858456470795353,0.08695483710154678,0.112,0.43555555555555553,rho_landscape_a1,0.13608973106845917,0.2472274702031587,0.12370678208457074,42.0,
brazilian_houses,hard,clean,7000,0.10917321729408906,0.30858456470795353,0.08695483710154678,0.112,0.43555555555555553,rho_filter_a1,0.1371349992478,0.2023349864863199,0.12987042717704522,89.0,
brazilian_houses,hard,clean,7001,0.17749363021576112,0.4341684219838433,0.14802038210861232,0.106,0.6577777777777778,all_data,0.09153255013781295,0.15547704322356834,0.08418998292729703,,
brazilian_houses,hard,clean,7001,0.17749363021576112,0.4341684219838433,0.14802038210861232,0.106,0.6577777777777778,random,0.12004194816737646,0.2580968223680281,0.10418949327031166,,
brazilian_houses,hard,clean,7001,0.17749363021576112,0.4341684219838433,0.14802038210861232,0.106,0.6577777777777778,uniform,0.12627182674756723,0.31022809149310765,0.10514864361625101,2.0,
brazilian_houses,hard,clean,7001,0.17749363021576112,0.4341684219838433,0.14802038210861232,0.106,0.6577777777777778,rho,0.12992809139610448,0.2483894330279517,0.11632550701697376,43.0,
brazilian_houses,hard,clean,7001,0.17749363021576112,0.4341684219838433,0.14802038210861232,0.106,0.6577777777777778,ws_default,0.10927737959564054,0.22191661964649778,0.0963433308495555,40.0,
brazilian_houses,hard,clean,7001,0.17749363021576112,0.4341684219838433,0.14802038210861232,0.106,0.6577777777777778,ws_tuned,0.1095717009667996,0.22090550417064347,0.09678755188096246,72.0,
brazilian_houses,hard,clean,7001,0.17749363021576112,0.4341684219838433,0.14802038210861232,0.106,0.6577777777777778,kcenter_a1,0.1266142524732973,0.31654762692948424,0.10480473455915322,0.0,
brazilian_houses,hard,clean,7001,0.17749363021576112,0.4341684219838433,0.14802038210861232,0.106,0.6577777777777778,rho_a1,0.12971766800338425,0.2621252179908268,0.11451367954328769,86.0,
brazilian_houses,hard,clean,7001,0.17749363021576112,0.4341684219838433,0.14802038210861232,0.106,0.6577777777777778,rho_landscape_a1,0.1332455387127597,0.2720992314596496,0.11730135771729742,106.0,
brazilian_houses,hard,clean,7001,0.17749363021576112,0.4341684219838433,0.14802038210861232,0.106,0.6577777777777778,rho_filter_a1,0.13700744570162116,0.24969468524663643,0.1240678853079349,125.0,
brazilian_houses,hard,clean,7002,0.1512386545132568,0.37436068601825634,0.1261025146635976,0.10133333333333333,0.6088888888888889,all_data,0.08906356721952614,0.2784718006648742,0.06772550475906274,,
brazilian_houses,hard,clean,7002,0.1512386545132568,0.37436068601825634,0.1261025146635976,0.10133333333333333,0.6088888888888889,random,0.11716539240571885,0.34204871828094907,0.09183083135440645,,
brazilian_houses,hard,clean,7002,0.1512386545132568,0.37436068601825634,0.1261025146635976,0.10133333333333333,0.6088888888888889,uniform,0.14354531190634373,0.3401729497878174,0.121393936845983,5.0,
brazilian_houses,hard,clean,7002,0.1512386545132568,0.37436068601825634,0.1261025146635976,0.10133333333333333,0.6088888888888889,rho,0.13837064454585607,0.31983101117768614,0.11792796068329937,36.0,
brazilian_houses,hard,clean,7002,0.1512386545132568,0.37436068601825634,0.1261025146635976,0.10133333333333333,0.6088888888888889,ws_default,0.10897445007446122,0.33497348922811204,0.08351419670666466,28.0,
brazilian_houses,hard,clean,7002,0.1512386545132568,0.37436068601825634,0.1261025146635976,0.10133333333333333,0.6088888888888889,ws_tuned,0.10080879042141372,0.31252549073718705,0.0769575348920985,64.0,
brazilian_houses,hard,clean,7002,0.1512386545132568,0.37436068601825634,0.1261025146635976,0.10133333333333333,0.6088888888888889,kcenter_a1,0.14345765132830424,0.3441489752954545,0.1208484757492511,0.0,
brazilian_houses,hard,clean,7002,0.1512386545132568,0.37436068601825634,0.1261025146635976,0.10133333333333333,0.6088888888888889,rho_a1,0.15917285184184843,0.3195375117744887,0.14110673577155097,37.0,
brazilian_houses,hard,clean,7002,0.1512386545132568,0.37436068601825634,0.1261025146635976,0.10133333333333333,0.6088888888888889,rho_landscape_a1,0.15585698623842273,0.30119195715471997,0.13948406183756032,70.0,
brazilian_houses,hard,clean,7002,0.1512386545132568,0.37436068601825634,0.1261025146635976,0.10133333333333333,0.6088888888888889,rho_filter_a1,0.1235022830904237,0.2812385113829359,0.10573227684328394,122.0,
brazilian_houses,hard,clean,7003,0.181180970068227,0.34513899917037466,0.16401993912933885,0.096,0.4622222222222222,all_data,0.06068046776741335,0.19121264125672763,0.04701802817822525,,
brazilian_houses,hard,clean,7003,0.181180970068227,0.34513899917037466,0.16401993912933885,0.096,0.4622222222222222,random,0.15243223732459732,0.29917635560568795,0.13707293855946795,,
brazilian_houses,hard,clean,7003,0.181180970068227,0.34513899917037466,0.16401993912933885,0.096,0.4622222222222222,uniform,0.13789133742233475,0.26133943727540004,0.12497036811984599,28.0,
brazilian_houses,hard,clean,7003,0.181180970068227,0.34513899917037466,0.16401993912933885,0.096,0.4622222222222222,rho,0.137310998679905,0.2896858954490453,0.12136234198962492,22.0,
brazilian_houses,hard,clean,7003,0.181180970068227,0.34513899917037466,0.16401993912933885,0.096,0.4622222222222222,ws_default,0.15505109296725134,0.29791788934830893,0.14009762270256731,34.0,
brazilian_houses,hard,clean,7003,0.181180970068227,0.34513899917037466,0.16401993912933885,0.096,0.4622222222222222,ws_tuned,0.14066360601208755,0.28858112206712827,0.12518149096517772,60.0,
brazilian_houses,hard,clean,7003,0.181180970068227,0.34513899917037466,0.16401993912933885,0.096,0.4622222222222222,kcenter_a1,0.13660498658962256,0.26248589045399207,0.1234293824568979,42.0,
brazilian_houses,hard,clean,7003,0.181180970068227,0.34513899917037466,0.16401993912933885,0.096,0.4622222222222222,rho_a1,0.15381844596679617,0.2785986110572294,0.1407580531003852,37.0,
brazilian_houses,hard,clean,7003,0.181180970068227,0.34513899917037466,0.16401993912933885,0.096,0.4622222222222222,rho_landscape_a1,0.1531869090808619,0.2867715079251713,0.13920498061856054,58.0,
brazilian_houses,hard,clean,7003,0.181180970068227,0.34513899917037466,0.16401993912933885,0.096,0.4622222222222222,rho_filter_a1,0.15225644141389724,0.25646086079963176,0.14134965462925395,91.0,
brazilian_houses,hard,clean,7004,0.1579463090711456,0.28273164764158065,0.14388843365500478,0.11066666666666666,0.5377777777777778,all_data,0.08274381564760648,0.2194703679150862,0.06734068528089458,,
brazilian_houses,hard,clean,7004,0.1579463090711456,0.28273164764158065,0.14388843365500478,0.11066666666666666,0.5377777777777778,random,0.11146201749692156,0.2670226436693672,0.09393710689891308,,
brazilian_houses,hard,clean,7004,0.1579463090711456,0.28273164764158065,0.14388843365500478,0.11066666666666666,0.5377777777777778,uniform,0.140534155978449,0.3006713187232296,0.12249366893766009,8.0,
brazilian_houses,hard,clean,7004,0.1579463090711456,0.28273164764158065,0.14388843365500478,0.11066666666666666,0.5377777777777778,rho,0.13884914105989296,0.28739005106951,0.12211504688634779,37.0,
brazilian_houses,hard,clean,7004,0.1579463090711456,0.28273164764158065,0.14388843365500478,0.11066666666666666,0.5377777777777778,ws_default,0.13484436027856447,0.2571880993486845,0.12106154683672897,33.0,
brazilian_houses,hard,clean,7004,0.1579463090711456,0.28273164764158065,0.14388843365500478,0.11066666666666666,0.5377777777777778,ws_tuned,0.13612131847962203,0.2620180385237881,0.12193823875281057,65.0,
brazilian_houses,hard,clean,7004,0.1579463090711456,0.28273164764158065,0.14388843365500478,0.11066666666666666,0.5377777777777778,kcenter_a1,0.14080223103408246,0.2998445171018908,0.1228850889318676,0.0,
brazilian_houses,hard,clean,7004,0.1579463090711456,0.28273164764158065,0.14388843365500478,0.11066666666666666,0.5377777777777778,rho_a1,0.14958256500647632,0.29152324839634935,0.13359202904739467,38.0,
brazilian_houses,hard,clean,7004,0.1579463090711456,0.28273164764158065,0.14388843365500478,0.11066666666666666,0.5377777777777778,rho_landscape_a1,0.15756476022455684,0.28011601571142813,0.1437585687163001,56.0,
brazilian_houses,hard,clean,7004,0.1579463090711456,0.28273164764158065,0.14388843365500478,0.11066666666666666,0.5377777777777778,rho_filter_a1,0.14568283088520445,0.26099692306660777,0.1326919526283287,98.0,
brazilian_houses,hard,clean,7005,0.19019581356741094,0.28893913541718425,0.18007108486616627,0.10333333333333333,0.52,all_data,0.11176105666988888,0.2604845301701102,0.09651157151495988,,
brazilian_houses,hard,clean,7005,0.19019581356741094,0.28893913541718425,0.18007108486616627,0.10333333333333333,0.52,random,0.1863166114253909,0.2884976620885841,0.1758393923386468,,
brazilian_houses,hard,clean,7005,0.19019581356741094,0.28893913541718425,0.18007108486616627,0.10333333333333333,0.52,uniform,0.12123427302837327,0.2673070524200542,0.10625657900033982,25.0,
brazilian_houses,hard,clean,7005,0.19019581356741094,0.28893913541718425,0.18007108486616627,0.10333333333333333,0.52,rho,0.23044066605948507,0.293912382578407,0.2239325407714369,16.0,
brazilian_houses,hard,clean,7005,0.19019581356741094,0.28893913541718425,0.18007108486616627,0.10333333333333333,0.52,ws_default,0.19087334768785533,0.2889348767484389,0.1808185271777845,36.0,
brazilian_houses,hard,clean,7005,0.19019581356741094,0.28893913541718425,0.18007108486616627,0.10333333333333333,0.52,ws_tuned,0.20081958997761393,0.27379663434279417,0.1933368279864764,66.0,
brazilian_houses,hard,clean,7005,0.19019581356741094,0.28893913541718425,0.18007108486616627,0.10333333333333333,0.52,kcenter_a1,0.12757718338343413,0.27177267260071386,0.11279197886611658,25.0,
brazilian_houses,hard,clean,7005,0.19019581356741094,0.28893913541718425,0.18007108486616627,0.10333333333333333,0.52,rho_a1,0.18506665975012185,0.2801635437232904,0.17531582159190282,35.0,
brazilian_houses,hard,clean,7005,0.19019581356741094,0.28893913541718425,0.18007108486616627,0.10333333333333333,0.52,rho_landscape_a1,0.1624550363221355,0.277398074333974,0.15066925623933394,55.0,
brazilian_houses,hard,clean,7005,0.19019581356741094,0.28893913541718425,0.18007108486616627,0.10333333333333333,0.52,rho_filter_a1,0.16730998041527034,0.2774911363618465,0.15601246387389042,100.0,
brazilian_houses,hard,clean,7006,0.17042238191412695,0.33795284875026954,0.15252897842803095,0.10133333333333333,0.6,all_data,0.07525131136777938,0.25853953670359564,0.05567487114098771,,
brazilian_houses,hard,clean,7006,0.17042238191412695,0.33795284875026954,0.15252897842803095,0.10133333333333333,0.6,random,0.14484219258428865,0.30206690493372246,0.1280495143975478,,
brazilian_houses,hard,clean,7006,0.17042238191412695,0.33795284875026954,0.15252897842803095,0.10133333333333333,0.6,uniform,0.08838958184390203,0.319625823780373,0.06369196441515886,2.0,
brazilian_houses,hard,clean,7006,0.17042238191412695,0.33795284875026954,0.15252897842803095,0.10133333333333333,0.6,rho,0.14766769406961672,0.3011459383306161,0.1312751643837435,31.0,
brazilian_houses,hard,clean,7006,0.17042238191412695,0.33795284875026954,0.15252897842803095,0.10133333333333333,0.6,ws_default,0.13897612191926922,0.31168963928400223,0.12052913306957719,41.0,
brazilian_houses,hard,clean,7006,0.17042238191412695,0.33795284875026954,0.15252897842803095,0.10133333333333333,0.6,ws_tuned,0.15612960811458468,0.29345548900603385,0.14146226167736844,68.0,
brazilian_houses,hard,clean,7006,0.17042238191412695,0.33795284875026954,0.15252897842803095,0.10133333333333333,0.6,kcenter_a1,0.08710907356836552,0.3210413985771559,0.062123495966430506,0.0,
brazilian_houses,hard,clean,7006,0.17042238191412695,0.33795284875026954,0.15252897842803095,0.10133333333333333,0.6,rho_a1,0.15073411545813087,0.30454410541122007,0.13430615305583635,34.0,
brazilian_houses,hard,clean,7006,0.17042238191412695,0.33795284875026954,0.15252897842803095,0.10133333333333333,0.6,rho_landscape_a1,0.14652306297964107,0.31710845998453574,0.12830337198797276,65.0,
brazilian_houses,hard,clean,7006,0.17042238191412695,0.33795284875026954,0.15252897842803095,0.10133333333333333,0.6,rho_filter_a1,0.1541852744018643,0.2798600477753528,0.14076234619982594,114.0,
brazilian_houses,hard,clean,7007,0.20405069548336205,0.29891146418805087,0.19330526468380504,0.096,0.4266666666666667,all_data,0.08787431913560839,0.26904622612753243,0.06735192388213967,,
brazilian_houses,hard,clean,7007,0.20405069548336205,0.29891146418805087,0.19330526468380504,0.096,0.4266666666666667,random,0.15404358792269912,0.30389871724935597,0.137068626153718,,
brazilian_houses,hard,clean,7007,0.20405069548336205,0.29891146418805087,0.19330526468380504,0.096,0.4266666666666667,uniform,0.1428457308796067,0.28996315023019553,0.1261808854368876,28.0,
brazilian_houses,hard,clean,7007,0.20405069548336205,0.29891146418805087,0.19330526468380504,0.096,0.4266666666666667,rho,0.1418832625823419,0.2909597793509308,0.12499649878473108,21.0,
brazilian_houses,hard,clean,7007,0.20405069548336205,0.29891146418805087,0.19330526468380504,0.096,0.4266666666666667,ws_default,0.14868936324383794,0.3025614944500226,0.13125937231678056,32.0,
brazilian_houses,hard,clean,7007,0.20405069548336205,0.29891146418805087,0.19330526468380504,0.096,0.4266666666666667,ws_tuned,0.16980645719996842,0.29772669539008717,0.1553161880812993,46.0,
brazilian_houses,hard,clean,7007,0.20405069548336205,0.29891146418805087,0.19330526468380504,0.096,0.4266666666666667,kcenter_a1,0.14420407158719292,0.2878753673855994,0.1279295885952777,33.0,
brazilian_houses,hard,clean,7007,0.20405069548336205,0.29891146418805087,0.19330526468380504,0.096,0.4266666666666667,rho_a1,0.14191011809459128,0.3033895723402249,0.12361840145724842,16.0,
brazilian_houses,hard,clean,7007,0.20405069548336205,0.29891146418805087,0.19330526468380504,0.096,0.4266666666666667,rho_landscape_a1,0.14759691443502754,0.2914305263927372,0.13130404494802841,35.0,
brazilian_houses,hard,clean,7007,0.20405069548336205,0.29891146418805087,0.19330526468380504,0.096,0.4266666666666667,rho_filter_a1,0.1587741586747167,0.29930933673030335,0.14285492197317928,77.0,
brazilian_houses,hard,clean,7008,0.10268454824756386,0.27896744073268614,0.08298868310609103,0.096,0.5688888888888889,all_data,0.05241306313889194,0.2052281688017205,0.03533922420713622,,
brazilian_houses,hard,clean,7008,0.10268454824756386,0.27896744073268614,0.08298868310609103,0.096,0.5688888888888889,random,0.08780214203905025,0.2898194798089713,0.06523099979794178,,
brazilian_houses,hard,clean,7008,0.10268454824756386,0.27896744073268614,0.08298868310609103,0.096,0.5688888888888889,uniform,0.06774907717398782,0.24667657502879728,0.04775773361155497,35.0,
brazilian_houses,hard,clean,7008,0.10268454824756386,0.27896744073268614,0.08298868310609103,0.096,0.5688888888888889,rho,0.0859085640473549,0.26544580616192887,0.06584909452816126,29.0,
brazilian_houses,hard,clean,7008,0.10268454824756386,0.27896744073268614,0.08298868310609103,0.096,0.5688888888888889,ws_default,0.09183143391378812,0.2547313576235016,0.07363083098679957,37.0,
brazilian_houses,hard,clean,7008,0.10268454824756386,0.27896744073268614,0.08298868310609103,0.096,0.5688888888888889,ws_tuned,0.0881530430642473,0.2545874919668771,0.06955753209736092,58.0,
brazilian_houses,hard,clean,7008,0.10268454824756386,0.27896744073268614,0.08298868310609103,0.096,0.5688888888888889,kcenter_a1,0.06782459884769566,0.24651627540500948,0.04785960330126984,53.0,
brazilian_houses,hard,clean,7008,0.10268454824756386,0.27896744073268614,0.08298868310609103,0.096,0.5688888888888889,rho_a1,0.08630496414388004,0.2530056666954985,0.06767970499275423,48.0,
brazilian_houses,hard,clean,7008,0.10268454824756386,0.27896744073268614,0.08298868310609103,0.096,0.5688888888888889,rho_landscape_a1,0.09110557847222699,0.2587702377879203,0.07237261764818342,66.0,
brazilian_houses,hard,clean,7008,0.10268454824756386,0.27896744073268614,0.08298868310609103,0.096,0.5688888888888889,rho_filter_a1,0.09586416694158705,0.23647319589758237,0.08015409755851031,109.0,
brazilian_houses,hard,clean,7009,0.3728460020485591,0.577503513135819,0.35123760811950067,0.102,0.28888888888888886,all_data,0.08713953719534528,0.2448277711162365,0.07049030962271387,,
brazilian_houses,hard,clean,7009,0.3728460020485591,0.577503513135819,0.35123760811950067,0.102,0.28888888888888886,random,0.17371847815216376,0.46308320076453635,0.14316642617927094,,
brazilian_houses,hard,clean,7009,0.3728460020485591,0.577503513135819,0.35123760811950067,0.102,0.28888888888888886,uniform,0.16836293413008177,0.4847420325285095,0.13495861804710793,6.0,
brazilian_houses,hard,clean,7009,0.3728460020485591,0.577503513135819,0.35123760811950067,0.102,0.28888888888888886,rho,0.1747638943927904,0.44703675857839575,0.1460164554433981,23.0,
brazilian_houses,hard,clean,7009,0.3728460020485591,0.577503513135819,0.35123760811950067,0.102,0.28888888888888886,ws_default,0.16232305284534526,0.42943631441205243,0.1341203812260854,24.0,
brazilian_houses,hard,clean,7009,0.3728460020485591,0.577503513135819,0.35123760811950067,0.102,0.28888888888888886,ws_tuned,0.17448974136821815,0.3840643004185927,0.1523621898045799,41.0,
brazilian_houses,hard,clean,7009,0.3728460020485591,0.577503513135819,0.35123760811950067,0.102,0.28888888888888886,kcenter_a1,0.17547483803920874,0.4997435265569324,0.14123751382313074,0.0,
brazilian_houses,hard,clean,7009,0.3728460020485591,0.577503513135819,0.35123760811950067,0.102,0.28888888888888886,rho_a1,0.18239301126589283,0.46275659898720484,0.15279132787464317,32.0,
brazilian_houses,hard,clean,7009,0.3728460020485591,0.577503513135819,0.35123760811950067,0.102,0.28888888888888886,rho_landscape_a1,0.16972674380726002,0.43221500752417663,0.1420123942384756,42.0,
brazilian_houses,hard,clean,7009,0.3728460020485591,0.577503513135819,0.35123760811950067,0.102,0.28888888888888886,rho_filter_a1,0.1780995467273398,0.39335203856657003,0.15537250087808996,46.0,
brazilian_houses,hard,outlier,7000,0.1700857945266549,0.3822959298953666,0.14644137544278346,0.10533333333333333,0.3244444444444444,all_data,0.14678299463225053,0.22632136774133463,0.13792084191851262,,
brazilian_houses,hard,outlier,7000,0.1700857945266549,0.3822959298953666,0.14644137544278346,0.10533333333333333,0.3244444444444444,random,0.19423206799677853,0.2943277493448568,0.18307942331198293,,
brazilian_houses,hard,outlier,7000,0.1700857945266549,0.3822959298953666,0.14644137544278346,0.10533333333333333,0.3244444444444444,uniform,0.18748385095821443,0.33444738348068165,0.17110919784859802,3.0,
brazilian_houses,hard,outlier,7000,0.1700857945266549,0.3822959298953666,0.14644137544278346,0.10533333333333333,0.3244444444444444,rho,0.19164721926971756,0.320010213091085,0.1773450351845916,16.0,
brazilian_houses,hard,outlier,7000,0.1700857945266549,0.3822959298953666,0.14644137544278346,0.10533333333333333,0.3244444444444444,ws_default,0.18510336399875607,0.23965861652332107,0.1790248265543686,35.0,
brazilian_houses,hard,outlier,7000,0.1700857945266549,0.3822959298953666,0.14644137544278346,0.10533333333333333,0.3244444444444444,ws_tuned,0.18809005942878818,0.23528539251137182,0.18283156302253198,54.0,
brazilian_houses,hard,outlier,7000,0.1700857945266549,0.3822959298953666,0.14644137544278346,0.10533333333333333,0.3244444444444444,kcenter_a1,0.1760410532819481,0.3452586967365688,0.15718685071865193,0.0,
brazilian_houses,hard,outlier,7000,0.1700857945266549,0.3822959298953666,0.14644137544278346,0.10533333333333333,0.3244444444444444,rho_a1,0.1991920014911237,0.34308924780126515,0.18315899349713463,20.0,
brazilian_houses,hard,outlier,7000,0.1700857945266549,0.3822959298953666,0.14644137544278346,0.10533333333333333,0.3244444444444444,rho_landscape_a1,0.19509300946970318,0.26070103618301377,0.1877829737064252,39.0,
brazilian_houses,hard,outlier,7000,0.1700857945266549,0.3822959298953666,0.14644137544278346,0.10533333333333333,0.3244444444444444,rho_filter_a1,0.20562939029879784,0.21029243475020676,0.20510983463749888,58.0,
brazilian_houses,hard,outlier,7001,0.3081617618392046,0.5560440777746105,0.2796981291286731,0.10533333333333333,0.48,all_data,0.22693256507313236,0.27894307902784826,0.22096034329237904,,
brazilian_houses,hard,outlier,7001,0.3081617618392046,0.5560440777746105,0.2796981291286731,0.10533333333333333,0.48,random,0.26101546419064037,0.34037013721436005,0.25190338913886434,,
brazilian_houses,hard,outlier,7001,0.3081617618392046,0.5560440777746105,0.2796981291286731,0.10533333333333333,0.48,uniform,0.2124064631487179,0.3712553305701294,0.19416629219620354,3.0,
brazilian_houses,hard,outlier,7001,0.3081617618392046,0.5560440777746105,0.2796981291286731,0.10533333333333333,0.48,rho,0.21689666402917682,0.34273472213983874,0.2024470319384319,14.0,
brazilian_houses,hard,outlier,7001,0.3081617618392046,0.5560440777746105,0.2796981291286731,0.10533333333333333,0.48,ws_default,0.29430876251379,0.33258279617081793,0.2899138623279774,30.0,
brazilian_houses,hard,outlier,7001,0.3081617618392046,0.5560440777746105,0.2796981291286731,0.10533333333333333,0.48,ws_tuned,0.2618287492095285,0.3210720080169301,0.2550260115761256,62.0,
brazilian_houses,hard,outlier,7001,0.3081617618392046,0.5560440777746105,0.2796981291286731,0.10533333333333333,0.48,kcenter_a1,0.2093414988563344,0.38426565739964536,0.18925544720643359,0.0,
brazilian_houses,hard,outlier,7001,0.3081617618392046,0.5560440777746105,0.2796981291286731,0.10533333333333333,0.48,rho_a1,0.25150653492299097,0.30933017427892684,0.24486680821879767,43.0,
brazilian_houses,hard,outlier,7001,0.3081617618392046,0.5560440777746105,0.2796981291286731,0.10533333333333333,0.48,rho_landscape_a1,0.24629136610195226,0.3037701195138355,0.239691241685649,77.0,
brazilian_houses,hard,outlier,7001,0.3081617618392046,0.5560440777746105,0.2796981291286731,0.10533333333333333,0.48,rho_filter_a1,0.2613492810730829,0.2700549716249112,0.26034963098742153,97.0,
brazilian_houses,hard,outlier,7002,0.2968849198828615,0.40926007409071596,0.2842251319957458,0.104,0.2222222222222222,all_data,0.1829739125569724,0.31593128430800727,0.1679954047519184,,
brazilian_houses,hard,outlier,7002,0.2968849198828615,0.40926007409071596,0.2842251319957458,0.104,0.2222222222222222,random,0.2503171243700101,0.3616028647087692,0.23778006600083143,,
brazilian_houses,hard,outlier,7002,0.2968849198828615,0.40926007409071596,0.2842251319957458,0.104,0.2222222222222222,uniform,0.22963492041315442,0.37841682755372447,0.21287367635420287,8.0,
brazilian_houses,hard,outlier,7002,0.2968849198828615,0.40926007409071596,0.2842251319957458,0.104,0.2222222222222222,rho,0.24375776644976127,0.3699939162228,0.22953644776879306,16.0,
brazilian_houses,hard,outlier,7002,0.2968849198828615,0.40926007409071596,0.2842251319957458,0.104,0.2222222222222222,ws_default,0.24812811200291318,0.37274916118868606,0.2340887448484659,23.0,
brazilian_houses,hard,outlier,7002,0.2968849198828615,0.40926007409071596,0.2842251319957458,0.104,0.2222222222222222,ws_tuned,0.230831506773479,0.3698200928371088,0.21517354367034405,38.0,
brazilian_houses,hard,outlier,7002,0.2968849198828615,0.40926007409071596,0.2842251319957458,0.104,0.2222222222222222,kcenter_a1,0.22410056648713295,0.38376811976405584,0.2061129839900109,0.0,
brazilian_houses,hard,outlier,7002,0.2968849198828615,0.40926007409071596,0.2842251319957458,0.104,0.2222222222222222,rho_a1,0.21118787269320025,0.37759551174270506,0.19244097594353418,8.0,
brazilian_houses,hard,outlier,7002,0.2968849198828615,0.40926007409071596,0.2842251319957458,0.104,0.2222222222222222,rho_landscape_a1,0.21268221132067797,0.3752167206376918,0.1943716476841298,20.0,
brazilian_houses,hard,outlier,7002,0.2968849198828615,0.40926007409071596,0.2842251319957458,0.104,0.2222222222222222,rho_filter_a1,0.24413861822748384,0.3789692595719598,0.2289490744877028,43.0,
brazilian_houses,hard,outlier,7003,0.18644171202973,0.3550502919443808,0.1687939208704777,0.096,0.2222222222222222,all_data,0.14283988678135995,0.2731222441049172,0.12920359475550297,,
brazilian_houses,hard,outlier,7003,0.18644171202973,0.3550502919443808,0.1687939208704777,0.096,0.2222222222222222,random,0.16597379511681312,0.33959942202566556,0.147800883601084,,
brazilian_houses,hard,outlier,7003,0.18644171202973,0.3550502919443808,0.1687939208704777,0.096,0.2222222222222222,uniform,0.18716232125234888,0.2982302557686975,0.17553714942641793,33.0,
brazilian_houses,hard,outlier,7003,0.18644171202973,0.3550502919443808,0.1687939208704777,0.096,0.2222222222222222,rho,0.1456985792970213,0.334830733269538,0.125902642717186,17.0,
brazilian_houses,hard,outlier,7003,0.18644171202973,0.3550502919443808,0.1687939208704777,0.096,0.2222222222222222,ws_default,0.18160056874792158,0.35219310444082486,0.16374512245474002,26.0,
brazilian_houses,hard,outlier,7003,0.18644171202973,0.3550502919443808,0.1687939208704777,0.096,0.2222222222222222,ws_tuned,0.14854642111374616,0.3203080474856497,0.13056860935043452,38.0,
brazilian_houses,hard,outlier,7003,0.18644171202973,0.3550502919443808,0.1687939208704777,0.096,0.2222222222222222,kcenter_a1,0.1859967034194302,0.27499276419307006,0.17668173323627376,48.0,
brazilian_houses,hard,outlier,7003,0.18644171202973,0.3550502919443808,0.1687939208704777,0.096,0.2222222222222222,rho_a1,0.13844421161744466,0.2989925824835047,0.12164006012386917,29.0,
brazilian_houses,hard,outlier,7003,0.18644171202973,0.3550502919443808,0.1687939208704777,0.096,0.2222222222222222,rho_landscape_a1,0.14076855223403562,0.3329691800447267,0.12065144703098342,45.0,
brazilian_houses,hard,outlier,7003,0.18644171202973,0.3550502919443808,0.1687939208704777,0.096,0.2222222222222222,rho_filter_a1,0.14482465911463618,0.34702262668503797,0.12366116016153422,47.0,
brazilian_houses,hard,outlier,7004,0.203999765874367,0.3185961827446868,0.19108973838271762,0.10666666666666667,0.24888888888888888,all_data,0.15464410110037163,0.24980713053795736,0.14392337038487174,,
brazilian_houses,hard,outlier,7004,0.203999765874367,0.3185961827446868,0.19108973838271762,0.10666666666666667,0.24888888888888888,random,0.1873955492158996,0.27550818482599365,0.1774690909621894,,
brazilian_houses,hard,outlier,7004,0.203999765874367,0.3185961827446868,0.19108973838271762,0.10666666666666667,0.24888888888888888,uniform,0.2017142326826182,0.2828679012081905,0.19257174707681662,9.0,
brazilian_houses,hard,outlier,7004,0.203999765874367,0.3185961827446868,0.19108973838271762,0.10666666666666667,0.24888888888888888,rho,0.18546020388045872,0.28902554082435145,0.1737928988839979,26.0,
brazilian_houses,hard,outlier,7004,0.203999765874367,0.3185961827446868,0.19108973838271762,0.10666666666666667,0.24888888888888888,ws_default,0.16351464314349645,0.256680160406112,0.15301894509304878,19.0,
brazilian_houses,hard,outlier,7004,0.203999765874367,0.3185961827446868,0.19108973838271762,0.10666666666666667,0.24888888888888888,ws_tuned,0.2583759051187869,0.2873595894443996,0.25511070563286947,43.0,
brazilian_houses,hard,outlier,7004,0.203999765874367,0.3185961827446868,0.19108973838271762,0.10666666666666667,0.24888888888888888,kcenter_a1,0.21172672160375602,0.29465055259939643,0.2023848157475017,0.0,
brazilian_houses,hard,outlier,7004,0.203999765874367,0.3185961827446868,0.19108973838271762,0.10666666666666667,0.24888888888888888,rho_a1,0.1603899219215882,0.27033800322801493,0.14800355949346508,39.0,
brazilian_houses,hard,outlier,7004,0.203999765874367,0.3185961827446868,0.19108973838271762,0.10666666666666667,0.24888888888888888,rho_landscape_a1,0.17266827354783787,0.2694441804777074,0.1617658417518442,45.0,
brazilian_houses,hard,outlier,7004,0.203999765874367,0.3185961827446868,0.19108973838271762,0.10666666666666667,0.24888888888888888,rho_filter_a1,0.17351269739466002,0.25893771804353866,0.16388901634798525,51.0,
brazilian_houses,hard,outlier,7005,0.22776371289900707,0.31915736798842514,0.218392588397005,0.10133333333333333,0.21777777777777776,all_data,0.17765878346482458,0.3255522635017308,0.16249440238055524,,
brazilian_houses,hard,outlier,7005,0.22776371289900707,0.31915736798842514,0.218392588397005,0.10133333333333333,0.21777777777777776,random,0.21741941886307442,0.36941467657702076,0.20183445859031038,,
brazilian_houses,hard,outlier,7005,0.22776371289900707,0.31915736798842514,0.218392588397005,0.10133333333333333,0.21777777777777776,uniform,0.19681636573612543,0.3574034753591359,0.18035043277588292,28.0,
brazilian_houses,hard,outlier,7005,0.22776371289900707,0.31915736798842514,0.218392588397005,0.10133333333333333,0.21777777777777776,rho,0.1920972391167445,0.3675564025983091,0.17410638773440107,21.0,
brazilian_houses,hard,outlier,7005,0.22776371289900707,0.31915736798842514,0.218392588397005,0.10133333333333333,0.21777777777777776,ws_default,0.18617225524133915,0.3463053730988005,0.16975287270468653,28.0,
brazilian_houses,hard,outlier,7005,0.22776371289900707,0.31915736798842514,0.218392588397005,0.10133333333333333,0.21777777777777776,ws_tuned,0.21237832595131545,0.36343068270624423,0.19689004681326874,40.0,
brazilian_houses,hard,outlier,7005,0.22776371289900707,0.31915736798842514,0.218392588397005,0.10133333333333333,0.21777777777777776,kcenter_a1,0.18222444221218548,0.35071322019244633,0.1649483051094685,18.0,
brazilian_houses,hard,outlier,7005,0.22776371289900707,0.31915736798842514,0.218392588397005,0.10133333333333333,0.21777777777777776,rho_a1,0.19253254259121313,0.3551597658661706,0.17585742487944794,25.0,
brazilian_houses,hard,outlier,7005,0.22776371289900707,0.31915736798842514,0.218392588397005,0.10133333333333333,0.21777777777777776,rho_landscape_a1,0.19212578296533123,0.36511328414865385,0.17438836553418569,33.0,
brazilian_houses,hard,outlier,7005,0.22776371289900707,0.31915736798842514,0.218392588397005,0.10133333333333333,0.21777777777777776,rho_filter_a1,0.20835524207308806,0.3895274689921917,0.18977859697553937,41.0,
brazilian_houses,hard,outlier,7006,0.2814391201619295,0.3980610015097946,0.26898310295100636,0.106,0.43555555555555553,all_data,0.15597919799788634,0.31431923056926186,0.13906739595788883,,
brazilian_houses,hard,outlier,7006,0.2814391201619295,0.3980610015097946,0.26898310295100636,0.106,0.43555555555555553,random,0.2401209179905624,0.33973730489857923,0.22948120428096236,,
brazilian_houses,hard,outlier,7006,0.2814391201619295,0.3980610015097946,0.26898310295100636,0.106,0.43555555555555553,uniform,0.14803271350942704,0.3594803403346916,0.1254486559680457,2.0,
brazilian_houses,hard,outlier,7006,0.2814391201619295,0.3980610015097946,0.26898310295100636,0.106,0.43555555555555553,rho,0.17696814434004488,0.3608050867120697,0.1573330973683787,23.0,
brazilian_houses,hard,outlier,7006,0.2814391201619295,0.3980610015097946,0.26898310295100636,0.106,0.43555555555555553,ws_default,0.23186414227071506,0.345001597945988,0.21978028563245958,19.0,
brazilian_houses,hard,outlier,7006,0.2814391201619295,0.3980610015097946,0.26898310295100636,0.106,0.43555555555555553,ws_tuned,0.18000320801511713,0.3205990332578087,0.1649866090821678,59.0,
brazilian_houses,hard,outlier,7006,0.2814391201619295,0.3980610015097946,0.26898310295100636,0.106,0.43555555555555553,kcenter_a1,0.15956464957317082,0.35195656019744487,0.13901587328623952,0.0,
brazilian_houses,hard,outlier,7006,0.2814391201619295,0.3980610015097946,0.26898310295100636,0.106,0.43555555555555553,rho_a1,0.15805852587909588,0.3481743618193904,0.1377528499872991,15.0,
brazilian_houses,hard,outlier,7006,0.2814391201619295,0.3980610015097946,0.26898310295100636,0.106,0.43555555555555553,rho_landscape_a1,0.17275003881797873,0.34095472418037853,0.15478462416665434,61.0,
brazilian_houses,hard,outlier,7006,0.2814391201619295,0.3980610015097946,0.26898310295100636,0.106,0.43555555555555553,rho_filter_a1,0.2718019485752711,0.33334717140285963,0.2652284964415,81.0,
brazilian_houses,hard,outlier,7007,0.19782827929729885,0.2996219297122466,0.18629752067807157,0.094,0.27111111111111114,all_data,0.15218695413395977,0.2988490390836243,0.13557368706618536,,
brazilian_houses,hard,outlier,7007,0.19782827929729885,0.2996219297122466,0.18629752067807157,0.094,0.27111111111111114,random,0.21423022698758842,0.301362611697413,0.20436023517659524,,
brazilian_houses,hard,outlier,7007,0.19782827929729885,0.2996219297122466,0.18629752067807157,0.094,0.27111111111111114,uniform,0.1900675834471936,0.292497261304049,0.17846477830170512,32.0,
brazilian_houses,hard,outlier,7007,0.19782827929729885,0.2996219297122466,0.18629752067807157,0.094,0.27111111111111114,rho,0.19023658960175618,0.3214833722689496,0.17536950344936328,23.0,
brazilian_houses,hard,outlier,7007,0.19782827929729885,0.2996219297122466,0.18629752067807157,0.094,0.27111111111111114,ws_default,0.2016267125315409,0.3106955718936243,0.18927184869620328,21.0,
brazilian_houses,hard,outlier,7007,0.19782827929729885,0.2996219297122466,0.18629752067807157,0.094,0.27111111111111114,ws_tuned,0.19627118562634974,0.29806330292002575,0.18474060067268255,51.0,
brazilian_houses,hard,outlier,7007,0.19782827929729885,0.2996219297122466,0.18629752067807157,0.094,0.27111111111111114,kcenter_a1,0.1932232989142803,0.29104815281211843,0.18214210895145808,40.0,
brazilian_houses,hard,outlier,7007,0.19782827929729885,0.2996219297122466,0.18629752067807157,0.094,0.27111111111111114,rho_a1,0.18260699785090537,0.3022633426417943,0.1690528279845286,35.0,
brazilian_houses,hard,outlier,7007,0.19782827929729885,0.2996219297122466,0.18629752067807157,0.094,0.27111111111111114,rho_landscape_a1,0.18668495754571338,0.3022133026866243,0.17359839020022197,45.0,
brazilian_houses,hard,outlier,7007,0.19782827929729885,0.2996219297122466,0.18629752067807157,0.094,0.27111111111111114,rho_filter_a1,0.1930070145858565,0.29462068781391654,0.18149664302899024,59.0,
brazilian_houses,hard,outlier,7008,0.16742569983245176,0.28572510398916523,0.15420825667764382,0.10133333333333333,0.27111111111111114,all_data,0.12957062926077278,0.27817462624915706,0.11296729218758476,,
brazilian_houses,hard,outlier,7008,0.16742569983245176,0.28572510398916523,0.15420825667764382,0.10133333333333333,0.27111111111111114,random,0.15956285649045993,0.30877646899796674,0.14289140784454057,,
brazilian_houses,hard,outlier,7008,0.16742569983245176,0.28572510398916523,0.15420825667764382,0.10133333333333333,0.27111111111111114,uniform,0.13475298649162115,0.2890570119127454,0.11751279243400804,49.0,
brazilian_houses,hard,outlier,7008,0.16742569983245176,0.28572510398916523,0.15420825667764382,0.10133333333333333,0.27111111111111114,rho,0.13209338088909856,0.27406913720425125,0.11623060878273633,19.0,
brazilian_houses,hard,outlier,7008,0.16742569983245176,0.28572510398916523,0.15420825667764382,0.10133333333333333,0.27111111111111114,ws_default,0.15923487469500713,0.31044389769846653,0.14234048135220817,20.0,
brazilian_houses,hard,outlier,7008,0.16742569983245176,0.28572510398916523,0.15420825667764382,0.10133333333333333,0.27111111111111114,ws_tuned,0.16057681967871862,0.3051795891964652,0.14442053470202762,40.0,
brazilian_houses,hard,outlier,7008,0.16742569983245176,0.28572510398916523,0.15420825667764382,0.10133333333333333,0.27111111111111114,kcenter_a1,0.14359303629405748,0.2902271298442968,0.12720979404636537,56.0,
brazilian_houses,hard,outlier,7008,0.16742569983245176,0.28572510398916523,0.15420825667764382,0.10133333333333333,0.27111111111111114,rho_a1,0.1534155520076459,0.27873700214147223,0.13941354451631785,23.0,
brazilian_houses,hard,outlier,7008,0.16742569983245176,0.28572510398916523,0.15420825667764382,0.10133333333333333,0.27111111111111114,rho_landscape_a1,0.14402542963696657,0.258897169878223,0.13119095504636483,31.0,
brazilian_houses,hard,outlier,7008,0.16742569983245176,0.28572510398916523,0.15420825667764382,0.10133333333333333,0.27111111111111114,rho_filter_a1,0.158204624461766,0.27007374444466187,0.14570562884388827,46.0,
brazilian_houses,hard,outlier,7009,0.2517293785059065,0.5633455897589675,0.21882794326580995,0.10333333333333333,0.3511111111111111,all_data,0.18954507037397145,0.3878502800824251,0.16860737272095067,,
brazilian_houses,hard,outlier,7009,0.2517293785059065,0.5633455897589675,0.21882794326580995,0.10333333333333333,0.3511111111111111,random,0.24674080467175447,0.4872634213797792,0.22134565829738592,,
brazilian_houses,hard,outlier,7009,0.2517293785059065,0.5633455897589675,0.21882794326580995,0.10333333333333333,0.3511111111111111,uniform,0.2318797164360771,0.5010176479101754,0.20346327369890038,6.0,
brazilian_houses,hard,outlier,7009,0.2517293785059065,0.5633455897589675,0.21882794326580995,0.10333333333333333,0.3511111111111111,rho,0.21875057319468255,0.4739374835721612,0.19180712384028872,16.0,
brazilian_houses,hard,outlier,7009,0.2517293785059065,0.5633455897589675,0.21882794326580995,0.10333333333333333,0.3511111111111111,ws_default,0.2282662195736422,0.4679503502040124,0.202959603238429,34.0,
brazilian_houses,hard,outlier,7009,0.2517293785059065,0.5633455897589675,0.21882794326580995,0.10333333333333333,0.3511111111111111,ws_tuned,0.23495504239538034,0.4606864095508566,0.2111216034088154,50.0,
brazilian_houses,hard,outlier,7009,0.2517293785059065,0.5633455897589675,0.21882794326580995,0.10333333333333333,0.3511111111111111,kcenter_a1,0.2271897385190743,0.5306906060761551,0.19514514719602155,0.0,
brazilian_houses,hard,outlier,7009,0.2517293785059065,0.5633455897589675,0.21882794326580995,0.10333333333333333,0.3511111111111111,rho_a1,0.2364150000879555,0.49790140487955775,0.20880642998558066,24.0,
brazilian_houses,hard,outlier,7009,0.2517293785059065,0.5633455897589675,0.21882794326580995,0.10333333333333333,0.3511111111111111,rho_landscape_a1,0.2343980934129266,0.47527088617316254,0.20896597433210568,40.0,
brazilian_houses,hard,outlier,7009,0.2517293785059065,0.5633455897589675,0.21882794326580995,0.10333333333333333,0.3511111111111111,rho_filter_a1,0.24543171431456595,0.43071986271446855,0.22586839958577587,67.0,
brazilian_houses,hard_sparse,clean,7000,0.12499256221129014,0.3541751736996335,0.09945707257338358,0.03,0.1111111111111111,all_data,0.08289727431411253,0.2851926426840645,0.0603575569714199,,
brazilian_houses,hard_sparse,clean,7000,0.12499256221129014,0.3541751736996335,0.09945707257338358,0.03,0.1111111111111111,random,0.08633959427937361,0.31572853759724706,0.0607811151822724,,
brazilian_houses,hard_sparse,clean,7000,0.12499256221129014,0.3541751736996335,0.09945707257338358,0.03,0.1111111111111111,uniform,0.1276943019568664,0.37218431455451517,0.10045326415423868,2.0,
brazilian_houses,hard_sparse,clean,7000,0.12499256221129014,0.3541751736996335,0.09945707257338358,0.03,0.1111111111111111,rho,0.1447180763225685,0.3854359388204776,0.11789733087614962,5.0,
brazilian_houses,hard_sparse,clean,7000,0.12499256221129014,0.3541751736996335,0.09945707257338358,0.03,0.1111111111111111,ws_default,0.13448441516546958,0.3630734517302275,0.10901506154989084,7.0,
brazilian_houses,hard_sparse,clean,7000,0.12499256221129014,0.3541751736996335,0.09945707257338358,0.03,0.1111111111111111,ws_tuned,0.13588056061203496,0.33661175634965484,0.11351512313196117,10.0,
brazilian_houses,hard_sparse,clean,7000,0.12499256221129014,0.3541751736996335,0.09945707257338358,0.03,0.1111111111111111,kcenter_a1,0.12373460643870608,0.36285037124714203,0.09709236645866086,0.0,
brazilian_houses,hard_sparse,clean,7000,0.12499256221129014,0.3541751736996335,0.09945707257338358,0.03,0.1111111111111111,rho_a1,0.14408326242729663,0.39017658042887576,0.11666358459494507,8.0,
brazilian_houses,hard_sparse,clean,7000,0.12499256221129014,0.3541751736996335,0.09945707257338358,0.03,0.1111111111111111,rho_landscape_a1,0.14459401642950273,0.3595532327501825,0.12064329518899353,8.0,
brazilian_houses,hard_sparse,clean,7000,0.12499256221129014,0.3541751736996335,0.09945707257338358,0.03,0.1111111111111111,rho_filter_a1,0.1423886845283293,0.33178394318244203,0.12128629533124702,16.0,
brazilian_houses,hard_sparse,clean,7001,0.17208466513909884,0.47264279052561514,0.1375724166276036,0.037333333333333336,0.24888888888888888,all_data,0.09808962347031508,0.27802813067798804,0.07742778819451762,,
brazilian_houses,hard_sparse,clean,7001,0.17208466513909884,0.47264279052561514,0.1375724166276036,0.037333333333333336,0.24888888888888888,random,0.13161990481385089,0.3690436948900012,0.10435719536252035,,
brazilian_houses,hard_sparse,clean,7001,0.17208466513909884,0.47264279052561514,0.1375724166276036,0.037333333333333336,0.24888888888888888,uniform,0.11986121329663289,0.41784723894277476,0.08564431180103357,1.0,
brazilian_houses,hard_sparse,clean,7001,0.17208466513909884,0.47264279052561514,0.1375724166276036,0.037333333333333336,0.24888888888888888,rho,0.12323111840312628,0.359486956142838,0.09610252165040577,16.0,
brazilian_houses,hard_sparse,clean,7001,0.17208466513909884,0.47264279052561514,0.1375724166276036,0.037333333333333336,0.24888888888888888,ws_default,0.13575642240275915,0.3592016843765489,0.11009882821847781,17.0,
brazilian_houses,hard_sparse,clean,7001,0.17208466513909884,0.47264279052561514,0.1375724166276036,0.037333333333333336,0.24888888888888888,ws_tuned,0.12790010547702155,0.3423815328844228,0.10327180333325084,29.0,
brazilian_houses,hard_sparse,clean,7001,0.17208466513909884,0.47264279052561514,0.1375724166276036,0.037333333333333336,0.24888888888888888,kcenter_a1,0.11888810905554036,0.4052852633883693,0.0860019252246804,0.0,
brazilian_houses,hard_sparse,clean,7001,0.17208466513909884,0.47264279052561514,0.1375724166276036,0.037333333333333336,0.24888888888888888,rho_a1,0.11857497464942854,0.3201210145651669,0.09543200685531367,27.0,
brazilian_houses,hard_sparse,clean,7001,0.17208466513909884,0.47264279052561514,0.1375724166276036,0.037333333333333336,0.24888888888888888,rho_landscape_a1,0.12721194460633276,0.31505250813081054,0.10564273831533923,37.0,
brazilian_houses,hard_sparse,clean,7001,0.17208466513909884,0.47264279052561514,0.1375724166276036,0.037333333333333336,0.24888888888888888,rho_filter_a1,0.1263166808793034,0.32642932302924454,0.10333830613967804,46.0,
brazilian_houses,hard_sparse,clean,7002,0.14255454518860577,0.3965778836221057,0.11393717326494306,0.03266666666666666,0.20444444444444446,all_data,0.07364766403602907,0.33884118539712127,0.043771898764473474,,
brazilian_houses,hard_sparse,clean,7002,0.14255454518860577,0.3965778836221057,0.11393717326494306,0.03266666666666666,0.20444444444444446,random,0.13505100486257687,0.40474574045347655,0.10466814869725997,,
brazilian_houses,hard_sparse,clean,7002,0.14255454518860577,0.3965778836221057,0.11393717326494306,0.03266666666666666,0.20444444444444446,uniform,0.14581917771095082,0.41325786291757893,0.11569048021201218,4.0,
brazilian_houses,hard_sparse,clean,7002,0.14255454518860577,0.3965778836221057,0.11393717326494306,0.03266666666666666,0.20444444444444446,rho,0.14746540627202345,0.3928611461505622,0.11981998912298085,11.0,
brazilian_houses,hard_sparse,clean,7002,0.14255454518860577,0.3965778836221057,0.11393717326494306,0.03266666666666666,0.20444444444444446,ws_default,0.12216866405524461,0.3878622364757436,0.09223656479785876,9.0,
brazilian_houses,hard_sparse,clean,7002,0.14255454518860577,0.3965778836221057,0.11393717326494306,0.03266666666666666,0.20444444444444446,ws_tuned,0.14455518171457016,0.37835511284542506,0.11821610741471028,25.0,
brazilian_houses,hard_sparse,clean,7002,0.14255454518860577,0.3965778836221057,0.11393717326494306,0.03266666666666666,0.20444444444444446,kcenter_a1,0.1376327978144062,0.41862026922968537,0.10597774192478507,0.0,
brazilian_houses,hard_sparse,clean,7002,0.14255454518860577,0.3965778836221057,0.11393717326494306,0.03266666666666666,0.20444444444444446,rho_a1,0.13475794884770984,0.39019138477388965,0.10598172032195104,11.0,
brazilian_houses,hard_sparse,clean,7002,0.14255454518860577,0.3965778836221057,0.11393717326494306,0.03266666666666666,0.20444444444444446,rho_landscape_a1,0.13644814591963303,0.384100963125039,0.1085484544124871,20.0,
brazilian_houses,hard_sparse,clean,7002,0.14255454518860577,0.3965778836221057,0.11393717326494306,0.03266666666666666,0.20444444444444446,rho_filter_a1,0.14428556768559997,0.37644597947722114,0.11813119584259399,34.0,
brazilian_houses,hard_sparse,clean,7003,0.17886785304947803,0.3183559732375173,0.16426801942581964,0.026,0.11061946902654868,all_data,0.06512508733622284,0.2523266748049944,0.04553121778342956,,
brazilian_houses,hard_sparse,clean,7003,0.17886785304947803,0.3183559732375173,0.16426801942581964,0.026,0.11061946902654868,random,0.14517713788154274,0.29807734484432846,0.12917349843418133,,
brazilian_houses,hard_sparse,clean,7003,0.17886785304947803,0.3183559732375173,0.16426801942581964,0.026,0.11061946902654868,uniform,0.12192168909139472,0.2784791959230267,0.10553525023771107,15.0,
brazilian_houses,hard_sparse,clean,7003,0.17886785304947803,0.3183559732375173,0.16426801942581964,0.026,0.11061946902654868,rho,0.12010284760886199,0.28467739153498817,0.10287728777787558,7.0,
brazilian_houses,hard_sparse,clean,7003,0.17886785304947803,0.3183559732375173,0.16426801942581964,0.026,0.11061946902654868,ws_default,0.15575005772593675,0.3104893298620117,0.13955392844132686,6.0,
brazilian_houses,hard_sparse,clean,7003,0.17886785304947803,0.3183559732375173,0.16426801942581964,0.026,0.11061946902654868,ws_tuned,0.14700303048011415,0.27957310875973224,0.1331272890639376,16.0,
brazilian_houses,hard_sparse,clean,7003,0.17886785304947803,0.3183559732375173,0.16426801942581964,0.026,0.11061946902654868,kcenter_a1,0.12590853324916562,0.26948973517743685,0.11088028814261637,25.0,
brazilian_houses,hard_sparse,clean,7003,0.17886785304947803,0.3183559732375173,0.16426801942581964,0.026,0.11061946902654868,rho_a1,0.1221560627642225,0.28143425700619734,0.10548485712552919,4.0,
brazilian_houses,hard_sparse,clean,7003,0.17886785304947803,0.3183559732375173,0.16426801942581964,0.026,0.11061946902654868,rho_landscape_a1,0.11924848523938929,0.28368887655506286,0.10203696678906056,8.0,
brazilian_houses,hard_sparse,clean,7003,0.17886785304947803,0.3183559732375173,0.16426801942581964,0.026,0.11061946902654868,rho_filter_a1,0.14328490584390538,0.2874037952410181,0.12820038248530122,17.0,
brazilian_houses,hard_sparse,clean,7004,0.18034168736075976,0.31760737049784576,0.16487782041485716,0.028,0.12,all_data,0.07398086852283056,0.2716053016482993,0.05171719803164424,,
brazilian_houses,hard_sparse,clean,7004,0.18034168736075976,0.31760737049784576,0.16487782041485716,0.028,0.12,random,0.15654288173586645,0.30738348230807283,0.13954971254762066,,
brazilian_houses,hard_sparse,clean,7004,0.18034168736075976,0.31760737049784576,0.16487782041485716,0.028,0.12,uniform,0.14297418389330202,0.30112917394700006,0.12515700142550015,3.0,
brazilian_houses,hard_sparse,clean,7004,0.18034168736075976,0.31760737049784576,0.16487782041485716,0.028,0.12,rho,0.1458238457022858,0.30180545904597306,0.12825150817678,6.0,
brazilian_houses,hard_sparse,clean,7004,0.18034168736075976,0.31760737049784576,0.16487782041485716,0.028,0.12,ws_default,0.16120248285950556,0.316071349757753,0.14375550341756113,9.0,
brazilian_houses,hard_sparse,clean,7004,0.18034168736075976,0.31760737049784576,0.16487782041485716,0.028,0.12,ws_tuned,0.15458425246033006,0.2912669594105799,0.1391860615521656,10.0,
brazilian_houses,hard_sparse,clean,7004,0.18034168736075976,0.31760737049784576,0.16487782041485716,0.028,0.12,kcenter_a1,0.13808187709345038,0.30291502776283297,0.11951235664251857,0.0,
brazilian_houses,hard_sparse,clean,7004,0.18034168736075976,0.31760737049784576,0.16487782041485716,0.028,0.12,rho_a1,0.13949746809592814,0.30809518724579404,0.12050384465901695,2.0,
brazilian_houses,hard_sparse,clean,7004,0.18034168736075976,0.31760737049784576,0.16487782041485716,0.028,0.12,rho_landscape_a1,0.1423042517142225,0.30473113161605336,0.12400581322736814,8.0,
brazilian_houses,hard_sparse,clean,7004,0.18034168736075976,0.31760737049784576,0.16487782041485716,0.028,0.12,rho_filter_a1,0.15100268547142304,0.2971123929331813,0.13454248198824859,23.0,
brazilian_houses,hard_sparse,clean,7005,0.1973571464706017,0.29133258414399743,0.18772129674223806,0.024,0.13333333333333333,all_data,0.09463986505644283,0.2829725667568711,0.07532901471670761,,
brazilian_houses,hard_sparse,clean,7005,0.1973571464706017,0.29133258414399743,0.18772129674223806,0.024,0.13333333333333333,random,0.1474779440550406,0.3011747569237294,0.13171851340808569,,
brazilian_houses,hard_sparse,clean,7005,0.1973571464706017,0.29133258414399743,0.18772129674223806,0.024,0.13333333333333333,uniform,0.10738913028488722,0.2763442594168199,0.09006517547863616,8.0,
brazilian_houses,hard_sparse,clean,7005,0.1973571464706017,0.29133258414399743,0.18772129674223806,0.024,0.13333333333333333,rho,0.11096143126180891,0.29098035808540335,0.09250304074957708,6.0,
brazilian_houses,hard_sparse,clean,7005,0.1973571464706017,0.29133258414399743,0.18772129674223806,0.024,0.13333333333333333,ws_default,0.16435025125250405,0.307592033289456,0.1496628358948012,12.0,
brazilian_houses,hard_sparse,clean,7005,0.1973571464706017,0.29133258414399743,0.18772129674223806,0.024,0.13333333333333333,ws_tuned,0.1727733999489609,0.3005315302282573,0.1596736137130463,12.0,
brazilian_houses,hard_sparse,clean,7005,0.1973571464706017,0.29133258414399743,0.18772129674223806,0.024,0.13333333333333333,kcenter_a1,0.10681968384738508,0.280995594683049,0.08896041184328725,13.0,
brazilian_houses,hard_sparse,clean,7005,0.1973571464706017,0.29133258414399743,0.18772129674223806,0.024,0.13333333333333333,rho_a1,0.11148228393775284,0.31898241860642407,0.09020608490336869,9.0,
brazilian_houses,hard_sparse,clean,7005,0.1973571464706017,0.29133258414399743,0.18772129674223806,0.024,0.13333333333333333,rho_landscape_a1,0.11168856064096284,0.3164106966284246,0.09069720601380303,9.0,
brazilian_houses,hard_sparse,clean,7005,0.1973571464706017,0.29133258414399743,0.18772129674223806,0.024,0.13333333333333333,rho_filter_a1,0.12483302591543509,0.30795696813754275,0.1060562600646567,22.0,
brazilian_houses,hard_sparse,clean,7006,0.12248787591658584,0.3615192248306894,0.09695768757102857,0.034,0.22666666666666666,all_data,0.0899912562441449,0.3134317404934794,0.06612627923245616,,
brazilian_houses,hard_sparse,clean,7006,0.12248787591658584,0.3615192248306894,0.09695768757102857,0.034,0.22666666666666666,random,0.09980346091596277,0.35012703876536255,0.07306718503055372,,
brazilian_houses,hard_sparse,clean,7006,0.12248787591658584,0.3615192248306894,0.09695768757102857,0.034,0.22666666666666666,uniform,0.09411573579308527,0.34297712589018836,0.06753563159345001,1.0,
brazilian_houses,hard_sparse,clean,7006,0.12248787591658584,0.3615192248306894,0.09695768757102857,0.034,0.22666666666666666,rho,0.09857132532727216,0.3374486151083752,0.07305759155430432,7.0,
brazilian_houses,hard_sparse,clean,7006,0.12248787591658584,0.3615192248306894,0.09695768757102857,0.034,0.22666666666666666,ws_default,0.0958698994839979,0.33910194208439687,0.0698910482267334,10.0,
brazilian_houses,hard_sparse,clean,7006,0.12248787591658584,0.3615192248306894,0.09695768757102857,0.034,0.22666666666666666,ws_tuned,0.09455540164870274,0.3318057510581613,0.06921543627182088,22.0,
brazilian_houses,hard_sparse,clean,7006,0.12248787591658584,0.3615192248306894,0.09695768757102857,0.034,0.22666666666666666,kcenter_a1,0.09616160833495582,0.34812918413965666,0.06924974218647367,0.0,
brazilian_houses,hard_sparse,clean,7006,0.12248787591658584,0.3615192248306894,0.09695768757102857,0.034,0.22666666666666666,rho_a1,0.10010315779049114,0.32919272661052523,0.07563481978148916,11.0,
brazilian_houses,hard_sparse,clean,7006,0.12248787591658584,0.3615192248306894,0.09695768757102857,0.034,0.22666666666666666,rho_landscape_a1,0.09169361390189114,0.34302801730586163,0.06484937491076423,27.0,
brazilian_houses,hard_sparse,clean,7006,0.12248787591658584,0.3615192248306894,0.09695768757102857,0.034,0.22666666666666666,rho_filter_a1,0.09789240362093449,0.32548042997121474,0.07358444065159077,35.0,
brazilian_houses,hard_sparse,clean,7007,0.13930919041843579,0.2833491508705968,0.1229929466377429,0.018666666666666668,0.11555555555555555,all_data,0.08289819958409743,0.27722797922014486,0.060885335595266016,,
brazilian_houses,hard_sparse,clean,7007,0.13930919041843579,0.2833491508705968,0.1229929466377429,0.018666666666666668,0.11555555555555555,random,0.10741476867415681,0.29760786659172256,0.0858704906745884,,
brazilian_houses,hard_sparse,clean,7007,0.13930919041843579,0.2833491508705968,0.1229929466377429,0.018666666666666668,0.11555555555555555,uniform,0.12079749002290624,0.2729275388781184,0.1035648348923548,9.0,
brazilian_houses,hard_sparse,clean,7007,0.13930919041843579,0.2833491508705968,0.1229929466377429,0.018666666666666668,0.11555555555555555,rho,0.13045052258459852,0.3045351607096629,0.11073094348164801,9.0,
brazilian_houses,hard_sparse,clean,7007,0.13930919041843579,0.2833491508705968,0.1229929466377429,0.018666666666666668,0.11555555555555555,ws_default,0.11963727362349119,0.29554324318408537,0.09971138171946618,8.0,
brazilian_houses,hard_sparse,clean,7007,0.13930919041843579,0.2833491508705968,0.1229929466377429,0.018666666666666668,0.11555555555555555,ws_tuned,0.10031718988868966,0.27801431491501494,0.08018840339113487,11.0,
brazilian_houses,hard_sparse,clean,7007,0.13930919041843579,0.2833491508705968,0.1229929466377429,0.018666666666666668,0.11555555555555555,kcenter_a1,0.11993703769829918,0.27638816303431185,0.10221490911167042,17.0,
brazilian_houses,hard_sparse,clean,7007,0.13930919041843579,0.2833491508705968,0.1229929466377429,0.018666666666666668,0.11555555555555555,rho_a1,0.09400695313268774,0.2955551928801097,0.07117641219831512,12.0,
brazilian_houses,hard_sparse,clean,7007,0.13930919041843579,0.2833491508705968,0.1229929466377429,0.018666666666666668,0.11555555555555555,rho_landscape_a1,0.09504533628524214,0.2891536486636029,0.07305755918031788,14.0,
brazilian_houses,hard_sparse,clean,7007,0.13930919041843579,0.2833491508705968,0.1229929466377429,0.018666666666666668,0.11555555555555555,rho_filter_a1,0.0922436880541332,0.2625780486755097,0.07294892468844986,26.0,
brazilian_houses,hard_sparse,clean,7008,0.12283910144044846,0.26728571609179314,0.10670026344994248,0.024666666666666667,0.12444444444444444,all_data,0.06245707568878532,0.2431513769101293,0.04226832941558346,,
brazilian_houses,hard_sparse,clean,7008,0.12283910144044846,0.26728571609179314,0.10670026344994248,0.024666666666666667,0.12444444444444444,random,0.08152816420524157,0.28888440346517497,0.05836051323734461,,
brazilian_houses,hard_sparse,clean,7008,0.12283910144044846,0.26728571609179314,0.10670026344994248,0.024666666666666667,0.12444444444444444,uniform,0.07382322449357795,0.2696996153135255,0.05193820250646874,15.0,
brazilian_houses,hard_sparse,clean,7008,0.12283910144044846,0.26728571609179314,0.10670026344994248,0.024666666666666667,0.12444444444444444,rho,0.0751107137737328,0.2905684823500771,0.05103788915792112,4.0,
brazilian_houses,hard_sparse,clean,7008,0.12283910144044846,0.26728571609179314,0.10670026344994248,0.024666666666666667,0.12444444444444444,ws_default,0.06863439485601538,0.24799364437667162,0.048594812224746965,9.0,
brazilian_houses,hard_sparse,clean,7008,0.12283910144044846,0.26728571609179314,0.10670026344994248,0.024666666666666667,0.12444444444444444,ws_tuned,0.0960423096447285,0.27485326542974525,0.07606398718069939,13.0,
brazilian_houses,hard_sparse,clean,7008,0.12283910144044846,0.26728571609179314,0.10670026344994248,0.024666666666666667,0.12444444444444444,kcenter_a1,0.07013269833403607,0.24488155284507102,0.05060822931974034,25.0,
brazilian_houses,hard_sparse,clean,7008,0.12283910144044846,0.26728571609179314,0.10670026344994248,0.024666666666666667,0.12444444444444444,rho_a1,0.06758624173955775,0.2570603483459049,0.04641653888915432,5.0,
brazilian_houses,hard_sparse,clean,7008,0.12283910144044846,0.26728571609179314,0.10670026344994248,0.024666666666666667,0.12444444444444444,rho_landscape_a1,0.07384027213313578,0.2630818121874791,0.05269655365013245,11.0,
brazilian_houses,hard_sparse,clean,7008,0.12283910144044846,0.26728571609179314,0.10670026344994248,0.024666666666666667,0.12444444444444444,rho_filter_a1,0.06746512859772485,0.2489918230274447,0.047183380081675,19.0,
brazilian_houses,hard_sparse,clean,7009,0.14279683054268644,0.48057064174090053,0.1071335923233062,0.02666666666666667,0.14222222222222222,all_data,0.09930565398816958,0.4306102023288074,0.0643254612114632,,
brazilian_houses,hard_sparse,clean,7009,0.14279683054268644,0.48057064174090053,0.1071335923233062,0.02666666666666667,0.14222222222222222,random,0.12199149128265803,0.4887277629991841,0.08327030394277049,,
brazilian_houses,hard_sparse,clean,7009,0.14279683054268644,0.48057064174090053,0.1071335923233062,0.02666666666666667,0.14222222222222222,uniform,0.15623909515473383,0.49762772950139134,0.12019419235749139,3.0,
brazilian_houses,hard_sparse,clean,7009,0.14279683054268644,0.48057064174090053,0.1071335923233062,0.02666666666666667,0.14222222222222222,rho,0.15794462721055988,0.49827074627483336,0.12201190817171173,5.0,
brazilian_houses,hard_sparse,clean,7009,0.14279683054268644,0.48057064174090053,0.1071335923233062,0.02666666666666667,0.14222222222222222,ws_default,0.11776228748686271,0.4870004299107508,0.07877694464387618,10.0,
brazilian_houses,hard_sparse,clean,7009,0.14279683054268644,0.48057064174090053,0.1071335923233062,0.02666666666666667,0.14222222222222222,ws_tuned,0.10728658445645377,0.456849504437554,0.07037861446397717,15.0,
brazilian_houses,hard_sparse,clean,7009,0.14279683054268644,0.48057064174090053,0.1071335923233062,0.02666666666666667,0.14222222222222222,kcenter_a1,0.162644467629293,0.5059383561442268,0.12639840200941882,0.0,
brazilian_houses,hard_sparse,clean,7009,0.14279683054268644,0.48057064174090053,0.1071335923233062,0.02666666666666667,0.14222222222222222,rho_a1,0.16346493817663987,0.5011483602998129,0.12781124352460776,9.0,
brazilian_houses,hard_sparse,clean,7009,0.14279683054268644,0.48057064174090053,0.1071335923233062,0.02666666666666667,0.14222222222222222,rho_landscape_a1,0.16346713111299183,0.5014880938256293,0.1277777978470362,15.0,
brazilian_houses,hard_sparse,clean,7009,0.14279683054268644,0.48057064174090053,0.1071335923233062,0.02666666666666667,0.14222222222222222,rho_filter_a1,0.1592912700344486,0.4894050096185397,0.12443680665105368,27.0,
brazilian_houses,hard_sparse,outlier,7000,0.19920462741794898,0.41462800581975273,0.17520218931316345,0.028,0.06222222222222222,all_data,0.13709189543937322,0.32188787752685233,0.11650195689614481,,
brazilian_houses,hard_sparse,outlier,7000,0.19920462741794898,0.41462800581975273,0.17520218931316345,0.028,0.06222222222222222,random,0.25442565711719356,0.3477592755122959,0.24402644039687232,,
brazilian_houses,hard_sparse,outlier,7000,0.19920462741794898,0.41462800581975273,0.17520218931316345,0.028,0.06222222222222222,uniform,0.19999022529410745,0.3620178093991577,0.18193713798482014,1.0,
brazilian_houses,hard_sparse,outlier,7000,0.19920462741794898,0.41462800581975273,0.17520218931316345,0.028,0.06222222222222222,rho,0.22405560353288884,0.4110596643500645,0.20321964121344246,5.0,
brazilian_houses,hard_sparse,outlier,7000,0.19920462741794898,0.41462800581975273,0.17520218931316345,0.028,0.06222222222222222,ws_default,0.2617314168761519,0.3159925461278271,0.2556856505994301,5.0,
brazilian_houses,hard_sparse,outlier,7000,0.19920462741794898,0.41462800581975273,0.17520218931316345,0.028,0.06222222222222222,ws_tuned,0.20105733940844328,0.3522906537726236,0.1842069478941237,13.0,
brazilian_houses,hard_sparse,outlier,7000,0.19920462741794898,0.41462800581975273,0.17520218931316345,0.028,0.06222222222222222,kcenter_a1,0.19571897385564682,0.39326428317863943,0.17370850732646648,0.0,
brazilian_houses,hard_sparse,outlier,7000,0.19920462741794898,0.41462800581975273,0.17520218931316345,0.028,0.06222222222222222,rho_a1,0.22596446985634452,0.4178152527347058,0.20458848654591857,3.0,
brazilian_houses,hard_sparse,outlier,7000,0.19920462741794898,0.41462800581975273,0.17520218931316345,0.028,0.06222222222222222,rho_landscape_a1,0.21580924825548065,0.38691288204321544,0.19674490895320734,5.0,
brazilian_houses,hard_sparse,outlier,7000,0.19920462741794898,0.41462800581975273,0.17520218931316345,0.028,0.06222222222222222,rho_filter_a1,0.21460764483555458,0.3569996463783025,0.19874235097096943,13.0,
brazilian_houses,hard_sparse,outlier,7001,0.3236141204548578,0.5633083718998404,0.2960907002777862,0.032,0.2,all_data,0.18001207877960707,0.3732452420157134,0.15782365535338755,,
brazilian_houses,hard_sparse,outlier,7001,0.3236141204548578,0.5633083718998404,0.2960907002777862,0.032,0.2,random,0.2773326407188557,0.431335394020307,0.25964893549026097,,
brazilian_houses,hard_sparse,outlier,7001,0.3236141204548578,0.5633083718998404,0.2960907002777862,0.032,0.2,uniform,0.2528630386989293,0.44985221555714155,0.23024332273862178,1.0,
brazilian_houses,hard_sparse,outlier,7001,0.3236141204548578,0.5633083718998404,0.2960907002777862,0.032,0.2,rho,0.2528592744496087,0.41915413146448693,0.2337641013475658,6.0,
brazilian_houses,hard_sparse,outlier,7001,0.3236141204548578,0.5633083718998404,0.2960907002777862,0.032,0.2,ws_default,0.27219605999981566,0.4461078901695935,0.2522262511843339,12.0,
brazilian_houses,hard_sparse,outlier,7001,0.3236141204548578,0.5633083718998404,0.2960907002777862,0.032,0.2,ws_tuned,0.24968506225819762,0.4048291532827369,0.23187030041257048,24.0,
brazilian_houses,hard_sparse,outlier,7001,0.3236141204548578,0.5633083718998404,0.2960907002777862,0.032,0.2,kcenter_a1,0.23640457901009967,0.45441761363174854,0.2113707522921177,0.0,
brazilian_houses,hard_sparse,outlier,7001,0.3236141204548578,0.5633083718998404,0.2960907002777862,0.032,0.2,rho_a1,0.20654099861041345,0.4185501830227097,0.18219657721190008,11.0,
brazilian_houses,hard_sparse,outlier,7001,0.3236141204548578,0.5633083718998404,0.2960907002777862,0.032,0.2,rho_landscape_a1,0.20445696175184289,0.3795542361764562,0.18435103168970782,17.0,
brazilian_houses,hard_sparse,outlier,7001,0.3236141204548578,0.5633083718998404,0.2960907002777862,0.032,0.2,rho_filter_a1,0.238570167386366,0.35371172062932194,0.22534878501844577,40.0,
brazilian_houses,hard_sparse,outlier,7002,0.20489652013201362,0.37981455027420735,0.18519087278637014,0.03,0.11555555555555555,all_data,0.15534203817060316,0.3808514371876503,0.1299369459308524,,
brazilian_houses,hard_sparse,outlier,7002,0.20489652013201362,0.37981455027420735,0.18519087278637014,0.03,0.11555555555555555,random,0.2854914070772186,0.41605091583417514,0.27078303404618453,,
brazilian_houses,hard_sparse,outlier,7002,0.20489652013201362,0.37981455027420735,0.18519087278637014,0.03,0.11555555555555555,uniform,0.2055462930112499,0.4115813561285564,0.18233511065728353,4.0,
brazilian_houses,hard_sparse,outlier,7002,0.20489652013201362,0.37981455027420735,0.18519087278637014,0.03,0.11555555555555555,rho,0.23549840211847708,0.459535997617958,0.21025911806359815,9.0,
brazilian_houses,hard_sparse,outlier,7002,0.20489652013201362,0.37981455027420735,0.18519087278637014,0.03,0.11555555555555555,ws_default,0.31276372799550994,0.4302977873530726,0.29952275607901113,8.0,
brazilian_houses,hard_sparse,outlier,7002,0.20489652013201362,0.37981455027420735,0.18519087278637014,0.03,0.11555555555555555,ws_tuned,0.22335591511559624,0.40986278894107203,0.20234470958032014,11.0,
brazilian_houses,hard_sparse,outlier,7002,0.20489652013201362,0.37981455027420735,0.18519087278637014,0.03,0.11555555555555555,kcenter_a1,0.20307053454008223,0.430790582130984,0.1774163984415245,0.0,
brazilian_houses,hard_sparse,outlier,7002,0.20489652013201362,0.37981455027420735,0.18519087278637014,0.03,0.11555555555555555,rho_a1,0.23161140671183636,0.47359214865040483,0.20435071116660125,4.0,
brazilian_houses,hard_sparse,outlier,7002,0.20489652013201362,0.37981455027420735,0.18519087278637014,0.03,0.11555555555555555,rho_landscape_a1,0.23075074586894262,0.4761822989385988,0.20310129413230543,12.0,
brazilian_houses,hard_sparse,outlier,7002,0.20489652013201362,0.37981455027420735,0.18519087278637014,0.03,0.11555555555555555,rho_filter_a1,0.24831450555452153,0.439607624322655,0.22676409857229782,21.0,
brazilian_houses,hard_sparse,outlier,7003,0.17599515141704053,0.358824073712163,0.15685895656759247,0.025333333333333333,0.04888888888888889,all_data,0.15037111370624393,0.3120755600583606,0.1334459590065885,,
brazilian_houses,hard_sparse,outlier,7003,0.17599515141704053,0.358824073712163,0.15685895656759247,0.025333333333333333,0.04888888888888889,random,0.2174543446224435,0.3938348008123134,0.19899309278704974,,
brazilian_houses,hard_sparse,outlier,7003,0.17599515141704053,0.358824073712163,0.15685895656759247,0.025333333333333333,0.04888888888888889,uniform,0.2009261918220547,0.32355754294597044,0.18809070933766806,15.0,
brazilian_houses,hard_sparse,outlier,7003,0.17599515141704053,0.358824073712163,0.15685895656759247,0.025333333333333333,0.04888888888888889,rho,0.21243623066244083,0.3428760119212856,0.1987834615110732,11.0,
brazilian_houses,hard_sparse,outlier,7003,0.17599515141704053,0.358824073712163,0.15685895656759247,0.025333333333333333,0.04888888888888889,ws_default,0.20093113340446234,0.3724007774471167,0.18298388261955043,5.0,
brazilian_houses,hard_sparse,outlier,7003,0.17599515141704053,0.358824073712163,0.15685895656759247,0.025333333333333333,0.04888888888888889,ws_tuned,0.14948042906331388,0.34694824657269874,0.12881202176255252,16.0,
brazilian_houses,hard_sparse,outlier,7003,0.17599515141704053,0.358824073712163,0.15685895656759247,0.025333333333333333,0.04888888888888889,kcenter_a1,0.1941149744328742,0.3286529654695698,0.1800332570611792,22.0,
brazilian_houses,hard_sparse,outlier,7003,0.17599515141704053,0.358824073712163,0.15685895656759247,0.025333333333333333,0.04888888888888889,rho_a1,0.23783465904600443,0.3635250352571829,0.2246789969128819,15.0,
brazilian_houses,hard_sparse,outlier,7003,0.17599515141704053,0.358824073712163,0.15685895656759247,0.025333333333333333,0.04888888888888889,rho_landscape_a1,0.22049807551092873,0.3366044207571522,0.20834554724572057,15.0,
brazilian_houses,hard_sparse,outlier,7003,0.17599515141704053,0.358824073712163,0.15685895656759247,0.025333333333333333,0.04888888888888889,rho_filter_a1,0.19650253019172187,0.3431593365150498,0.181152370126397,11.0,
brazilian_houses,hard_sparse,outlier,7004,0.2085079287057692,0.2986347924881212,0.19835455462180462,0.03,0.12444444444444444,all_data,0.13368160644692675,0.29304811098048084,0.11572793903772247,,
brazilian_houses,hard_sparse,outlier,7004,0.2085079287057692,0.2986347924881212,0.19835455462180462,0.03,0.12444444444444444,random,0.2571657477473887,0.32957875442340123,0.24900795422755975,,
brazilian_houses,hard_sparse,outlier,7004,0.2085079287057692,0.2986347924881212,0.19835455462180462,0.03,0.12444444444444444,uniform,0.19491305717527807,0.3229981438972653,0.18048344378935186,2.0,
brazilian_houses,hard_sparse,outlier,7004,0.2085079287057692,0.2986347924881212,0.19835455462180462,0.03,0.12444444444444444,rho,0.19125260773568237,0.3097383465204871,0.17790442297689352,6.0,
brazilian_houses,hard_sparse,outlier,7004,0.2085079287057692,0.2986347924881212,0.19835455462180462,0.03,0.12444444444444444,ws_default,0.27850669950922774,0.32778292015151245,0.2729554145689982,8.0,
brazilian_houses,hard_sparse,outlier,7004,0.2085079287057692,0.2986347924881212,0.19835455462180462,0.03,0.12444444444444444,ws_tuned,0.24201332388875738,0.30392942334250334,0.23503807485432981,16.0,
brazilian_houses,hard_sparse,outlier,7004,0.2085079287057692,0.2986347924881212,0.19835455462180462,0.03,0.12444444444444444,kcenter_a1,0.1848324741417957,0.31527626842000467,0.17013713709515463,0.0,
brazilian_houses,hard_sparse,outlier,7004,0.2085079287057692,0.2986347924881212,0.19835455462180462,0.03,0.12444444444444444,rho_a1,0.19718829925502523,0.31243749312935676,0.18420473221215894,7.0,
brazilian_houses,hard_sparse,outlier,7004,0.2085079287057692,0.2986347924881212,0.19835455462180462,0.03,0.12444444444444444,rho_landscape_a1,0.1945106123788409,0.3108244979295358,0.18140710093293513,14.0,
brazilian_houses,hard_sparse,outlier,7004,0.2085079287057692,0.2986347924881212,0.19835455462180462,0.03,0.12444444444444444,rho_filter_a1,0.2445436924459526,0.3018400819545294,0.23808888361397107,22.0,
brazilian_houses,hard_sparse,outlier,7005,0.40019351647619056,0.36388965633672365,0.4039159629954523,0.025333333333333333,0.09333333333333334,all_data,0.18836119334005116,0.34496752731044933,0.17230343252500482,,
brazilian_houses,hard_sparse,outlier,7005,0.40019351647619056,0.36388965633672365,0.4039159629954523,0.025333333333333333,0.09333333333333334,random,0.3676208135650527,0.4546802546256504,0.3586941013063586,,
brazilian_houses,hard_sparse,outlier,7005,0.40019351647619056,0.36388965633672365,0.4039159629954523,0.025333333333333333,0.09333333333333334,uniform,0.21330356977827963,0.35984700838702727,0.19827761631564067,10.0,
brazilian_houses,hard_sparse,outlier,7005,0.40019351647619056,0.36388965633672365,0.4039159629954523,0.025333333333333333,0.09333333333333334,rho,0.20225794663016142,0.40648749607614126,0.18131709977406865,3.0,
brazilian_houses,hard_sparse,outlier,7005,0.40019351647619056,0.36388965633672365,0.4039159629954523,0.025333333333333333,0.09333333333333334,ws_default,0.32673579995658725,0.4211931352493489,0.3170505384546834,5.0,
brazilian_houses,hard_sparse,outlier,7005,0.40019351647619056,0.36388965633672365,0.4039159629954523,0.025333333333333333,0.09333333333333334,ws_tuned,0.24189189865308275,0.36301553369443734,0.2294723859090409,17.0,
brazilian_houses,hard_sparse,outlier,7005,0.40019351647619056,0.36388965633672365,0.4039159629954523,0.025333333333333333,0.09333333333333334,kcenter_a1,0.18889368538551277,0.3430412565118686,0.1730880358653903,14.0,
brazilian_houses,hard_sparse,outlier,7005,0.40019351647619056,0.36388965633672365,0.4039159629954523,0.025333333333333333,0.09333333333333334,rho_a1,0.19561560691897265,0.3787527514245933,0.1768374873610645,7.0,
brazilian_houses,hard_sparse,outlier,7005,0.40019351647619056,0.36388965633672365,0.4039159629954523,0.025333333333333333,0.09333333333333334,rho_landscape_a1,0.20355240745478684,0.37558176784508474,0.18591323378742447,14.0,
brazilian_houses,hard_sparse,outlier,7005,0.40019351647619056,0.36388965633672365,0.4039159629954523,0.025333333333333333,0.09333333333333334,rho_filter_a1,0.3168290936421393,0.3562238693876346,0.3127897175182904,20.0,
brazilian_houses,hard_sparse,outlier,7006,0.33363581278710586,0.43293272874120026,0.32303022076765914,0.03266666666666666,0.09333333333333334,all_data,0.16006364209968527,0.35011988984481623,0.13976433063603821,,
brazilian_houses,hard_sparse,outlier,7006,0.33363581278710586,0.43293272874120026,0.32303022076765914,0.03266666666666666,0.09333333333333334,random,0.26939236910614445,0.34918645183945296,0.2608698135070694,,
brazilian_houses,hard_sparse,outlier,7006,0.33363581278710586,0.43293272874120026,0.32303022076765914,0.03266666666666666,0.09333333333333334,uniform,0.21836039495135004,0.3456283340390331,0.20476730571840987,2.0,
brazilian_houses,hard_sparse,outlier,7006,0.33363581278710586,0.43293272874120026,0.32303022076765914,0.03266666666666666,0.09333333333333334,rho,0.20969834747178726,0.34656002881252057,0.19508058073201884,11.0,
brazilian_houses,hard_sparse,outlier,7006,0.33363581278710586,0.43293272874120026,0.32303022076765914,0.03266666666666666,0.09333333333333334,ws_default,0.2809068863954541,0.3562109471098961,0.2728638959594345,14.0,
brazilian_houses,hard_sparse,outlier,7006,0.33363581278710586,0.43293272874120026,0.32303022076765914,0.03266666666666666,0.09333333333333334,ws_tuned,0.22814172581732783,0.34798234573479214,0.21534192523953555,20.0,
brazilian_houses,hard_sparse,outlier,7006,0.33363581278710586,0.43293272874120026,0.32303022076765914,0.03266666666666666,0.09333333333333334,kcenter_a1,0.22436671602231317,0.36480859137319005,0.20936655999424497,0.0,
brazilian_houses,hard_sparse,outlier,7006,0.33363581278710586,0.43293272874120026,0.32303022076765914,0.03266666666666666,0.09333333333333334,rho_a1,0.2027743730806096,0.3618305876604781,0.18578607788751908,0.0,
brazilian_houses,hard_sparse,outlier,7006,0.33363581278710586,0.43293272874120026,0.32303022076765914,0.03266666666666666,0.09333333333333334,rho_landscape_a1,0.2056564383555601,0.3785452472846261,0.18719072716391114,7.0,
brazilian_houses,hard_sparse,outlier,7006,0.33363581278710586,0.43293272874120026,0.32303022076765914,0.03266666666666666,0.09333333333333334,rho_filter_a1,0.2700746455373746,0.3767909737063044,0.2586766093798741,17.0,
brazilian_houses,hard_sparse,outlier,7007,0.1938163988958614,0.34147668382671004,0.17709005991260082,0.02,0.09777777777777778,all_data,0.149119537313277,0.3601865679155896,0.12521074759573145,,
brazilian_houses,hard_sparse,outlier,7007,0.1938163988958614,0.34147668382671004,0.17709005991260082,0.02,0.09777777777777778,random,0.21251233363366206,0.40163489166137517,0.19108932191162498,,
brazilian_houses,hard_sparse,outlier,7007,0.1938163988958614,0.34147668382671004,0.17709005991260082,0.02,0.09777777777777778,uniform,0.17957909162624164,0.36984763411495303,0.1580262675814586,9.0,
brazilian_houses,hard_sparse,outlier,7007,0.1938163988958614,0.34147668382671004,0.17709005991260082,0.02,0.09777777777777778,rho,0.1914329893027831,0.4413730075675733,0.16312083026193439,8.0,
brazilian_houses,hard_sparse,outlier,7007,0.1938163988958614,0.34147668382671004,0.17709005991260082,0.02,0.09777777777777778,ws_default,0.19026974946232897,0.350975643505665,0.17206565848664354,7.0,
brazilian_houses,hard_sparse,outlier,7007,0.1938163988958614,0.34147668382671004,0.17709005991260082,0.02,0.09777777777777778,ws_tuned,0.18638594525619845,0.3457072541321369,0.16833869429251716,11.0,
brazilian_houses,hard_sparse,outlier,7007,0.1938163988958614,0.34147668382671004,0.17709005991260082,0.02,0.09777777777777778,kcenter_a1,0.17758353583157724,0.362169545628941,0.1566744053034595,18.0,
brazilian_houses,hard_sparse,outlier,7007,0.1938163988958614,0.34147668382671004,0.17709005991260082,0.02,0.09777777777777778,rho_a1,0.19142904613208997,0.41789226427677867,0.16577624073690814,15.0,
brazilian_houses,hard_sparse,outlier,7007,0.1938163988958614,0.34147668382671004,0.17709005991260082,0.02,0.09777777777777778,rho_landscape_a1,0.2042276534046984,0.44222912646940243,0.17726784279035537,17.0,
brazilian_houses,hard_sparse,outlier,7007,0.1938163988958614,0.34147668382671004,0.17709005991260082,0.02,0.09777777777777778,rho_filter_a1,0.19834100117989278,0.3429669645707269,0.18195837743926668,18.0,
brazilian_houses,hard_sparse,outlier,7008,0.31952612884102927,0.35757379685613866,0.31527511090270965,0.026,0.03111111111111111,all_data,0.12831727020737568,0.27380595651531286,0.11206200286557727,,
brazilian_houses,hard_sparse,outlier,7008,0.31952612884102927,0.35757379685613866,0.31527511090270965,0.026,0.03111111111111111,random,0.1926026809403274,0.3254283190449482,0.17776223999589785,,
brazilian_houses,hard_sparse,outlier,7008,0.31952612884102927,0.35757379685613866,0.31527511090270965,0.026,0.03111111111111111,uniform,0.14126013684258526,0.29922190510197305,0.12361126779303719,12.0,
brazilian_houses,hard_sparse,outlier,7008,0.31952612884102927,0.35757379685613866,0.31527511090270965,0.026,0.03111111111111111,rho,0.15478224467178137,0.30842555581298814,0.13761587138696615,4.0,
brazilian_houses,hard_sparse,outlier,7008,0.31952612884102927,0.35757379685613866,0.31527511090270965,0.026,0.03111111111111111,ws_default,0.17012406866500066,0.3406899673392783,0.15106695602824147,7.0,
brazilian_houses,hard_sparse,outlier,7008,0.31952612884102927,0.35757379685613866,0.31527511090270965,0.026,0.03111111111111111,ws_tuned,0.18670997539800785,0.30753562453214967,0.17321027807951844,5.0,
brazilian_houses,hard_sparse,outlier,7008,0.31952612884102927,0.35757379685613866,0.31527511090270965,0.026,0.03111111111111111,kcenter_a1,0.15007211485419963,0.2937056539815473,0.13402412076604125,29.0,
brazilian_houses,hard_sparse,outlier,7008,0.31952612884102927,0.35757379685613866,0.31527511090270965,0.026,0.03111111111111111,rho_a1,0.18087588160312668,0.34560698095849496,0.16247068373184875,2.0,
brazilian_houses,hard_sparse,outlier,7008,0.31952612884102927,0.35757379685613866,0.31527511090270965,0.026,0.03111111111111111,rho_landscape_a1,0.1680442185077885,0.3257884700162978,0.15041965233035087,1.0,
brazilian_houses,hard_sparse,outlier,7008,0.31952612884102927,0.35757379685613866,0.31527511090270965,0.026,0.03111111111111111,rho_filter_a1,0.18260792635306414,0.34736390081836294,0.16419994921714137,5.0,
brazilian_houses,hard_sparse,outlier,7009,0.19314100817524907,0.49841621847486106,0.16090907607617447,0.028666666666666667,0.1511111111111111,all_data,0.1781525933203058,0.4795610698599313,0.14632892332634867,,
brazilian_houses,hard_sparse,outlier,7009,0.19314100817524907,0.49841621847486106,0.16090907607617447,0.028666666666666667,0.1511111111111111,random,0.24791407485689848,0.5033283027190388,0.2209466245961639,,
brazilian_houses,hard_sparse,outlier,7009,0.19314100817524907,0.49841621847486106,0.16090907607617447,0.028666666666666667,0.1511111111111111,uniform,0.23386586168783902,0.5126450653661146,0.20443146262617473,3.0,
brazilian_houses,hard_sparse,outlier,7009,0.19314100817524907,0.49841621847486106,0.16090907607617447,0.028666666666666667,0.1511111111111111,rho,0.230726957983308,0.5209057834956434,0.20008895042506805,10.0,
brazilian_houses,hard_sparse,outlier,7009,0.19314100817524907,0.49841621847486106,0.16090907607617447,0.028666666666666667,0.1511111111111111,ws_default,0.2551350181749156,0.5041349169693651,0.2288448132717979,11.0,
brazilian_houses,hard_sparse,outlier,7009,0.19314100817524907,0.49841621847486106,0.16090907607617447,0.028666666666666667,0.1511111111111111,ws_tuned,0.23076463890831836,0.5696107354421878,0.19498818537710272,17.0,
brazilian_houses,hard_sparse,outlier,7009,0.19314100817524907,0.49841621847486106,0.16090907607617447,0.028666666666666667,0.1511111111111111,kcenter_a1,0.2409928505845903,0.5095786227434381,0.2126347065921415,0.0,
brazilian_houses,hard_sparse,outlier,7009,0.19314100817524907,0.49841621847486106,0.16090907607617447,0.028666666666666667,0.1511111111111111,rho_a1,0.2088877909246855,0.515148840776054,0.17655177073584558,13.0,
brazilian_houses,hard_sparse,outlier,7009,0.19314100817524907,0.49841621847486106,0.16090907607617447,0.028666666666666667,0.1511111111111111,rho_landscape_a1,0.2088609383065767,0.5174061721977729,0.1762837466685344,18.0,
brazilian_houses,hard_sparse,outlier,7009,0.19314100817524907,0.49841621847486106,0.16090907607617447,0.028666666666666667,0.1511111111111111,rho_filter_a1,0.21818302515859325,0.473256484564451,0.19125155432027435,29.0,
nyc_taxi,sparse_init,clean,7000,0.5916484129035541,0.48609697916381295,0.6042295295160695,0.12466666666666666,0.04888888888888889,all_data,0.5878932456460725,0.4787913112815871,0.6008975612698193,,
nyc_taxi,sparse_init,clean,7000,0.5916484129035541,0.48609697916381295,0.6042295295160695,0.12466666666666666,0.04888888888888889,random,0.6089387425807571,0.5427430617403529,0.6168288824906653,,
nyc_taxi,sparse_init,clean,7000,0.5916484129035541,0.48609697916381295,0.6042295295160695,0.12466666666666666,0.04888888888888889,uniform,0.6238659140061867,0.566752544909995,0.6306734952135112,15.0,
nyc_taxi,sparse_init,clean,7000,0.5916484129035541,0.48609697916381295,0.6042295295160695,0.12466666666666666,0.04888888888888889,rho,0.6173969815025907,0.6172069439455422,0.6174196328734085,14.0,
nyc_taxi,sparse_init,clean,7000,0.5916484129035541,0.48609697916381295,0.6042295295160695,0.12466666666666666,0.04888888888888889,ws_default,0.6093305625462326,0.4932205776358614,0.6231701970095281,26.0,
nyc_taxi,sparse_init,clean,7000,0.5916484129035541,0.48609697916381295,0.6042295295160695,0.12466666666666666,0.04888888888888889,ws_tuned,0.621048883995545,0.5384514705160826,0.6308940149810657,10.0,
nyc_taxi,sparse_init,clean,7000,0.5916484129035541,0.48609697916381295,0.6042295295160695,0.12466666666666666,0.04888888888888889,kcenter_a1,0.6312543392047442,0.544495515023183,0.6415954861273364,1.0,
nyc_taxi,sparse_init,clean,7000,0.5916484129035541,0.48609697916381295,0.6042295295160695,0.12466666666666666,0.04888888888888889,rho_a1,0.6357519909047685,0.7373505765986639,0.6236420307744944,19.0,
nyc_taxi,sparse_init,clean,7000,0.5916484129035541,0.48609697916381295,0.6042295295160695,0.12466666666666666,0.04888888888888889,rho_landscape_a1,0.6378521149684684,0.7438222836816556,0.6252210875840764,13.0,
nyc_taxi,sparse_init,clean,7000,0.5916484129035541,0.48609697916381295,0.6042295295160695,0.12466666666666666,0.04888888888888889,rho_filter_a1,0.6101937737302694,0.586011619729895,0.6130761457515788,10.0,
nyc_taxi,sparse_init,clean,7001,0.6650855402607059,0.6720352828435187,0.6643112010621207,0.12266666666666666,0.1511111111111111,all_data,0.5933874117009719,0.5870559265912233,0.5940928647515441,,
nyc_taxi,sparse_init,clean,7001,0.6650855402607059,0.6720352828435187,0.6643112010621207,0.12266666666666666,0.1511111111111111,random,0.6382334490547712,0.6185475242073423,0.6404268516287692,,
nyc_taxi,sparse_init,clean,7001,0.6650855402607059,0.6720352828435187,0.6643112010621207,0.12266666666666666,0.1511111111111111,uniform,0.6328714660129604,0.6125157622837885,0.6351394952420235,19.0,
nyc_taxi,sparse_init,clean,7001,0.6650855402607059,0.6720352828435187,0.6643112010621207,0.12266666666666666,0.1511111111111111,rho,0.636745390708987,0.6355546455658753,0.6368780633409369,22.0,
nyc_taxi,sparse_init,clean,7001,0.6650855402607059,0.6720352828435187,0.6643112010621207,0.12266666666666666,0.1511111111111111,ws_default,0.6262414707731586,0.6157659222543616,0.6274086547009269,37.0,
nyc_taxi,sparse_init,clean,7001,0.6650855402607059,0.6720352828435187,0.6643112010621207,0.12266666666666666,0.1511111111111111,ws_tuned,0.6424205994007305,0.634413035196685,0.643312800913879,34.0,
nyc_taxi,sparse_init,clean,7001,0.6650855402607059,0.6720352828435187,0.6643112010621207,0.12266666666666666,0.1511111111111111,kcenter_a1,0.6495384310882166,0.6314843186324962,0.6515500173885065,15.0,
nyc_taxi,sparse_init,clean,7001,0.6650855402607059,0.6720352828435187,0.6643112010621207,0.12266666666666666,0.1511111111111111,rho_a1,0.6334865086534497,0.6322122635174555,0.6336284848411502,31.0,
nyc_taxi,sparse_init,clean,7001,0.6650855402607059,0.6720352828435187,0.6643112010621207,0.12266666666666666,0.1511111111111111,rho_landscape_a1,0.623512552421894,0.633473855855035,0.6224026655986958,32.0,
nyc_taxi,sparse_init,clean,7001,0.6650855402607059,0.6720352828435187,0.6643112010621207,0.12266666666666666,0.1511111111111111,rho_filter_a1,0.6235076902674861,0.6369705635926264,0.6220076590912199,31.0,
nyc_taxi,sparse_init,clean,7002,0.6724636381586804,0.5611212616381607,0.6849037813941581,0.12666666666666668,0.08,all_data,0.5471717055602328,0.4735542989773501,0.5553968855064026,,
nyc_taxi,sparse_init,clean,7002,0.6724636381586804,0.5611212616381607,0.6849037813941581,0.12666666666666668,0.08,random,0.6020894294386993,0.5300909314256735,0.6101337307731173,,
nyc_taxi,sparse_init,clean,7002,0.6724636381586804,0.5611212616381607,0.6849037813941581,0.12666666666666668,0.08,uniform,0.6059967695280127,0.5778781535355517,0.6091384270124401,17.0,
nyc_taxi,sparse_init,clean,7002,0.6724636381586804,0.5611212616381607,0.6849037813941581,0.12666666666666668,0.08,rho,0.5986714863851232,0.5135463242929271,0.6081824133337234,22.0,
nyc_taxi,sparse_init,clean,7002,0.6724636381586804,0.5611212616381607,0.6849037813941581,0.12666666666666668,0.08,ws_default,0.5757541089131769,0.49736270410651745,0.5845126816570004,20.0,
nyc_taxi,sparse_init,clean,7002,0.6724636381586804,0.5611212616381607,0.6849037813941581,0.12666666666666668,0.08,ws_tuned,0.6121695530015884,0.6183859966340789,0.6114749975985142,18.0,
nyc_taxi,sparse_init,clean,7002,0.6724636381586804,0.5611212616381607,0.6849037813941581,0.12666666666666668,0.08,kcenter_a1,0.6201625073047828,0.5741002504182079,0.6253089851448059,7.0,
nyc_taxi,sparse_init,clean,7002,0.6724636381586804,0.5611212616381607,0.6849037813941581,0.12666666666666668,0.08,rho_a1,0.6259604538408605,0.6833288333914176,0.6195507571817933,13.0,
nyc_taxi,sparse_init,clean,7002,0.6724636381586804,0.5611212616381607,0.6849037813941581,0.12666666666666668,0.08,rho_landscape_a1,0.6134402343588127,0.6473287421451045,0.6096539141447801,8.0,
nyc_taxi,sparse_init,clean,7002,0.6724636381586804,0.5611212616381607,0.6849037813941581,0.12666666666666668,0.08,rho_filter_a1,0.6010914124153686,0.5588123827935757,0.6058151950468196,18.0,
nyc_taxi,sparse_init,clean,7003,0.6089006252682356,0.5726755584673948,0.6131053205219045,0.122,0.10222222222222223,all_data,0.5800395973483291,0.49590249795972796,0.5898055106702204,,
nyc_taxi,sparse_init,clean,7003,0.6089006252682356,0.5726755584673948,0.6131053205219045,0.122,0.10222222222222223,random,0.6431342009824854,0.562907730126869,0.652446202063941,,
nyc_taxi,sparse_init,clean,7003,0.6089006252682356,0.5726755584673948,0.6131053205219045,0.122,0.10222222222222223,uniform,0.6455017360586891,0.5752157043638093,0.6536599361661304,15.0,
nyc_taxi,sparse_init,clean,7003,0.6089006252682356,0.5726755584673948,0.6131053205219045,0.122,0.10222222222222223,rho,0.6431748852875173,0.5032263490487199,0.6594189118152348,16.0,
nyc_taxi,sparse_init,clean,7003,0.6089006252682356,0.5726755584673948,0.6131053205219045,0.122,0.10222222222222223,ws_default,0.6489313915269256,0.5683739526680015,0.6582818085373364,25.0,
nyc_taxi,sparse_init,clean,7003,0.6089006252682356,0.5726755584673948,0.6131053205219045,0.122,0.10222222222222223,ws_tuned,0.6418646389397897,0.5688399698084553,0.6503407166068198,24.0,
nyc_taxi,sparse_init,clean,7003,0.6089006252682356,0.5726755584673948,0.6131053205219045,0.122,0.10222222222222223,kcenter_a1,0.6521431585767878,0.5977257285217342,0.6584594674224638,7.0,
nyc_taxi,sparse_init,clean,7003,0.6089006252682356,0.5726755584673948,0.6131053205219045,0.122,0.10222222222222223,rho_a1,0.6781815535486897,0.6766095091381445,0.6783640229891995,9.0,
nyc_taxi,sparse_init,clean,7003,0.6089006252682356,0.5726755584673948,0.6131053205219045,0.122,0.10222222222222223,rho_landscape_a1,0.6695762846241398,0.6796152023579599,0.6684110531014643,14.0,
nyc_taxi,sparse_init,clean,7003,0.6089006252682356,0.5726755584673948,0.6131053205219045,0.122,0.10222222222222223,rho_filter_a1,0.6256078319924864,0.581868650870301,0.6306847012298828,23.0,
nyc_taxi,sparse_init,clean,7004,0.6599304716887425,0.5000975645448278,0.6770506862098317,0.128,0.04,all_data,0.5890968452652112,0.4397811210403857,0.6050905306443995,,
nyc_taxi,sparse_init,clean,7004,0.6599304716887425,0.5000975645448278,0.6770506862098317,0.128,0.04,random,0.6723533528997928,0.5191026024808238,0.6887685315358683,,
nyc_taxi,sparse_init,clean,7004,0.6599304716887425,0.5000975645448278,0.6770506862098317,0.128,0.04,uniform,0.6697302323156348,0.4986914722327719,0.6880507416297971,20.0,
nyc_taxi,sparse_init,clean,7004,0.6599304716887425,0.5000975645448278,0.6770506862098317,0.128,0.04,rho,0.656133827103116,0.47778945663591893,0.6752368637404825,25.0,
nyc_taxi,sparse_init,clean,7004,0.6599304716887425,0.5000975645448278,0.6770506862098317,0.128,0.04,ws_default,0.675669901781266,0.5240277503055837,0.6919127782332696,19.0,
nyc_taxi,sparse_init,clean,7004,0.6599304716887425,0.5000975645448278,0.6770506862098317,0.128,0.04,ws_tuned,0.6736771585888055,0.5413307209771278,0.6878532093376898,8.0,
nyc_taxi,sparse_init,clean,7004,0.6599304716887425,0.5000975645448278,0.6770506862098317,0.128,0.04,kcenter_a1,0.6604882473970405,0.5432094955013976,0.6730503500772547,6.0,
nyc_taxi,sparse_init,clean,7004,0.6599304716887425,0.5000975645448278,0.6770506862098317,0.128,0.04,rho_a1,0.6454811946029997,0.4976043185616843,0.6613207603455927,3.0,
nyc_taxi,sparse_init,clean,7004,0.6599304716887425,0.5000975645448278,0.6770506862098317,0.128,0.04,rho_landscape_a1,0.6366628844047587,0.4988881209253237,0.6514203805206019,3.0,
nyc_taxi,sparse_init,clean,7004,0.6599304716887425,0.5000975645448278,0.6770506862098317,0.128,0.04,rho_filter_a1,0.6503088021728056,0.5063062034690473,0.6657333816630782,9.0,
nyc_taxi,sparse_init,clean,7005,0.6466842115315294,0.5865500961202226,0.6531806949139143,0.118,0.013333333333333334,all_data,0.5799302512788252,0.4369385421416122,0.5953781090526516,,
nyc_taxi,sparse_init,clean,7005,0.6466842115315294,0.5865500961202226,0.6531806949139143,0.118,0.013333333333333334,random,0.6187262652188888,0.5135761425117521,0.6300859737661971,,
nyc_taxi,sparse_init,clean,7005,0.6466842115315294,0.5865500961202226,0.6531806949139143,0.118,0.013333333333333334,uniform,0.6481342217324406,0.558207772708693,0.6578492674718482,11.0,
nyc_taxi,sparse_init,clean,7005,0.6466842115315294,0.5865500961202226,0.6531806949139143,0.118,0.013333333333333334,rho,0.6446929574940021,0.4930666370089015,0.6610736403164922,33.0,
nyc_taxi,sparse_init,clean,7005,0.6466842115315294,0.5865500961202226,0.6531806949139143,0.118,0.013333333333333334,ws_default,0.6434610175672149,0.549426976800442,0.6536198197553149,15.0,
nyc_taxi,sparse_init,clean,7005,0.6466842115315294,0.5865500961202226,0.6531806949139143,0.118,0.013333333333333334,ws_tuned,0.6141821694982952,0.5374085043188366,0.6224762773708681,9.0,
nyc_taxi,sparse_init,clean,7005,0.6466842115315294,0.5865500961202226,0.6531806949139143,0.118,0.013333333333333334,kcenter_a1,0.6393469169883345,0.5602140558962806,0.6478958964414927,1.0,
nyc_taxi,sparse_init,clean,7005,0.6466842115315294,0.5865500961202226,0.6531806949139143,0.118,0.013333333333333334,rho_a1,0.6341461332863787,0.45339376814059607,0.6536733971109923,56.0,
nyc_taxi,sparse_init,clean,7005,0.6466842115315294,0.5865500961202226,0.6531806949139143,0.118,0.013333333333333334,rho_landscape_a1,0.6430510046221882,0.46952065042339675,0.661798051197681,52.0,
nyc_taxi,sparse_init,clean,7005,0.6466842115315294,0.5865500961202226,0.6531806949139143,0.118,0.013333333333333334,rho_filter_a1,0.627605425674883,0.5488158761003379,0.6361173160721331,3.0,
nyc_taxi,sparse_init,clean,7006,0.636375957611797,0.6545838060080341,0.6342682150498895,0.126,0.057777777777777775,all_data,0.5301916941544499,0.5649981705601838,0.5261624925621544,,
nyc_taxi,sparse_init,clean,7006,0.636375957611797,0.6545838060080341,0.6342682150498895,0.126,0.057777777777777775,random,0.6217792998254876,0.6794483868314038,0.615103519879196,,
nyc_taxi,sparse_init,clean,7006,0.636375957611797,0.6545838060080341,0.6342682150498895,0.126,0.057777777777777775,uniform,0.6494656927328522,0.7725705637955442,0.6352150591230845,25.0,
nyc_taxi,sparse_init,clean,7006,0.636375957611797,0.6545838060080341,0.6342682150498895,0.126,0.057777777777777775,rho,0.6277259621207506,0.6512764447174935,0.6249997556276827,14.0,
nyc_taxi,sparse_init,clean,7006,0.636375957611797,0.6545838060080341,0.6342682150498895,0.126,0.057777777777777775,ws_default,0.6405104426005762,0.7884482395485303,0.6233851467195718,19.0,
nyc_taxi,sparse_init,clean,7006,0.636375957611797,0.6545838060080341,0.6342682150498895,0.126,0.057777777777777775,ws_tuned,0.6384462717027537,0.7121165550654148,0.6299181914808558,16.0,
nyc_taxi,sparse_init,clean,7006,0.636375957611797,0.6545838060080341,0.6342682150498895,0.126,0.057777777777777775,kcenter_a1,0.6621057017316802,0.7129568984353696,0.6562191615274874,21.0,
nyc_taxi,sparse_init,clean,7006,0.636375957611797,0.6545838060080341,0.6342682150498895,0.126,0.057777777777777775,rho_a1,0.6325848033590231,0.7088330966461054,0.62375829242063,18.0,
nyc_taxi,sparse_init,clean,7006,0.636375957611797,0.6545838060080341,0.6342682150498895,0.126,0.057777777777777775,rho_landscape_a1,0.6175131068490891,0.7011016447400276,0.6078368883763584,19.0,
nyc_taxi,sparse_init,clean,7006,0.636375957611797,0.6545838060080341,0.6342682150498895,0.126,0.057777777777777775,rho_filter_a1,0.6224427423341655,0.7406289139014905,0.6087614979267904,13.0,
nyc_taxi,sparse_init,clean,7007,0.5923943540108514,0.706628956525043,0.5805421987831095,0.11933333333333333,0.24888888888888888,all_data,0.5956155703802247,0.7153748951845279,0.5831902099700653,,
nyc_taxi,sparse_init,clean,7007,0.5923943540108514,0.706628956525043,0.5805421987831095,0.11933333333333333,0.24888888888888888,random,0.6138602923895176,0.7460787573033293,0.600142261813471,,
nyc_taxi,sparse_init,clean,7007,0.5923943540108514,0.706628956525043,0.5805421987831095,0.11933333333333333,0.24888888888888888,uniform,0.6111985566994508,0.7951732382932888,0.592110675827684,22.0,
nyc_taxi,sparse_init,clean,7007,0.5923943540108514,0.706628956525043,0.5805421987831095,0.11933333333333333,0.24888888888888888,rho,0.5992375993815797,0.7448215862368165,0.5841328590235306,19.0,
nyc_taxi,sparse_init,clean,7007,0.5923943540108514,0.706628956525043,0.5805421987831095,0.11933333333333333,0.24888888888888888,ws_default,0.6098437717295868,0.7220549278513235,0.5982015546485235,23.0,
nyc_taxi,sparse_init,clean,7007,0.5923943540108514,0.706628956525043,0.5805421987831095,0.11933333333333333,0.24888888888888888,ws_tuned,0.6145126034949067,0.7239478016455081,0.603158399713277,46.0,
nyc_taxi,sparse_init,clean,7007,0.5923943540108514,0.706628956525043,0.5805421987831095,0.11933333333333333,0.24888888888888888,kcenter_a1,0.6165411195341484,0.6805901797978879,0.6098958527959679,25.0,
nyc_taxi,sparse_init,clean,7007,0.5923943540108514,0.706628956525043,0.5805421987831095,0.11933333333333333,0.24888888888888888,rho_a1,0.6285402837082625,0.772292592000299,0.6136255850554465,9.0,
nyc_taxi,sparse_init,clean,7007,0.5923943540108514,0.706628956525043,0.5805421987831095,0.11933333333333333,0.24888888888888888,rho_landscape_a1,0.6334447457048374,0.8111671335289731,0.6150055575641437,19.0,
nyc_taxi,sparse_init,clean,7007,0.5923943540108514,0.706628956525043,0.5805421987831095,0.11933333333333333,0.24888888888888888,rho_filter_a1,0.6183936858521565,0.7253345642364113,0.6072982746290662,55.0,
nyc_taxi,sparse_init,clean,7008,0.6417079971799304,0.5438409081327914,0.6524614287178515,0.12,0.02666666666666667,all_data,0.5806053960629721,0.4169886555489043,0.5985832621127974,,
nyc_taxi,sparse_init,clean,7008,0.6417079971799304,0.5438409081327914,0.6524614287178515,0.12,0.02666666666666667,random,0.6445851877643529,0.47226888154177066,0.6635189439419727,,
nyc_taxi,sparse_init,clean,7008,0.6417079971799304,0.5438409081327914,0.6524614287178515,0.12,0.02666666666666667,uniform,0.6262421071738232,0.47007521475395914,0.6434013994596905,18.0,
nyc_taxi,sparse_init,clean,7008,0.6417079971799304,0.5438409081327914,0.6524614287178515,0.12,0.02666666666666667,rho,0.6613258363462912,0.49567334960777615,0.6795273859435309,23.0,
nyc_taxi,sparse_init,clean,7008,0.6417079971799304,0.5438409081327914,0.6524614287178515,0.12,0.02666666666666667,ws_default,0.6381123695718688,0.43575105491243604,0.6603474085855024,19.0,
nyc_taxi,sparse_init,clean,7008,0.6417079971799304,0.5438409081327914,0.6524614287178515,0.12,0.02666666666666667,ws_tuned,0.6270997849248306,0.47505655493719584,0.643805977786957,9.0,
nyc_taxi,sparse_init,clean,7008,0.6417079971799304,0.5438409081327914,0.6524614287178515,0.12,0.02666666666666667,kcenter_a1,0.6268323555301599,0.46772580938238073,0.644314650833856,6.0,
nyc_taxi,sparse_init,clean,7008,0.6417079971799304,0.5438409081327914,0.6524614287178515,0.12,0.02666666666666667,rho_a1,0.6299194061614006,0.45845342691535407,0.6487597301851061,24.0,
nyc_taxi,sparse_init,clean,7008,0.6417079971799304,0.5438409081327914,0.6524614287178515,0.12,0.02666666666666667,rho_landscape_a1,0.6284387053962232,0.46423826613631186,0.6464807070463133,17.0,
nyc_taxi,sparse_init,clean,7008,0.6417079971799304,0.5438409081327914,0.6524614287178515,0.12,0.02666666666666667,rho_filter_a1,0.6363525666111447,0.46111033526441325,0.6556078173362572,5.0,
nyc_taxi,sparse_init,clean,7009,0.5942195497311702,0.4471571611876164,0.6099268219995189,0.11733333333333333,0.035555555555555556,all_data,0.550551803981057,0.438369108857358,0.562533685640644,,
nyc_taxi,sparse_init,clean,7009,0.5942195497311702,0.4471571611876164,0.6099268219995189,0.11733333333333333,0.035555555555555556,random,0.6372947897984955,0.4710714544193049,0.6550485826751886,,
nyc_taxi,sparse_init,clean,7009,0.5942195497311702,0.4471571611876164,0.6099268219995189,0.11733333333333333,0.035555555555555556,uniform,0.6225579934445995,0.47530431629671976,0.6382856966485513,12.0,
nyc_taxi,sparse_init,clean,7009,0.5942195497311702,0.4471571611876164,0.6099268219995189,0.11733333333333333,0.035555555555555556,rho,0.6193476553222785,0.4789869269841088,0.6343391442925426,21.0,
nyc_taxi,sparse_init,clean,7009,0.5942195497311702,0.4471571611876164,0.6099268219995189,0.11733333333333333,0.035555555555555556,ws_default,0.6165069326964153,0.4981667444897598,0.6291464768712268,25.0,
nyc_taxi,sparse_init,clean,7009,0.5942195497311702,0.4471571611876164,0.6099268219995189,0.11733333333333333,0.035555555555555556,ws_tuned,0.6393404773356443,0.5277651046638385,0.6512574927897994,11.0,
nyc_taxi,sparse_init,clean,7009,0.5942195497311702,0.4471571611876164,0.6099268219995189,0.11733333333333333,0.035555555555555556,kcenter_a1,0.6113224347215336,0.4514716823898174,0.6283955919988005,2.0,
nyc_taxi,sparse_init,clean,7009,0.5942195497311702,0.4471571611876164,0.6099268219995189,0.11733333333333333,0.035555555555555556,rho_a1,0.6407638795625231,0.5787960129300913,0.647382472954919,8.0,
nyc_taxi,sparse_init,clean,7009,0.5942195497311702,0.4471571611876164,0.6099268219995189,0.11733333333333333,0.035555555555555556,rho_landscape_a1,0.6251733455973367,0.5153292950771268,0.6369054439650181,4.0,
nyc_taxi,sparse_init,clean,7009,0.5942195497311702,0.4471571611876164,0.6099268219995189,0.11733333333333333,0.035555555555555556,rho_filter_a1,0.6346174334697756,0.4837697503787315,0.650729001171254,8.0,
nyc_taxi,sparse_init,outlier,7000,0.6061593006948326,0.5395482349272699,0.6140989520705971,0.12466666666666666,0.035555555555555556,all_data,0.5907972373887678,0.46097238026124093,0.6062716048024014,,
nyc_taxi,sparse_init,outlier,7000,0.6061593006948326,0.5395482349272699,0.6140989520705971,0.12466666666666666,0.035555555555555556,random,0.6320308184078359,0.5340642444270002,0.6437078638795304,,
nyc_taxi,sparse_init,outlier,7000,0.6061593006948326,0.5395482349272699,0.6140989520705971,0.12466666666666666,0.035555555555555556,uniform,0.6358559641194195,0.5612093105158571,0.6447534107996427,10.0,
nyc_taxi,sparse_init,outlier,7000,0.6061593006948326,0.5395482349272699,0.6140989520705971,0.12466666666666666,0.035555555555555556,rho,0.6497504096638931,0.5702219062022809,0.6592297444357584,28.0,
nyc_taxi,sparse_init,outlier,7000,0.6061593006948326,0.5395482349272699,0.6140989520705971,0.12466666666666666,0.035555555555555556,ws_default,0.6365175167592975,0.5713590427882235,0.6442840276467284,24.0,
nyc_taxi,sparse_init,outlier,7000,0.6061593006948326,0.5395482349272699,0.6140989520705971,0.12466666666666666,0.035555555555555556,ws_tuned,0.6470360862447032,0.5674189643781984,0.6565259838146895,7.0,
nyc_taxi,sparse_init,outlier,7000,0.6061593006948326,0.5395482349272699,0.6140989520705971,0.12466666666666666,0.035555555555555556,kcenter_a1,0.6569380569041915,0.6571875761398623,0.656908315663454,2.0,
nyc_taxi,sparse_init,outlier,7000,0.6061593006948326,0.5395482349272699,0.6140989520705971,0.12466666666666666,0.035555555555555556,rho_a1,0.6518066569543832,0.639230346618062,0.6533056799547393,12.0,
nyc_taxi,sparse_init,outlier,7000,0.6061593006948326,0.5395482349272699,0.6140989520705971,0.12466666666666666,0.035555555555555556,rho_landscape_a1,0.6333720464228829,0.601633116867827,0.6371551421113142,8.0,
nyc_taxi,sparse_init,outlier,7000,0.6061593006948326,0.5395482349272699,0.6140989520705971,0.12466666666666666,0.035555555555555556,rho_filter_a1,0.6446366451967236,0.618308838945042,0.6477747664791008,7.0,
nyc_taxi,sparse_init,outlier,7001,0.6132851108831908,0.7059576020238241,0.602959556855018,0.124,0.21333333333333335,all_data,0.630682682865075,0.6403161972362861,0.629609318246332,,
nyc_taxi,sparse_init,outlier,7001,0.6132851108831908,0.7059576020238241,0.602959556855018,0.124,0.21333333333333335,random,0.6698493357044516,0.6652381548352526,0.6703631127337788,,
nyc_taxi,sparse_init,outlier,7001,0.6132851108831908,0.7059576020238241,0.602959556855018,0.124,0.21333333333333335,uniform,0.6778265404924116,0.7109052102982516,0.674140920433467,19.0,
nyc_taxi,sparse_init,outlier,7001,0.6132851108831908,0.7059576020238241,0.602959556855018,0.124,0.21333333333333335,rho,0.6689305592822409,0.6768973039584883,0.6680429058743012,33.0,
nyc_taxi,sparse_init,outlier,7001,0.6132851108831908,0.7059576020238241,0.602959556855018,0.124,0.21333333333333335,ws_default,0.6665086290947743,0.6727539507153194,0.6658127763662834,30.0,
nyc_taxi,sparse_init,outlier,7001,0.6132851108831908,0.7059576020238241,0.602959556855018,0.124,0.21333333333333335,ws_tuned,0.6569195236701243,0.6602844224755756,0.6565446071874942,48.0,
nyc_taxi,sparse_init,outlier,7001,0.6132851108831908,0.7059576020238241,0.602959556855018,0.124,0.21333333333333335,kcenter_a1,0.698619914985616,0.72488514259417,0.6956934475582668,19.0,
nyc_taxi,sparse_init,outlier,7001,0.6132851108831908,0.7059576020238241,0.602959556855018,0.124,0.21333333333333335,rho_a1,0.6743036185784872,0.6333557803252464,0.6788660201176785,63.0,
nyc_taxi,sparse_init,outlier,7001,0.6132851108831908,0.7059576020238241,0.602959556855018,0.124,0.21333333333333335,rho_landscape_a1,0.6579094873843767,0.6506565468596636,0.6587176088487863,63.0,
nyc_taxi,sparse_init,outlier,7001,0.6132851108831908,0.7059576020238241,0.602959556855018,0.124,0.21333333333333335,rho_filter_a1,0.6766242423748781,0.6541595701333429,0.6791272525357159,42.0,
nyc_taxi,sparse_init,outlier,7002,0.6207180519661202,0.5376366029632431,0.6300006374300324,0.11866666666666667,0.07555555555555556,all_data,0.5668707679859198,0.4691930669156526,0.5777841742755941,,
nyc_taxi,sparse_init,outlier,7002,0.6207180519661202,0.5376366029632431,0.6300006374300324,0.11866666666666667,0.07555555555555556,random,0.6507161774588008,0.5814182150925469,0.6584587513529736,,
nyc_taxi,sparse_init,outlier,7002,0.6207180519661202,0.5376366029632431,0.6300006374300324,0.11866666666666667,0.07555555555555556,uniform,0.6117269562573728,0.5790605504246928,0.6153767325621915,13.0,
nyc_taxi,sparse_init,outlier,7002,0.6207180519661202,0.5376366029632431,0.6300006374300324,0.11866666666666667,0.07555555555555556,rho,0.6200431890097691,0.5781594929224381,0.6247228015242514,16.0,
nyc_taxi,sparse_init,outlier,7002,0.6207180519661202,0.5376366029632431,0.6300006374300324,0.11866666666666667,0.07555555555555556,ws_default,0.6428301588682482,0.5794210788656635,0.6499147753665915,24.0,
nyc_taxi,sparse_init,outlier,7002,0.6207180519661202,0.5376366029632431,0.6300006374300324,0.11866666666666667,0.07555555555555556,ws_tuned,0.6429714006693283,0.602388654637012,0.6475056596757183,22.0,
nyc_taxi,sparse_init,outlier,7002,0.6207180519661202,0.5376366029632431,0.6300006374300324,0.11866666666666667,0.07555555555555556,kcenter_a1,0.6268692985785859,0.6058585834001821,0.6292167992738938,2.0,
nyc_taxi,sparse_init,outlier,7002,0.6207180519661202,0.5376366029632431,0.6300006374300324,0.11866666666666667,0.07555555555555556,rho_a1,0.6325554234435906,0.634014975365726,0.6323923495490108,13.0,
nyc_taxi,sparse_init,outlier,7002,0.6207180519661202,0.5376366029632431,0.6300006374300324,0.11866666666666667,0.07555555555555556,rho_landscape_a1,0.6244670042677496,0.599377962260071,0.6272701712736104,8.0,
nyc_taxi,sparse_init,outlier,7002,0.6207180519661202,0.5376366029632431,0.6300006374300324,0.11866666666666667,0.07555555555555556,rho_filter_a1,0.6272526073629899,0.6229500342974927,0.6277333284225592,17.0,
nyc_taxi,sparse_init,outlier,7003,0.640536686299849,0.582798980561524,0.647238384287333,0.12533333333333332,0.1111111111111111,all_data,0.5944187517406698,0.4861724821990879,0.6069830508838889,,
nyc_taxi,sparse_init,outlier,7003,0.640536686299849,0.582798980561524,0.647238384287333,0.12533333333333332,0.1111111111111111,random,0.6817275537293194,0.5897959584866066,0.6923981853199914,,
nyc_taxi,sparse_init,outlier,7003,0.640536686299849,0.582798980561524,0.647238384287333,0.12533333333333332,0.1111111111111111,uniform,0.6736924862651645,0.6236994250869959,0.6794952522947734,13.0,
nyc_taxi,sparse_init,outlier,7003,0.640536686299849,0.582798980561524,0.647238384287333,0.12533333333333332,0.1111111111111111,rho,0.6764937699638959,0.5510061092514288,0.6910593020108786,26.0,
nyc_taxi,sparse_init,outlier,7003,0.640536686299849,0.582798980561524,0.647238384287333,0.12533333333333332,0.1111111111111111,ws_default,0.6976282270359488,0.6353912929132046,0.7048521568894816,27.0,
nyc_taxi,sparse_init,outlier,7003,0.640536686299849,0.582798980561524,0.647238384287333,0.12533333333333332,0.1111111111111111,ws_tuned,0.7059024268093622,0.625798949949143,0.7152001518020662,23.0,
nyc_taxi,sparse_init,outlier,7003,0.640536686299849,0.582798980561524,0.647238384287333,0.12533333333333332,0.1111111111111111,kcenter_a1,0.6833945302500014,0.6095824374693984,0.6919620053048928,12.0,
nyc_taxi,sparse_init,outlier,7003,0.640536686299849,0.582798980561524,0.647238384287333,0.12533333333333332,0.1111111111111111,rho_a1,0.6703772996110678,0.6109399101633594,0.6772762823148197,15.0,
nyc_taxi,sparse_init,outlier,7003,0.640536686299849,0.582798980561524,0.647238384287333,0.12533333333333332,0.1111111111111111,rho_landscape_a1,0.6619721677399103,0.6187604998859444,0.6669878077586742,16.0,
nyc_taxi,sparse_init,outlier,7003,0.640536686299849,0.582798980561524,0.647238384287333,0.12533333333333332,0.1111111111111111,rho_filter_a1,0.6730619142984171,0.5519617030932398,0.6871181888133038,24.0,
nyc_taxi,sparse_init,outlier,7004,0.823236631024774,0.6362364268171631,0.8432668217328684,0.13333333333333333,0.008888888888888889,all_data,0.610846252283543,0.4530243158404268,0.6277510652930879,,
nyc_taxi,sparse_init,outlier,7004,0.823236631024774,0.6362364268171631,0.8432668217328684,0.13333333333333333,0.008888888888888889,random,0.6847520964851983,0.5526530995367374,0.6989016430722602,,
nyc_taxi,sparse_init,outlier,7004,0.823236631024774,0.6362364268171631,0.8432668217328684,0.13333333333333333,0.008888888888888889,uniform,0.6770211154981648,0.5232224941366939,0.6934949783453526,14.0,
nyc_taxi,sparse_init,outlier,7004,0.823236631024774,0.6362364268171631,0.8432668217328684,0.13333333333333333,0.008888888888888889,rho,0.6737431656713675,0.5399917909885706,0.6880697037290043,20.0,
nyc_taxi,sparse_init,outlier,7004,0.823236631024774,0.6362364268171631,0.8432668217328684,0.13333333333333333,0.008888888888888889,ws_default,0.6869374955682211,0.5157350126775109,0.7052755417566255,24.0,
nyc_taxi,sparse_init,outlier,7004,0.823236631024774,0.6362364268171631,0.8432668217328684,0.13333333333333333,0.008888888888888889,ws_tuned,0.6649490318023624,0.5357583324881511,0.6787870613165058,7.0,
nyc_taxi,sparse_init,outlier,7004,0.823236631024774,0.6362364268171631,0.8432668217328684,0.13333333333333333,0.008888888888888889,kcenter_a1,0.6884901539092315,0.5692238553434353,0.701265149078056,5.0,
nyc_taxi,sparse_init,outlier,7004,0.823236631024774,0.6362364268171631,0.8432668217328684,0.13333333333333333,0.008888888888888889,rho_a1,0.6881197717706196,0.6624848098086669,0.6908656146378425,12.0,
nyc_taxi,sparse_init,outlier,7004,0.823236631024774,0.6362364268171631,0.8432668217328684,0.13333333333333333,0.008888888888888889,rho_landscape_a1,0.6659173005581456,0.5983791696836946,0.6731515260351488,6.0,
nyc_taxi,sparse_init,outlier,7004,0.823236631024774,0.6362364268171631,0.8432668217328684,0.13333333333333333,0.008888888888888889,rho_filter_a1,0.6448639358094229,0.5645718448321464,0.6534642787953643,2.0,
nyc_taxi,sparse_init,outlier,7005,0.637202724300749,0.5078533614112846,0.6511767551946245,0.12266666666666666,0.04,all_data,0.6151274287886126,0.45387796077427733,0.6325477314272805,,
nyc_taxi,sparse_init,outlier,7005,0.637202724300749,0.5078533614112846,0.6511767551946245,0.12266666666666666,0.04,random,0.6979979276795782,0.5730654179713097,0.7114947916092804,,
nyc_taxi,sparse_init,outlier,7005,0.637202724300749,0.5078533614112846,0.6511767551946245,0.12266666666666666,0.04,uniform,0.6548976713072343,0.558258226326802,0.6653379437566438,15.0,
nyc_taxi,sparse_init,outlier,7005,0.637202724300749,0.5078533614112846,0.6511767551946245,0.12266666666666666,0.04,rho,0.6551735156844718,0.5099114990062056,0.6708666421400188,11.0,
nyc_taxi,sparse_init,outlier,7005,0.637202724300749,0.5078533614112846,0.6511767551946245,0.12266666666666666,0.04,ws_default,0.6875769932966993,0.5428772975719856,0.7032093703971531,25.0,
nyc_taxi,sparse_init,outlier,7005,0.637202724300749,0.5078533614112846,0.6511767551946245,0.12266666666666666,0.04,ws_tuned,0.6611608161574326,0.5080207127300629,0.6777050378573424,11.0,
nyc_taxi,sparse_init,outlier,7005,0.637202724300749,0.5078533614112846,0.6511767551946245,0.12266666666666666,0.04,kcenter_a1,0.6680748589039579,0.5793558534300342,0.6776594606033569,4.0,
nyc_taxi,sparse_init,outlier,7005,0.637202724300749,0.5078533614112846,0.6511767551946245,0.12266666666666666,0.04,rho_a1,0.6885986871113337,0.5811770369772499,0.7002037961285892,10.0,
nyc_taxi,sparse_init,outlier,7005,0.637202724300749,0.5078533614112846,0.6511767551946245,0.12266666666666666,0.04,rho_landscape_a1,0.6807894275839187,0.5765852253334073,0.6920469452785722,8.0,
nyc_taxi,sparse_init,outlier,7005,0.637202724300749,0.5078533614112846,0.6511767551946245,0.12266666666666666,0.04,rho_filter_a1,0.6526410777287204,0.5136596075244528,0.6676556963934474,9.0,
nyc_taxi,sparse_init,outlier,7006,0.6364343088375546,0.70679798944348,0.628289001319714,0.11933333333333333,0.12,all_data,0.5530379991461607,0.5765646495025963,0.5503145514758898,,
nyc_taxi,sparse_init,outlier,7006,0.6364343088375546,0.70679798944348,0.628289001319714,0.11933333333333333,0.12,random,0.6553371130422094,0.7049831154371642,0.6495900862656665,,
nyc_taxi,sparse_init,outlier,7006,0.6364343088375546,0.70679798944348,0.628289001319714,0.11933333333333333,0.12,uniform,0.6468059393404518,0.6834595120274157,0.6425629176765495,20.0,
nyc_taxi,sparse_init,outlier,7006,0.6364343088375546,0.70679798944348,0.628289001319714,0.11933333333333333,0.12,rho,0.6597988008699667,0.6813417003980645,0.6573049924169233,21.0,
nyc_taxi,sparse_init,outlier,7006,0.6364343088375546,0.70679798944348,0.628289001319714,0.11933333333333333,0.12,ws_default,0.6897913415571415,0.8216109160700984,0.6745318929036194,20.0,
nyc_taxi,sparse_init,outlier,7006,0.6364343088375546,0.70679798944348,0.628289001319714,0.11933333333333333,0.12,ws_tuned,0.6461337722755915,0.7334039029475791,0.6360313722117491,22.0,
nyc_taxi,sparse_init,outlier,7006,0.6364343088375546,0.70679798944348,0.628289001319714,0.11933333333333333,0.12,kcenter_a1,0.680096918149862,0.796887585936817,0.6665772174158072,18.0,
nyc_taxi,sparse_init,outlier,7006,0.6364343088375546,0.70679798944348,0.628289001319714,0.11933333333333333,0.12,rho_a1,0.6581657240811162,0.6997558346940757,0.6533512482361015,24.0,
nyc_taxi,sparse_init,outlier,7006,0.6364343088375546,0.70679798944348,0.628289001319714,0.11933333333333333,0.12,rho_landscape_a1,0.654084705606278,0.6494122309638266,0.6546255917922241,29.0,
nyc_taxi,sparse_init,outlier,7006,0.6364343088375546,0.70679798944348,0.628289001319714,0.11933333333333333,0.12,rho_filter_a1,0.6537661694444867,0.6829832462776001,0.6503839973703607,25.0,
nyc_taxi,sparse_init,outlier,7007,0.6215703386343985,0.6993250790285271,0.6135030697634843,0.12666666666666668,0.16,all_data,0.5853372953470474,0.72919126129566,0.5704120494318493,,
nyc_taxi,sparse_init,outlier,7007,0.6215703386343985,0.6993250790285271,0.6135030697634843,0.12666666666666668,0.16,random,0.6675205563284592,0.7886138206787793,0.6549567960095519,,
nyc_taxi,sparse_init,outlier,7007,0.6215703386343985,0.6993250790285271,0.6135030697634843,0.12666666666666668,0.16,uniform,0.6408000397454405,0.7488163099720135,0.6295930536512928,25.0,
nyc_taxi,sparse_init,outlier,7007,0.6215703386343985,0.6993250790285271,0.6135030697634843,0.12666666666666668,0.16,rho,0.6362236492354273,0.7202156916024407,0.6275092430737282,26.0,
nyc_taxi,sparse_init,outlier,7007,0.6215703386343985,0.6993250790285271,0.6135030697634843,0.12666666666666668,0.16,ws_default,0.6762780375516287,0.8658087129671402,0.6566137069897544,23.0,
nyc_taxi,sparse_init,outlier,7007,0.6215703386343985,0.6993250790285271,0.6135030697634843,0.12666666666666668,0.16,ws_tuned,0.6274595607084622,0.7166111597659247,0.6182098363029417,29.0,
nyc_taxi,sparse_init,outlier,7007,0.6215703386343985,0.6993250790285271,0.6135030697634843,0.12666666666666668,0.16,kcenter_a1,0.6392961313552123,0.7484021190873378,0.6279760840629166,31.0,
nyc_taxi,sparse_init,outlier,7007,0.6215703386343985,0.6993250790285271,0.6135030697634843,0.12666666666666668,0.16,rho_a1,0.6458499416462566,0.7587070348159197,0.634140706814084,21.0,
nyc_taxi,sparse_init,outlier,7007,0.6215703386343985,0.6993250790285271,0.6135030697634843,0.12666666666666668,0.16,rho_landscape_a1,0.6637805433571567,0.8082131396451373,0.6487952629475869,19.0,
nyc_taxi,sparse_init,outlier,7007,0.6215703386343985,0.6993250790285271,0.6135030697634843,0.12666666666666668,0.16,rho_filter_a1,0.647611585261938,0.7914224025897516,0.6326908161352114,29.0,
nyc_taxi,sparse_init,outlier,7008,0.7066413418344148,0.6186681487969347,0.7163076527231058,0.124,0.06222222222222222,all_data,0.6166807777625497,0.46434757124810283,0.6334188326403858,,
nyc_taxi,sparse_init,outlier,7008,0.7066413418344148,0.6186681487969347,0.7163076527231058,0.124,0.06222222222222222,random,0.6533544508739146,0.5995769515384984,0.6592634102903476,,
nyc_taxi,sparse_init,outlier,7008,0.7066413418344148,0.6186681487969347,0.7163076527231058,0.124,0.06222222222222222,uniform,0.6569958110245547,0.6065682267821104,0.6625366887604062,13.0,
nyc_taxi,sparse_init,outlier,7008,0.7066413418344148,0.6186681487969347,0.7163076527231058,0.124,0.06222222222222222,rho,0.652754247176538,0.6587733768429033,0.6520928777681361,18.0,
nyc_taxi,sparse_init,outlier,7008,0.7066413418344148,0.6186681487969347,0.7163076527231058,0.124,0.06222222222222222,ws_default,0.6536226569024496,0.5847321597201506,0.6611922009879629,27.0,
nyc_taxi,sparse_init,outlier,7008,0.7066413418344148,0.6186681487969347,0.7163076527231058,0.124,0.06222222222222222,ws_tuned,0.664145215361673,0.5829227270534559,0.6730697729005336,19.0,
nyc_taxi,sparse_init,outlier,7008,0.7066413418344148,0.6186681487969347,0.7163076527231058,0.124,0.06222222222222222,kcenter_a1,0.681711843643884,0.7335280930550429,0.6760183822768422,4.0,
nyc_taxi,sparse_init,outlier,7008,0.7066413418344148,0.6186681487969347,0.7163076527231058,0.124,0.06222222222222222,rho_a1,0.6610535252706514,0.6115153293054424,0.6664966788783713,14.0,
nyc_taxi,sparse_init,outlier,7008,0.7066413418344148,0.6186681487969347,0.7163076527231058,0.124,0.06222222222222222,rho_landscape_a1,0.666585482650351,0.6189858127013835,0.6718156350642775,18.0,
nyc_taxi,sparse_init,outlier,7008,0.7066413418344148,0.6186681487969347,0.7163076527231058,0.124,0.06222222222222222,rho_filter_a1,0.6605663852282642,0.5775407501234151,0.6696890687747458,14.0,
nyc_taxi,sparse_init,outlier,7009,0.5961332891723339,0.4604356535996065,0.6106267278361613,0.12066666666666667,0.044444444444444446,all_data,0.5803638501238925,0.45898457998637876,0.5933279891037154,,
nyc_taxi,sparse_init,outlier,7009,0.5961332891723339,0.4604356535996065,0.6106267278361613,0.12066666666666667,0.044444444444444446,random,0.6546783934099146,0.5302455009519726,0.6679686802081342,,
nyc_taxi,sparse_init,outlier,7009,0.5961332891723339,0.4604356535996065,0.6106267278361613,0.12066666666666667,0.044444444444444446,uniform,0.6530959146648503,0.5039442656176153,0.6690263342919208,11.0,
nyc_taxi,sparse_init,outlier,7009,0.5961332891723339,0.4604356535996065,0.6106267278361613,0.12066666666666667,0.044444444444444446,rho,0.6458432961459831,0.4954989932313857,0.6619010993903204,13.0,
nyc_taxi,sparse_init,outlier,7009,0.5961332891723339,0.4604356535996065,0.6106267278361613,0.12066666666666667,0.044444444444444446,ws_default,0.6552146016543539,0.5197798555397057,0.6696799619200576,25.0,
nyc_taxi,sparse_init,outlier,7009,0.5961332891723339,0.4604356535996065,0.6106267278361613,0.12066666666666667,0.044444444444444446,ws_tuned,0.667877897063506,0.5648095671268457,0.6788863019764974,11.0,
nyc_taxi,sparse_init,outlier,7009,0.5961332891723339,0.4604356535996065,0.6106267278361613,0.12066666666666667,0.044444444444444446,kcenter_a1,0.6691525735624952,0.576513986158902,0.6790470104019495,1.0,
nyc_taxi,sparse_init,outlier,7009,0.5961332891723339,0.4604356535996065,0.6106267278361613,0.12066666666666667,0.044444444444444446,rho_a1,0.6565453275896763,0.661819427271724,0.6559820175516934,17.0,
nyc_taxi,sparse_init,outlier,7009,0.5961332891723339,0.4604356535996065,0.6106267278361613,0.12066666666666667,0.044444444444444446,rho_landscape_a1,0.6518128726069329,0.5970222178180288,0.6576648905229585,8.0,
nyc_taxi,sparse_init,outlier,7009,0.5961332891723339,0.4604356535996065,0.6106267278361613,0.12066666666666667,0.044444444444444446,rho_filter_a1,0.655775405546423,0.5948886093434615,0.6622785331984272,10.0,
nyc_taxi,sparse_all,clean,7000,0.5954108443667522,0.4718185545955499,0.6101423260238681,0.024,0.022222222222222223,all_data,0.5714421037130036,0.48692342453998466,0.5815162383877955,,
nyc_taxi,sparse_all,clean,7000,0.5954108443667522,0.4718185545955499,0.6101423260238681,0.024,0.022222222222222223,random,0.5790289988615167,0.5046839079970652,0.5878905010182756,,
nyc_taxi,sparse_all,clean,7000,0.5954108443667522,0.4718185545955499,0.6101423260238681,0.024,0.022222222222222223,uniform,0.5895658572669811,0.495048984829679,0.600831718391293,6.0,
nyc_taxi,sparse_all,clean,7000,0.5954108443667522,0.4718185545955499,0.6101423260238681,0.024,0.022222222222222223,rho,0.5870496889141029,0.5370923612272042,0.5930043116322391,2.0,
nyc_taxi,sparse_all,clean,7000,0.5954108443667522,0.4718185545955499,0.6101423260238681,0.024,0.022222222222222223,ws_default,0.587594254692727,0.5293215281896814,0.5945400245557089,4.0,
nyc_taxi,sparse_all,clean,7000,0.5954108443667522,0.4718185545955499,0.6101423260238681,0.024,0.022222222222222223,ws_tuned,0.5928054627822628,0.5218324011415579,0.6012650386801196,7.0,
nyc_taxi,sparse_all,clean,7000,0.5954108443667522,0.4718185545955499,0.6101423260238681,0.024,0.022222222222222223,kcenter_a1,0.6048122432150252,0.5337838035935538,0.6132784198459001,1.0,
nyc_taxi,sparse_all,clean,7000,0.5954108443667522,0.4718185545955499,0.6101423260238681,0.024,0.022222222222222223,rho_a1,0.6076476995268679,0.5665388569269544,0.6125476343191351,5.0,
nyc_taxi,sparse_all,clean,7000,0.5954108443667522,0.4718185545955499,0.6101423260238681,0.024,0.022222222222222223,rho_landscape_a1,0.5988336420290469,0.5398751009258979,0.6058611570010507,3.0,
nyc_taxi,sparse_all,clean,7000,0.5954108443667522,0.4718185545955499,0.6101423260238681,0.024,0.022222222222222223,rho_filter_a1,0.6049485957014303,0.5364922868509061,0.61310818931372,4.0,
nyc_taxi,sparse_all,clean,7001,0.6324205358597985,0.5976377121443637,0.6362960324727158,0.023333333333333334,0.013333333333333334,all_data,0.5809118526239578,0.5527089478755844,0.5840542157259577,,
nyc_taxi,sparse_all,clean,7001,0.6324205358597985,0.5976377121443637,0.6362960324727158,0.023333333333333334,0.013333333333333334,random,0.6609858023814039,0.6162093146114896,0.6659747914327336,,
nyc_taxi,sparse_all,clean,7001,0.6324205358597985,0.5976377121443637,0.6362960324727158,0.023333333333333334,0.013333333333333334,uniform,0.6618057805187246,0.6223591439561219,0.6662009184074726,5.0,
nyc_taxi,sparse_all,clean,7001,0.6324205358597985,0.5976377121443637,0.6362960324727158,0.023333333333333334,0.013333333333333334,rho,0.6637137033348557,0.641847189302184,0.6661500668044587,3.0,
nyc_taxi,sparse_all,clean,7001,0.6324205358597985,0.5976377121443637,0.6362960324727158,0.023333333333333334,0.013333333333333334,ws_default,0.6707973088567156,0.7025040249359877,0.6672645516608867,3.0,
nyc_taxi,sparse_all,clean,7001,0.6324205358597985,0.5976377121443637,0.6362960324727158,0.023333333333333334,0.013333333333333334,ws_tuned,0.6434893320022077,0.613507796510562,0.6468298698549861,4.0,
nyc_taxi,sparse_all,clean,7001,0.6324205358597985,0.5976377121443637,0.6362960324727158,0.023333333333333334,0.013333333333333334,kcenter_a1,0.6558574579778992,0.6618914222075514,0.6551851546558402,1.0,
nyc_taxi,sparse_all,clean,7001,0.6324205358597985,0.5976377121443637,0.6362960324727158,0.023333333333333334,0.013333333333333334,rho_a1,0.700678953113183,0.863947652098923,0.6824875809839022,3.0,
nyc_taxi,sparse_all,clean,7001,0.6324205358597985,0.5976377121443637,0.6362960324727158,0.023333333333333334,0.013333333333333334,rho_landscape_a1,0.6863400722091472,0.8153988371566486,0.6719603654172748,3.0,
nyc_taxi,sparse_all,clean,7001,0.6324205358597985,0.5976377121443637,0.6362960324727158,0.023333333333333334,0.013333333333333334,rho_filter_a1,0.6534356694669526,0.6272315213239933,0.6563553314300887,1.0,
nyc_taxi,sparse_all,clean,7002,0.5801877624904448,0.49974779291728083,0.5891752187907261,0.03266666666666666,0.0044444444444444444,all_data,0.5534368363687359,0.5222828954352791,0.5569176268788109,,
nyc_taxi,sparse_all,clean,7002,0.5801877624904448,0.49974779291728083,0.5891752187907261,0.03266666666666666,0.0044444444444444444,random,0.6330751664941694,0.6083790490923333,0.6358344325296164,,
nyc_taxi,sparse_all,clean,7002,0.5801877624904448,0.49974779291728083,0.5891752187907261,0.03266666666666666,0.0044444444444444444,uniform,0.6230364663848322,0.6247968457552964,0.6228397814190383,6.0,
nyc_taxi,sparse_all,clean,7002,0.5801877624904448,0.49974779291728083,0.5891752187907261,0.03266666666666666,0.0044444444444444444,rho,0.6117034454912973,0.5713524661380471,0.6162118094990813,2.0,
nyc_taxi,sparse_all,clean,7002,0.5801877624904448,0.49974779291728083,0.5891752187907261,0.03266666666666666,0.0044444444444444444,ws_default,0.6379756805879528,0.5910022370941659,0.6432239641578534,5.0,
nyc_taxi,sparse_all,clean,7002,0.5801877624904448,0.49974779291728083,0.5891752187907261,0.03266666666666666,0.0044444444444444444,ws_tuned,0.6343230418657406,0.6051536111162934,0.6375821055570352,5.0,
nyc_taxi,sparse_all,clean,7002,0.5801877624904448,0.49974779291728083,0.5891752187907261,0.03266666666666666,0.0044444444444444444,kcenter_a1,0.6341494948636899,0.5890957250445592,0.6391832957161885,1.0,
nyc_taxi,sparse_all,clean,7002,0.5801877624904448,0.49974779291728083,0.5891752187907261,0.03266666666666666,0.0044444444444444444,rho_a1,0.6093931359537169,0.6449496768621156,0.6054204485036958,3.0,
nyc_taxi,sparse_all,clean,7002,0.5801877624904448,0.49974779291728083,0.5891752187907261,0.03266666666666666,0.0044444444444444444,rho_landscape_a1,0.6123535311438002,0.5871799423878108,0.6151661444511677,2.0,
nyc_taxi,sparse_all,clean,7002,0.5801877624904448,0.49974779291728083,0.5891752187907261,0.03266666666666666,0.0044444444444444444,rho_filter_a1,0.6111077403396128,0.5707136151867334,0.6156209249731474,1.0,
nyc_taxi,sparse_all,clean,7003,0.648078535070588,0.6365050880368286,0.6494218816012921,0.024,0.013333333333333334,all_data,0.5585594060243914,0.5170685679540371,0.5633753068718432,,
nyc_taxi,sparse_all,clean,7003,0.648078535070588,0.6365050880368286,0.6494218816012921,0.024,0.013333333333333334,random,0.622292259202266,0.5282192268532484,0.6332114504570627,,
nyc_taxi,sparse_all,clean,7003,0.648078535070588,0.6365050880368286,0.6494218816012921,0.024,0.013333333333333334,uniform,0.6200984617522134,0.5379975381378052,0.6296280332431715,4.0,
nyc_taxi,sparse_all,clean,7003,0.648078535070588,0.6365050880368286,0.6494218816012921,0.024,0.013333333333333334,rho,0.6354904624308328,0.5112962571488825,0.6499058612582022,5.0,
nyc_taxi,sparse_all,clean,7003,0.648078535070588,0.6365050880368286,0.6494218816012921,0.024,0.013333333333333334,ws_default,0.631259811390103,0.564587555674765,0.6389985553570617,6.0,
nyc_taxi,sparse_all,clean,7003,0.648078535070588,0.6365050880368286,0.6494218816012921,0.024,0.013333333333333334,ws_tuned,0.6405296202700863,0.6040142809023233,0.644768007875273,2.0,
nyc_taxi,sparse_all,clean,7003,0.648078535070588,0.6365050880368286,0.6494218816012921,0.024,0.013333333333333334,kcenter_a1,0.6283908773564427,0.5234593945298941,0.6405704244702386,5.0,
nyc_taxi,sparse_all,clean,7003,0.648078535070588,0.6365050880368286,0.6494218816012921,0.024,0.013333333333333334,rho_a1,0.6138622054646449,0.5467304152535403,0.6216542882570053,4.0,
nyc_taxi,sparse_all,clean,7003,0.648078535070588,0.6365050880368286,0.6494218816012921,0.024,0.013333333333333334,rho_landscape_a1,0.6009256950714603,0.527662978789704,0.6094294032113069,4.0,
nyc_taxi,sparse_all,clean,7003,0.648078535070588,0.6365050880368286,0.6494218816012921,0.024,0.013333333333333334,rho_filter_a1,0.6121420441538351,0.5413183804796089,0.620362647973165,3.0,
nyc_taxi,sparse_all,clean,7004,0.7553169912489481,0.5950392110240337,0.7724848575503714,0.02666666666666667,0.0,all_data,0.5875596123947582,0.45470204682804555,0.6017904116957041,,
nyc_taxi,sparse_all,clean,7004,0.7553169912489481,0.5950392110240337,0.7724848575503714,0.02666666666666667,0.0,random,0.6567073306764193,0.48025356075866227,0.675607859034618,,
nyc_taxi,sparse_all,clean,7004,0.7553169912489481,0.5950392110240337,0.7724848575503714,0.02666666666666667,0.0,uniform,0.6767747136181861,0.49238651084135887,0.6965251244885521,4.0,
nyc_taxi,sparse_all,clean,7004,0.7553169912489481,0.5950392110240337,0.7724848575503714,0.02666666666666667,0.0,rho,0.6483216375789593,0.47454373407527944,0.6669355453165526,3.0,
nyc_taxi,sparse_all,clean,7004,0.7553169912489481,0.5950392110240337,0.7724848575503714,0.02666666666666667,0.0,ws_default,0.64598821088941,0.44802890480864743,0.667192266093743,8.0,
nyc_taxi,sparse_all,clean,7004,0.7553169912489481,0.5950392110240337,0.7724848575503714,0.02666666666666667,0.0,ws_tuned,0.6456778354067976,0.4856149182298271,0.6628226870390942,0.0,
nyc_taxi,sparse_all,clean,7004,0.7553169912489481,0.5950392110240337,0.7724848575503714,0.02666666666666667,0.0,kcenter_a1,0.6771025512195106,0.4801013000105443,0.6982039860985225,1.0,
nyc_taxi,sparse_all,clean,7004,0.7553169912489481,0.5950392110240337,0.7724848575503714,0.02666666666666667,0.0,rho_a1,0.6631402512452672,0.5187884690301836,0.678602232899637,2.0,
nyc_taxi,sparse_all,clean,7004,0.7553169912489481,0.5950392110240337,0.7724848575503714,0.02666666666666667,0.0,rho_landscape_a1,0.6484586799862111,0.49584010288821917,0.6648061445134524,2.0,
nyc_taxi,sparse_all,clean,7004,0.7553169912489481,0.5950392110240337,0.7724848575503714,0.02666666666666667,0.0,rho_filter_a1,0.6418145868558575,0.47224030821082086,0.6599782308734686,0.0,
nyc_taxi,sparse_all,clean,7005,0.5881680139504057,0.5373603253383497,0.5936569332187442,0.029333333333333333,0.0044444444444444444,all_data,0.5604658282470071,0.5086343116849352,0.5660653549670093,,
nyc_taxi,sparse_all,clean,7005,0.5881680139504057,0.5373603253383497,0.5936569332187442,0.029333333333333333,0.0044444444444444444,random,0.6333265049684279,0.6033590778016823,0.6365639832496,,
nyc_taxi,sparse_all,clean,7005,0.5881680139504057,0.5373603253383497,0.5936569332187442,0.029333333333333333,0.0044444444444444444,uniform,0.6212836768098173,0.601108502600697,0.6234632662673124,6.0,
nyc_taxi,sparse_all,clean,7005,0.5881680139504057,0.5373603253383497,0.5936569332187442,0.029333333333333333,0.0044444444444444444,rho,0.6311120322771334,0.6034597466534487,0.634099398314041,6.0,
nyc_taxi,sparse_all,clean,7005,0.5881680139504057,0.5373603253383497,0.5936569332187442,0.029333333333333333,0.0044444444444444444,ws_default,0.6163667716006977,0.5698229528929858,0.6213950511840794,5.0,
nyc_taxi,sparse_all,clean,7005,0.5881680139504057,0.5373603253383497,0.5936569332187442,0.029333333333333333,0.0044444444444444444,ws_tuned,0.6180575923183499,0.6296326571688429,0.616807100547798,3.0,
nyc_taxi,sparse_all,clean,7005,0.5881680139504057,0.5373603253383497,0.5936569332187442,0.029333333333333333,0.0044444444444444444,kcenter_a1,0.631381413204692,0.6231640531598273,0.6322691612427799,1.0,
nyc_taxi,sparse_all,clean,7005,0.5881680139504057,0.5373603253383497,0.5936569332187442,0.029333333333333333,0.0044444444444444444,rho_a1,0.6485400650313169,0.631876542328868,0.6503402793952933,3.0,
nyc_taxi,sparse_all,clean,7005,0.5881680139504057,0.5373603253383497,0.5936569332187442,0.029333333333333333,0.0044444444444444444,rho_landscape_a1,0.6596488074871462,0.6550115378610941,0.6601497867542268,2.0,
nyc_taxi,sparse_all,clean,7005,0.5881680139504057,0.5373603253383497,0.5936569332187442,0.029333333333333333,0.0044444444444444444,rho_filter_a1,0.6322382479024359,0.6336376082823494,0.6320870704652707,1.0,
nyc_taxi,sparse_all,clean,7006,0.6306579890912487,0.6759913945094966,0.6254101890219119,0.025333333333333333,0.022222222222222223,all_data,0.5517741233573693,0.6138566454292386,0.5445874436754095,,
nyc_taxi,sparse_all,clean,7006,0.6306579890912487,0.6759913945094966,0.6254101890219119,0.025333333333333333,0.022222222222222223,random,0.6312252218336768,0.7209817369415166,0.6208349976301193,,
nyc_taxi,sparse_all,clean,7006,0.6306579890912487,0.6759913945094966,0.6254101890219119,0.025333333333333333,0.022222222222222223,uniform,0.6375748244289976,0.6759824866476627,0.633128749165191,7.0,
nyc_taxi,sparse_all,clean,7006,0.6306579890912487,0.6759913945094966,0.6254101890219119,0.025333333333333333,0.022222222222222223,rho,0.6223844162079866,0.6832888453111536,0.6153341126995305,5.0,
nyc_taxi,sparse_all,clean,7006,0.6306579890912487,0.6759913945094966,0.6254101890219119,0.025333333333333333,0.022222222222222223,ws_default,0.6176820154502969,0.6599670605356561,0.612787093913219,7.0,
nyc_taxi,sparse_all,clean,7006,0.6306579890912487,0.6759913945094966,0.6254101890219119,0.025333333333333333,0.022222222222222223,ws_tuned,0.6148929507676442,0.655194968577499,0.6102275846892369,2.0,
nyc_taxi,sparse_all,clean,7006,0.6306579890912487,0.6759913945094966,0.6254101890219119,0.025333333333333333,0.022222222222222223,kcenter_a1,0.6284508765266261,0.6717433504644924,0.6234393349131769,6.0,
nyc_taxi,sparse_all,clean,7006,0.6306579890912487,0.6759913945094966,0.6254101890219119,0.025333333333333333,0.022222222222222223,rho_a1,0.6346946455165052,0.7135071268127384,0.625571303888071,2.0,
nyc_taxi,sparse_all,clean,7006,0.6306579890912487,0.6759913945094966,0.6254101890219119,0.025333333333333333,0.022222222222222223,rho_landscape_a1,0.6298102220650271,0.7235688170354085,0.6189567166500456,3.0,
nyc_taxi,sparse_all,clean,7006,0.6306579890912487,0.6759913945094966,0.6254101890219119,0.025333333333333333,0.022222222222222223,rho_filter_a1,0.6228388417563426,0.6708450261361565,0.6172816404961967,5.0,
nyc_taxi,sparse_all,clean,7007,0.6536567920296357,0.8213771303718785,0.6362553441221624,0.028666666666666667,0.09333333333333334,all_data,0.568474000794847,0.6950775585595962,0.5553385323291888,,
nyc_taxi,sparse_all,clean,7007,0.6536567920296357,0.8213771303718785,0.6362553441221624,0.028666666666666667,0.09333333333333334,random,0.6426572851282895,0.8119373545754321,0.6250940108147892,,
nyc_taxi,sparse_all,clean,7007,0.6536567920296357,0.8213771303718785,0.6362553441221624,0.028666666666666667,0.09333333333333334,uniform,0.6265864932897168,0.7367686301912131,0.6151547925515924,10.0,
nyc_taxi,sparse_all,clean,7007,0.6536567920296357,0.8213771303718785,0.6362553441221624,0.028666666666666667,0.09333333333333334,rho,0.6229387042069371,0.7528474151751111,0.6094603169762437,4.0,
nyc_taxi,sparse_all,clean,7007,0.6536567920296357,0.8213771303718785,0.6362553441221624,0.028666666666666667,0.09333333333333334,ws_default,0.6375600844629423,0.8099184605302893,0.6196774273433722,6.0,
nyc_taxi,sparse_all,clean,7007,0.6536567920296357,0.8213771303718785,0.6362553441221624,0.028666666666666667,0.09333333333333334,ws_tuned,0.6283045908709545,0.7611363285597997,0.6145229315522444,12.0,
nyc_taxi,sparse_all,clean,7007,0.6536567920296357,0.8213771303718785,0.6362553441221624,0.028666666666666667,0.09333333333333334,kcenter_a1,0.6426757029963508,0.7922608608868476,0.6271558301026349,8.0,
nyc_taxi,sparse_all,clean,7007,0.6536567920296357,0.8213771303718785,0.6362553441221624,0.028666666666666667,0.09333333333333334,rho_a1,0.6403472115219406,0.7528042137614199,0.6286794872277781,11.0,
nyc_taxi,sparse_all,clean,7007,0.6536567920296357,0.8213771303718785,0.6362553441221624,0.028666666666666667,0.09333333333333334,rho_landscape_a1,0.6302211013856753,0.7619353912879006,0.6165553803582922,16.0,
nyc_taxi,sparse_all,clean,7007,0.6536567920296357,0.8213771303718785,0.6362553441221624,0.028666666666666667,0.09333333333333334,rho_filter_a1,0.6212523993496484,0.7278498839141964,0.6101926161829071,20.0,
nyc_taxi,sparse_all,clean,7008,0.6014802875525714,0.46307221137657,0.616688278164585,0.026,0.0044444444444444444,all_data,0.5972227674543842,0.5835771014057782,0.5987221247671611,,
nyc_taxi,sparse_all,clean,7008,0.6014802875525714,0.46307221137657,0.616688278164585,0.026,0.0044444444444444444,random,0.6139073734315812,0.49879778487916476,0.6265553748374515,,
nyc_taxi,sparse_all,clean,7008,0.6014802875525714,0.46307221137657,0.616688278164585,0.026,0.0044444444444444444,uniform,0.6168648825808611,0.5966138105835553,0.6190900281166363,4.0,
nyc_taxi,sparse_all,clean,7008,0.6014802875525714,0.46307221137657,0.616688278164585,0.026,0.0044444444444444444,rho,0.6041920845791935,0.49905151578060447,0.6157447108955757,3.0,
nyc_taxi,sparse_all,clean,7008,0.6014802875525714,0.46307221137657,0.616688278164585,0.026,0.0044444444444444444,ws_default,0.6000059615989798,0.494594292204659,0.6115883758831504,3.0,
nyc_taxi,sparse_all,clean,7008,0.6014802875525714,0.46307221137657,0.616688278164585,0.026,0.0044444444444444444,ws_tuned,0.5988423055520448,0.5137046025812559,0.6081970587086576,3.0,
nyc_taxi,sparse_all,clean,7008,0.6014802875525714,0.46307221137657,0.616688278164585,0.026,0.0044444444444444444,kcenter_a1,0.6199550474594477,0.49376789533488435,0.6338202284365085,2.0,
nyc_taxi,sparse_all,clean,7008,0.6014802875525714,0.46307221137657,0.616688278164585,0.026,0.0044444444444444444,rho_a1,0.6546071480055866,0.8321813804814014,0.635095661862295,4.0,
nyc_taxi,sparse_all,clean,7008,0.6014802875525714,0.46307221137657,0.616688278164585,0.026,0.0044444444444444444,rho_landscape_a1,0.6580127510193822,0.7534236873807908,0.6475291964136336,4.0,
nyc_taxi,sparse_all,clean,7008,0.6014802875525714,0.46307221137657,0.616688278164585,0.026,0.0044444444444444444,rho_filter_a1,0.6090508562065635,0.5709882526358031,0.6132330956666137,1.0,
nyc_taxi,sparse_all,clean,7009,0.6036051904763521,0.45910105710864746,0.6190392235366547,0.028,0.008888888888888889,all_data,0.5583703275649604,0.45497209695308505,0.5694139681339101,,
nyc_taxi,sparse_all,clean,7009,0.6036051904763521,0.45910105710864746,0.6190392235366547,0.028,0.008888888888888889,random,0.6331951483045446,0.5286018677640768,0.6443664284065423,,
nyc_taxi,sparse_all,clean,7009,0.6036051904763521,0.45910105710864746,0.6190392235366547,0.028,0.008888888888888889,uniform,0.6265805431694907,0.4729516520977515,0.6429891629685199,6.0,
nyc_taxi,sparse_all,clean,7009,0.6036051904763521,0.45910105710864746,0.6190392235366547,0.028,0.008888888888888889,rho,0.6192241283794055,0.5233564120860916,0.6294634583432184,2.0,
nyc_taxi,sparse_all,clean,7009,0.6036051904763521,0.45910105710864746,0.6190392235366547,0.028,0.008888888888888889,ws_default,0.6377531029648141,0.5033950070662506,0.6521034695992484,3.0,
nyc_taxi,sparse_all,clean,7009,0.6036051904763521,0.45910105710864746,0.6190392235366547,0.028,0.008888888888888889,ws_tuned,0.6157701691291699,0.45184393687639934,0.6332786156287741,2.0,
nyc_taxi,sparse_all,clean,7009,0.6036051904763521,0.45910105710864746,0.6190392235366547,0.028,0.008888888888888889,kcenter_a1,0.629295244755322,0.47983277055096246,0.6452588626421185,1.0,
nyc_taxi,sparse_all,clean,7009,0.6036051904763521,0.45910105710864746,0.6190392235366547,0.028,0.008888888888888889,rho_a1,0.6295961996093122,0.5038773776891623,0.643023832498404,0.0,
nyc_taxi,sparse_all,clean,7009,0.6036051904763521,0.45910105710864746,0.6190392235366547,0.028,0.008888888888888889,rho_landscape_a1,0.6247724692155716,0.5052631818407394,0.6375368812041398,0.0,
nyc_taxi,sparse_all,clean,7009,0.6036051904763521,0.45910105710864746,0.6190392235366547,0.028,0.008888888888888889,rho_filter_a1,0.62779327876417,0.45862646556481973,0.6458614552707967,2.0,
nyc_taxi,sparse_all,outlier,7000,0.6207061272676039,0.5893139484402261,0.6244478922873193,0.024,0.013333333333333334,all_data,0.5831666776248889,0.490300651459103,0.5942357674812473,,
nyc_taxi,sparse_all,outlier,7000,0.6207061272676039,0.5893139484402261,0.6244478922873193,0.024,0.013333333333333334,random,0.6285250425613185,0.5267349696866823,0.6406578268491179,,
nyc_taxi,sparse_all,outlier,7000,0.6207061272676039,0.5893139484402261,0.6244478922873193,0.024,0.013333333333333334,uniform,0.6226153010585526,0.5099131400548516,0.6360487427450597,3.0,
nyc_taxi,sparse_all,outlier,7000,0.6207061272676039,0.5893139484402261,0.6244478922873193,0.024,0.013333333333333334,rho,0.6154382102553082,0.5454751278075481,0.6237774025112526,3.0,
nyc_taxi,sparse_all,outlier,7000,0.6207061272676039,0.5893139484402261,0.6244478922873193,0.024,0.013333333333333334,ws_default,0.6220754282990181,0.5153431477097413,0.6347972949836941,4.0,
nyc_taxi,sparse_all,outlier,7000,0.6207061272676039,0.5893139484402261,0.6244478922873193,0.024,0.013333333333333334,ws_tuned,0.6173935913336466,0.5417358670973071,0.626411551749058,1.0,
nyc_taxi,sparse_all,outlier,7000,0.6207061272676039,0.5893139484402261,0.6244478922873193,0.024,0.013333333333333334,kcenter_a1,0.6330994810787095,0.5463537722703432,0.6434390647251459,0.0,
nyc_taxi,sparse_all,outlier,7000,0.6207061272676039,0.5893139484402261,0.6244478922873193,0.024,0.013333333333333334,rho_a1,0.6049127050106761,0.476052176385124,0.6202721300790828,5.0,
nyc_taxi,sparse_all,outlier,7000,0.6207061272676039,0.5893139484402261,0.6244478922873193,0.024,0.013333333333333334,rho_landscape_a1,0.6090140557104592,0.49020540012100555,0.6231753560129513,5.0,
nyc_taxi,sparse_all,outlier,7000,0.6207061272676039,0.5893139484402261,0.6244478922873193,0.024,0.013333333333333334,rho_filter_a1,0.6214446015723725,0.5286390095322502,0.6325064880326667,3.0,
nyc_taxi,sparse_all,outlier,7001,0.634920241799959,0.711430040156812,0.626395532397042,0.02266666666666667,0.017777777777777778,all_data,0.6108781410009488,0.6082984060629802,0.611165574651998,,
nyc_taxi,sparse_all,outlier,7001,0.634920241799959,0.711430040156812,0.626395532397042,0.02266666666666667,0.017777777777777778,random,0.6628402012898187,0.6318317186441128,0.6662951614290041,,
nyc_taxi,sparse_all,outlier,7001,0.634920241799959,0.711430040156812,0.626395532397042,0.02266666666666667,0.017777777777777778,uniform,0.6568945716726939,0.6022867431749314,0.6629789671235421,1.0,
nyc_taxi,sparse_all,outlier,7001,0.634920241799959,0.711430040156812,0.626395532397042,0.02266666666666667,0.017777777777777778,rho,0.6673834506539069,0.5798580578935932,0.6771355158100296,2.0,
nyc_taxi,sparse_all,outlier,7001,0.634920241799959,0.711430040156812,0.626395532397042,0.02266666666666667,0.017777777777777778,ws_default,0.6576785599450706,0.6503911163399836,0.6584905257371352,1.0,
nyc_taxi,sparse_all,outlier,7001,0.634920241799959,0.711430040156812,0.626395532397042,0.02266666666666667,0.017777777777777778,ws_tuned,0.6621932054514776,0.6103497132262379,0.6679695990003304,4.0,
nyc_taxi,sparse_all,outlier,7001,0.634920241799959,0.711430040156812,0.626395532397042,0.02266666666666667,0.017777777777777778,kcenter_a1,0.6617802950204951,0.6689467361813886,0.6609818113012623,4.0,
nyc_taxi,sparse_all,outlier,7001,0.634920241799959,0.711430040156812,0.626395532397042,0.02266666666666667,0.017777777777777778,rho_a1,0.6721171668008673,0.6051233695268289,0.6795816048966965,5.0,
nyc_taxi,sparse_all,outlier,7001,0.634920241799959,0.711430040156812,0.626395532397042,0.02266666666666667,0.017777777777777778,rho_landscape_a1,0.6567636774388637,0.5823205715615958,0.6650581162987647,9.0,
nyc_taxi,sparse_all,outlier,7001,0.634920241799959,0.711430040156812,0.626395532397042,0.02266666666666667,0.017777777777777778,rho_filter_a1,0.6513093967005661,0.5812147993412453,0.6591193254421853,4.0,
nyc_taxi,sparse_all,outlier,7002,0.5734740822525634,0.4901849683004386,0.582779869859221,0.034,0.05333333333333334,all_data,0.5805449743990225,0.5499427050449538,0.5839641273396383,,
nyc_taxi,sparse_all,outlier,7002,0.5734740822525634,0.4901849683004386,0.582779869859221,0.034,0.05333333333333334,random,0.6227343495413127,0.5890735394849806,0.6264952293752886,,
nyc_taxi,sparse_all,outlier,7002,0.5734740822525634,0.4901849683004386,0.582779869859221,0.034,0.05333333333333334,uniform,0.6138297588249905,0.6307114555048177,0.6119435881564826,7.0,
nyc_taxi,sparse_all,outlier,7002,0.5734740822525634,0.4901849683004386,0.582779869859221,0.034,0.05333333333333334,rho,0.6460210143286095,0.549386430792084,0.6568178744124569,6.0,
nyc_taxi,sparse_all,outlier,7002,0.5734740822525634,0.4901849683004386,0.582779869859221,0.034,0.05333333333333334,ws_default,0.6139523936511178,0.5279387639597033,0.6235625879634992,9.0,
nyc_taxi,sparse_all,outlier,7002,0.5734740822525634,0.4901849683004386,0.582779869859221,0.034,0.05333333333333334,ws_tuned,0.6001346809951302,0.5848631741133015,0.6018409471892646,9.0,
nyc_taxi,sparse_all,outlier,7002,0.5734740822525634,0.4901849683004386,0.582779869859221,0.034,0.05333333333333334,kcenter_a1,0.6402439114650597,0.7760862249191953,0.6250664211903063,2.0,
nyc_taxi,sparse_all,outlier,7002,0.5734740822525634,0.4901849683004386,0.582779869859221,0.034,0.05333333333333334,rho_a1,0.7492285193170443,0.6868282000308635,0.7562004282534103,12.0,
nyc_taxi,sparse_all,outlier,7002,0.5734740822525634,0.4901849683004386,0.582779869859221,0.034,0.05333333333333334,rho_landscape_a1,0.7496170558470395,0.8083220205400155,0.743058024216529,11.0,
nyc_taxi,sparse_all,outlier,7002,0.5734740822525634,0.4901849683004386,0.582779869859221,0.034,0.05333333333333334,rho_filter_a1,0.6034420017743468,0.5534759573504985,0.6090246448700632,12.0,
nyc_taxi,sparse_all,outlier,7003,0.5946728130116479,0.5499726624050099,0.5998612233499185,0.02,0.02666666666666667,all_data,0.581680321982497,0.49274145078137965,0.592003583818341,,
nyc_taxi,sparse_all,outlier,7003,0.5946728130116479,0.5499726624050099,0.5998612233499185,0.02,0.02666666666666667,random,0.6366529835455632,0.5491404280920485,0.646810690874989,,
nyc_taxi,sparse_all,outlier,7003,0.5946728130116479,0.5499726624050099,0.5998612233499185,0.02,0.02666666666666667,uniform,0.6340610830110328,0.5317576080640892,0.645935593495946,2.0,
nyc_taxi,sparse_all,outlier,7003,0.5946728130116479,0.5499726624050099,0.5998612233499185,0.02,0.02666666666666667,rho,0.6403255242093175,0.5614666842685515,0.649478782416728,5.0,
nyc_taxi,sparse_all,outlier,7003,0.5946728130116479,0.5499726624050099,0.5998612233499185,0.02,0.02666666666666667,ws_default,0.6326899127897673,0.5610035141030782,0.6410106554944723,3.0,
nyc_taxi,sparse_all,outlier,7003,0.5946728130116479,0.5499726624050099,0.5998612233499185,0.02,0.02666666666666667,ws_tuned,0.6336443974429405,0.5353548687964047,0.6450530034465564,5.0,
nyc_taxi,sparse_all,outlier,7003,0.5946728130116479,0.5499726624050099,0.5998612233499185,0.02,0.02666666666666667,kcenter_a1,0.6452022238844517,0.5613974047134666,0.6549295689667982,1.0,
nyc_taxi,sparse_all,outlier,7003,0.5946728130116479,0.5499726624050099,0.5998612233499185,0.02,0.02666666666666667,rho_a1,0.6349506770963375,0.5470212289308196,0.6451567737584065,2.0,
nyc_taxi,sparse_all,outlier,7003,0.5946728130116479,0.5499726624050099,0.5998612233499185,0.02,0.02666666666666667,rho_landscape_a1,0.6278179095388763,0.5535752679166167,0.6364353590128885,3.0,
nyc_taxi,sparse_all,outlier,7003,0.5946728130116479,0.5499726624050099,0.5998612233499185,0.02,0.02666666666666667,rho_filter_a1,0.6378938690481107,0.5548140712842563,0.6475370598599868,6.0,
nyc_taxi,sparse_all,outlier,7004,0.8108945749525764,0.6303171583563135,0.8302368003117667,0.027333333333333334,0.0044444444444444444,all_data,0.5990882471250533,0.455984139637751,0.6144165863438703,,
nyc_taxi,sparse_all,outlier,7004,0.8108945749525764,0.6303171583563135,0.8302368003117667,0.027333333333333334,0.0044444444444444444,random,0.6620106354066542,0.5682937190319264,0.6720489544315698,,
nyc_taxi,sparse_all,outlier,7004,0.8108945749525764,0.6303171583563135,0.8302368003117667,0.027333333333333334,0.0044444444444444444,uniform,0.6883237266334732,0.5687166314969687,0.7011352256143276,3.0,
nyc_taxi,sparse_all,outlier,7004,0.8108945749525764,0.6303171583563135,0.8302368003117667,0.027333333333333334,0.0044444444444444444,rho,0.6689081033663788,0.59189670043072,0.6771570413503535,5.0,
nyc_taxi,sparse_all,outlier,7004,0.8108945749525764,0.6303171583563135,0.8302368003117667,0.027333333333333334,0.0044444444444444444,ws_default,0.6715439334379013,0.5532516163678661,0.6842146023297097,6.0,
nyc_taxi,sparse_all,outlier,7004,0.8108945749525764,0.6303171583563135,0.8302368003117667,0.027333333333333334,0.0044444444444444444,ws_tuned,0.6520288515103589,0.5586787430994208,0.6620278805596347,3.0,
nyc_taxi,sparse_all,outlier,7004,0.8108945749525764,0.6303171583563135,0.8302368003117667,0.027333333333333334,0.0044444444444444444,kcenter_a1,0.6714213614746306,0.6362945995309657,0.6751839014337224,1.0,
nyc_taxi,sparse_all,outlier,7004,0.8108945749525764,0.6303171583563135,0.8302368003117667,0.027333333333333334,0.0044444444444444444,rho_a1,0.6694787310169544,0.5902715749964691,0.6779628631453596,3.0,
nyc_taxi,sparse_all,outlier,7004,0.8108945749525764,0.6303171583563135,0.8302368003117667,0.027333333333333334,0.0044444444444444444,rho_landscape_a1,0.656303206371368,0.5472430253523807,0.6679849916064492,3.0,
nyc_taxi,sparse_all,outlier,7004,0.8108945749525764,0.6303171583563135,0.8302368003117667,0.027333333333333334,0.0044444444444444444,rho_filter_a1,0.644707763415199,0.5640035869521872,0.653352246197149,1.0,
nyc_taxi,sparse_all,outlier,7005,0.602993074356291,0.5160717566088008,0.6123834660243024,0.034666666666666665,0.0044444444444444444,all_data,0.6045785869600252,0.5282792329788872,0.6128214534566025,,
nyc_taxi,sparse_all,outlier,7005,0.602993074356291,0.5160717566088008,0.6123834660243024,0.034666666666666665,0.0044444444444444444,random,0.6565299986590658,0.573335105044168,0.6655178126507029,,
nyc_taxi,sparse_all,outlier,7005,0.602993074356291,0.5160717566088008,0.6123834660243024,0.034666666666666665,0.0044444444444444444,uniform,0.6263533911926474,0.5445283946696104,0.6351932107616182,4.0,
nyc_taxi,sparse_all,outlier,7005,0.602993074356291,0.5160717566088008,0.6123834660243024,0.034666666666666665,0.0044444444444444444,rho,0.6651694343897827,0.6051619808682839,0.6716522340777009,6.0,
nyc_taxi,sparse_all,outlier,7005,0.602993074356291,0.5160717566088008,0.6123834660243024,0.034666666666666665,0.0044444444444444444,ws_default,0.6442355436183554,0.6188039995253013,0.646982995750292,3.0,
nyc_taxi,sparse_all,outlier,7005,0.602993074356291,0.5160717566088008,0.6123834660243024,0.034666666666666665,0.0044444444444444444,ws_tuned,0.6523308798637909,0.5147520486096236,0.6671939668967896,4.0,
nyc_taxi,sparse_all,outlier,7005,0.602993074356291,0.5160717566088008,0.6123834660243024,0.034666666666666665,0.0044444444444444444,kcenter_a1,0.6570754511414739,0.6292298361333578,0.6600837031783617,2.0,
nyc_taxi,sparse_all,outlier,7005,0.602993074356291,0.5160717566088008,0.6123834660243024,0.034666666666666665,0.0044444444444444444,rho_a1,0.6485343002906659,0.564157472887079,0.6576498024201393,1.0,
nyc_taxi,sparse_all,outlier,7005,0.602993074356291,0.5160717566088008,0.6123834660243024,0.034666666666666665,0.0044444444444444444,rho_landscape_a1,0.6424064238319764,0.6145649872053063,0.6454142244647747,1.0,
nyc_taxi,sparse_all,outlier,7005,0.602993074356291,0.5160717566088008,0.6123834660243024,0.034666666666666665,0.0044444444444444444,rho_filter_a1,0.6413962206419208,0.5187505334358763,0.6546460317251224,1.0,
nyc_taxi,sparse_all,outlier,7006,0.6238298846368593,0.7143779550839431,0.6133480298989125,0.02266666666666667,0.035555555555555556,all_data,0.5780777742954819,0.6780539974043392,0.5665045155534525,,
nyc_taxi,sparse_all,outlier,7006,0.6238298846368593,0.7143779550839431,0.6133480298989125,0.02266666666666667,0.035555555555555556,random,0.6686701782341192,0.8216417720505564,0.6509621694659682,,
nyc_taxi,sparse_all,outlier,7006,0.6238298846368593,0.7143779550839431,0.6133480298989125,0.02266666666666667,0.035555555555555556,uniform,0.6432173395869265,0.7897103088421876,0.6262592971208363,5.0,
nyc_taxi,sparse_all,outlier,7006,0.6238298846368593,0.7143779550839431,0.6133480298989125,0.02266666666666667,0.035555555555555556,rho,0.6429202833278225,0.7760358319488215,0.6275108125669536,7.0,
nyc_taxi,sparse_all,outlier,7006,0.6238298846368593,0.7143779550839431,0.6133480298989125,0.02266666666666667,0.035555555555555556,ws_default,0.679419499673167,0.7682449005410701,0.6691370613579145,4.0,
nyc_taxi,sparse_all,outlier,7006,0.6238298846368593,0.7143779550839431,0.6133480298989125,0.02266666666666667,0.035555555555555556,ws_tuned,0.6663511365372474,0.7876748271652426,0.6523066925733371,5.0,
nyc_taxi,sparse_all,outlier,7006,0.6238298846368593,0.7143779550839431,0.6133480298989125,0.02266666666666667,0.035555555555555556,kcenter_a1,0.6552328995423216,0.817370886440177,0.6364637880883159,4.0,
nyc_taxi,sparse_all,outlier,7006,0.6238298846368593,0.7143779550839431,0.6133480298989125,0.02266666666666667,0.035555555555555556,rho_a1,0.6578291766691639,0.7649079419286214,0.6454337268553075,7.0,
nyc_taxi,sparse_all,outlier,7006,0.6238298846368593,0.7143779550839431,0.6133480298989125,0.02266666666666667,0.035555555555555556,rho_landscape_a1,0.6432403608102206,0.7397286273634074,0.6320708683082479,8.0,
nyc_taxi,sparse_all,outlier,7006,0.6238298846368593,0.7143779550839431,0.6133480298989125,0.02266666666666667,0.035555555555555556,rho_filter_a1,0.6752413802176521,0.7409329957168844,0.6676369114778526,7.0,
nyc_taxi,sparse_all,outlier,7007,0.6419720249392523,0.8008814669885203,0.6254847318348028,0.024666666666666667,0.044444444444444446,all_data,0.6234889054948362,0.7772564547091113,0.6075350979604631,,
nyc_taxi,sparse_all,outlier,7007,0.6419720249392523,0.8008814669885203,0.6254847318348028,0.024666666666666667,0.044444444444444446,random,0.6752042846778827,0.8612359991293175,0.655902980971001,,
nyc_taxi,sparse_all,outlier,7007,0.6419720249392523,0.8008814669885203,0.6254847318348028,0.024666666666666667,0.044444444444444446,uniform,0.694194911934572,0.9225280234372855,0.6705047215579106,7.0,
nyc_taxi,sparse_all,outlier,7007,0.6419720249392523,0.8008814669885203,0.6254847318348028,0.024666666666666667,0.044444444444444446,rho,0.6836942655368461,0.9498809695857673,0.6560766604809977,7.0,
nyc_taxi,sparse_all,outlier,7007,0.6419720249392523,0.8008814669885203,0.6254847318348028,0.024666666666666667,0.044444444444444446,ws_default,0.6697580163014497,0.8640809589549627,0.6495964747899374,6.0,
nyc_taxi,sparse_all,outlier,7007,0.6419720249392523,0.8008814669885203,0.6254847318348028,0.024666666666666667,0.044444444444444446,ws_tuned,0.6743926372656494,0.8457722706830025,0.6566115273967407,11.0,
nyc_taxi,sparse_all,outlier,7007,0.6419720249392523,0.8008814669885203,0.6254847318348028,0.024666666666666667,0.044444444444444446,kcenter_a1,0.681438636566804,0.9119373147340775,0.6575237626730693,5.0,
nyc_taxi,sparse_all,outlier,7007,0.6419720249392523,0.8008814669885203,0.6254847318348028,0.024666666666666667,0.044444444444444446,rho_a1,0.6454724812402044,0.783124403685093,0.6311907144523241,8.0,
nyc_taxi,sparse_all,outlier,7007,0.6419720249392523,0.8008814669885203,0.6254847318348028,0.024666666666666667,0.044444444444444446,rho_landscape_a1,0.6506179983448089,0.7968490687199953,0.6354461212860147,6.0,
nyc_taxi,sparse_all,outlier,7007,0.6419720249392523,0.8008814669885203,0.6254847318348028,0.024666666666666667,0.044444444444444446,rho_filter_a1,0.656201636557793,0.7953320018320207,0.6417664772467804,9.0,
nyc_taxi,sparse_all,outlier,7008,0.639578485441245,0.5865596462409371,0.6454040848650304,0.024,0.017777777777777778,all_data,0.6247829500164075,0.5391558068583298,0.6341914818395482,,
nyc_taxi,sparse_all,outlier,7008,0.639578485441245,0.5865596462409371,0.6454040848650304,0.024,0.017777777777777778,random,0.6894825916556777,0.6495222649005978,0.6938733489794879,,
nyc_taxi,sparse_all,outlier,7008,0.639578485441245,0.5865596462409371,0.6454040848650304,0.024,0.017777777777777778,uniform,0.6626757338237194,0.5226853810107627,0.6780575816910697,3.0,
nyc_taxi,sparse_all,outlier,7008,0.639578485441245,0.5865596462409371,0.6454040848650304,0.024,0.017777777777777778,rho,0.6949913432535049,0.5605561896861574,0.7097627974190623,5.0,
nyc_taxi,sparse_all,outlier,7008,0.639578485441245,0.5865596462409371,0.6454040848650304,0.024,0.017777777777777778,ws_default,0.6874769550174228,0.6180689819699786,0.6951033582712485,6.0,
nyc_taxi,sparse_all,outlier,7008,0.639578485441245,0.5865596462409371,0.6454040848650304,0.024,0.017777777777777778,ws_tuned,0.6831756733834357,0.5262119426510473,0.700422520600424,5.0,
nyc_taxi,sparse_all,outlier,7008,0.639578485441245,0.5865596462409371,0.6454040848650304,0.024,0.017777777777777778,kcenter_a1,0.7075927587232147,0.6746635300064014,0.7112109536654616,0.0,
nyc_taxi,sparse_all,outlier,7008,0.639578485441245,0.5865596462409371,0.6454040848650304,0.024,0.017777777777777778,rho_a1,0.6919530679218563,0.6774319342810404,0.6935486197869404,0.0,
nyc_taxi,sparse_all,outlier,7008,0.639578485441245,0.5865596462409371,0.6454040848650304,0.024,0.017777777777777778,rho_landscape_a1,0.6813326129417626,0.6228956006179212,0.6877535499229617,0.0,
nyc_taxi,sparse_all,outlier,7008,0.639578485441245,0.5865596462409371,0.6454040848650304,0.024,0.017777777777777778,rho_filter_a1,0.6905709974294049,0.6861337348909011,0.6910585545784748,4.0,
nyc_taxi,sparse_all,outlier,7009,0.6468757675890722,0.501339412451439,0.662420049017718,0.025333333333333333,0.017777777777777778,all_data,0.5894776284312704,0.506262404666577,0.5983655853690599,,
nyc_taxi,sparse_all,outlier,7009,0.6468757675890722,0.501339412451439,0.662420049017718,0.025333333333333333,0.017777777777777778,random,0.6653614095204504,0.5377292669350047,0.6789933981861896,,
nyc_taxi,sparse_all,outlier,7009,0.6468757675890722,0.501339412451439,0.662420049017718,0.025333333333333333,0.017777777777777778,uniform,0.6243363456002987,0.5125819067625174,0.6362724865497685,4.0,
nyc_taxi,sparse_all,outlier,7009,0.6468757675890722,0.501339412451439,0.662420049017718,0.025333333333333333,0.017777777777777778,rho,0.6368797381311565,0.5280948562073274,0.6484987100245151,10.0,
nyc_taxi,sparse_all,outlier,7009,0.6468757675890722,0.501339412451439,0.662420049017718,0.025333333333333333,0.017777777777777778,ws_default,0.6589620682509473,0.5349362742064735,0.6722088741450167,4.0,
nyc_taxi,sparse_all,outlier,7009,0.6468757675890722,0.501339412451439,0.662420049017718,0.025333333333333333,0.017777777777777778,ws_tuned,0.6597460562943199,0.5390322192233413,0.6726391224563004,2.0,
nyc_taxi,sparse_all,outlier,7009,0.6468757675890722,0.501339412451439,0.662420049017718,0.025333333333333333,0.017777777777777778,kcenter_a1,0.6470737681888659,0.5759421755860795,0.6546711103982394,0.0,
nyc_taxi,sparse_all,outlier,7009,0.6468757675890722,0.501339412451439,0.662420049017718,0.025333333333333333,0.017777777777777778,rho_a1,0.6345700240840735,0.5814233704076375,0.640246451399819,2.0,
nyc_taxi,sparse_all,outlier,7009,0.6468757675890722,0.501339412451439,0.662420049017718,0.025333333333333333,0.017777777777777778,rho_landscape_a1,0.6392321492452738,0.573991974613586,0.6462002475872305,3.0,
nyc_taxi,sparse_all,outlier,7009,0.6468757675890722,0.501339412451439,0.662420049017718,0.025333333333333333,0.017777777777777778,rho_filter_a1,0.6332924879867338,0.5692533645894242,0.6401323058150021,3.0,
nyc_taxi,hard,clean,7000,0.7019377899029865,0.6561944621154142,0.7073901283578007,0.104,0.06222222222222222,all_data,0.5856327344862597,0.5721759510450717,0.5872367047565302,,
nyc_taxi,hard,clean,7000,0.7019377899029865,0.6561944621154142,0.7073901283578007,0.104,0.06222222222222222,random,0.6221590840159137,0.6159965225812478,0.6228936254739909,,
nyc_taxi,hard,clean,7000,0.7019377899029865,0.6561944621154142,0.7073901283578007,0.104,0.06222222222222222,uniform,0.6124831310437796,0.6134949993358703,0.6123625222322434,15.0,
nyc_taxi,hard,clean,7000,0.7019377899029865,0.6561944621154142,0.7073901283578007,0.104,0.06222222222222222,rho,0.6130568803304056,0.6091850633159946,0.6135183783852851,21.0,
nyc_taxi,hard,clean,7000,0.7019377899029865,0.6561944621154142,0.7073901283578007,0.104,0.06222222222222222,ws_default,0.6325665101380886,0.6178077841944288,0.634325664377596,25.0,
nyc_taxi,hard,clean,7000,0.7019377899029865,0.6561944621154142,0.7073901283578007,0.104,0.06222222222222222,ws_tuned,0.6439925486314126,0.6567611178351174,0.6424706094929745,18.0,
nyc_taxi,hard,clean,7000,0.7019377899029865,0.6561944621154142,0.7073901283578007,0.104,0.06222222222222222,kcenter_a1,0.6303882912762965,0.6778931303312384,0.6247259909300722,0.0,
nyc_taxi,hard,clean,7000,0.7019377899029865,0.6561944621154142,0.7073901283578007,0.104,0.06222222222222222,rho_a1,0.6221628550694114,0.6694730529172814,0.6165237548222955,29.0,
nyc_taxi,hard,clean,7000,0.7019377899029865,0.6561944621154142,0.7073901283578007,0.104,0.06222222222222222,rho_landscape_a1,0.6073095172379187,0.6451122337809433,0.6028036534306082,21.0,
nyc_taxi,hard,clean,7000,0.7019377899029865,0.6561944621154142,0.7073901283578007,0.104,0.06222222222222222,rho_filter_a1,0.6176525598636682,0.6420726113524554,0.6147418318462583,14.0,
nyc_taxi,hard,clean,7001,0.6685628276950468,0.7482149825451446,0.659687997438062,0.102,0.14666666666666667,all_data,0.5906386073836202,0.6139720231333384,0.5880388019611038,,
nyc_taxi,hard,clean,7001,0.6685628276950468,0.7482149825451446,0.659687997438062,0.102,0.14666666666666667,random,0.6795803920263197,0.7130321494294891,0.6758532026074058,,
nyc_taxi,hard,clean,7001,0.6685628276950468,0.7482149825451446,0.659687997438062,0.102,0.14666666666666667,uniform,0.662276336843474,0.7328669578272792,0.6544111412295519,19.0,
nyc_taxi,hard,clean,7001,0.6685628276950468,0.7482149825451446,0.659687997438062,0.102,0.14666666666666667,rho,0.6635578879419308,0.6917699313767351,0.6604145066089615,22.0,
nyc_taxi,hard,clean,7001,0.6685628276950468,0.7482149825451446,0.659687997438062,0.102,0.14666666666666667,ws_default,0.6606599389350977,0.7104301966090343,0.6551145448458372,17.0,
nyc_taxi,hard,clean,7001,0.6685628276950468,0.7482149825451446,0.659687997438062,0.102,0.14666666666666667,ws_tuned,0.6626118745023571,0.7059923480990745,0.6577784291252291,34.0,
nyc_taxi,hard,clean,7001,0.6685628276950468,0.7482149825451446,0.659687997438062,0.102,0.14666666666666667,kcenter_a1,0.6713118458586745,0.7364369263270686,0.6640556198881755,10.0,
nyc_taxi,hard,clean,7001,0.6685628276950468,0.7482149825451446,0.659687997438062,0.102,0.14666666666666667,rho_a1,0.6660639790027447,0.7186240881605436,0.6602077401107533,25.0,
nyc_taxi,hard,clean,7001,0.6685628276950468,0.7482149825451446,0.659687997438062,0.102,0.14666666666666667,rho_landscape_a1,0.6621476888138454,0.6702094861090272,0.6612494446584224,31.0,
nyc_taxi,hard,clean,7001,0.6685628276950468,0.7482149825451446,0.659687997438062,0.102,0.14666666666666667,rho_filter_a1,0.6602710991134308,0.6789163784127511,0.6581936450986969,30.0,
nyc_taxi,hard,clean,7002,0.5919577043114396,0.569903742397173,0.5944217656481643,0.10266666666666667,0.16,all_data,0.5615486625160809,0.5494007403755576,0.5629059345284462,,
nyc_taxi,hard,clean,7002,0.5919577043114396,0.569903742397173,0.5944217656481643,0.10266666666666667,0.16,random,0.6195860992170454,0.5782373361718522,0.6242059443377146,,
nyc_taxi,hard,clean,7002,0.5919577043114396,0.569903742397173,0.5944217656481643,0.10266666666666667,0.16,uniform,0.6194216551294753,0.6152456316057293,0.6198882369684264,11.0,
nyc_taxi,hard,clean,7002,0.5919577043114396,0.569903742397173,0.5944217656481643,0.10266666666666667,0.16,rho,0.6125960022719479,0.5889594528562245,0.6152368841132823,16.0,
nyc_taxi,hard,clean,7002,0.5919577043114396,0.569903742397173,0.5944217656481643,0.10266666666666667,0.16,ws_default,0.612479786499208,0.5879511882464004,0.6152203358315117,22.0,
nyc_taxi,hard,clean,7002,0.5919577043114396,0.569903742397173,0.5944217656481643,0.10266666666666667,0.16,ws_tuned,0.6108138080701273,0.5760745579563104,0.6146951806509373,30.0,
nyc_taxi,hard,clean,7002,0.5919577043114396,0.569903742397173,0.5944217656481643,0.10266666666666667,0.16,kcenter_a1,0.6357404674594826,0.6239149011904095,0.6370617230570834,2.0,
nyc_taxi,hard,clean,7002,0.5919577043114396,0.569903742397173,0.5944217656481643,0.10266666666666667,0.16,rho_a1,0.6092101396808944,0.5842016829439511,0.6120043029961394,15.0,
nyc_taxi,hard,clean,7002,0.5919577043114396,0.569903742397173,0.5944217656481643,0.10266666666666667,0.16,rho_landscape_a1,0.5987961693346536,0.5800129345484983,0.6008947964563975,14.0,
nyc_taxi,hard,clean,7002,0.5919577043114396,0.569903742397173,0.5944217656481643,0.10266666666666667,0.16,rho_filter_a1,0.6193720677436547,0.5950769772126976,0.622086527552839,34.0,
nyc_taxi,hard,clean,7003,0.6438106512886334,0.5971994506153009,0.6492208799382165,0.106,0.05333333333333334,all_data,0.5754616814503215,0.5019511295883766,0.5839941562200115,,
nyc_taxi,hard,clean,7003,0.6438106512886334,0.5971994506153009,0.6492208799382165,0.106,0.05333333333333334,random,0.6385021409461931,0.5892642780025927,0.6442172500378611,,
nyc_taxi,hard,clean,7003,0.6438106512886334,0.5971994506153009,0.6492208799382165,0.106,0.05333333333333334,uniform,0.6523390184843524,0.5977030640131648,0.6586806917711868,11.0,
nyc_taxi,hard,clean,7003,0.6438106512886334,0.5971994506153009,0.6492208799382165,0.106,0.05333333333333334,rho,0.6522561410781461,0.6154070905007532,0.656533263020165,10.0,
nyc_taxi,hard,clean,7003,0.6438106512886334,0.5971994506153009,0.6492208799382165,0.106,0.05333333333333334,ws_default,0.6484036632836635,0.6228687645996404,0.6513675354523448,17.0,
nyc_taxi,hard,clean,7003,0.6438106512886334,0.5971994506153009,0.6492208799382165,0.106,0.05333333333333334,ws_tuned,0.6761347292337496,0.6394586856662665,0.6803917700049753,15.0,
nyc_taxi,hard,clean,7003,0.6438106512886334,0.5971994506153009,0.6492208799382165,0.106,0.05333333333333334,kcenter_a1,0.653525554035326,0.7054193432040987,0.647502167792522,6.0,
nyc_taxi,hard,clean,7003,0.6438106512886334,0.5971994506153009,0.6492208799382165,0.106,0.05333333333333334,rho_a1,0.6321305199078079,0.6237322588782933,0.6331053180630194,6.0,
nyc_taxi,hard,clean,7003,0.6438106512886334,0.5971994506153009,0.6492208799382165,0.106,0.05333333333333334,rho_landscape_a1,0.6270951716621682,0.6133846351832583,0.628686573217756,5.0,
nyc_taxi,hard,clean,7003,0.6438106512886334,0.5971994506153009,0.6492208799382165,0.106,0.05333333333333334,rho_filter_a1,0.6312453566302634,0.634281408610681,0.6308929577396791,12.0,
nyc_taxi,hard,clean,7004,0.631852766268436,0.556717393080568,0.6399007566984678,0.10333333333333333,0.05333333333333334,all_data,0.6122380027902807,0.5339799519861784,0.6206204732196156,,
nyc_taxi,hard,clean,7004,0.631852766268436,0.556717393080568,0.6399007566984678,0.10333333333333333,0.05333333333333334,random,0.6705006050792063,0.577166169867756,0.6804979553218942,,
nyc_taxi,hard,clean,7004,0.631852766268436,0.556717393080568,0.6399007566984678,0.10333333333333333,0.05333333333333334,uniform,0.6614694485764071,0.5733566360774824,0.6709074940890237,10.0,
nyc_taxi,hard,clean,7004,0.631852766268436,0.556717393080568,0.6399007566984678,0.10333333333333333,0.05333333333333334,rho,0.6552295087684504,0.5702817343788101,0.6643285369137011,18.0,
nyc_taxi,hard,clean,7004,0.631852766268436,0.556717393080568,0.6399007566984678,0.10333333333333333,0.05333333333333334,ws_default,0.6559562935288391,0.5583590002310675,0.6664102521522095,14.0,
nyc_taxi,hard,clean,7004,0.631852766268436,0.556717393080568,0.6399007566984678,0.10333333333333333,0.05333333333333334,ws_tuned,0.660503765228033,0.58603746370634,0.668480089249316,16.0,
nyc_taxi,hard,clean,7004,0.631852766268436,0.556717393080568,0.6399007566984678,0.10333333333333333,0.05333333333333334,kcenter_a1,0.6504811016820343,0.5838080919920641,0.6576226612585687,3.0,
nyc_taxi,hard,clean,7004,0.631852766268436,0.556717393080568,0.6399007566984678,0.10333333333333333,0.05333333333333334,rho_a1,0.6852687585741889,0.6034984376419903,0.6940274395043747,14.0,
nyc_taxi,hard,clean,7004,0.631852766268436,0.556717393080568,0.6399007566984678,0.10333333333333333,0.05333333333333334,rho_landscape_a1,0.6504072990294139,0.6003405260000538,0.6557701114186644,14.0,
nyc_taxi,hard,clean,7004,0.631852766268436,0.556717393080568,0.6399007566984678,0.10333333333333333,0.05333333333333334,rho_filter_a1,0.6728569219495867,0.6010421158532282,0.6805492358049121,12.0,
nyc_taxi,hard,clean,7005,0.6320100893320014,0.5954778028617287,0.6359567906404242,0.1,0.04,all_data,0.5918018157408976,0.5471409342375072,0.596626675515502,,
nyc_taxi,hard,clean,7005,0.6320100893320014,0.5954778028617287,0.6359567906404242,0.1,0.04,random,0.6707901642935878,0.5939830049664563,0.6790878906474885,,
nyc_taxi,hard,clean,7005,0.6320100893320014,0.5954778028617287,0.6359567906404242,0.1,0.04,uniform,0.6536582461748421,0.581920614926578,0.661408294980056,10.0,
nyc_taxi,hard,clean,7005,0.6320100893320014,0.5954778028617287,0.6359567906404242,0.1,0.04,rho,0.6627513814946798,0.5930170012989332,0.6702850125961592,13.0,
nyc_taxi,hard,clean,7005,0.6320100893320014,0.5954778028617287,0.6359567906404242,0.1,0.04,ws_default,0.6671850619324505,0.5885120441628925,0.6756843630211284,13.0,
nyc_taxi,hard,clean,7005,0.6320100893320014,0.5954778028617287,0.6359567906404242,0.1,0.04,ws_tuned,0.6637875594167005,0.609656883448234,0.6696354717789449,8.0,
nyc_taxi,hard,clean,7005,0.6320100893320014,0.5954778028617287,0.6359567906404242,0.1,0.04,kcenter_a1,0.6578610262981499,0.6033984323653032,0.6637447968338314,0.0,
nyc_taxi,hard,clean,7005,0.6320100893320014,0.5954778028617287,0.6359567906404242,0.1,0.04,rho_a1,0.6517354762250671,0.5966029533812626,0.6576916213522371,10.0,
nyc_taxi,hard,clean,7005,0.6320100893320014,0.5954778028617287,0.6359567906404242,0.1,0.04,rho_landscape_a1,0.6554894415090412,0.6258458276141476,0.6586919371929771,5.0,
nyc_taxi,hard,clean,7005,0.6320100893320014,0.5954778028617287,0.6359567906404242,0.1,0.04,rho_filter_a1,0.6389275455313047,0.6068426909019089,0.6423937763638434,9.0,
nyc_taxi,hard,clean,7006,0.7184497139196389,0.8002689753107892,0.7089783070919324,0.09866666666666667,0.1111111111111111,all_data,0.5403009615240594,0.5991355668738411,0.5334902610442379,,
nyc_taxi,hard,clean,7006,0.7184497139196389,0.8002689753107892,0.7089783070919324,0.09866666666666667,0.1111111111111111,random,0.6300112244585648,0.6914490771484554,0.6228991717761925,,
nyc_taxi,hard,clean,7006,0.7184497139196389,0.8002689753107892,0.7089783070919324,0.09866666666666667,0.1111111111111111,uniform,0.648763031776039,0.6660985431348904,0.6467562710469112,16.0,
nyc_taxi,hard,clean,7006,0.7184497139196389,0.8002689753107892,0.7089783070919324,0.09866666666666667,0.1111111111111111,rho,0.6316554931802169,0.7043566590087822,0.623239598112196,19.0,
nyc_taxi,hard,clean,7006,0.7184497139196389,0.8002689753107892,0.7089783070919324,0.09866666666666667,0.1111111111111111,ws_default,0.6052015349321634,0.6592742754948268,0.598942068451409,18.0,
nyc_taxi,hard,clean,7006,0.7184497139196389,0.8002689753107892,0.7089783070919324,0.09866666666666667,0.1111111111111111,ws_tuned,0.614230791770749,0.6906613978867923,0.6053831762789337,26.0,
nyc_taxi,hard,clean,7006,0.7184497139196389,0.8002689753107892,0.7089783070919324,0.09866666666666667,0.1111111111111111,kcenter_a1,0.639425453574842,0.7186682852611904,0.6302522945372313,8.0,
nyc_taxi,hard,clean,7006,0.7184497139196389,0.8002689753107892,0.7089783070919324,0.09866666666666667,0.1111111111111111,rho_a1,0.6507359429567174,0.6945012778896098,0.6456696629017243,18.0,
nyc_taxi,hard,clean,7006,0.7184497139196389,0.8002689753107892,0.7089783070919324,0.09866666666666667,0.1111111111111111,rho_landscape_a1,0.6226145601739943,0.6888311046550286,0.6149493255966919,24.0,
nyc_taxi,hard,clean,7006,0.7184497139196389,0.8002689753107892,0.7089783070919324,0.09866666666666667,0.1111111111111111,rho_filter_a1,0.6149268880254775,0.6823210576931285,0.6071253314251776,25.0,
nyc_taxi,hard,clean,7007,0.6706754728342239,0.8892161235384685,0.6480012772865429,0.10666666666666667,0.3377777777777778,all_data,0.5985500813174138,0.7767992490505558,0.5800562383075735,,
nyc_taxi,hard,clean,7007,0.6706754728342239,0.8892161235384685,0.6480012772865429,0.10666666666666667,0.3377777777777778,random,0.6570846276547095,0.78796712543278,0.6435052073554395,,
nyc_taxi,hard,clean,7007,0.6706754728342239,0.8892161235384685,0.6480012772865429,0.10666666666666667,0.3377777777777778,uniform,0.654288181079527,0.7686729269338235,0.6424204480659466,19.0,
nyc_taxi,hard,clean,7007,0.6706754728342239,0.8892161235384685,0.6480012772865429,0.10666666666666667,0.3377777777777778,rho,0.6194305357020862,0.8220456949951698,0.598408653832826,26.0,
nyc_taxi,hard,clean,7007,0.6706754728342239,0.8892161235384685,0.6480012772865429,0.10666666666666667,0.3377777777777778,ws_default,0.6414068474807081,0.7443743280754869,0.6307236872423977,26.0,
nyc_taxi,hard,clean,7007,0.6706754728342239,0.8892161235384685,0.6480012772865429,0.10666666666666667,0.3377777777777778,ws_tuned,0.6507458700039356,0.7496383608459818,0.6404855011969242,42.0,
nyc_taxi,hard,clean,7007,0.6706754728342239,0.8892161235384685,0.6480012772865429,0.10666666666666667,0.3377777777777778,kcenter_a1,0.6401291272116721,0.7696217549319768,0.6266939097660775,20.0,
nyc_taxi,hard,clean,7007,0.6706754728342239,0.8892161235384685,0.6480012772865429,0.10666666666666667,0.3377777777777778,rho_a1,0.6317449662458557,0.7567647894110952,0.6187738146150251,41.0,
nyc_taxi,hard,clean,7007,0.6706754728342239,0.8892161235384685,0.6480012772865429,0.10666666666666667,0.3377777777777778,rho_landscape_a1,0.6260800990176155,0.7475565050142371,0.6134765866956702,49.0,
nyc_taxi,hard,clean,7007,0.6706754728342239,0.8892161235384685,0.6480012772865429,0.10666666666666667,0.3377777777777778,rho_filter_a1,0.6539822567907561,0.7617360641293032,0.6428025019454763,67.0,
nyc_taxi,hard,clean,7008,0.6293900427350586,0.5788518501135553,0.6349430738888087,0.1,0.06222222222222222,all_data,0.5893674445329066,0.4859513362904441,0.60073059072159,,
nyc_taxi,hard,clean,7008,0.6293900427350586,0.5788518501135553,0.6349430738888087,0.1,0.06222222222222222,random,0.6444781934390486,0.5164653517167738,0.6585439773796758,,
nyc_taxi,hard,clean,7008,0.6293900427350586,0.5788518501135553,0.6349430738888087,0.1,0.06222222222222222,uniform,0.6558871607755388,0.5577814878830545,0.6666668074085641,10.0,
nyc_taxi,hard,clean,7008,0.6293900427350586,0.5788518501135553,0.6349430738888087,0.1,0.06222222222222222,rho,0.640707594276794,0.5245934980226435,0.6534659688929547,17.0,
nyc_taxi,hard,clean,7008,0.6293900427350586,0.5788518501135553,0.6349430738888087,0.1,0.06222222222222222,ws_default,0.6268047998190063,0.5304251999979167,0.6373947891445199,19.0,
nyc_taxi,hard,clean,7008,0.6293900427350586,0.5788518501135553,0.6349430738888087,0.1,0.06222222222222222,ws_tuned,0.6281582166322999,0.5615811418920155,0.6354735666870038,12.0,
nyc_taxi,hard,clean,7008,0.6293900427350586,0.5788518501135553,0.6349430738888087,0.1,0.06222222222222222,kcenter_a1,0.6431331019877959,0.5391062103682668,0.6545633597795089,4.0,
nyc_taxi,hard,clean,7008,0.6293900427350586,0.5788518501135553,0.6349430738888087,0.1,0.06222222222222222,rho_a1,0.6365341744746417,0.5392160013814559,0.647227292272894,18.0,
nyc_taxi,hard,clean,7008,0.6293900427350586,0.5788518501135553,0.6349430738888087,0.1,0.06222222222222222,rho_landscape_a1,0.6200831812884582,0.5283679654373877,0.630160657835912,14.0,
nyc_taxi,hard,clean,7008,0.6293900427350586,0.5788518501135553,0.6349430738888087,0.1,0.06222222222222222,rho_filter_a1,0.6493916759236764,0.5728298945970097,0.6578041247042977,14.0,
nyc_taxi,hard,clean,7009,0.7529585141455059,0.6084795780700817,0.768389855962084,0.09533333333333334,0.0044444444444444444,all_data,0.5646088210183836,0.4966990059385913,0.5718620552798114,,
nyc_taxi,hard,clean,7009,0.7529585141455059,0.6084795780700817,0.768389855962084,0.09533333333333334,0.0044444444444444444,random,0.6368061809386759,0.5544085214709374,0.645606816399259,,
nyc_taxi,hard,clean,7009,0.7529585141455059,0.6084795780700817,0.768389855962084,0.09533333333333334,0.0044444444444444444,uniform,0.6386080181664272,0.5749126233239993,0.6454111234262991,8.0,
nyc_taxi,hard,clean,7009,0.7529585141455059,0.6084795780700817,0.768389855962084,0.09533333333333334,0.0044444444444444444,rho,0.6140739773711308,0.5500226094225464,0.6209151030014998,16.0,
nyc_taxi,hard,clean,7009,0.7529585141455059,0.6084795780700817,0.768389855962084,0.09533333333333334,0.0044444444444444444,ws_default,0.6210352889675245,0.5593043073838005,0.6276285814111652,15.0,
nyc_taxi,hard,clean,7009,0.7529585141455059,0.6084795780700817,0.768389855962084,0.09533333333333334,0.0044444444444444444,ws_tuned,0.655458925489359,0.5540653282845283,0.6662884574542358,11.0,
nyc_taxi,hard,clean,7009,0.7529585141455059,0.6084795780700817,0.768389855962084,0.09533333333333334,0.0044444444444444444,kcenter_a1,0.6343208751035505,0.5808086283275615,0.6400363502711022,1.0,
nyc_taxi,hard,clean,7009,0.7529585141455059,0.6084795780700817,0.768389855962084,0.09533333333333334,0.0044444444444444444,rho_a1,0.649209808662494,0.5831405155714873,0.6562664625454848,3.0,
nyc_taxi,hard,clean,7009,0.7529585141455059,0.6084795780700817,0.768389855962084,0.09533333333333334,0.0044444444444444444,rho_landscape_a1,0.6274916025237666,0.587497000357432,0.631763300486192,5.0,
nyc_taxi,hard,clean,7009,0.7529585141455059,0.6084795780700817,0.768389855962084,0.09533333333333334,0.0044444444444444444,rho_filter_a1,0.6229033181818754,0.5719307381402126,0.6283475395144936,1.0,
nyc_taxi,hard,outlier,7000,0.6383432415895359,0.5963518418688225,0.6433483720542881,0.102,0.17333333333333334,all_data,0.6137542975808095,0.5548704279439358,0.6207729121486069,,
nyc_taxi,hard,outlier,7000,0.6383432415895359,0.5963518418688225,0.6433483720542881,0.102,0.17333333333333334,random,0.6307827501101808,0.5595338268455061,0.6392752071081527,,
nyc_taxi,hard,outlier,7000,0.6383432415895359,0.5963518418688225,0.6433483720542881,0.102,0.17333333333333334,uniform,0.6341650188888043,0.5511184156779391,0.6440636906761094,11.0,
nyc_taxi,hard,outlier,7000,0.6383432415895359,0.5963518418688225,0.6433483720542881,0.102,0.17333333333333334,rho,0.6308092977455194,0.540690444039722,0.6415509406326682,26.0,
nyc_taxi,hard,outlier,7000,0.6383432415895359,0.5963518418688225,0.6433483720542881,0.102,0.17333333333333334,ws_default,0.6312205801455089,0.5496104981842266,0.640948026960144,32.0,
nyc_taxi,hard,outlier,7000,0.6383432415895359,0.5963518418688225,0.6433483720542881,0.102,0.17333333333333334,ws_tuned,0.6277395276392501,0.5520726938997907,0.6367585738544179,37.0,
nyc_taxi,hard,outlier,7000,0.6383432415895359,0.5963518418688225,0.6433483720542881,0.102,0.17333333333333334,kcenter_a1,0.626710573668269,0.5714332818257477,0.6332993051525762,0.0,
nyc_taxi,hard,outlier,7000,0.6383432415895359,0.5963518418688225,0.6433483720542881,0.102,0.17333333333333334,rho_a1,0.6313535065102499,0.5912002576366755,0.636139540091711,17.0,
nyc_taxi,hard,outlier,7000,0.6383432415895359,0.5963518418688225,0.6433483720542881,0.102,0.17333333333333334,rho_landscape_a1,0.6231222308720954,0.5938355230003566,0.6266130360073391,19.0,
nyc_taxi,hard,outlier,7000,0.6383432415895359,0.5963518418688225,0.6433483720542881,0.102,0.17333333333333334,rho_filter_a1,0.6255063402795085,0.5716444623554335,0.6319263626621767,36.0,
nyc_taxi,hard,outlier,7001,0.6465800298812102,0.6952356054227509,0.6411588334955037,0.10266666666666667,0.17333333333333334,all_data,0.64018589856817,0.6471156708696653,0.6394137844551108,,
nyc_taxi,hard,outlier,7001,0.6465800298812102,0.6952356054227509,0.6411588334955037,0.10266666666666667,0.17333333333333334,random,0.6768682050436073,0.710470159159071,0.6731242807312148,,
nyc_taxi,hard,outlier,7001,0.6465800298812102,0.6952356054227509,0.6411588334955037,0.10266666666666667,0.17333333333333334,uniform,0.6477217375712148,0.6670444168406003,0.6455688077609831,15.0,
nyc_taxi,hard,outlier,7001,0.6465800298812102,0.6952356054227509,0.6411588334955037,0.10266666666666667,0.17333333333333334,rho,0.6595498654075849,0.7660462765375713,0.6476840524420043,12.0,
nyc_taxi,hard,outlier,7001,0.6465800298812102,0.6952356054227509,0.6411588334955037,0.10266666666666667,0.17333333333333334,ws_default,0.6623258125908675,0.7095050309706545,0.6570691116821998,23.0,
nyc_taxi,hard,outlier,7001,0.6465800298812102,0.6952356054227509,0.6411588334955037,0.10266666666666667,0.17333333333333334,ws_tuned,0.6747239468157042,0.7206063900736785,0.669611732382126,33.0,
nyc_taxi,hard,outlier,7001,0.6465800298812102,0.6952356054227509,0.6411588334955037,0.10266666666666667,0.17333333333333334,kcenter_a1,0.6951434124562877,0.7704938442584214,0.6867478794880589,11.0,
nyc_taxi,hard,outlier,7001,0.6465800298812102,0.6952356054227509,0.6411588334955037,0.10266666666666667,0.17333333333333334,rho_a1,0.6746013692927258,0.7103595923325945,0.6706171938442713,6.0,
nyc_taxi,hard,outlier,7001,0.6465800298812102,0.6952356054227509,0.6411588334955037,0.10266666666666667,0.17333333333333334,rho_landscape_a1,0.6571467304836117,0.6695380798795744,0.6557660883308523,12.0,
nyc_taxi,hard,outlier,7001,0.6465800298812102,0.6952356054227509,0.6411588334955037,0.10266666666666667,0.17333333333333334,rho_filter_a1,0.6626339651668387,0.6650213164192846,0.662367966875027,37.0,
nyc_taxi,hard,outlier,7002,0.5980996084434135,0.5613794998464513,0.6022022998430742,0.10933333333333334,0.19111111111111112,all_data,0.5727803191305544,0.5266411078842532,0.5779353949840879,,
nyc_taxi,hard,outlier,7002,0.5980996084434135,0.5613794998464513,0.6022022998430742,0.10933333333333334,0.19111111111111112,random,0.6506537473739773,0.5903821116002308,0.6573878211874975,,
nyc_taxi,hard,outlier,7002,0.5980996084434135,0.5613794998464513,0.6022022998430742,0.10933333333333334,0.19111111111111112,uniform,0.6284788773551434,0.6034517032569812,0.6312751319375395,12.0,
nyc_taxi,hard,outlier,7002,0.5980996084434135,0.5613794998464513,0.6022022998430742,0.10933333333333334,0.19111111111111112,rho,0.6344748312676404,0.621419163950227,0.6359335245032158,17.0,
nyc_taxi,hard,outlier,7002,0.5980996084434135,0.5613794998464513,0.6022022998430742,0.10933333333333334,0.19111111111111112,ws_default,0.6620386381358948,0.6372396296137258,0.6648094000663871,17.0,
nyc_taxi,hard,outlier,7002,0.5980996084434135,0.5613794998464513,0.6022022998430742,0.10933333333333334,0.19111111111111112,ws_tuned,0.6478559391160813,0.5845422294215729,0.6549299000102426,40.0,
nyc_taxi,hard,outlier,7002,0.5980996084434135,0.5613794998464513,0.6022022998430742,0.10933333333333334,0.19111111111111112,kcenter_a1,0.6488654669131159,0.5917867806688555,0.6552427965046093,2.0,
nyc_taxi,hard,outlier,7002,0.5980996084434135,0.5613794998464513,0.6022022998430742,0.10933333333333334,0.19111111111111112,rho_a1,0.63951186751878,0.6623926303330867,0.636955428760761,16.0,
nyc_taxi,hard,outlier,7002,0.5980996084434135,0.5613794998464513,0.6022022998430742,0.10933333333333334,0.19111111111111112,rho_landscape_a1,0.6419068981690803,0.6603620282545769,0.6398449297715346,25.0,
nyc_taxi,hard,outlier,7002,0.5980996084434135,0.5613794998464513,0.6022022998430742,0.10933333333333334,0.19111111111111112,rho_filter_a1,0.6359897270656322,0.6049925133181683,0.6394530066449765,42.0,
nyc_taxi,hard,outlier,7003,0.6422766294164943,0.6610703640592329,0.6400952137883194,0.10466666666666667,0.13333333333333333,all_data,0.6036366893297598,0.5216414137735279,0.6131539980996796,,
nyc_taxi,hard,outlier,7003,0.6422766294164943,0.6610703640592329,0.6400952137883194,0.10466666666666667,0.13333333333333333,random,0.6956996042408605,0.6658323102169534,0.6991663437257785,,
nyc_taxi,hard,outlier,7003,0.6422766294164943,0.6610703640592329,0.6400952137883194,0.10466666666666667,0.13333333333333333,uniform,0.6967929865772516,0.6655671571006305,0.7004174132129307,17.0,
nyc_taxi,hard,outlier,7003,0.6422766294164943,0.6610703640592329,0.6400952137883194,0.10466666666666667,0.13333333333333333,rho,0.6981139798952757,0.6712880334155344,0.70122770582596,19.0,
nyc_taxi,hard,outlier,7003,0.6422766294164943,0.6610703640592329,0.6400952137883194,0.10466666666666667,0.13333333333333333,ws_default,0.6873346452698225,0.6585682245532507,0.6906736048172818,15.0,
nyc_taxi,hard,outlier,7003,0.6422766294164943,0.6610703640592329,0.6400952137883194,0.10466666666666667,0.13333333333333333,ws_tuned,0.6990691430297548,0.6660850372777892,0.7028976553045363,23.0,
nyc_taxi,hard,outlier,7003,0.6422766294164943,0.6610703640592329,0.6400952137883194,0.10466666666666667,0.13333333333333333,kcenter_a1,0.7070339309349796,0.7332850879990319,0.7039869216329021,2.0,
nyc_taxi,hard,outlier,7003,0.6422766294164943,0.6610703640592329,0.6400952137883194,0.10466666666666667,0.13333333333333333,rho_a1,0.6859655598721281,0.6371561401946655,0.6916309389418336,35.0,
nyc_taxi,hard,outlier,7003,0.6422766294164943,0.6610703640592329,0.6400952137883194,0.10466666666666667,0.13333333333333333,rho_landscape_a1,0.6878518113620683,0.625795972225813,0.6950547212618121,33.0,
nyc_taxi,hard,outlier,7003,0.6422766294164943,0.6610703640592329,0.6400952137883194,0.10466666666666667,0.13333333333333333,rho_filter_a1,0.6888412424560049,0.6644884059058607,0.6916679109841466,29.0,
nyc_taxi,hard,outlier,7004,0.6472654158794896,0.5703141603808743,0.6555079112788709,0.108,0.057777777777777775,all_data,0.6119556688671668,0.5265570222360378,0.6211029913820427,,
nyc_taxi,hard,outlier,7004,0.6472654158794896,0.5703141603808743,0.6555079112788709,0.108,0.057777777777777775,random,0.7021877187317046,0.6123044911239772,0.7118153990760696,,
nyc_taxi,hard,outlier,7004,0.6472654158794896,0.5703141603808743,0.6555079112788709,0.108,0.057777777777777775,uniform,0.6873979241068058,0.5798146609065046,0.6989215119447567,11.0,
nyc_taxi,hard,outlier,7004,0.6472654158794896,0.5703141603808743,0.6555079112788709,0.108,0.057777777777777775,rho,0.6811167133872955,0.5739079880929177,0.6926001832707509,21.0,
nyc_taxi,hard,outlier,7004,0.6472654158794896,0.5703141603808743,0.6555079112788709,0.108,0.057777777777777775,ws_default,0.6750073862143029,0.5736151813864248,0.6858678299642028,18.0,
nyc_taxi,hard,outlier,7004,0.6472654158794896,0.5703141603808743,0.6555079112788709,0.108,0.057777777777777775,ws_tuned,0.6791791495455787,0.6086848235612384,0.6867300225474993,13.0,
nyc_taxi,hard,outlier,7004,0.6472654158794896,0.5703141603808743,0.6555079112788709,0.108,0.057777777777777775,kcenter_a1,0.666576496161934,0.5806285933041958,0.6757826512701391,0.0,
nyc_taxi,hard,outlier,7004,0.6472654158794896,0.5703141603808743,0.6555079112788709,0.108,0.057777777777777775,rho_a1,0.6689520202261697,0.6500842837811971,0.6709730038974135,12.0,
nyc_taxi,hard,outlier,7004,0.6472654158794896,0.5703141603808743,0.6555079112788709,0.108,0.057777777777777775,rho_landscape_a1,0.6923265721607331,0.641358276785543,0.6977859494954131,10.0,
nyc_taxi,hard,outlier,7004,0.6472654158794896,0.5703141603808743,0.6555079112788709,0.108,0.057777777777777775,rho_filter_a1,0.6715936013271037,0.5793650350179759,0.6814724984103122,13.0,
nyc_taxi,hard,outlier,7005,0.6645619213571125,0.5940928719988102,0.6721749211492837,0.10533333333333333,0.017777777777777778,all_data,0.6329309830695488,0.5597402487593265,0.6408380153080494,,
nyc_taxi,hard,outlier,7005,0.6645619213571125,0.5940928719988102,0.6721749211492837,0.10533333333333333,0.017777777777777778,random,0.66417635722784,0.6066821509113155,0.6703876426747775,,
nyc_taxi,hard,outlier,7005,0.6645619213571125,0.5940928719988102,0.6721749211492837,0.10533333333333333,0.017777777777777778,uniform,0.67308925609863,0.619449905432073,0.6788840889961253,9.0,
nyc_taxi,hard,outlier,7005,0.6645619213571125,0.5940928719988102,0.6721749211492837,0.10533333333333333,0.017777777777777778,rho,0.6783049018815275,0.5978510747113993,0.6869965895813475,19.0,
nyc_taxi,hard,outlier,7005,0.6645619213571125,0.5940928719988102,0.6721749211492837,0.10533333333333333,0.017777777777777778,ws_default,0.6570055761967812,0.5948228602349666,0.6637233765361464,16.0,
nyc_taxi,hard,outlier,7005,0.6645619213571125,0.5940928719988102,0.6721749211492837,0.10533333333333333,0.017777777777777778,ws_tuned,0.6992939055810673,0.6329856581917187,0.7064574004513848,6.0,
nyc_taxi,hard,outlier,7005,0.6645619213571125,0.5940928719988102,0.6721749211492837,0.10533333333333333,0.017777777777777778,kcenter_a1,0.6607138466769491,0.6123809306724145,0.6659354082397657,2.0,
nyc_taxi,hard,outlier,7005,0.6645619213571125,0.5940928719988102,0.6721749211492837,0.10533333333333333,0.017777777777777778,rho_a1,0.6901300997688593,0.632772154297324,0.6963266645150916,8.0,
nyc_taxi,hard,outlier,7005,0.6645619213571125,0.5940928719988102,0.6721749211492837,0.10533333333333333,0.017777777777777778,rho_landscape_a1,0.6689263713691709,0.6045326723231363,0.6758830313769142,8.0,
nyc_taxi,hard,outlier,7005,0.6645619213571125,0.5940928719988102,0.6721749211492837,0.10533333333333333,0.017777777777777778,rho_filter_a1,0.660772595091154,0.6132728332800103,0.6659041483062083,4.0,
nyc_taxi,hard,outlier,7006,0.6325101915005439,0.7019203260376797,0.6244752665820191,0.08866666666666667,0.057777777777777775,all_data,0.563329934724006,0.6121753090664415,0.5576755887401537,,
nyc_taxi,hard,outlier,7006,0.6325101915005439,0.7019203260376797,0.6244752665820191,0.08866666666666667,0.057777777777777775,random,0.6440536335673853,0.7151650536937425,0.6358217676392296,,
nyc_taxi,hard,outlier,7006,0.6325101915005439,0.7019203260376797,0.6244752665820191,0.08866666666666667,0.057777777777777775,uniform,0.6401415420101498,0.6987237382685775,0.6333600604349066,15.0,
nyc_taxi,hard,outlier,7006,0.6325101915005439,0.7019203260376797,0.6244752665820191,0.08866666666666667,0.057777777777777775,rho,0.6480786434586994,0.7151502233086056,0.640314429891695,18.0,
nyc_taxi,hard,outlier,7006,0.6325101915005439,0.7019203260376797,0.6244752665820191,0.08866666666666667,0.057777777777777775,ws_default,0.6352920891180547,0.6973605453917915,0.6281070376944562,21.0,
nyc_taxi,hard,outlier,7006,0.6325101915005439,0.7019203260376797,0.6244752665820191,0.08866666666666667,0.057777777777777775,ws_tuned,0.6379709116192241,0.7431973728189579,0.6257898847299941,16.0,
nyc_taxi,hard,outlier,7006,0.6325101915005439,0.7019203260376797,0.6244752665820191,0.08866666666666667,0.057777777777777775,kcenter_a1,0.642065901599992,0.7701504920622867,0.6272388151169092,9.0,
nyc_taxi,hard,outlier,7006,0.6325101915005439,0.7019203260376797,0.6244752665820191,0.08866666666666667,0.057777777777777775,rho_a1,0.643524817569778,0.7505668119124179,0.6311336243613552,12.0,
nyc_taxi,hard,outlier,7006,0.6325101915005439,0.7019203260376797,0.6244752665820191,0.08866666666666667,0.057777777777777775,rho_landscape_a1,0.6396256062571575,0.7504053529665117,0.6268017304177205,17.0,
nyc_taxi,hard,outlier,7006,0.6325101915005439,0.7019203260376797,0.6244752665820191,0.08866666666666667,0.057777777777777775,rho_filter_a1,0.6327303273661002,0.7635688949623439,0.6175844401827135,13.0,
nyc_taxi,hard,outlier,7007,0.6006421960436372,0.7820596735021969,0.5818196321572082,0.102,0.27555555555555555,all_data,0.6240438999157887,0.7838248703912849,0.6074661833322382,,
nyc_taxi,hard,outlier,7007,0.6006421960436372,0.7820596735021969,0.5818196321572082,0.102,0.27555555555555555,random,0.6637917780583319,0.8006447556325919,0.6495929040053732,,
nyc_taxi,hard,outlier,7007,0.6006421960436372,0.7820596735021969,0.5818196321572082,0.102,0.27555555555555555,uniform,0.6504637920023476,0.8087150680773659,0.6340447854338579,18.0,
nyc_taxi,hard,outlier,7007,0.6006421960436372,0.7820596735021969,0.5818196321572082,0.102,0.27555555555555555,rho,0.6989215826058142,0.8961409947456753,0.6784595243926277,20.0,
nyc_taxi,hard,outlier,7007,0.6006421960436372,0.7820596735021969,0.5818196321572082,0.102,0.27555555555555555,ws_default,0.6579703658731788,0.8136022588519266,0.6418231275288054,22.0,
nyc_taxi,hard,outlier,7007,0.6006421960436372,0.7820596735021969,0.5818196321572082,0.102,0.27555555555555555,ws_tuned,0.6565153183595803,0.7925980198490202,0.6423963625759077,46.0,
nyc_taxi,hard,outlier,7007,0.6006421960436372,0.7820596735021969,0.5818196321572082,0.102,0.27555555555555555,kcenter_a1,0.6373915828938261,0.7738492873723857,0.623233719515256,15.0,
nyc_taxi,hard,outlier,7007,0.6006421960436372,0.7820596735021969,0.5818196321572082,0.102,0.27555555555555555,rho_a1,0.7088503032347154,0.8527309179252608,0.6939222924390076,20.0,
nyc_taxi,hard,outlier,7007,0.6006421960436372,0.7820596735021969,0.5818196321572082,0.102,0.27555555555555555,rho_landscape_a1,0.6981084652067666,0.8349708867801323,0.6839086113128412,23.0,
nyc_taxi,hard,outlier,7007,0.6006421960436372,0.7820596735021969,0.5818196321572082,0.102,0.27555555555555555,rho_filter_a1,0.6770237539614391,0.8257630167343016,0.6615916450203253,58.0,
nyc_taxi,hard,outlier,7008,0.662355487058059,0.620504240174201,0.6669540147400811,0.102,0.07111111111111111,all_data,0.5955052968790453,0.5089764092627663,0.6050129105016999,,
nyc_taxi,hard,outlier,7008,0.662355487058059,0.620504240174201,0.6669540147400811,0.102,0.07111111111111111,random,0.6550769678977654,0.552163491275232,0.6663848859728274,,
nyc_taxi,hard,outlier,7008,0.662355487058059,0.620504240174201,0.6669540147400811,0.102,0.07111111111111111,uniform,0.6479772014334901,0.5674290748603905,0.6568276615119992,10.0,
nyc_taxi,hard,outlier,7008,0.662355487058059,0.620504240174201,0.6669540147400811,0.102,0.07111111111111111,rho,0.6872487019172389,0.5700410052708087,0.700127239062629,18.0,
nyc_taxi,hard,outlier,7008,0.662355487058059,0.620504240174201,0.6669540147400811,0.102,0.07111111111111111,ws_default,0.6347421971990757,0.5309401880196134,0.6461477453775073,26.0,
nyc_taxi,hard,outlier,7008,0.662355487058059,0.620504240174201,0.6669540147400811,0.102,0.07111111111111111,ws_tuned,0.6560476834577929,0.5623132187251936,0.6663470308590442,16.0,
nyc_taxi,hard,outlier,7008,0.662355487058059,0.620504240174201,0.6669540147400811,0.102,0.07111111111111111,kcenter_a1,0.6845503613770051,0.6065922309770577,0.6931162380802179,3.0,
nyc_taxi,hard,outlier,7008,0.662355487058059,0.620504240174201,0.6669540147400811,0.102,0.07111111111111111,rho_a1,0.675612068627833,0.5563736490153627,0.6887137373754849,10.0,
nyc_taxi,hard,outlier,7008,0.662355487058059,0.620504240174201,0.6669540147400811,0.102,0.07111111111111111,rho_landscape_a1,0.6690669497802602,0.575400814389956,0.679358789295954,12.0,
nyc_taxi,hard,outlier,7008,0.662355487058059,0.620504240174201,0.6669540147400811,0.102,0.07111111111111111,rho_filter_a1,0.6699449392989366,0.5779994687702867,0.6800477157499204,15.0,
nyc_taxi,hard,outlier,7009,0.629354471275071,0.5425765180976364,0.6386229521623122,0.09533333333333334,0.08,all_data,0.5840736635438158,0.5140275276415541,0.5915550715289495,,
nyc_taxi,hard,outlier,7009,0.629354471275071,0.5425765180976364,0.6386229521623122,0.09533333333333334,0.08,random,0.670649724961575,0.5498337096132728,0.683553704464742,,
nyc_taxi,hard,outlier,7009,0.629354471275071,0.5425765180976364,0.6386229521623122,0.09533333333333334,0.08,uniform,0.662874169312398,0.5320966189482492,0.6768421091133281,10.0,
nyc_taxi,hard,outlier,7009,0.629354471275071,0.5425765180976364,0.6386229521623122,0.09533333333333334,0.08,rho,0.6412728593252915,0.5662785563508206,0.6492827655090618,16.0,
nyc_taxi,hard,outlier,7009,0.629354471275071,0.5425765180976364,0.6386229521623122,0.09533333333333334,0.08,ws_default,0.6560374075510783,0.5469962707661615,0.6676837492220739,18.0,
nyc_taxi,hard,outlier,7009,0.629354471275071,0.5425765180976364,0.6386229521623122,0.09533333333333334,0.08,ws_tuned,0.651606452750787,0.5389107399500281,0.6636431282187153,19.0,
nyc_taxi,hard,outlier,7009,0.629354471275071,0.5425765180976364,0.6386229521623122,0.09533333333333334,0.08,kcenter_a1,0.6592110812829205,0.5442333715936818,0.6714914896780635,0.0,
nyc_taxi,hard,outlier,7009,0.629354471275071,0.5425765180976364,0.6386229521623122,0.09533333333333334,0.08,rho_a1,0.6558273912414945,0.541751890135552,0.6680114375688033,8.0,
nyc_taxi,hard,outlier,7009,0.629354471275071,0.5425765180976364,0.6386229521623122,0.09533333333333334,0.08,rho_landscape_a1,0.6504946312970087,0.5400247863286393,0.6622935688060817,7.0,
nyc_taxi,hard,outlier,7009,0.629354471275071,0.5425765180976364,0.6386229521623122,0.09533333333333334,0.08,rho_filter_a1,0.6478243328384653,0.5273802307944663,0.6606885894485881,18.0,
nyc_taxi,hard_sparse,clean,7000,0.5903169321126107,0.6462623568903372,0.5836485630708337,0.026,0.017777777777777778,all_data,0.5711263276289648,0.5777091040076637,0.5703416989951299,,
nyc_taxi,hard_sparse,clean,7000,0.5903169321126107,0.6462623568903372,0.5836485630708337,0.026,0.017777777777777778,random,0.6052506582619115,0.6349960069278205,0.601705185813205,,
nyc_taxi,hard_sparse,clean,7000,0.5903169321126107,0.6462623568903372,0.5836485630708337,0.026,0.017777777777777778,uniform,0.6049085692927435,0.6858938006713144,0.595255601031056,5.0,
nyc_taxi,hard_sparse,clean,7000,0.5903169321126107,0.6462623568903372,0.5836485630708337,0.026,0.017777777777777778,rho,0.6093258058891105,0.626028145875156,0.6073349841672148,3.0,
nyc_taxi,hard_sparse,clean,7000,0.5903169321126107,0.6462623568903372,0.5836485630708337,0.026,0.017777777777777778,ws_default,0.5894400412783457,0.603064480740335,0.5878160873861219,6.0,
nyc_taxi,hard_sparse,clean,7000,0.5903169321126107,0.6462623568903372,0.5836485630708337,0.026,0.017777777777777778,ws_tuned,0.6062784584888989,0.6385636678507982,0.6024302494267365,9.0,
nyc_taxi,hard_sparse,clean,7000,0.5903169321126107,0.6462623568903372,0.5836485630708337,0.026,0.017777777777777778,kcenter_a1,0.6059343261943773,0.6221117485541716,0.60400607159861,1.0,
nyc_taxi,hard_sparse,clean,7000,0.5903169321126107,0.6462623568903372,0.5836485630708337,0.026,0.017777777777777778,rho_a1,0.6256854585187648,0.6926581809036105,0.617702699778993,1.0,
nyc_taxi,hard_sparse,clean,7000,0.5903169321126107,0.6462623568903372,0.5836485630708337,0.026,0.017777777777777778,rho_landscape_a1,0.6170801151857209,0.6722407688511293,0.6105052862933137,3.0,
nyc_taxi,hard_sparse,clean,7000,0.5903169321126107,0.6462623568903372,0.5836485630708337,0.026,0.017777777777777778,rho_filter_a1,0.6046876440565829,0.6175149027058984,0.6031587094777893,4.0,
nyc_taxi,hard_sparse,clean,7001,0.6524391976231176,0.7176926205265244,0.6451686717591927,0.023333333333333334,0.02666666666666667,all_data,0.5914657144823524,0.6212617055716441,0.5881458499569826,,
nyc_taxi,hard_sparse,clean,7001,0.6524391976231176,0.7176926205265244,0.6451686717591927,0.023333333333333334,0.02666666666666667,random,0.6605736300337784,0.6929288116738144,0.6569686209096732,,
nyc_taxi,hard_sparse,clean,7001,0.6524391976231176,0.7176926205265244,0.6451686717591927,0.023333333333333334,0.02666666666666667,uniform,0.6596028750886951,0.7135942765665076,0.6535871618370689,4.0,
nyc_taxi,hard_sparse,clean,7001,0.6524391976231176,0.7176926205265244,0.6451686717591927,0.023333333333333334,0.02666666666666667,rho,0.6701383151848945,0.7319620939132346,0.6632499197222481,4.0,
nyc_taxi,hard_sparse,clean,7001,0.6524391976231176,0.7176926205265244,0.6451686717591927,0.023333333333333334,0.02666666666666667,ws_default,0.6729714188632578,0.7784304363161053,0.661221192134002,11.0,
nyc_taxi,hard_sparse,clean,7001,0.6524391976231176,0.7176926205265244,0.6451686717591927,0.023333333333333334,0.02666666666666667,ws_tuned,0.6507694130345103,0.7117356911667203,0.6439765601500935,7.0,
nyc_taxi,hard_sparse,clean,7001,0.6524391976231176,0.7176926205265244,0.6451686717591927,0.023333333333333334,0.02666666666666667,kcenter_a1,0.67013139495419,0.7386194840908307,0.6625004630998433,1.0,
nyc_taxi,hard_sparse,clean,7001,0.6524391976231176,0.7176926205265244,0.6451686717591927,0.023333333333333334,0.02666666666666667,rho_a1,0.6722949179058668,0.7286910612811285,0.6660112686995651,4.0,
nyc_taxi,hard_sparse,clean,7001,0.6524391976231176,0.7176926205265244,0.6451686717591927,0.023333333333333334,0.02666666666666667,rho_landscape_a1,0.6656402952157582,0.7133493344802994,0.6603245617494952,4.0,
nyc_taxi,hard_sparse,clean,7001,0.6524391976231176,0.7176926205265244,0.6451686717591927,0.023333333333333334,0.02666666666666667,rho_filter_a1,0.6459184030297561,0.7132265381198725,0.6384189414651168,4.0,
nyc_taxi,hard_sparse,clean,7002,0.7160554801067189,0.662397900953908,0.7220505737196787,0.032,0.02666666666666667,all_data,0.5547599270189681,0.5532061812069036,0.5549335250780149,,
nyc_taxi,hard_sparse,clean,7002,0.7160554801067189,0.662397900953908,0.7220505737196787,0.032,0.02666666666666667,random,0.6140343590802114,0.6311790527969016,0.6121188040846282,,
nyc_taxi,hard_sparse,clean,7002,0.7160554801067189,0.662397900953908,0.7220505737196787,0.032,0.02666666666666667,uniform,0.6096712421166436,0.6166850585474862,0.6088875972569441,2.0,
nyc_taxi,hard_sparse,clean,7002,0.7160554801067189,0.662397900953908,0.7220505737196787,0.032,0.02666666666666667,rho,0.5938454792150297,0.6052413141403431,0.5925722369582272,5.0,
nyc_taxi,hard_sparse,clean,7002,0.7160554801067189,0.662397900953908,0.7220505737196787,0.032,0.02666666666666667,ws_default,0.6072037970018984,0.6185949443241884,0.6059310784850667,5.0,
nyc_taxi,hard_sparse,clean,7002,0.7160554801067189,0.662397900953908,0.7220505737196787,0.032,0.02666666666666667,ws_tuned,0.6252518040170016,0.6241370093694224,0.6253763586163144,7.0,
nyc_taxi,hard_sparse,clean,7002,0.7160554801067189,0.662397900953908,0.7220505737196787,0.032,0.02666666666666667,kcenter_a1,0.6280347297566159,0.6057275696141563,0.6305270806118879,2.0,
nyc_taxi,hard_sparse,clean,7002,0.7160554801067189,0.662397900953908,0.7220505737196787,0.032,0.02666666666666667,rho_a1,0.6145547108706086,0.6736074928414437,0.6079568180545232,5.0,
nyc_taxi,hard_sparse,clean,7002,0.7160554801067189,0.662397900953908,0.7220505737196787,0.032,0.02666666666666667,rho_landscape_a1,0.6021326369752833,0.6526415691244116,0.5964893377190438,5.0,
nyc_taxi,hard_sparse,clean,7002,0.7160554801067189,0.662397900953908,0.7220505737196787,0.032,0.02666666666666667,rho_filter_a1,0.6024518337880234,0.6104888875572201,0.6015538639116428,5.0,
nyc_taxi,hard_sparse,clean,7003,0.6337452381383656,0.6207959059806689,0.6352482856209554,0.024,0.017777777777777778,all_data,0.56963833881502,0.567729993179692,0.5698598432191208,,
nyc_taxi,hard_sparse,clean,7003,0.6337452381383656,0.6207959059806689,0.6352482856209554,0.024,0.017777777777777778,random,0.6237738919699467,0.5812751457068468,0.6287067821611995,,
nyc_taxi,hard_sparse,clean,7003,0.6337452381383656,0.6207959059806689,0.6352482856209554,0.024,0.017777777777777778,uniform,0.6181810424475974,0.5937179732771788,0.6210205058334497,3.0,
nyc_taxi,hard_sparse,clean,7003,0.6337452381383656,0.6207959059806689,0.6352482856209554,0.024,0.017777777777777778,rho,0.6143373728237407,0.5689777316004203,0.619602331180019,2.0,
nyc_taxi,hard_sparse,clean,7003,0.6337452381383656,0.6207959059806689,0.6352482856209554,0.024,0.017777777777777778,ws_default,0.6243275933109962,0.5713972458246839,0.6304712943585147,3.0,
nyc_taxi,hard_sparse,clean,7003,0.6337452381383656,0.6207959059806689,0.6352482856209554,0.024,0.017777777777777778,ws_tuned,0.6227514069213687,0.5967801739759109,0.6257659250311093,4.0,
nyc_taxi,hard_sparse,clean,7003,0.6337452381383656,0.6207959059806689,0.6352482856209554,0.024,0.017777777777777778,kcenter_a1,0.6220387291226652,0.5568278162629849,0.6296078529367352,5.0,
nyc_taxi,hard_sparse,clean,7003,0.6337452381383656,0.6207959059806689,0.6352482856209554,0.024,0.017777777777777778,rho_a1,0.6153549559980209,0.5889536294723896,0.6184193956840317,2.0,
nyc_taxi,hard_sparse,clean,7003,0.6337452381383656,0.6207959059806689,0.6352482856209554,0.024,0.017777777777777778,rho_landscape_a1,0.6055926294767039,0.5807400587486236,0.6084773028647847,3.0,
nyc_taxi,hard_sparse,clean,7003,0.6337452381383656,0.6207959059806689,0.6352482856209554,0.024,0.017777777777777778,rho_filter_a1,0.6033899009615011,0.5788489358090522,0.6062384058452677,4.0,
nyc_taxi,hard_sparse,clean,7004,0.6722197977777626,0.576053654575762,0.6825204613313673,0.027333333333333334,0.008888888888888889,all_data,0.6138217249189575,0.539847985037837,0.6217452890855762,,
nyc_taxi,hard_sparse,clean,7004,0.6722197977777626,0.576053654575762,0.6825204613313673,0.027333333333333334,0.008888888888888889,random,0.6811174976636638,0.5723537744117306,0.6927675283579617,,
nyc_taxi,hard_sparse,clean,7004,0.6722197977777626,0.576053654575762,0.6825204613313673,0.027333333333333334,0.008888888888888889,uniform,0.6540040230861817,0.540198363591906,0.6661941117173149,5.0,
nyc_taxi,hard_sparse,clean,7004,0.6722197977777626,0.576053654575762,0.6825204613313673,0.027333333333333334,0.008888888888888889,rho,0.6681100902393933,0.5959543022500766,0.6758389277572083,5.0,
nyc_taxi,hard_sparse,clean,7004,0.6722197977777626,0.576053654575762,0.6825204613313673,0.027333333333333334,0.008888888888888889,ws_default,0.6816468767287494,0.5646043337306911,0.6941836783175256,7.0,
nyc_taxi,hard_sparse,clean,7004,0.6722197977777626,0.576053654575762,0.6825204613313673,0.027333333333333334,0.008888888888888889,ws_tuned,0.6547188069351819,0.554848619504188,0.6654162225277073,3.0,
nyc_taxi,hard_sparse,clean,7004,0.6722197977777626,0.576053654575762,0.6825204613313673,0.027333333333333334,0.008888888888888889,kcenter_a1,0.6820586628032104,0.5743252814877153,0.6935983302732067,1.0,
nyc_taxi,hard_sparse,clean,7004,0.6722197977777626,0.576053654575762,0.6825204613313673,0.027333333333333334,0.008888888888888889,rho_a1,0.6552217406747649,0.6005112323782116,0.6610819584192338,2.0,
nyc_taxi,hard_sparse,clean,7004,0.6722197977777626,0.576053654575762,0.6825204613313673,0.027333333333333334,0.008888888888888889,rho_landscape_a1,0.6486931197878119,0.5749803273800522,0.6565887330349203,2.0,
nyc_taxi,hard_sparse,clean,7004,0.6722197977777626,0.576053654575762,0.6825204613313673,0.027333333333333334,0.008888888888888889,rho_filter_a1,0.6578781680240842,0.5686694387612715,0.6674336006907623,1.0,
nyc_taxi,hard_sparse,clean,7005,0.5852257599928443,0.5552598312124443,0.5884630763984832,0.028666666666666667,0.008888888888888889,all_data,0.5675492568033397,0.5453273168453563,0.5699499649982464,,
nyc_taxi,hard_sparse,clean,7005,0.5852257599928443,0.5552598312124443,0.5884630763984832,0.028666666666666667,0.008888888888888889,random,0.6133421610438893,0.6135258042334293,0.6133223214749361,,
nyc_taxi,hard_sparse,clean,7005,0.5852257599928443,0.5552598312124443,0.5884630763984832,0.028666666666666667,0.008888888888888889,uniform,0.6058938639590101,0.6194254966927633,0.6044319978187985,4.0,
nyc_taxi,hard_sparse,clean,7005,0.5852257599928443,0.5552598312124443,0.5884630763984832,0.028666666666666667,0.008888888888888889,rho,0.6200154927490744,0.6028885281941265,0.6218657742383902,7.0,
nyc_taxi,hard_sparse,clean,7005,0.5852257599928443,0.5552598312124443,0.5884630763984832,0.028666666666666667,0.008888888888888889,ws_default,0.619742325088848,0.6213333926830414,0.6195704369000018,5.0,
nyc_taxi,hard_sparse,clean,7005,0.5852257599928443,0.5552598312124443,0.5884630763984832,0.028666666666666667,0.008888888888888889,ws_tuned,0.6283356112184494,0.6701580325183635,0.6238173994990681,6.0,
nyc_taxi,hard_sparse,clean,7005,0.5852257599928443,0.5552598312124443,0.5884630763984832,0.028666666666666667,0.008888888888888889,kcenter_a1,0.6181894044842741,0.6160690460557798,0.6184184736773801,1.0,
nyc_taxi,hard_sparse,clean,7005,0.5852257599928443,0.5552598312124443,0.5884630763984832,0.028666666666666667,0.008888888888888889,rho_a1,0.6229342829404212,0.6193922787929553,0.6233169371280974,2.0,
nyc_taxi,hard_sparse,clean,7005,0.5852257599928443,0.5552598312124443,0.5884630763984832,0.028666666666666667,0.008888888888888889,rho_landscape_a1,0.6280907006186534,0.6666600299590609,0.6239239309669196,5.0,
nyc_taxi,hard_sparse,clean,7005,0.5852257599928443,0.5552598312124443,0.5884630763984832,0.028666666666666667,0.008888888888888889,rho_filter_a1,0.6221645825511065,0.6041560507783437,0.6241101026041196,2.0,
nyc_taxi,hard_sparse,clean,7006,0.6235966172418504,0.6850625432577092,0.6164813147881318,0.024,0.022222222222222223,all_data,0.5487832792115166,0.6295257774860945,0.5394365186023257,,
nyc_taxi,hard_sparse,clean,7006,0.6235966172418504,0.6850625432577092,0.6164813147881318,0.024,0.022222222222222223,random,0.62856655133505,0.7062139345105926,0.619578081595064,,
nyc_taxi,hard_sparse,clean,7006,0.6235966172418504,0.6850625432577092,0.6164813147881318,0.024,0.022222222222222223,uniform,0.6172900364928486,0.6764375959123011,0.6104431084150042,4.0,
nyc_taxi,hard_sparse,clean,7006,0.6235966172418504,0.6850625432577092,0.6164813147881318,0.024,0.022222222222222223,rho,0.6453881737336352,0.7564210351052919,0.6325349973126484,8.0,
nyc_taxi,hard_sparse,clean,7006,0.6235966172418504,0.6850625432577092,0.6164813147881318,0.024,0.022222222222222223,ws_default,0.6271660030734352,0.6914733387097287,0.6197217787250219,5.0,
nyc_taxi,hard_sparse,clean,7006,0.6235966172418504,0.6850625432577092,0.6164813147881318,0.024,0.022222222222222223,ws_tuned,0.6457553159071763,0.7139703473578375,0.6378587362552867,4.0,
nyc_taxi,hard_sparse,clean,7006,0.6235966172418504,0.6850625432577092,0.6164813147881318,0.024,0.022222222222222223,kcenter_a1,0.6482743925680511,0.7396734687631116,0.6376940253097666,6.0,
nyc_taxi,hard_sparse,clean,7006,0.6235966172418504,0.6850625432577092,0.6164813147881318,0.024,0.022222222222222223,rho_a1,0.6563822839223403,0.7952405316660387,0.6403080376702804,7.0,
nyc_taxi,hard_sparse,clean,7006,0.6235966172418504,0.6850625432577092,0.6164813147881318,0.024,0.022222222222222223,rho_landscape_a1,0.6361039106308196,0.7733398335224397,0.6202174648846489,7.0,
nyc_taxi,hard_sparse,clean,7006,0.6235966172418504,0.6850625432577092,0.6164813147881318,0.024,0.022222222222222223,rho_filter_a1,0.6335449793101156,0.7182524272053498,0.6237392356904442,2.0,
nyc_taxi,hard_sparse,clean,7007,0.6321297735626151,0.8276849744379358,0.6118403818603193,0.028,0.08,all_data,0.5790752292279374,0.7732726275707223,0.5589267132850877,,
nyc_taxi,hard_sparse,clean,7007,0.6321297735626151,0.8276849744379358,0.6118403818603193,0.028,0.08,random,0.6643755792946756,0.9076490391091374,0.6391352865545439,,
nyc_taxi,hard_sparse,clean,7007,0.6321297735626151,0.8276849744379358,0.6118403818603193,0.028,0.08,uniform,0.631091015054606,0.7885448816578807,0.6147547419191669,9.0,
nyc_taxi,hard_sparse,clean,7007,0.6321297735626151,0.8276849744379358,0.6118403818603193,0.028,0.08,rho,0.6538997670070692,0.8562203733312737,0.632908445821114,6.0,
nyc_taxi,hard_sparse,clean,7007,0.6321297735626151,0.8276849744379358,0.6118403818603193,0.028,0.08,ws_default,0.6627513428402583,0.8596881120986913,0.6423186096059397,8.0,
nyc_taxi,hard_sparse,clean,7007,0.6321297735626151,0.8276849744379358,0.6118403818603193,0.028,0.08,ws_tuned,0.6368198824612862,0.8263128377337304,0.6171594654683394,10.0,
nyc_taxi,hard_sparse,clean,7007,0.6321297735626151,0.8276849744379358,0.6118403818603193,0.028,0.08,kcenter_a1,0.6483201381994382,0.8270319833047256,0.6297782911355342,7.0,
nyc_taxi,hard_sparse,clean,7007,0.6321297735626151,0.8276849744379358,0.6118403818603193,0.028,0.08,rho_a1,0.6355870341795479,0.8394903863927462,0.6144314987402095,8.0,
nyc_taxi,hard_sparse,clean,7007,0.6321297735626151,0.8276849744379358,0.6118403818603193,0.028,0.08,rho_landscape_a1,0.6356855805086825,0.835439116998342,0.6149605999015877,8.0,
nyc_taxi,hard_sparse,clean,7007,0.6321297735626151,0.8276849744379358,0.6118403818603193,0.028,0.08,rho_filter_a1,0.6275334323546625,0.8153749079815219,0.6080443609320082,17.0,
nyc_taxi,hard_sparse,clean,7008,0.6559373642936437,0.5942758295732722,0.6627126050675801,0.025333333333333333,0.02666666666666667,all_data,0.605450702492833,0.6193995973410885,0.6039180270322587,,
nyc_taxi,hard_sparse,clean,7008,0.6559373642936437,0.5942758295732722,0.6627126050675801,0.025333333333333333,0.02666666666666667,random,0.6317959580369378,0.5763710882153122,0.637885927085041,,
nyc_taxi,hard_sparse,clean,7008,0.6559373642936437,0.5942758295732722,0.6627126050675801,0.025333333333333333,0.02666666666666667,uniform,0.6264645186801031,0.5613651851644517,0.6336174976124554,4.0,
nyc_taxi,hard_sparse,clean,7008,0.6559373642936437,0.5942758295732722,0.6627126050675801,0.025333333333333333,0.02666666666666667,rho,0.6206730898644066,0.5417655042008145,0.6293432907308834,5.0,
nyc_taxi,hard_sparse,clean,7008,0.6559373642936437,0.5942758295732722,0.6627126050675801,0.025333333333333333,0.02666666666666667,ws_default,0.6015562258381383,0.5318628908586691,0.6092139840656273,5.0,
nyc_taxi,hard_sparse,clean,7008,0.6559373642936437,0.5942758295732722,0.6627126050675801,0.025333333333333333,0.02666666666666667,ws_tuned,0.6168337353624275,0.5613761162817795,0.6229273028307784,1.0,
nyc_taxi,hard_sparse,clean,7008,0.6559373642936437,0.5942758295732722,0.6627126050675801,0.025333333333333333,0.02666666666666667,kcenter_a1,0.6437022187684566,0.5859627208525177,0.6500465143219282,2.0,
nyc_taxi,hard_sparse,clean,7008,0.6559373642936437,0.5942758295732722,0.6627126050675801,0.025333333333333333,0.02666666666666667,rho_a1,0.6157644498689537,0.5791778743778159,0.6197845064434517,5.0,
nyc_taxi,hard_sparse,clean,7008,0.6559373642936437,0.5942758295732722,0.6627126050675801,0.025333333333333333,0.02666666666666667,rho_landscape_a1,0.6202334746964356,0.6192705810742399,0.6203392754384971,5.0,
nyc_taxi,hard_sparse,clean,7008,0.6559373642936437,0.5942758295732722,0.6627126050675801,0.025333333333333333,0.02666666666666667,rho_filter_a1,0.6287326477621338,0.6022784553067432,0.6316393792305951,6.0,
nyc_taxi,hard_sparse,clean,7009,0.8189716324971127,0.6491761866704142,0.8371069512821445,0.02666666666666667,0.008888888888888889,all_data,0.5577976210573552,0.5149787849921679,0.5623709665806431,,
nyc_taxi,hard_sparse,clean,7009,0.8189716324971127,0.6491761866704142,0.8371069512821445,0.02666666666666667,0.008888888888888889,random,0.6541222424578484,0.5504974620457807,0.6651900801000894,,
nyc_taxi,hard_sparse,clean,7009,0.8189716324971127,0.6491761866704142,0.8371069512821445,0.02666666666666667,0.008888888888888889,uniform,0.6470854936726153,0.5473937313835252,0.657733257990155,4.0,
nyc_taxi,hard_sparse,clean,7009,0.8189716324971127,0.6491761866704142,0.8371069512821445,0.02666666666666667,0.008888888888888889,rho,0.6236791570272576,0.5448416774330838,0.6320995408466686,4.0,
nyc_taxi,hard_sparse,clean,7009,0.8189716324971127,0.6491761866704142,0.8371069512821445,0.02666666666666667,0.008888888888888889,ws_default,0.6508722665193689,0.534203736539459,0.6633332661243068,4.0,
nyc_taxi,hard_sparse,clean,7009,0.8189716324971127,0.6491761866704142,0.8371069512821445,0.02666666666666667,0.008888888888888889,ws_tuned,0.6645422682800188,0.5494339433190543,0.6768366272824904,4.0,
nyc_taxi,hard_sparse,clean,7009,0.8189716324971127,0.6491761866704142,0.8371069512821445,0.02666666666666667,0.008888888888888889,kcenter_a1,0.6535564338935111,0.5497492174150627,0.6646437569595546,0.0,
nyc_taxi,hard_sparse,clean,7009,0.8189716324971127,0.6491761866704142,0.8371069512821445,0.02666666666666667,0.008888888888888889,rho_a1,0.6439300697880013,0.5279126930843132,0.6563215217546927,1.0,
nyc_taxi,hard_sparse,clean,7009,0.8189716324971127,0.6491761866704142,0.8371069512821445,0.02666666666666667,0.008888888888888889,rho_landscape_a1,0.6400922070429063,0.536959289901213,0.6511075103126057,1.0,
nyc_taxi,hard_sparse,clean,7009,0.8189716324971127,0.6491761866704142,0.8371069512821445,0.02666666666666667,0.008888888888888889,rho_filter_a1,0.634653401648161,0.5542339898756916,0.6432427466797529,2.0,
nyc_taxi,hard_sparse,outlier,7000,0.7741112730588959,0.7178667694003273,0.7808152905626872,0.024666666666666667,0.008888888888888889,all_data,0.6153689479349027,0.6205487838270577,0.6147515416422172,,
nyc_taxi,hard_sparse,outlier,7000,0.7741112730588959,0.7178667694003273,0.7808152905626872,0.024666666666666667,0.008888888888888889,random,0.6364531869599312,0.6790499833132253,0.6313758967398688,,
nyc_taxi,hard_sparse,outlier,7000,0.7741112730588959,0.7178667694003273,0.7808152905626872,0.024666666666666667,0.008888888888888889,uniform,0.6560598614796431,0.7242466454770421,0.6479323936612627,5.0,
nyc_taxi,hard_sparse,outlier,7000,0.7741112730588959,0.7178667694003273,0.7808152905626872,0.024666666666666667,0.008888888888888889,rho,0.6296950048973463,0.6922818111329578,0.6222350218373658,3.0,
nyc_taxi,hard_sparse,outlier,7000,0.7741112730588959,0.7178667694003273,0.7808152905626872,0.024666666666666667,0.008888888888888889,ws_default,0.6558637464482283,0.7464085126536655,0.6450713372698522,3.0,
nyc_taxi,hard_sparse,outlier,7000,0.7741112730588959,0.7178667694003273,0.7808152905626872,0.024666666666666667,0.008888888888888889,ws_tuned,0.6415837530310735,0.702037810990488,0.6343779811534265,4.0,
nyc_taxi,hard_sparse,outlier,7000,0.7741112730588959,0.7178667694003273,0.7808152905626872,0.024666666666666667,0.008888888888888889,kcenter_a1,0.644576583212694,0.7418851271329392,0.6329779710946123,0.0,
nyc_taxi,hard_sparse,outlier,7000,0.7741112730588959,0.7178667694003273,0.7808152905626872,0.024666666666666667,0.008888888888888889,rho_a1,0.6437202996862569,0.7339639545123642,0.632963781231886,7.0,
nyc_taxi,hard_sparse,outlier,7000,0.7741112730588959,0.7178667694003273,0.7808152905626872,0.024666666666666667,0.008888888888888889,rho_landscape_a1,0.6429724156331923,0.7133772013837815,0.6345805749141797,3.0,
nyc_taxi,hard_sparse,outlier,7000,0.7741112730588959,0.7178667694003273,0.7808152905626872,0.024666666666666667,0.008888888888888889,rho_filter_a1,0.6451617033424388,0.6995238472813172,0.6386820521622592,2.0,
nyc_taxi,hard_sparse,outlier,7001,0.6383833209805974,0.6959091311030646,0.6319738044873744,0.02266666666666667,0.013333333333333334,all_data,0.6189598882348628,0.642275633698125,0.6163620516328155,,
nyc_taxi,hard_sparse,outlier,7001,0.6383833209805974,0.6959091311030646,0.6319738044873744,0.02266666666666667,0.013333333333333334,random,0.6805667364679796,0.6997728632513108,0.6784267929169612,,
nyc_taxi,hard_sparse,outlier,7001,0.6383833209805974,0.6959091311030646,0.6319738044873744,0.02266666666666667,0.013333333333333334,uniform,0.6565272727718224,0.6688140618805295,0.6551582807094187,5.0,
nyc_taxi,hard_sparse,outlier,7001,0.6383833209805974,0.6959091311030646,0.6319738044873744,0.02266666666666667,0.013333333333333334,rho,0.6763579995243457,0.6505764964131978,0.6792305704461492,7.0,
nyc_taxi,hard_sparse,outlier,7001,0.6383833209805974,0.6959091311030646,0.6319738044873744,0.02266666666666667,0.013333333333333334,ws_default,0.6890067835096214,0.7464246367588792,0.6826092955538137,2.0,
nyc_taxi,hard_sparse,outlier,7001,0.6383833209805974,0.6959091311030646,0.6319738044873744,0.02266666666666667,0.013333333333333334,ws_tuned,0.6850884329036888,0.7105063590866778,0.6822563716646284,4.0,
nyc_taxi,hard_sparse,outlier,7001,0.6383833209805974,0.6959091311030646,0.6319738044873744,0.02266666666666667,0.013333333333333334,kcenter_a1,0.6807549984637856,0.6733076035490266,0.6815847860049965,5.0,
nyc_taxi,hard_sparse,outlier,7001,0.6383833209805974,0.6959091311030646,0.6319738044873744,0.02266666666666667,0.013333333333333334,rho_a1,0.6803188088735099,0.6566024389901768,0.6829612829838785,4.0,
nyc_taxi,hard_sparse,outlier,7001,0.6383833209805974,0.6959091311030646,0.6319738044873744,0.02266666666666667,0.013333333333333334,rho_landscape_a1,0.6892437746515152,0.6694750809351637,0.6914463993195499,4.0,
nyc_taxi,hard_sparse,outlier,7001,0.6383833209805974,0.6959091311030646,0.6319738044873744,0.02266666666666667,0.013333333333333334,rho_filter_a1,0.6847959926751884,0.7395367613115982,0.6786967850555162,3.0,
nyc_taxi,hard_sparse,outlier,7002,0.5990450663963791,0.6017962665882476,0.5987376782704394,0.034,0.04888888888888889,all_data,0.5762319223544378,0.6067443049671155,0.5728228123460174,,
nyc_taxi,hard_sparse,outlier,7002,0.5990450663963791,0.6017962665882476,0.5987376782704394,0.034,0.04888888888888889,random,0.6500507520782361,0.6973821521313908,0.6447624744736313,,
nyc_taxi,hard_sparse,outlier,7002,0.5990450663963791,0.6017962665882476,0.5987376782704394,0.034,0.04888888888888889,uniform,0.6405564656261447,0.7316775561849326,0.6303756211557076,11.0,
nyc_taxi,hard_sparse,outlier,7002,0.5990450663963791,0.6017962665882476,0.5987376782704394,0.034,0.04888888888888889,rho,0.6387484870115593,0.728869485411653,0.6286793815760847,2.0,
nyc_taxi,hard_sparse,outlier,7002,0.5990450663963791,0.6017962665882476,0.5987376782704394,0.034,0.04888888888888889,ws_default,0.6569660805059696,0.737074058482347,0.6480157172078862,7.0,
nyc_taxi,hard_sparse,outlier,7002,0.5990450663963791,0.6017962665882476,0.5987376782704394,0.034,0.04888888888888889,ws_tuned,0.6338187173688012,0.7232909467424752,0.6238220980780238,13.0,
nyc_taxi,hard_sparse,outlier,7002,0.5990450663963791,0.6017962665882476,0.5987376782704394,0.034,0.04888888888888889,kcenter_a1,0.6502142788961296,0.7192825548446885,0.6424973675755847,2.0,
nyc_taxi,hard_sparse,outlier,7002,0.5990450663963791,0.6017962665882476,0.5987376782704394,0.034,0.04888888888888889,rho_a1,0.6351651589959569,0.7697330521111396,0.6201300580975957,5.0,
nyc_taxi,hard_sparse,outlier,7002,0.5990450663963791,0.6017962665882476,0.5987376782704394,0.034,0.04888888888888889,rho_landscape_a1,0.6166069799914681,0.7164620793757039,0.6054502957356418,5.0,
nyc_taxi,hard_sparse,outlier,7002,0.5990450663963791,0.6017962665882476,0.5987376782704394,0.034,0.04888888888888889,rho_filter_a1,0.6466397021736782,0.7232530351033424,0.6380797911570787,10.0,
nyc_taxi,hard_sparse,outlier,7003,0.7562403851661589,0.6806337124713117,0.7650161596753823,0.019333333333333334,0.017777777777777778,all_data,0.5789186767658034,0.5730251356393232,0.5796027485036984,,
nyc_taxi,hard_sparse,outlier,7003,0.7562403851661589,0.6806337124713117,0.7650161596753823,0.019333333333333334,0.017777777777777778,random,0.6419306578816237,0.5934692249151702,0.6475556456366587,,
nyc_taxi,hard_sparse,outlier,7003,0.7562403851661589,0.6806337124713117,0.7650161596753823,0.019333333333333334,0.017777777777777778,uniform,0.6524223793930765,0.6268934469702772,0.6553855590492942,3.0,
nyc_taxi,hard_sparse,outlier,7003,0.7562403851661589,0.6806337124713117,0.7650161596753823,0.019333333333333334,0.017777777777777778,rho,0.6505633314817383,0.6045622830404347,0.6559027388901039,2.0,
nyc_taxi,hard_sparse,outlier,7003,0.7562403851661589,0.6806337124713117,0.7650161596753823,0.019333333333333334,0.017777777777777778,ws_default,0.6659417979775788,0.6626872681558442,0.6663195559033159,3.0,
nyc_taxi,hard_sparse,outlier,7003,0.7562403851661589,0.6806337124713117,0.7650161596753823,0.019333333333333334,0.017777777777777778,ws_tuned,0.6355755642716006,0.6119745805644529,0.63831496416618,6.0,
nyc_taxi,hard_sparse,outlier,7003,0.7562403851661589,0.6806337124713117,0.7650161596753823,0.019333333333333334,0.017777777777777778,kcenter_a1,0.6392648121924246,0.6099282172860546,0.6426699526726283,2.0,
nyc_taxi,hard_sparse,outlier,7003,0.7562403851661589,0.6806337124713117,0.7650161596753823,0.019333333333333334,0.017777777777777778,rho_a1,0.6437225388158238,0.5948210886432752,0.6493985999965659,2.0,
nyc_taxi,hard_sparse,outlier,7003,0.7562403851661589,0.6806337124713117,0.7650161596753823,0.019333333333333334,0.017777777777777778,rho_landscape_a1,0.6309405600293739,0.599825145670989,0.6345521706245437,3.0,
nyc_taxi,hard_sparse,outlier,7003,0.7562403851661589,0.6806337124713117,0.7650161596753823,0.019333333333333334,0.017777777777777778,rho_filter_a1,0.6326042201554651,0.5921059537963902,0.6373049117864292,4.0,
nyc_taxi,hard_sparse,outlier,7004,0.6487216853849475,0.5947524152310381,0.6545025067382723,0.028,0.008888888888888889,all_data,0.6369477841319724,0.5492640399118764,0.6463398707672278,,
nyc_taxi,hard_sparse,outlier,7004,0.6487216853849475,0.5947524152310381,0.6545025067382723,0.028,0.008888888888888889,random,0.6958734623723964,0.6317573101428866,0.7027411487584525,,
nyc_taxi,hard_sparse,outlier,7004,0.6487216853849475,0.5947524152310381,0.6545025067382723,0.028,0.008888888888888889,uniform,0.6887919373614957,0.6671781805789371,0.6911070560647476,3.0,
nyc_taxi,hard_sparse,outlier,7004,0.6487216853849475,0.5947524152310381,0.6545025067382723,0.028,0.008888888888888889,rho,0.6833511379785574,0.5756663123514123,0.6948856044932834,6.0,
nyc_taxi,hard_sparse,outlier,7004,0.6487216853849475,0.5947524152310381,0.6545025067382723,0.028,0.008888888888888889,ws_default,0.6829447913231514,0.6320850406989641,0.688392542081956,6.0,
nyc_taxi,hard_sparse,outlier,7004,0.6487216853849475,0.5947524152310381,0.6545025067382723,0.028,0.008888888888888889,ws_tuned,0.7011819828079019,0.6494631463534815,0.7067217530010544,3.0,
nyc_taxi,hard_sparse,outlier,7004,0.6487216853849475,0.5947524152310381,0.6545025067382723,0.028,0.008888888888888889,kcenter_a1,0.6857133700702766,0.6145169882503856,0.6933394425209541,2.0,
nyc_taxi,hard_sparse,outlier,7004,0.6487216853849475,0.5947524152310381,0.6545025067382723,0.028,0.008888888888888889,rho_a1,0.686156276357704,0.5930019927381055,0.6961343299864847,2.0,
nyc_taxi,hard_sparse,outlier,7004,0.6487216853849475,0.5947524152310381,0.6545025067382723,0.028,0.008888888888888889,rho_landscape_a1,0.674289695641658,0.5851292975736154,0.6838399513992921,1.0,
nyc_taxi,hard_sparse,outlier,7004,0.6487216853849475,0.5947524152310381,0.6545025067382723,0.028,0.008888888888888889,rho_filter_a1,0.687314128106828,0.6130093764362137,0.6952731480062267,2.0,
nyc_taxi,hard_sparse,outlier,7005,0.608896959296354,0.6121546329187799,0.6085450222568121,0.032,0.008888888888888889,all_data,0.6209229031028628,0.6085544447271479,0.6222591077473305,,
nyc_taxi,hard_sparse,outlier,7005,0.608896959296354,0.6121546329187799,0.6085450222568121,0.032,0.008888888888888889,random,0.6730200307390807,0.6754688917300045,0.6727554723494794,,
nyc_taxi,hard_sparse,outlier,7005,0.608896959296354,0.6121546329187799,0.6085450222568121,0.032,0.008888888888888889,uniform,0.6570786764663892,0.6550638519617761,0.657296344487663,3.0,
nyc_taxi,hard_sparse,outlier,7005,0.608896959296354,0.6121546329187799,0.6085450222568121,0.032,0.008888888888888889,rho,0.6914107851928734,0.6197203023092734,0.699155740407445,9.0,
nyc_taxi,hard_sparse,outlier,7005,0.608896959296354,0.6121546329187799,0.6085450222568121,0.032,0.008888888888888889,ws_default,0.6827378691200956,0.6785521763470087,0.683190063076191,4.0,
nyc_taxi,hard_sparse,outlier,7005,0.608896959296354,0.6121546329187799,0.6085450222568121,0.032,0.008888888888888889,ws_tuned,0.6717168271435159,0.7409497098728732,0.6642373744386822,4.0,
nyc_taxi,hard_sparse,outlier,7005,0.608896959296354,0.6121546329187799,0.6085450222568121,0.032,0.008888888888888889,kcenter_a1,0.6696710111331007,0.6980594846514461,0.6666041123319499,1.0,
nyc_taxi,hard_sparse,outlier,7005,0.608896959296354,0.6121546329187799,0.6085450222568121,0.032,0.008888888888888889,rho_a1,0.6938709095595709,0.577838734645643,0.70640624147548,6.0,
nyc_taxi,hard_sparse,outlier,7005,0.608896959296354,0.6121546329187799,0.6085450222568121,0.032,0.008888888888888889,rho_landscape_a1,0.6953286238534311,0.5863295380918333,0.7071041483539915,7.0,
nyc_taxi,hard_sparse,outlier,7005,0.608896959296354,0.6121546329187799,0.6085450222568121,0.032,0.008888888888888889,rho_filter_a1,0.6682602601859182,0.6607086832383017,0.6690760815182093,2.0,
nyc_taxi,hard_sparse,outlier,7006,0.6233494246144917,0.7414004546040577,0.6096838242112366,0.02266666666666667,0.044444444444444446,all_data,0.5866982961078183,0.7056653102034248,0.572926661282246,,
nyc_taxi,hard_sparse,outlier,7006,0.6233494246144917,0.7414004546040577,0.6096838242112366,0.02266666666666667,0.044444444444444446,random,0.6693115936377463,0.7757282151895385,0.6569927936533685,,
nyc_taxi,hard_sparse,outlier,7006,0.6233494246144917,0.7414004546040577,0.6096838242112366,0.02266666666666667,0.044444444444444446,uniform,0.6540444512592009,0.76498554242599,0.6412018981673689,2.0,
nyc_taxi,hard_sparse,outlier,7006,0.6233494246144917,0.7414004546040577,0.6096838242112366,0.02266666666666667,0.044444444444444446,rho,0.6644832677392062,0.8226700007436509,0.6461715538767668,8.0,
nyc_taxi,hard_sparse,outlier,7006,0.6233494246144917,0.7414004546040577,0.6096838242112366,0.02266666666666667,0.044444444444444446,ws_default,0.659423703714158,0.7628068048803641,0.647456064388084,8.0,
nyc_taxi,hard_sparse,outlier,7006,0.6233494246144917,0.7414004546040577,0.6096838242112366,0.02266666666666667,0.044444444444444446,ws_tuned,0.6357233591119311,0.7678542474816783,0.6204278727316118,11.0,
nyc_taxi,hard_sparse,outlier,7006,0.6233494246144917,0.7414004546040577,0.6096838242112366,0.02266666666666667,0.044444444444444446,kcenter_a1,0.6671113491169836,0.8186126576489242,0.6495735407374144,4.0,
nyc_taxi,hard_sparse,outlier,7006,0.6233494246144917,0.7414004546040577,0.6096838242112366,0.02266666666666667,0.044444444444444446,rho_a1,0.6585468913799599,0.8051879485577061,0.6415717062394397,9.0,
nyc_taxi,hard_sparse,outlier,7006,0.6233494246144917,0.7414004546040577,0.6096838242112366,0.02266666666666667,0.044444444444444446,rho_landscape_a1,0.6649650479105875,0.732257376135175,0.6571752804870996,10.0,
nyc_taxi,hard_sparse,outlier,7006,0.6233494246144917,0.7414004546040577,0.6096838242112366,0.02266666666666667,0.044444444444444446,rho_filter_a1,0.645940847334987,0.7125247547015566,0.638233086789066,9.0,
nyc_taxi,hard_sparse,outlier,7007,0.6535973604878452,0.8034778557894149,0.6380468455227817,0.026,0.044444444444444446,all_data,0.5944389848358647,0.8279626414870975,0.5702102610773482,,
nyc_taxi,hard_sparse,outlier,7007,0.6535973604878452,0.8034778557894149,0.6380468455227817,0.026,0.044444444444444446,random,0.6952406398240258,0.9023631744693216,0.6737511053244035,,
nyc_taxi,hard_sparse,outlier,7007,0.6535973604878452,0.8034778557894149,0.6380468455227817,0.026,0.044444444444444446,uniform,0.6870103466197529,0.8783137175734596,0.6671620940042469,7.0,
nyc_taxi,hard_sparse,outlier,7007,0.6535973604878452,0.8034778557894149,0.6380468455227817,0.026,0.044444444444444446,rho,0.7085982492951093,0.9193317612122279,0.6867340659394701,10.0,
nyc_taxi,hard_sparse,outlier,7007,0.6535973604878452,0.8034778557894149,0.6380468455227817,0.026,0.044444444444444446,ws_default,0.690046461083502,0.8774271948138026,0.6706051929039785,5.0,
nyc_taxi,hard_sparse,outlier,7007,0.6535973604878452,0.8034778557894149,0.6380468455227817,0.026,0.044444444444444446,ws_tuned,0.6911283224359563,0.8739474404856137,0.6721603344705391,11.0,
nyc_taxi,hard_sparse,outlier,7007,0.6535973604878452,0.8034778557894149,0.6380468455227817,0.026,0.044444444444444446,kcenter_a1,0.687411315073619,0.8424553931574454,0.6713250641465993,7.0,
nyc_taxi,hard_sparse,outlier,7007,0.6535973604878452,0.8034778557894149,0.6380468455227817,0.026,0.044444444444444446,rho_a1,0.6998864073448062,0.8719227787706102,0.6820371590953299,5.0,
nyc_taxi,hard_sparse,outlier,7007,0.6535973604878452,0.8034778557894149,0.6380468455227817,0.026,0.044444444444444446,rho_landscape_a1,0.6962423118726814,0.8826077520886043,0.6769063831968571,5.0,
nyc_taxi,hard_sparse,outlier,7007,0.6535973604878452,0.8034778557894149,0.6380468455227817,0.026,0.044444444444444446,rho_filter_a1,0.6943825869750194,0.8700740825373052,0.6761541095104997,7.0,
nyc_taxi,hard_sparse,outlier,7008,0.617644669078101,0.5967905307599763,0.6199360782828672,0.024,0.017777777777777778,all_data,0.6182519734688128,0.7022302453792096,0.6090246161778814,,
nyc_taxi,hard_sparse,outlier,7008,0.617644669078101,0.5967905307599763,0.6199360782828672,0.024,0.017777777777777778,random,0.679749015453439,0.8165111599490545,0.6647218763801138,,
nyc_taxi,hard_sparse,outlier,7008,0.617644669078101,0.5967905307599763,0.6199360782828672,0.024,0.017777777777777778,uniform,0.6680823648252158,0.7855061157343917,0.6551800880882476,3.0,
nyc_taxi,hard_sparse,outlier,7008,0.617644669078101,0.5967905307599763,0.6199360782828672,0.024,0.017777777777777778,rho,0.6661953501263946,0.7701892729026094,0.6547687148823933,5.0,
nyc_taxi,hard_sparse,outlier,7008,0.617644669078101,0.5967905307599763,0.6199360782828672,0.024,0.017777777777777778,ws_default,0.6671107733793334,0.8070299460758423,0.651736746634656,3.0,
nyc_taxi,hard_sparse,outlier,7008,0.617644669078101,0.5967905307599763,0.6199360782828672,0.024,0.017777777777777778,ws_tuned,0.6566573734433261,0.6905955174745377,0.6529283209915058,5.0,
nyc_taxi,hard_sparse,outlier,7008,0.617644669078101,0.5967905307599763,0.6199360782828672,0.024,0.017777777777777778,kcenter_a1,0.6868110618991627,0.8046689941605625,0.673861078221162,0.0,
nyc_taxi,hard_sparse,outlier,7008,0.617644669078101,0.5967905307599763,0.6199360782828672,0.024,0.017777777777777778,rho_a1,0.6826821507875527,0.9232186730475508,0.6562524996180301,3.0,
nyc_taxi,hard_sparse,outlier,7008,0.617644669078101,0.5967905307599763,0.6199360782828672,0.024,0.017777777777777778,rho_landscape_a1,0.6925400710655829,0.9587763756244465,0.663286581441468,2.0,
nyc_taxi,hard_sparse,outlier,7008,0.617644669078101,0.5967905307599763,0.6199360782828672,0.024,0.017777777777777778,rho_filter_a1,0.6688915436323071,0.7984013904093764,0.6546612718998654,3.0,
nyc_taxi,hard_sparse,outlier,7009,0.6103792909386727,0.5351089442456295,0.6184186804858545,0.024666666666666667,0.017777777777777778,all_data,0.5999409651187172,0.5385213219033111,0.6065010044881546,,
nyc_taxi,hard_sparse,outlier,7009,0.6103792909386727,0.5351089442456295,0.6184186804858545,0.024666666666666667,0.017777777777777778,random,0.653016128321886,0.5360724626528806,0.665506514306456,,
nyc_taxi,hard_sparse,outlier,7009,0.6103792909386727,0.5351089442456295,0.6184186804858545,0.024666666666666667,0.017777777777777778,uniform,0.6621948799027471,0.53755617367593,0.6755071490238181,6.0,
nyc_taxi,hard_sparse,outlier,7009,0.6103792909386727,0.5351089442456295,0.6184186804858545,0.024666666666666667,0.017777777777777778,rho,0.6339344809035621,0.5253433417346265,0.6455327597411961,4.0,
nyc_taxi,hard_sparse,outlier,7009,0.6103792909386727,0.5351089442456295,0.6184186804858545,0.024666666666666667,0.017777777777777778,ws_default,0.6587965637568325,0.5427565775668192,0.6711904305718146,6.0,
nyc_taxi,hard_sparse,outlier,7009,0.6103792909386727,0.5351089442456295,0.6184186804858545,0.024666666666666667,0.017777777777777778,ws_tuned,0.6529970556571523,0.5222596089997461,0.6669607121070026,8.0,
nyc_taxi,hard_sparse,outlier,7009,0.6103792909386727,0.5351089442456295,0.6184186804858545,0.024666666666666667,0.017777777777777778,kcenter_a1,0.6458249219949437,0.5293537806538708,0.6582648391387329,0.0,
nyc_taxi,hard_sparse,outlier,7009,0.6103792909386727,0.5351089442456295,0.6184186804858545,0.024666666666666667,0.017777777777777778,rho_a1,0.6196911679746799,0.531882974374977,0.6290696856087378,0.0,
nyc_taxi,hard_sparse,outlier,7009,0.6103792909386727,0.5351089442456295,0.6184186804858545,0.024666666666666667,0.017777777777777778,rho_landscape_a1,0.6285572486811843,0.5157820108967511,0.6406024179630856,1.0,
nyc_taxi,hard_sparse,outlier,7009,0.6103792909386727,0.5351089442456295,0.6184186804858545,0.024666666666666667,0.017777777777777778,rho_filter_a1,0.6362092202196713,0.5238794969633331,0.6482068054927611,4.0,
