dataset,region,noise,seed,region_share_R,detector,mae,err_in,secs,prec,error
synth2d,hard,clean,6200,0.09466666666666666,random,0.1639923528523072,0.3722280177717816,,,
synth2d,hard,clean,6200,0.09466666666666666,"kNN (LOO, default)",0.1380311584862063,0.3678315961367981,0.013420581817626953,0.2,
synth2d,hard,clean,6200,0.09466666666666666,Gaussian Process Regression,0.14447995392654428,0.39412164807176675,4.169921159744263,0.252212389380531,
synth2d,hard,clean,6200,0.09466666666666666,Polynomial Response Surface,0.15377992903510523,0.3785766428589665,0.012664079666137695,0.0,
synth2d,hard,clean,6200,0.09466666666666666,RBF Interpolation,0.1380451818915646,0.39007399754826133,0.07261419296264648,0.23008849557522124,
synth2d,hard,clean,6200,0.09466666666666666,kNN Performance Mapping,0.1498195663590317,0.3785984280858164,0.03640174865722656,0.21238938053097345,
synth2d,hard,clean,6200,0.09466666666666666,LOESS Local Regression,0.13531561939130674,0.3878547986148299,0.3265519142150879,0.22123893805309736,
synth2d,hard,clean,6200,0.09466666666666666,Quantile Regression,0.16473542364248664,0.3724813104192821,0.211320161819458,0.09466666666666666,
synth2d,hard,clean,6200,0.09466666666666666,Peaks over Threshold (EVT),0.1509023244466439,0.3809775445662637,0.04775834083557129,0.23008849557522124,
synth2d,hard,clean,6200,0.09466666666666666,Bayesian Optimization (EI),0.15237322528639094,0.3862628524760728,6.867455244064331,0.17699115044247787,
synth2d,hard,clean,6200,0.09466666666666666,kNN + GPR (mean),0.14392350197561832,0.3714699380350333,4.357208728790283,0.23893805309734514,
synth2d,hard,clean,6200,0.09466666666666666,kNN + Quantile (mean),0.14617199805535325,0.37327680748107184,0.2958824634552002,0.21238938053097345,
synth2d,hard,clean,6200,0.09466666666666666,Anchored GPR (QR prior),0.14033414674601338,0.3704502566740176,5.534717798233032,0.252212389380531,
synth2d,hard,clean,6200,0.09466666666666666,Gated GPR (QR anchor),0.16032338808927857,0.376843855489426,3.6412081718444824,0.252212389380531,
synth2d,hard,clean,6200,0.09466666666666666,QR × GPR (geometric),0.15116032723157158,0.36743404833966836,5.032849550247192,0.09466666666666666,
synth2d,hard,clean,6200,0.09466666666666666,EVT × GPR (geometric),0.14971060825366517,0.38242610593415755,4.1571972370147705,0.24336283185840707,
synth2d,hard,clean,6200,0.09466666666666666,GPR/kNN (variance-weighted),0.14006672502271045,0.3907138446409051,4.112907648086548,0.24336283185840707,
synth2d,hard,clean,6200,0.09466666666666666,GPR/kNN (disagreement-amplified),0.14123232406887587,0.36941636195168864,3.9872989654541016,0.252212389380531,
synth2d,hard,clean,6200,0.09466666666666666,Local GPR (QR-localised),0.1610904066012671,0.37682759779707997,2.7539429664611816,0.2168141592920354,
synth2d,hard,clean,6201,0.09333333333333334,random,0.1434169373869017,0.4103883550065003,,,
synth2d,hard,clean,6201,0.09333333333333334,"kNN (LOO, default)",0.14001153390217508,0.4134848566426303,0.013543128967285156,0.24888888888888888,
synth2d,hard,clean,6201,0.09333333333333334,Gaussian Process Regression,0.1389235152984903,0.4023019220359226,4.840138912200928,0.2079646017699115,
synth2d,hard,clean,6201,0.09333333333333334,Polynomial Response Surface,0.14221644874557762,0.39059496136543026,0.01510477066040039,0.19911504424778761,
synth2d,hard,clean,6201,0.09333333333333334,RBF Interpolation,0.13008014472210658,0.3892410025502763,0.07415151596069336,0.1902654867256637,
synth2d,hard,clean,6201,0.09333333333333334,kNN Performance Mapping,0.13574752810952698,0.39642805161618516,0.02656102180480957,0.2168141592920354,
synth2d,hard,clean,6201,0.09333333333333334,LOESS Local Regression,0.13545971444947072,0.3854211889708701,0.3450777530670166,0.24778761061946902,
synth2d,hard,clean,6201,0.09333333333333334,Quantile Regression,0.14599548902408982,0.3963549180157808,0.21306681632995605,0.10660486674391657,
synth2d,hard,clean,6201,0.09333333333333334,Peaks over Threshold (EVT),0.13814590729766757,0.40215504644159034,0.04425501823425293,0.1902654867256637,
synth2d,hard,clean,6201,0.09333333333333334,Bayesian Optimization (EI),0.13208375941274603,0.3862483105887371,5.159599304199219,0.2079646017699115,
synth2d,hard,clean,6201,0.09333333333333334,kNN + GPR (mean),0.13910007943489366,0.40484499932178036,4.280246734619141,0.19469026548672566,
synth2d,hard,clean,6201,0.09333333333333334,kNN + Quantile (mean),0.1396859224354076,0.41043353009321487,0.15454721450805664,0.2831858407079646,
synth2d,hard,clean,6201,0.09333333333333334,Anchored GPR (QR prior),0.13753652433346764,0.3876121274909766,5.598069667816162,0.2079646017699115,
synth2d,hard,clean,6201,0.09333333333333334,Gated GPR (QR anchor),0.13773259777132596,0.4187223674909528,3.485206365585327,0.168141592920354,
synth2d,hard,clean,6201,0.09333333333333334,QR × GPR (geometric),0.1408581357885121,0.40424204387403356,2.8869504928588867,0.12282734646581692,
synth2d,hard,clean,6201,0.09333333333333334,EVT × GPR (geometric),0.13527367531643064,0.41582255633172854,4.604517221450806,0.17256637168141592,
synth2d,hard,clean,6201,0.09333333333333334,GPR/kNN (variance-weighted),0.137705210336003,0.4093498084736241,3.6988325119018555,0.21238938053097345,
synth2d,hard,clean,6201,0.09333333333333334,GPR/kNN (disagreement-amplified),0.137870571680863,0.40816777208413807,3.5961873531341553,0.22566371681415928,
synth2d,hard,clean,6201,0.09333333333333334,Local GPR (QR-localised),0.14113402997116142,0.41616795496356573,6.791552543640137,0.12831858407079647,
synth2d,hard,clean,6202,0.10866666666666666,random,0.10483411299601667,0.3450404399735223,,,
synth2d,hard,clean,6202,0.10866666666666666,"kNN (LOO, default)",0.10146145223900087,0.3414488432542012,0.015008687973022461,0.5066666666666667,
synth2d,hard,clean,6202,0.10866666666666666,Gaussian Process Regression,0.09803961397718038,0.3371349323111253,5.298298597335815,0.3893805309734513,
synth2d,hard,clean,6202,0.10866666666666666,Polynomial Response Surface,0.10437047024274283,0.3414760909139471,0.011550188064575195,0.5619469026548672,
synth2d,hard,clean,6202,0.10866666666666666,RBF Interpolation,0.09818894195398255,0.3445798967110231,0.09065365791320801,0.38495575221238937,
synth2d,hard,clean,6202,0.10866666666666666,kNN Performance Mapping,0.10137544101809441,0.3405544361304757,0.02108621597290039,0.5398230088495575,
synth2d,hard,clean,6202,0.10866666666666666,LOESS Local Regression,0.10228253643489636,0.33246816058146844,0.34346747398376465,0.7079646017699115,
synth2d,hard,clean,6202,0.10866666666666666,Quantile Regression,0.10071765748135496,0.34583434170886057,0.2698485851287842,0.09154113557358054,
synth2d,hard,clean,6202,0.10866666666666666,Peaks over Threshold (EVT),0.10236710853752527,0.33833651102908174,0.053377628326416016,0.5752212389380531,
synth2d,hard,clean,6202,0.10866666666666666,Bayesian Optimization (EI),0.10439242952370899,0.33218183196993323,4.983081102371216,0.1902654867256637,
synth2d,hard,clean,6202,0.10866666666666666,kNN + GPR (mean),0.09971988792226645,0.3446490904215741,3.246763229370117,0.5132743362831859,
synth2d,hard,clean,6202,0.10866666666666666,kNN + Quantile (mean),0.10224673294276207,0.3434408286538935,0.26364564895629883,0.415929203539823,
synth2d,hard,clean,6202,0.10866666666666666,Anchored GPR (QR prior),0.10384287352598259,0.3395299175999911,6.227343320846558,0.3893805309734513,
synth2d,hard,clean,6202,0.10866666666666666,Gated GPR (QR anchor),0.0988193145797543,0.3417353197672502,4.766127586364746,0.26991150442477874,
synth2d,hard,clean,6202,0.10866666666666666,QR × GPR (geometric),0.10159265198245532,0.34419829112354644,5.180025577545166,0.1425260718424102,
synth2d,hard,clean,6202,0.10866666666666666,EVT × GPR (geometric),0.10032325283107993,0.3369175860312419,4.917536735534668,0.5353982300884956,
synth2d,hard,clean,6202,0.10866666666666666,GPR/kNN (variance-weighted),0.09931215981407468,0.3412482232840438,6.03303599357605,0.5221238938053098,
synth2d,hard,clean,6202,0.10866666666666666,GPR/kNN (disagreement-amplified),0.10214821640864634,0.34450246131960827,5.495988845825195,0.37610619469026546,
synth2d,hard,clean,6202,0.10866666666666666,Local GPR (QR-localised),0.10114278381903352,0.34718091608803603,1.6833062171936035,0.3141592920353982,
synth2d,hard,clean,6203,0.11333333333333333,random,0.13488911091894978,0.3506044039576833,,,
synth2d,hard,clean,6203,0.11333333333333333,"kNN (LOO, default)",0.12460651646113313,0.34863458901968075,0.009450435638427734,0.27111111111111114,
synth2d,hard,clean,6203,0.11333333333333333,Gaussian Process Regression,0.12683490583457904,0.339377424447397,4.479475498199463,0.2345132743362832,
synth2d,hard,clean,6203,0.11333333333333333,Polynomial Response Surface,0.12511380213620338,0.3498928053133702,0.0201108455657959,0.0,
synth2d,hard,clean,6203,0.11333333333333333,RBF Interpolation,0.1183599253046745,0.33776148084634905,0.06542325019836426,0.24778761061946902,
synth2d,hard,clean,6203,0.11333333333333333,kNN Performance Mapping,0.125039276266007,0.34089366971195345,0.019620656967163086,0.23008849557522124,
synth2d,hard,clean,6203,0.11333333333333333,LOESS Local Regression,0.12441741098634658,0.35262977819217795,0.34414172172546387,0.1504424778761062,
synth2d,hard,clean,6203,0.11333333333333333,Quantile Regression,0.13186012375462716,0.35326607774743124,0.209031343460083,0.11333333333333333,
synth2d,hard,clean,6203,0.11333333333333333,Peaks over Threshold (EVT),0.11966489582188769,0.33966933796852156,0.02840733528137207,0.26991150442477874,
synth2d,hard,clean,6203,0.11333333333333333,Bayesian Optimization (EI),0.1163890670628467,0.3468668844483899,5.786826848983765,0.13274336283185842,
synth2d,hard,clean,6203,0.11333333333333333,kNN + GPR (mean),0.12792115085193886,0.34294063585611434,4.727767705917358,0.23893805309734514,
synth2d,hard,clean,6203,0.11333333333333333,kNN + Quantile (mean),0.12499306857512434,0.36307702275910864,0.30367493629455566,0.23008849557522124,
synth2d,hard,clean,6203,0.11333333333333333,Anchored GPR (QR prior),0.11859884810038199,0.35708471369791395,5.2651591300964355,0.2345132743362832,
synth2d,hard,clean,6203,0.11333333333333333,Gated GPR (QR anchor),0.12829028145550198,0.3453410002375598,5.518637180328369,0.28761061946902655,
synth2d,hard,clean,6203,0.11333333333333333,QR × GPR (geometric),0.13758336949193467,0.34839675464389586,5.444392204284668,0.11333333333333333,
synth2d,hard,clean,6203,0.11333333333333333,EVT × GPR (geometric),0.11790454562417449,0.3444453276613468,4.385527610778809,0.24778761061946902,
synth2d,hard,clean,6203,0.11333333333333333,GPR/kNN (variance-weighted),0.12288681750026986,0.3534122333465863,4.315174579620361,0.23893805309734514,
synth2d,hard,clean,6203,0.11333333333333333,GPR/kNN (disagreement-amplified),0.14633188956868246,0.34551001349240257,5.264174222946167,0.23893805309734514,
synth2d,hard,clean,6203,0.11333333333333333,Local GPR (QR-localised),0.13106645907001638,0.347757942794303,2.217714309692383,0.23008849557522124,
synth2d,hard,clean,6204,0.11,random,0.1353853844194365,0.4358208610131582,,,
synth2d,hard,clean,6204,0.11,"kNN (LOO, default)",0.13150520220580542,0.4170046004967846,0.01355290412902832,0.19555555555555557,
synth2d,hard,clean,6204,0.11,Gaussian Process Regression,0.13394992257155205,0.425799660473405,5.559880495071411,0.24778761061946902,
synth2d,hard,clean,6204,0.11,Polynomial Response Surface,0.12573099561819387,0.434135167290159,0.014096498489379883,0.0,
synth2d,hard,clean,6204,0.11,RBF Interpolation,0.12259019692983114,0.43309889904160276,0.051660776138305664,0.24336283185840707,
synth2d,hard,clean,6204,0.11,kNN Performance Mapping,0.12611455691578685,0.4176906560076967,0.023600339889526367,0.2079646017699115,
synth2d,hard,clean,6204,0.11,LOESS Local Regression,0.13099937009963647,0.44348876053178166,0.34688425064086914,0.004424778761061947,
synth2d,hard,clean,6204,0.11,Quantile Regression,0.13652462016743697,0.4360301262161647,0.14242935180664062,0.1413673232908459,
synth2d,hard,clean,6204,0.11,Peaks over Threshold (EVT),0.1252283648547058,0.42815826191288925,0.040285348892211914,0.22566371681415928,
synth2d,hard,clean,6204,0.11,Bayesian Optimization (EI),0.12896511219534784,0.42919421163665633,6.070135593414307,0.18141592920353983,
synth2d,hard,clean,6204,0.11,kNN + GPR (mean),0.12712913006117793,0.41678507877701026,4.586188793182373,0.22123893805309736,
synth2d,hard,clean,6204,0.11,kNN + Quantile (mean),0.13091126253210753,0.4280648732084099,0.2653810977935791,0.34513274336283184,
synth2d,hard,clean,6204,0.11,Anchored GPR (QR prior),0.12749622224006807,0.42435495528317935,5.531541347503662,0.24778761061946902,
synth2d,hard,clean,6204,0.11,Gated GPR (QR anchor),0.12641358273864772,0.4202586371347778,4.99016261100769,0.10176991150442478,
synth2d,hard,clean,6204,0.11,QR × GPR (geometric),0.13950863710638303,0.43153619747522387,5.683444499969482,0.1413673232908459,
synth2d,hard,clean,6204,0.11,EVT × GPR (geometric),0.12294448816176691,0.4122607627248043,4.8699049949646,0.22566371681415928,
synth2d,hard,clean,6204,0.11,GPR/kNN (variance-weighted),0.12782508827787104,0.42982999969012325,6.012395858764648,0.23893805309734514,
synth2d,hard,clean,6204,0.11,GPR/kNN (disagreement-amplified),0.1331320694681135,0.4427051357092037,5.3945841789245605,0.252212389380531,
synth2d,hard,clean,6204,0.11,Local GPR (QR-localised),0.12518125525713056,0.43457530184561827,0.7208600044250488,0.07079646017699115,
synth2d,hard,outlier,6200,0.09533333333333334,random,0.19853536170065395,0.38503274846950386,,,
synth2d,hard,outlier,6200,0.09533333333333334,"kNN (LOO, default)",0.19455504490522935,0.3754420819273906,0.011528730392456055,0.15555555555555556,
synth2d,hard,outlier,6200,0.09533333333333334,Gaussian Process Regression,0.1865461627654198,0.3789875814408182,3.69926381111145,0.19469026548672566,
synth2d,hard,outlier,6200,0.09533333333333334,Polynomial Response Surface,0.20234555314800157,0.3801732845784821,0.011449575424194336,0.0,
synth2d,hard,outlier,6200,0.09533333333333334,RBF Interpolation,0.19075524361134444,0.3737173201710393,0.07634758949279785,0.10176991150442478,
synth2d,hard,outlier,6200,0.09533333333333334,kNN Performance Mapping,0.18966221407753184,0.3926229014782711,0.021547794342041016,0.14601769911504425,
synth2d,hard,outlier,6200,0.09533333333333334,LOESS Local Regression,0.20446149881822995,0.37002086754792973,0.36159825325012207,0.05752212389380531,
synth2d,hard,outlier,6200,0.09533333333333334,Quantile Regression,0.1943360440596761,0.38761683917876427,0.2941739559173584,0.09533333333333334,
synth2d,hard,outlier,6200,0.09533333333333334,Peaks over Threshold (EVT),0.19423202872603343,0.3823774764051815,0.030778884887695312,0.1504424778761062,
synth2d,hard,outlier,6200,0.09533333333333334,Bayesian Optimization (EI),0.19538184367453187,0.3953967046013469,5.08505916595459,0.13274336283185842,
synth2d,hard,outlier,6200,0.09533333333333334,kNN + GPR (mean),0.1733518332155233,0.3809462578038187,3.559481620788574,0.17699115044247787,
synth2d,hard,outlier,6200,0.09533333333333334,kNN + Quantile (mean),0.19611566384998297,0.3752780240293389,0.17707490921020508,0.14601769911504425,
synth2d,hard,outlier,6200,0.09533333333333334,Anchored GPR (QR prior),0.1992069498156731,0.37842308673341934,3.4200148582458496,0.19469026548672566,
synth2d,hard,outlier,6200,0.09533333333333334,Gated GPR (QR anchor),0.20316075010174472,0.3887930545407259,5.148782014846802,0.3274336283185841,
synth2d,hard,outlier,6200,0.09533333333333334,QR × GPR (geometric),0.21081280054585128,0.4019147779845216,3.7682666778564453,0.09533333333333334,
synth2d,hard,outlier,6200,0.09533333333333334,EVT × GPR (geometric),0.19007762887268448,0.38623924011638544,3.861663818359375,0.14601769911504425,
synth2d,hard,outlier,6200,0.09533333333333334,GPR/kNN (variance-weighted),0.18755600972519226,0.38390017987531183,3.7583956718444824,0.14601769911504425,
synth2d,hard,outlier,6200,0.09533333333333334,GPR/kNN (disagreement-amplified),0.19157203192301958,0.36804960636591383,3.5143868923187256,0.22566371681415928,
synth2d,hard,outlier,6200,0.09533333333333334,Local GPR (QR-localised),0.21204372910577657,0.3739984686810292,2.2584314346313477,0.3053097345132743,
synth2d,hard,outlier,6201,0.09266666666666666,random,0.18762370381827215,0.39016479375666063,,,
synth2d,hard,outlier,6201,0.09266666666666666,"kNN (LOO, default)",0.1749557650922011,0.4111402641600481,0.008686542510986328,0.1511111111111111,
synth2d,hard,outlier,6201,0.09266666666666666,Gaussian Process Regression,0.18232401754453592,0.4125032118253722,3.020362138748169,0.25663716814159293,
synth2d,hard,outlier,6201,0.09266666666666666,Polynomial Response Surface,0.18815121222767023,0.40759125535450624,0.013554573059082031,0.13274336283185842,
synth2d,hard,outlier,6201,0.09266666666666666,RBF Interpolation,0.18536550031015112,0.41582450314748254,0.05550384521484375,0.12389380530973451,
synth2d,hard,outlier,6201,0.09266666666666666,kNN Performance Mapping,0.17516657983780928,0.4315039441590832,0.021605253219604492,0.16371681415929204,
synth2d,hard,outlier,6201,0.09266666666666666,LOESS Local Regression,0.17414826913861123,0.3984287379458032,0.3559138774871826,0.22123893805309736,
synth2d,hard,outlier,6201,0.09266666666666666,Quantile Regression,0.20296700373769078,0.3950768453986924,0.2789144515991211,0.11703360370799537,
synth2d,hard,outlier,6201,0.09266666666666666,Peaks over Threshold (EVT),0.19097954279345955,0.39819183746768483,0.019531726837158203,0.22123893805309736,
synth2d,hard,outlier,6201,0.09266666666666666,Bayesian Optimization (EI),0.19360041550896567,0.4115412263863677,3.480333089828491,0.23893805309734514,
synth2d,hard,outlier,6201,0.09266666666666666,kNN + GPR (mean),0.1766619561138018,0.4127991147106759,3.878222942352295,0.19911504424778761,
synth2d,hard,outlier,6201,0.09266666666666666,kNN + Quantile (mean),0.19476618559481795,0.39780928150923034,0.32123708724975586,0.22123893805309736,
synth2d,hard,outlier,6201,0.09266666666666666,Anchored GPR (QR prior),0.18468572704909236,0.40795369668143755,3.9916443824768066,0.25663716814159293,
synth2d,hard,outlier,6201,0.09266666666666666,Gated GPR (QR anchor),0.1818601625623669,0.39696620951571515,3.606168746948242,0.05752212389380531,
synth2d,hard,outlier,6201,0.09266666666666666,QR × GPR (geometric),0.18983408523938972,0.39577471007092624,3.4355409145355225,0.1425260718424102,
synth2d,hard,outlier,6201,0.09266666666666666,EVT × GPR (geometric),0.17481749415184258,0.399583001508843,3.5824296474456787,0.21238938053097345,
synth2d,hard,outlier,6201,0.09266666666666666,GPR/kNN (variance-weighted),0.18901570828395142,0.41633577235953245,3.0501019954681396,0.21238938053097345,
synth2d,hard,outlier,6201,0.09266666666666666,GPR/kNN (disagreement-amplified),0.18045600787327504,0.4176366141131504,2.8815531730651855,0.252212389380531,
synth2d,hard,outlier,6201,0.09266666666666666,Local GPR (QR-localised),0.1946946565129824,0.3994300428887511,1.9168007373809814,0.0,
synth2d,hard,outlier,6202,0.11666666666666667,random,0.19192907780840604,0.3724785709516725,,,
synth2d,hard,outlier,6202,0.11666666666666667,"kNN (LOO, default)",0.18527519576950732,0.36044520771832633,0.011492013931274414,0.24,
synth2d,hard,outlier,6202,0.11666666666666667,Gaussian Process Regression,0.1762171844054834,0.38626401935357246,3.122556209564209,0.10619469026548672,
synth2d,hard,outlier,6202,0.11666666666666667,Polynomial Response Surface,0.18362927586891314,0.38099061342020424,0.017822980880737305,0.04424778761061947,
synth2d,hard,outlier,6202,0.11666666666666667,RBF Interpolation,0.18989609759908285,0.36576883138781996,0.05460667610168457,0.12831858407079647,
synth2d,hard,outlier,6202,0.11666666666666667,kNN Performance Mapping,0.18372998515295036,0.39115989920380695,0.02760171890258789,0.2345132743362832,
synth2d,hard,outlier,6202,0.11666666666666667,LOESS Local Regression,0.17593822960354338,0.36555647396929947,0.4351232051849365,0.0752212389380531,
synth2d,hard,outlier,6202,0.11666666666666667,Quantile Regression,0.19832592745461639,0.37872506866223415,0.3126964569091797,0.0,
synth2d,hard,outlier,6202,0.11666666666666667,Peaks over Threshold (EVT),0.19232433921560266,0.38806048024753137,0.01851677894592285,0.3672566371681416,
synth2d,hard,outlier,6202,0.11666666666666667,Bayesian Optimization (EI),0.17606865619639372,0.35779005615148607,3.926406145095825,0.11504424778761062,
synth2d,hard,outlier,6202,0.11666666666666667,kNN + GPR (mean),0.1817472043483947,0.36915067576456023,2.7918331623077393,0.16371681415929204,
synth2d,hard,outlier,6202,0.11666666666666667,kNN + Quantile (mean),0.17194740054076463,0.37278296437143094,0.3771371841430664,0.1504424778761062,
synth2d,hard,outlier,6202,0.11666666666666667,Anchored GPR (QR prior),0.18116878586986046,0.3697610148702686,1.9682350158691406,0.10619469026548672,
synth2d,hard,outlier,6202,0.11666666666666667,Gated GPR (QR anchor),0.1872731128064303,0.3876102985471956,4.154728412628174,0.13274336283185842,
synth2d,hard,outlier,6202,0.11666666666666667,QR × GPR (geometric),0.17283232343990307,0.37198426052753464,3.2631583213806152,0.09734513274336283,
synth2d,hard,outlier,6202,0.11666666666666667,EVT × GPR (geometric),0.1945052352499468,0.3742878222659598,3.339763879776001,0.2743362831858407,
synth2d,hard,outlier,6202,0.11666666666666667,GPR/kNN (variance-weighted),0.1837591910609017,0.37176340216793297,3.118257522583008,0.15486725663716813,
synth2d,hard,outlier,6202,0.11666666666666667,GPR/kNN (disagreement-amplified),0.218298231678383,0.4110494634408635,3.594804525375366,0.09734513274336283,
synth2d,hard,outlier,6202,0.11666666666666667,Local GPR (QR-localised),0.17140896903828387,0.3524933681045301,1.0921475887298584,0.2920353982300885,
synth2d,hard,outlier,6203,0.11066666666666666,random,0.2256767721608966,0.3873530740141503,,,
synth2d,hard,outlier,6203,0.11066666666666666,"kNN (LOO, default)",0.19810481182710152,0.3733443207193742,0.012120246887207031,0.18666666666666668,
synth2d,hard,outlier,6203,0.11066666666666666,Gaussian Process Regression,0.20997617606394556,0.3709825786145611,3.1426844596862793,0.09292035398230089,
synth2d,hard,outlier,6203,0.11066666666666666,Polynomial Response Surface,0.2192536303255421,0.37442036241832505,0.013804435729980469,0.0,
synth2d,hard,outlier,6203,0.11066666666666666,RBF Interpolation,0.20115101625120632,0.35930081394530244,0.06448197364807129,0.1504424778761062,
synth2d,hard,outlier,6203,0.11066666666666666,kNN Performance Mapping,0.20537145618136252,0.363325580401463,0.026288270950317383,0.18141592920353983,
synth2d,hard,outlier,6203,0.11066666666666666,LOESS Local Regression,0.219136626365511,0.3650421370163501,0.35657739639282227,0.2831858407079646,
synth2d,hard,outlier,6203,0.11066666666666666,Quantile Regression,0.21659399450619493,0.36754927558159683,0.30309128761291504,0.11066666666666666,
synth2d,hard,outlier,6203,0.11066666666666666,Peaks over Threshold (EVT),0.21986753032683923,0.3860414190290215,0.02027130126953125,0.252212389380531,
synth2d,hard,outlier,6203,0.11066666666666666,Bayesian Optimization (EI),0.23049255208194935,0.38725140860297685,5.75893235206604,0.048672566371681415,
synth2d,hard,outlier,6203,0.11066666666666666,kNN + GPR (mean),0.21319286625657846,0.38438675877984696,4.591317415237427,0.14601769911504425,
synth2d,hard,outlier,6203,0.11066666666666666,kNN + Quantile (mean),0.20193650027789578,0.3698683975066382,0.15009593963623047,0.18141592920353983,
synth2d,hard,outlier,6203,0.11066666666666666,Anchored GPR (QR prior),0.216083758473307,0.38991131613316027,4.263200044631958,0.09292035398230089,
synth2d,hard,outlier,6203,0.11066666666666666,Gated GPR (QR anchor),0.22126060596594083,0.3636434536049422,3.9959988594055176,0.11061946902654868,
synth2d,hard,outlier,6203,0.11066666666666666,QR × GPR (geometric),0.22097074058764798,0.3750033100117283,3.982652187347412,0.11066666666666666,
synth2d,hard,outlier,6203,0.11066666666666666,EVT × GPR (geometric),0.2153309976305076,0.37444403585976405,4.164984226226807,0.2345132743362832,
synth2d,hard,outlier,6203,0.11066666666666666,GPR/kNN (variance-weighted),0.2147928513309845,0.37579877275705453,3.386117935180664,0.14601769911504425,
synth2d,hard,outlier,6203,0.11066666666666666,GPR/kNN (disagreement-amplified),0.22692545025765035,0.36793053630495093,4.0811121463775635,0.084070796460177,
synth2d,hard,outlier,6203,0.11066666666666666,Local GPR (QR-localised),0.2276008964782913,0.3733056584074114,4.074269533157349,0.23008849557522124,
synth2d,hard,outlier,6204,0.118,random,0.21600906125226035,0.49572340699691464,,,
synth2d,hard,outlier,6204,0.118,"kNN (LOO, default)",0.19257384392296267,0.4715242832038961,0.011994123458862305,0.27555555555555555,
synth2d,hard,outlier,6204,0.118,Gaussian Process Regression,0.221455925595414,0.5263849882243687,3.5998761653900146,0.28761061946902655,
synth2d,hard,outlier,6204,0.118,Polynomial Response Surface,0.19228860464606867,0.46237373823337,0.013543844223022461,0.24336283185840707,
synth2d,hard,outlier,6204,0.118,RBF Interpolation,0.20032577948664984,0.5511148723868802,0.05431485176086426,0.23008849557522124,
synth2d,hard,outlier,6204,0.118,kNN Performance Mapping,0.20904542242665067,0.4951135455175774,0.027646541595458984,0.252212389380531,
synth2d,hard,outlier,6204,0.118,LOESS Local Regression,0.19941183421783487,0.4803889506429025,0.39785265922546387,0.1592920353982301,
synth2d,hard,outlier,6204,0.118,Quantile Regression,0.23013304882224148,0.4655225581428172,0.22226667404174805,0.13789107763615296,
synth2d,hard,outlier,6204,0.118,Peaks over Threshold (EVT),0.23189770450760513,0.4879789207117423,0.027987957000732422,0.3141592920353982,
synth2d,hard,outlier,6204,0.118,Bayesian Optimization (EI),0.20903698758183759,0.4764940718107273,3.052145481109619,0.3141592920353982,
synth2d,hard,outlier,6204,0.118,kNN + GPR (mean),0.20467669645622222,0.48513507937909334,3.9610538482666016,0.27876106194690264,
synth2d,hard,outlier,6204,0.118,kNN + Quantile (mean),0.20390809848174868,0.47956357122843946,0.275409460067749,0.3141592920353982,
synth2d,hard,outlier,6204,0.118,Anchored GPR (QR prior),0.2088367946942514,0.4850256183395743,3.444507122039795,0.28761061946902655,
synth2d,hard,outlier,6204,0.118,Gated GPR (QR anchor),0.21035055819986342,0.5272195230758434,3.3610732555389404,0.06637168141592921,
synth2d,hard,outlier,6204,0.118,QR × GPR (geometric),0.20603332890983064,0.48936409169807943,4.014145135879517,0.14947856315179606,
synth2d,hard,outlier,6204,0.118,EVT × GPR (geometric),0.21002057192331344,0.5364971195989949,4.069203615188599,0.3053097345132743,
synth2d,hard,outlier,6204,0.118,GPR/kNN (variance-weighted),0.19979574582912193,0.49481967978733615,3.4811975955963135,0.252212389380531,
synth2d,hard,outlier,6204,0.118,GPR/kNN (disagreement-amplified),0.20422284446307187,0.5026273112977149,2.7099947929382324,0.26991150442477874,
synth2d,hard,outlier,6204,0.118,Local GPR (QR-localised),0.2097794975436973,0.519392710973297,4.087871074676514,0.022123893805309734,
synth2d,sparse_all,clean,6200,0.03,random,0.09991022615929172,0.14751705709744706,,,
synth2d,sparse_all,clean,6200,0.03,"kNN (LOO, default)",0.09411073579618302,0.11073406663768835,0.011021137237548828,0.06666666666666667,
synth2d,sparse_all,clean,6200,0.03,Gaussian Process Regression,0.09140977207642545,0.13179864615530193,4.942774534225464,0.061946902654867256,
synth2d,sparse_all,clean,6200,0.03,Polynomial Response Surface,0.10052841251297705,0.15076512967089584,0.01847672462463379,0.0,
synth2d,sparse_all,clean,6200,0.03,RBF Interpolation,0.09806095075223394,0.13204890831534757,0.059345245361328125,0.061946902654867256,
synth2d,sparse_all,clean,6200,0.03,kNN Performance Mapping,0.09467335410872708,0.1277752873955034,0.019222021102905273,0.05752212389380531,
synth2d,sparse_all,clean,6200,0.03,LOESS Local Regression,0.09613864316116182,0.15686318165819624,0.2961108684539795,0.035398230088495575,
synth2d,sparse_all,clean,6200,0.03,Quantile Regression,0.10154632312354031,0.18262552703154525,0.178480863571167,0.03,
synth2d,sparse_all,clean,6200,0.03,Peaks over Threshold (EVT),0.0997530033428664,0.14980791201473018,0.03151297569274902,0.004424778761061947,
synth2d,sparse_all,clean,6200,0.03,Bayesian Optimization (EI),0.0917472118932994,0.10871576724511614,5.45456337928772,0.13274336283185842,
synth2d,sparse_all,clean,6200,0.03,kNN + GPR (mean),0.08801939605466248,0.1099759655746894,4.6319122314453125,0.05752212389380531,
synth2d,sparse_all,clean,6200,0.03,kNN + Quantile (mean),0.09224645677286399,0.12513532569891936,0.30426526069641113,0.05752212389380531,
synth2d,sparse_all,clean,6200,0.03,Anchored GPR (QR prior),0.0929000942959406,0.10942163157733806,5.491464138031006,0.061946902654867256,
synth2d,sparse_all,clean,6200,0.03,Gated GPR (QR anchor),0.09040770602154959,0.10099058249934319,5.149437427520752,0.084070796460177,
synth2d,sparse_all,clean,6200,0.03,QR × GPR (geometric),0.10783127273564778,0.21101456843451952,5.96441388130188,0.03,
synth2d,sparse_all,clean,6200,0.03,EVT × GPR (geometric),0.09722461406368695,0.14899754856111236,4.584718465805054,0.01327433628318584,
synth2d,sparse_all,clean,6200,0.03,GPR/kNN (variance-weighted),0.09724480862699414,0.14344151918765144,4.851187705993652,0.06637168141592921,
synth2d,sparse_all,clean,6200,0.03,GPR/kNN (disagreement-amplified),0.0940001586979036,0.12635756492681938,4.291511058807373,0.07079646017699115,
synth2d,sparse_all,clean,6200,0.03,Local GPR (QR-localised),0.10410305331260745,0.14364148136243177,1.8870539665222168,0.13274336283185842,
synth2d,sparse_all,clean,6201,0.018666666666666668,random,0.11112868832568945,0.2692980411431412,,,
synth2d,sparse_all,clean,6201,0.018666666666666668,"kNN (LOO, default)",0.10299784670299462,0.24887367491768,0.011060714721679688,0.044444444444444446,
synth2d,sparse_all,clean,6201,0.018666666666666668,Gaussian Process Regression,0.09475103522284987,0.17573359281094827,5.83270001411438,0.030973451327433628,
synth2d,sparse_all,clean,6201,0.018666666666666668,Polynomial Response Surface,0.1256224499450468,0.3846941281626199,0.011121034622192383,0.02654867256637168,
synth2d,sparse_all,clean,6201,0.018666666666666668,RBF Interpolation,0.10624974645607298,0.22709225803269792,0.0759432315826416,0.03982300884955752,
synth2d,sparse_all,clean,6201,0.018666666666666668,kNN Performance Mapping,0.09748893681391703,0.1737908708380842,0.0322268009185791,0.048672566371681415,
synth2d,sparse_all,clean,6201,0.018666666666666668,LOESS Local Regression,0.10132843176481868,0.1793979213986003,0.3680763244628906,0.05752212389380531,
synth2d,sparse_all,clean,6201,0.018666666666666668,Quantile Regression,0.10839082279431012,0.18092057815487145,0.30164337158203125,0.05752212389380531,
synth2d,sparse_all,clean,6201,0.018666666666666668,Peaks over Threshold (EVT),0.10672764981548068,0.2835121208659845,0.03314495086669922,0.0,
synth2d,sparse_all,clean,6201,0.018666666666666668,Bayesian Optimization (EI),0.1082331117269595,0.23349349522968613,4.740812540054321,0.10176991150442478,
synth2d,sparse_all,clean,6201,0.018666666666666668,kNN + GPR (mean),0.09531421671284593,0.19835683711189833,4.1557745933532715,0.04424778761061947,
synth2d,sparse_all,clean,6201,0.018666666666666668,kNN + Quantile (mean),0.10052039819590866,0.14259715547365187,0.30620336532592773,0.06637168141592921,
synth2d,sparse_all,clean,6201,0.018666666666666668,Anchored GPR (QR prior),0.10638490097042218,0.25976033550182703,6.1390061378479,0.04424778761061947,
synth2d,sparse_all,clean,6201,0.018666666666666668,Gated GPR (QR anchor),0.10763330680156266,0.261102538487277,4.653475284576416,0.035398230088495575,
synth2d,sparse_all,clean,6201,0.018666666666666668,QR × GPR (geometric),0.10058698354500996,0.18475097900352136,5.710687160491943,0.08849557522123894,
synth2d,sparse_all,clean,6201,0.018666666666666668,EVT × GPR (geometric),0.11714051862723636,0.38073275189948663,3.7900447845458984,0.0,
synth2d,sparse_all,clean,6201,0.018666666666666668,GPR/kNN (variance-weighted),0.1162933249786036,0.34422749014690013,5.560063362121582,0.022123893805309734,
synth2d,sparse_all,clean,6201,0.018666666666666668,GPR/kNN (disagreement-amplified),0.10620344657788296,0.25852915554057776,5.014293432235718,0.03982300884955752,
synth2d,sparse_all,clean,6201,0.018666666666666668,Local GPR (QR-localised),0.11088094036786061,0.29712124069216556,1.520132303237915,0.048672566371681415,
synth2d,sparse_all,clean,6202,0.03666666666666667,random,0.11649086993010002,0.1729451378483669,,,
synth2d,sparse_all,clean,6202,0.03666666666666667,"kNN (LOO, default)",0.09155656009177167,0.1298651463776165,0.010073184967041016,0.1111111111111111,
synth2d,sparse_all,clean,6202,0.03666666666666667,Gaussian Process Regression,0.10689960977584519,0.13006558194229348,4.211751222610474,0.11946902654867257,
synth2d,sparse_all,clean,6202,0.03666666666666667,Polynomial Response Surface,0.11966087058494354,0.16754087309272578,0.02023768424987793,0.0,
synth2d,sparse_all,clean,6202,0.03666666666666667,RBF Interpolation,0.09188844131115702,0.10908265730920733,0.050403594970703125,0.10176991150442478,
synth2d,sparse_all,clean,6202,0.03666666666666667,kNN Performance Mapping,0.09234775118499733,0.11591061108098363,0.022773027420043945,0.09292035398230089,
synth2d,sparse_all,clean,6202,0.03666666666666667,LOESS Local Regression,0.10835981052302704,0.17858645422900427,0.41901087760925293,0.0,
synth2d,sparse_all,clean,6202,0.03666666666666667,Quantile Regression,0.10803031519068654,0.1486635504176665,0.13341856002807617,0.038238702201622246,
synth2d,sparse_all,clean,6202,0.03666666666666667,Peaks over Threshold (EVT),0.09999214630487982,0.15428135588298694,0.043572425842285156,0.008849557522123894,
synth2d,sparse_all,clean,6202,0.03666666666666667,Bayesian Optimization (EI),0.0968333332234487,0.11407639967926003,5.2120490074157715,0.1504424778761062,
synth2d,sparse_all,clean,6202,0.03666666666666667,kNN + GPR (mean),0.09164257369696147,0.1369565454613298,3.9273428916931152,0.10619469026548672,
synth2d,sparse_all,clean,6202,0.03666666666666667,kNN + Quantile (mean),0.10092354965661222,0.13300139332029062,0.2379612922668457,0.05309734513274336,
synth2d,sparse_all,clean,6202,0.03666666666666667,Anchored GPR (QR prior),0.08990521283083422,0.12932504477183712,4.179535865783691,0.11946902654867257,
synth2d,sparse_all,clean,6202,0.03666666666666667,Gated GPR (QR anchor),0.09417559274441606,0.14685332146428615,3.634587049484253,0.03982300884955752,
synth2d,sparse_all,clean,6202,0.03666666666666667,QR × GPR (geometric),0.10438012583961628,0.14924268988486933,3.718679666519165,0.04519119351100811,
synth2d,sparse_all,clean,6202,0.03666666666666667,EVT × GPR (geometric),0.10527768278657393,0.15869005911708695,3.661799192428589,0.03982300884955752,
synth2d,sparse_all,clean,6202,0.03666666666666667,GPR/kNN (variance-weighted),0.10107293880779104,0.1473345488298916,3.6815619468688965,0.11061946902654868,
synth2d,sparse_all,clean,6202,0.03666666666666667,GPR/kNN (disagreement-amplified),0.09348821486347549,0.10600244082963622,4.01129412651062,0.11946902654867257,
synth2d,sparse_all,clean,6202,0.03666666666666667,Local GPR (QR-localised),0.0951196769304959,0.1691482248770643,1.7095575332641602,0.01327433628318584,
synth2d,sparse_all,clean,6203,0.024666666666666667,random,0.143324621037863,0.17468053433369918,,,
synth2d,sparse_all,clean,6203,0.024666666666666667,"kNN (LOO, default)",0.10952017660710271,0.14472893900071715,0.01007533073425293,0.04,
synth2d,sparse_all,clean,6203,0.024666666666666667,Gaussian Process Regression,0.10804588828960428,0.14060992471252928,5.1056153774261475,0.03982300884955752,
synth2d,sparse_all,clean,6203,0.024666666666666667,Polynomial Response Surface,0.11265321358079207,0.17264786621221692,0.017647266387939453,0.0,
synth2d,sparse_all,clean,6203,0.024666666666666667,RBF Interpolation,0.10637171129764324,0.1495362871743674,0.04584050178527832,0.03982300884955752,
synth2d,sparse_all,clean,6203,0.024666666666666667,kNN Performance Mapping,0.10989296482509273,0.15029248644897422,0.020067214965820312,0.04424778761061947,
synth2d,sparse_all,clean,6203,0.024666666666666667,LOESS Local Regression,0.12067521207722262,0.1619372650957396,0.3319435119628906,0.0,
synth2d,sparse_all,clean,6203,0.024666666666666667,Quantile Regression,0.1199486959533023,0.1766509926476198,0.14608359336853027,0.0,
synth2d,sparse_all,clean,6203,0.024666666666666667,Peaks over Threshold (EVT),0.11121804046595636,0.18884626446469913,0.030692338943481445,0.004424778761061947,
synth2d,sparse_all,clean,6203,0.024666666666666667,Bayesian Optimization (EI),0.11786636956030694,0.1308079441578323,5.43360447883606,0.084070796460177,
synth2d,sparse_all,clean,6203,0.024666666666666667,kNN + GPR (mean),0.11164913394644392,0.16229999874238424,4.262822866439819,0.04424778761061947,
synth2d,sparse_all,clean,6203,0.024666666666666667,kNN + Quantile (mean),0.11953774806872561,0.18713395372049607,0.29596924781799316,0.008849557522123894,
synth2d,sparse_all,clean,6203,0.024666666666666667,Anchored GPR (QR prior),0.10322792227506054,0.1477433724029465,5.068339586257935,0.03982300884955752,
synth2d,sparse_all,clean,6203,0.024666666666666667,Gated GPR (QR anchor),0.13978106472630691,0.19689625547307307,4.602658033370972,0.01327433628318584,
synth2d,sparse_all,clean,6203,0.024666666666666667,QR × GPR (geometric),0.11143013049332674,0.17724777424766405,5.297561407089233,0.022123893805309734,
synth2d,sparse_all,clean,6203,0.024666666666666667,EVT × GPR (geometric),0.1125310862103164,0.17600298228880654,4.724112033843994,0.004424778761061947,
synth2d,sparse_all,clean,6203,0.024666666666666667,GPR/kNN (variance-weighted),0.10013635682388193,0.12369018562178953,4.466416597366333,0.03982300884955752,
synth2d,sparse_all,clean,6203,0.024666666666666667,GPR/kNN (disagreement-amplified),0.1094210502500166,0.13702017876976086,4.5080015659332275,0.04424778761061947,
synth2d,sparse_all,clean,6203,0.024666666666666667,Local GPR (QR-localised),0.12686025913232504,0.18696616025583143,0.9363195896148682,0.0,
synth2d,sparse_all,clean,6204,0.03,random,0.08322967322735045,0.2735882249033532,,,
synth2d,sparse_all,clean,6204,0.03,"kNN (LOO, default)",0.08069736778806676,0.2652639865811496,0.025079011917114258,0.1288888888888889,
synth2d,sparse_all,clean,6204,0.03,Gaussian Process Regression,0.07912565108021338,0.2238094970004552,4.238458871841431,0.12389380530973451,
synth2d,sparse_all,clean,6204,0.03,Polynomial Response Surface,0.08605591647353214,0.31104941527118374,0.01560521125793457,0.0,
synth2d,sparse_all,clean,6204,0.03,RBF Interpolation,0.07677785831998792,0.23334795701161637,0.05009722709655762,0.11504424778761062,
synth2d,sparse_all,clean,6204,0.03,kNN Performance Mapping,0.07616245437971615,0.21766652910054,0.020084619522094727,0.13716814159292035,
synth2d,sparse_all,clean,6204,0.03,LOESS Local Regression,0.07958851532598632,0.2151859889669245,0.3169255256652832,0.11061946902654868,
synth2d,sparse_all,clean,6204,0.03,Quantile Regression,0.08615552477012091,0.2869009866268456,0.34503602981567383,0.03592120509849363,
synth2d,sparse_all,clean,6204,0.03,Peaks over Threshold (EVT),0.08549454034095953,0.2565034843368379,0.04889869689941406,0.035398230088495575,
synth2d,sparse_all,clean,6204,0.03,Bayesian Optimization (EI),0.08117639305789555,0.2515267604938322,4.007889032363892,0.14601769911504425,
synth2d,sparse_all,clean,6204,0.03,kNN + GPR (mean),0.08238979177538897,0.23009392794838146,3.7488410472869873,0.12389380530973451,
synth2d,sparse_all,clean,6204,0.03,kNN + Quantile (mean),0.07498319018597563,0.202901958210451,0.30118727684020996,0.1592920353982301,
synth2d,sparse_all,clean,6204,0.03,Anchored GPR (QR prior),0.08084257098840564,0.22894809008421926,4.135077476501465,0.12831858407079647,
synth2d,sparse_all,clean,6204,0.03,Gated GPR (QR anchor),0.07846060580944875,0.24910985991627685,4.5035271644592285,0.11946902654867257,
synth2d,sparse_all,clean,6204,0.03,QR × GPR (geometric),0.085996660829162,0.2811296231174367,4.468249797821045,0.0440324449594438,
synth2d,sparse_all,clean,6204,0.03,EVT × GPR (geometric),0.07885970318054572,0.22044243951174353,4.3063013553619385,0.0752212389380531,
synth2d,sparse_all,clean,6204,0.03,GPR/kNN (variance-weighted),0.0779502635879545,0.22774708248672854,4.6299848556518555,0.13274336283185842,
synth2d,sparse_all,clean,6204,0.03,GPR/kNN (disagreement-amplified),0.07971389566300877,0.2388755588040895,2.9513065814971924,0.11504424778761062,
synth2d,sparse_all,clean,6204,0.03,Local GPR (QR-localised),0.07980019596912413,0.2452140510943314,3.7762038707733154,0.12831858407079647,
synth2d,sparse_all,outlier,6200,0.027333333333333334,random,0.1574814315819145,0.2079201583970885,,,
synth2d,sparse_all,outlier,6200,0.027333333333333334,"kNN (LOO, default)",0.14881633940448935,0.12814310499150622,0.00951385498046875,0.08,
synth2d,sparse_all,outlier,6200,0.027333333333333334,Gaussian Process Regression,0.14586140659885066,0.15018679687243622,6.473952770233154,0.05309734513274336,
synth2d,sparse_all,outlier,6200,0.027333333333333334,Polynomial Response Surface,0.1768004428380134,0.21847212398852564,0.01789093017578125,0.0,
synth2d,sparse_all,outlier,6200,0.027333333333333334,RBF Interpolation,0.13284956691935043,0.15731076286879117,0.0642249584197998,0.05309734513274336,
synth2d,sparse_all,outlier,6200,0.027333333333333334,kNN Performance Mapping,0.14662174784931342,0.16087351342808812,0.019527673721313477,0.061946902654867256,
synth2d,sparse_all,outlier,6200,0.027333333333333334,LOESS Local Regression,0.15295578580552222,0.19484605179159367,0.3445103168487549,0.048672566371681415,
synth2d,sparse_all,outlier,6200,0.027333333333333334,Quantile Regression,0.14648263714071147,0.15603589760118342,0.30467653274536133,0.027333333333333334,
synth2d,sparse_all,outlier,6200,0.027333333333333334,Peaks over Threshold (EVT),0.14620539817191516,0.25874806584345866,0.036359310150146484,0.0,
synth2d,sparse_all,outlier,6200,0.027333333333333334,Bayesian Optimization (EI),0.14804704480025746,0.16083326013416654,4.740419149398804,0.10619469026548672,
synth2d,sparse_all,outlier,6200,0.027333333333333334,kNN + GPR (mean),0.13806696677490735,0.18954326488030016,4.560054063796997,0.048672566371681415,
synth2d,sparse_all,outlier,6200,0.027333333333333334,kNN + Quantile (mean),0.13146050404676066,0.14506559450546574,0.33251953125,0.061946902654867256,
synth2d,sparse_all,outlier,6200,0.027333333333333334,Anchored GPR (QR prior),0.15730707046294923,0.14876719733058588,7.146200180053711,0.05309734513274336,
synth2d,sparse_all,outlier,6200,0.027333333333333334,Gated GPR (QR anchor),0.14955559304386254,0.1682968346327707,4.965199947357178,0.084070796460177,
synth2d,sparse_all,outlier,6200,0.027333333333333334,QR × GPR (geometric),0.14994451467286074,0.19268804372613382,4.850326776504517,0.027333333333333334,
synth2d,sparse_all,outlier,6200,0.027333333333333334,EVT × GPR (geometric),0.16265242090700033,0.23155574262449624,4.3880698680877686,0.022123893805309734,
synth2d,sparse_all,outlier,6200,0.027333333333333334,GPR/kNN (variance-weighted),0.15736536878933116,0.1444934629909347,4.05922532081604,0.05309734513274336,
synth2d,sparse_all,outlier,6200,0.027333333333333334,GPR/kNN (disagreement-amplified),0.14031329552142965,0.13771457379174862,4.455112457275391,0.05309734513274336,
synth2d,sparse_all,outlier,6200,0.027333333333333334,Local GPR (QR-localised),0.16057643894255494,0.2056334258579907,1.3852403163909912,0.061946902654867256,
synth2d,sparse_all,outlier,6201,0.016,random,0.1936722462528905,0.24546845087509447,,,
synth2d,sparse_all,outlier,6201,0.016,"kNN (LOO, default)",0.18081509228834824,0.20944756164113884,0.012535810470581055,0.0,
synth2d,sparse_all,outlier,6201,0.016,Gaussian Process Regression,0.190858287346582,0.25145083873509977,4.407298564910889,0.0,
synth2d,sparse_all,outlier,6201,0.016,Polynomial Response Surface,0.1999164620930228,0.31763099415949925,0.012552499771118164,0.0,
synth2d,sparse_all,outlier,6201,0.016,RBF Interpolation,0.17704951528601026,0.2575483936638217,0.04797840118408203,0.008849557522123894,
synth2d,sparse_all,outlier,6201,0.016,kNN Performance Mapping,0.18761784596587114,0.23746408986555526,0.02709507942199707,0.0,
synth2d,sparse_all,outlier,6201,0.016,LOESS Local Regression,0.18581628672827097,0.3007447148788983,0.3519124984741211,0.0,
synth2d,sparse_all,outlier,6201,0.016,Quantile Regression,0.19788044633784285,0.2832270158375532,0.15190482139587402,0.01738122827346466,
synth2d,sparse_all,outlier,6201,0.016,Peaks over Threshold (EVT),0.1882483704923124,0.27324857300747496,0.03263401985168457,0.0,
synth2d,sparse_all,outlier,6201,0.016,Bayesian Optimization (EI),0.19285470589752213,0.22405912847954937,4.439359188079834,0.05752212389380531,
synth2d,sparse_all,outlier,6201,0.016,kNN + GPR (mean),0.17255817720148797,0.2965470729581149,4.6658971309661865,0.0,
synth2d,sparse_all,outlier,6201,0.016,kNN + Quantile (mean),0.18012074893312222,0.2414262312781552,0.1430823802947998,0.0,
synth2d,sparse_all,outlier,6201,0.016,Anchored GPR (QR prior),0.18640585573630797,0.23621872911038475,3.0855205059051514,0.0,
synth2d,sparse_all,outlier,6201,0.016,Gated GPR (QR anchor),0.17814062511088724,0.2391029514570909,3.8145079612731934,0.0,
synth2d,sparse_all,outlier,6201,0.016,QR × GPR (geometric),0.19453266873225755,0.26149917808589707,3.7575948238372803,0.01738122827346466,
synth2d,sparse_all,outlier,6201,0.016,EVT × GPR (geometric),0.18728129154056095,0.23866006562776165,5.170686960220337,0.0,
synth2d,sparse_all,outlier,6201,0.016,GPR/kNN (variance-weighted),0.18603135330914033,0.2625176329017931,4.483355522155762,0.0,
synth2d,sparse_all,outlier,6201,0.016,GPR/kNN (disagreement-amplified),0.18986472760911083,0.28654538339954244,3.8126633167266846,0.0,
synth2d,sparse_all,outlier,6201,0.016,Local GPR (QR-localised),0.18681317392487173,0.27239057868836775,1.7817978858947754,0.012482662968099861,
synth2d,sparse_all,outlier,6202,0.037333333333333336,random,0.19293543985952571,0.24401487085409337,,,
synth2d,sparse_all,outlier,6202,0.037333333333333336,"kNN (LOO, default)",0.16270529489783564,0.2205296177546137,0.008999824523925781,0.06666666666666667,
synth2d,sparse_all,outlier,6202,0.037333333333333336,Gaussian Process Regression,0.16315315352595963,0.2545939074275668,3.7708094120025635,0.05309734513274336,
synth2d,sparse_all,outlier,6202,0.037333333333333336,Polynomial Response Surface,0.1929759861913002,0.24133929588154474,0.012253522872924805,0.0,
synth2d,sparse_all,outlier,6202,0.037333333333333336,RBF Interpolation,0.1789272403762097,0.2854826836611298,0.07741975784301758,0.05752212389380531,
synth2d,sparse_all,outlier,6202,0.037333333333333336,kNN Performance Mapping,0.19411124394184615,0.25659614052547547,0.031479597091674805,0.07964601769911504,
synth2d,sparse_all,outlier,6202,0.037333333333333336,LOESS Local Regression,0.15055613248972144,0.23447929108760537,0.36102867126464844,0.05752212389380531,
synth2d,sparse_all,outlier,6202,0.037333333333333336,Quantile Regression,0.2053465975188025,0.24956020483532715,0.2278149127960205,0.037333333333333336,
synth2d,sparse_all,outlier,6202,0.037333333333333336,Peaks over Threshold (EVT),0.19111863742653556,0.3391584765462167,0.031178712844848633,0.0,
synth2d,sparse_all,outlier,6202,0.037333333333333336,Bayesian Optimization (EI),0.18917063845200863,0.1920361293693745,4.778403282165527,0.09734513274336283,
synth2d,sparse_all,outlier,6202,0.037333333333333336,kNN + GPR (mean),0.19317647210755606,0.29491836290937057,3.9745068550109863,0.07079646017699115,
synth2d,sparse_all,outlier,6202,0.037333333333333336,kNN + Quantile (mean),0.1898476662062949,0.297339940352099,0.14384007453918457,0.07964601769911504,
synth2d,sparse_all,outlier,6202,0.037333333333333336,Anchored GPR (QR prior),0.1981005612688219,0.3024313116079493,3.6987526416778564,0.030973451327433628,
synth2d,sparse_all,outlier,6202,0.037333333333333336,Gated GPR (QR anchor),0.1715354351354288,0.24394719865725956,4.405261993408203,0.05309734513274336,
synth2d,sparse_all,outlier,6202,0.037333333333333336,QR × GPR (geometric),0.21384261433509724,0.24862383113465328,4.9661149978637695,0.037333333333333336,
synth2d,sparse_all,outlier,6202,0.037333333333333336,EVT × GPR (geometric),0.16572986372246698,0.24967065891840795,4.454351902008057,0.022123893805309734,
synth2d,sparse_all,outlier,6202,0.037333333333333336,GPR/kNN (variance-weighted),0.18036562256587904,0.23333341559574158,3.484403371810913,0.06637168141592921,
synth2d,sparse_all,outlier,6202,0.037333333333333336,GPR/kNN (disagreement-amplified),0.18901008566125874,0.2006762147063932,4.2867591381073,0.03982300884955752,
synth2d,sparse_all,outlier,6202,0.037333333333333336,Local GPR (QR-localised),0.15130758591190724,0.20000506343551802,4.138996124267578,0.06637168141592921,
synth2d,sparse_all,outlier,6203,0.029333333333333333,random,0.15299334449656013,0.2649874140044059,,,
synth2d,sparse_all,outlier,6203,0.029333333333333333,"kNN (LOO, default)",0.13567636553612217,0.1530228608035486,0.11950230598449707,0.07111111111111111,
synth2d,sparse_all,outlier,6203,0.029333333333333333,Gaussian Process Regression,0.1604294672615207,0.24092568899550296,3.6260766983032227,0.01327433628318584,
synth2d,sparse_all,outlier,6203,0.029333333333333333,Polynomial Response Surface,0.1726297083963958,0.2946290511617957,0.016542673110961914,0.0,
synth2d,sparse_all,outlier,6203,0.029333333333333333,RBF Interpolation,0.14702573882069606,0.1469274659298962,0.052376747131347656,0.07079646017699115,
synth2d,sparse_all,outlier,6203,0.029333333333333333,kNN Performance Mapping,0.13516275483083337,0.14852114908751515,0.025990009307861328,0.05309734513274336,
synth2d,sparse_all,outlier,6203,0.029333333333333333,LOESS Local Regression,0.15368427246993507,0.25536754952478985,0.36048221588134766,0.05309734513274336,
synth2d,sparse_all,outlier,6203,0.029333333333333333,Quantile Regression,0.16844951629695196,0.19466434914172098,0.12477636337280273,0.023174971031286212,
synth2d,sparse_all,outlier,6203,0.029333333333333333,Peaks over Threshold (EVT),0.159174516746415,0.2851261908103945,0.04157090187072754,0.008849557522123894,
synth2d,sparse_all,outlier,6203,0.029333333333333333,Bayesian Optimization (EI),0.1473796713006079,0.21915372673823674,4.8706419467926025,0.035398230088495575,
synth2d,sparse_all,outlier,6203,0.029333333333333333,kNN + GPR (mean),0.14938725567865666,0.25676645791271696,3.0060970783233643,0.030973451327433628,
synth2d,sparse_all,outlier,6203,0.029333333333333333,kNN + Quantile (mean),0.142877676027963,0.16698435553294305,0.1716008186340332,0.03982300884955752,
synth2d,sparse_all,outlier,6203,0.029333333333333333,Anchored GPR (QR prior),0.16035148916257144,0.28428472345528893,3.537304639816284,0.004424778761061947,
synth2d,sparse_all,outlier,6203,0.029333333333333333,Gated GPR (QR anchor),0.15645057392689624,0.2671821835065434,3.7458693981170654,0.048672566371681415,
synth2d,sparse_all,outlier,6203,0.029333333333333333,QR × GPR (geometric),0.16971687159405008,0.24762432478332555,2.966506242752075,0.023174971031286212,
synth2d,sparse_all,outlier,6203,0.029333333333333333,EVT × GPR (geometric),0.15373520797894372,0.2559456079585892,3.2654776573181152,0.004424778761061947,
synth2d,sparse_all,outlier,6203,0.029333333333333333,GPR/kNN (variance-weighted),0.14688185398138198,0.20857649868119474,3.394951820373535,0.035398230088495575,
synth2d,sparse_all,outlier,6203,0.029333333333333333,GPR/kNN (disagreement-amplified),0.17736286346309352,0.29884654892248547,3.1529083251953125,0.02654867256637168,
synth2d,sparse_all,outlier,6203,0.029333333333333333,Local GPR (QR-localised),0.14493573799893744,0.1571717705117371,2.1248931884765625,0.08849557522123894,
synth2d,sparse_all,outlier,6204,0.02666666666666667,random,0.17978067050455698,0.2843926709219976,,,
synth2d,sparse_all,outlier,6204,0.02666666666666667,"kNN (LOO, default)",0.1689087278108259,0.34697537559507385,0.006527423858642578,0.035555555555555556,
synth2d,sparse_all,outlier,6204,0.02666666666666667,Gaussian Process Regression,0.18137209540477772,0.34461777029256,3.939772605895996,0.022123893805309734,
synth2d,sparse_all,outlier,6204,0.02666666666666667,Polynomial Response Surface,0.1814657940942887,0.3265893377735498,0.01151728630065918,0.0,
synth2d,sparse_all,outlier,6204,0.02666666666666667,RBF Interpolation,0.17702593124631164,0.29294787748161616,0.06360411643981934,0.035398230088495575,
synth2d,sparse_all,outlier,6204,0.02666666666666667,kNN Performance Mapping,0.16567972329646677,0.32447636984031836,0.021083354949951172,0.030973451327433628,
synth2d,sparse_all,outlier,6204,0.02666666666666667,LOESS Local Regression,0.1707156355006586,0.3157104393342422,0.17131662368774414,0.004424778761061947,
synth2d,sparse_all,outlier,6204,0.02666666666666667,Quantile Regression,0.18467704901335927,0.2683413968413368,0.2989211082458496,0.030127462340672075,
synth2d,sparse_all,outlier,6204,0.02666666666666667,Peaks over Threshold (EVT),0.1653498642932752,0.32183017875957914,0.037911176681518555,0.0,
synth2d,sparse_all,outlier,6204,0.02666666666666667,Bayesian Optimization (EI),0.16576141235478808,0.26847144388112276,4.209666728973389,0.07079646017699115,
synth2d,sparse_all,outlier,6204,0.02666666666666667,kNN + GPR (mean),0.16863182337995192,0.3104297209424192,3.6621007919311523,0.030973451327433628,
synth2d,sparse_all,outlier,6204,0.02666666666666667,kNN + Quantile (mean),0.16415361412509616,0.2772405181762379,0.28481554985046387,0.05309734513274336,
synth2d,sparse_all,outlier,6204,0.02666666666666667,Anchored GPR (QR prior),0.1901367734639941,0.2980003889936737,4.212878227233887,0.048672566371681415,
synth2d,sparse_all,outlier,6204,0.02666666666666667,Gated GPR (QR anchor),0.17287495107613657,0.23981350512888205,5.321698188781738,0.11061946902654868,
synth2d,sparse_all,outlier,6204,0.02666666666666667,QR × GPR (geometric),0.1763040569982053,0.2859129551798997,4.857300758361816,0.02549246813441483,
synth2d,sparse_all,outlier,6204,0.02666666666666667,EVT × GPR (geometric),0.16589049723077848,0.31772553388930386,5.018637657165527,0.008849557522123894,
synth2d,sparse_all,outlier,6204,0.02666666666666667,GPR/kNN (variance-weighted),0.18188179961341464,0.304916740398021,3.9055073261260986,0.05752212389380531,
synth2d,sparse_all,outlier,6204,0.02666666666666667,GPR/kNN (disagreement-amplified),0.19725350845229989,0.3946401305926778,5.117641925811768,0.022123893805309734,
synth2d,sparse_all,outlier,6204,0.02666666666666667,Local GPR (QR-localised),0.1850302225107169,0.34845781129090575,2.093721866607666,0.048672566371681415,
houses,hard,clean,6200,0.09133333333333334,random,0.4159828662075202,0.44996414406404456,,,
houses,hard,clean,6200,0.09133333333333334,"kNN (LOO, default)",0.41200963038959454,0.4514230378393358,0.04948878288269043,0.10666666666666667,
houses,hard,clean,6200,0.09133333333333334,Gaussian Process Regression,0.41568017330764084,0.45889025038162057,3.156862258911133,0.12831858407079647,
houses,hard,clean,6200,0.09133333333333334,Polynomial Response Surface,0.41852053740684025,0.43830285044607387,0.07219719886779785,0.008849557522123894,
houses,hard,clean,6200,0.09133333333333334,RBF Interpolation,0.4111154710244155,0.44650976325561803,0.05681777000427246,0.084070796460177,
houses,hard,clean,6200,0.09133333333333334,kNN Performance Mapping,0.40703663328746675,0.44703888830352334,0.05731368064880371,0.11946902654867257,
houses,hard,clean,6200,0.09133333333333334,LOESS Local Regression,,,,,"ValueError('operands could not be broadcast together with shapes (9,9) (3,3) ')"
houses,hard,clean,6200,0.09133333333333334,Quantile Regression,0.41610701209890716,0.45706054957081876,0.5150165557861328,0.07879490150637311,
houses,hard,clean,6200,0.09133333333333334,Peaks over Threshold (EVT),0.4118740337819056,0.4441230287817064,0.04178214073181152,0.27876106194690264,
houses,hard,clean,6200,0.09133333333333334,Bayesian Optimization (EI),0.410316742284215,0.47540992333674054,2.5450401306152344,0.09292035398230089,
houses,hard,clean,6200,0.09133333333333334,kNN + GPR (mean),0.40411295446457496,0.43976102983110626,2.6295769214630127,0.13274336283185842,
houses,hard,clean,6200,0.09133333333333334,kNN + Quantile (mean),0.4111968919697145,0.4592061560171196,0.3122115135192871,0.11946902654867257,
houses,hard,clean,6200,0.09133333333333334,Anchored GPR (QR prior),0.42280706735464674,0.4550396770056887,3.9998910427093506,0.13274336283185842,
houses,hard,clean,6200,0.09133333333333334,Gated GPR (QR anchor),0.4067993503653156,0.4546754859376387,3.919985294342041,0.0752212389380531,
houses,hard,clean,6200,0.09133333333333334,QR × GPR (geometric),0.4050114110169087,0.4441446537703927,3.348233699798584,0.07879490150637311,
houses,hard,clean,6200,0.09133333333333334,EVT × GPR (geometric),0.4090965948484545,0.4444790539033141,4.887146949768066,0.27876106194690264,
houses,hard,clean,6200,0.09133333333333334,GPR/kNN (variance-weighted),0.4115407246694276,0.45468484511220686,4.201449394226074,0.11504424778761062,
houses,hard,clean,6200,0.09133333333333334,GPR/kNN (disagreement-amplified),0.42139013441881623,0.4594386664585918,4.346205949783325,0.061946902654867256,
houses,hard,clean,6200,0.09133333333333334,Local GPR (QR-localised),0.4070220611918514,0.4394675185468669,3.6853537559509277,0.12831858407079647,
houses,hard,clean,6201,0.12133333333333333,random,0.4001920680983089,0.4038718703344692,,,
houses,hard,clean,6201,0.12133333333333333,"kNN (LOO, default)",0.39014555633135034,0.3956604875217111,0.04958772659301758,0.21333333333333335,
houses,hard,clean,6201,0.12133333333333333,Gaussian Process Regression,0.4000740616004774,0.40263316331620436,3.035374164581299,0.0752212389380531,
houses,hard,clean,6201,0.12133333333333333,Polynomial Response Surface,0.3923200199384687,0.4066616701662197,0.06993246078491211,0.0752212389380531,
houses,hard,clean,6201,0.12133333333333333,RBF Interpolation,0.4086349055350316,0.40594356895195677,0.07036471366882324,0.09292035398230089,
houses,hard,clean,6201,0.12133333333333333,kNN Performance Mapping,0.3960421731212116,0.3977439935616008,0.06445908546447754,0.2345132743362832,
houses,hard,clean,6201,0.12133333333333333,LOESS Local Regression,,,,,"ValueError('operands could not be broadcast together with shapes (9,9) (3,3) ')"
houses,hard,clean,6201,0.12133333333333333,Quantile Regression,0.38655981474103784,0.4079214122975781,0.5543668270111084,0.02654867256637168,
houses,hard,clean,6201,0.12133333333333333,Peaks over Threshold (EVT),0.4067259842461902,0.40059591092818114,0.037606239318847656,0.1592920353982301,
houses,hard,clean,6201,0.12133333333333333,Bayesian Optimization (EI),0.39444054407942997,0.40175877972635343,3.1813888549804688,0.03982300884955752,
houses,hard,clean,6201,0.12133333333333333,kNN + GPR (mean),0.3948650058506848,0.4039647402591915,5.365650177001953,0.168141592920354,
houses,hard,clean,6201,0.12133333333333333,kNN + Quantile (mean),0.3915416708427155,0.39293041902694,0.6201565265655518,0.16371681415929204,
houses,hard,clean,6201,0.12133333333333333,Anchored GPR (QR prior),0.3949586882033788,0.4084170426381062,4.737382888793945,0.084070796460177,
houses,hard,clean,6201,0.12133333333333333,Gated GPR (QR anchor),0.39744212501952153,0.3958192857799729,4.859691143035889,0.11061946902654868,
houses,hard,clean,6201,0.12133333333333333,QR × GPR (geometric),0.3937356074851287,0.40434960094020556,4.153589725494385,0.07079646017699115,
houses,hard,clean,6201,0.12133333333333333,EVT × GPR (geometric),0.40176649427289646,0.4067016643925461,3.2026760578155518,0.1592920353982301,
houses,hard,clean,6201,0.12133333333333333,GPR/kNN (variance-weighted),0.38995171047903343,0.4091842182065686,4.124701738357544,0.18141592920353983,
houses,hard,clean,6201,0.12133333333333333,GPR/kNN (disagreement-amplified),0.3960493556703259,0.3963751581623057,2.631263017654419,0.0752212389380531,
houses,hard,clean,6201,0.12133333333333333,Local GPR (QR-localised),0.39375495300301677,0.398018397300607,4.192126274108887,0.0752212389380531,
houses,hard,clean,6202,0.1,random,0.40483523471483374,0.4899280983883905,,,
houses,hard,clean,6202,0.1,"kNN (LOO, default)",0.3933298176827924,0.4671274759533555,0.0361475944519043,0.23555555555555555,
houses,hard,clean,6202,0.1,Gaussian Process Regression,0.4094433205021661,0.4944101240918011,3.318932294845581,0.37168141592920356,
houses,hard,clean,6202,0.1,Polynomial Response Surface,0.4002673306013385,0.48535587047159195,0.13071966171264648,0.2168141592920354,
houses,hard,clean,6202,0.1,RBF Interpolation,0.40539584595709255,0.5062834083032344,0.03705573081970215,0.17699115044247787,
houses,hard,clean,6202,0.1,kNN Performance Mapping,0.40011900517218796,0.4869801755641073,0.059693336486816406,0.2920353982300885,
houses,hard,clean,6202,0.1,LOESS Local Regression,,,,,"ValueError('operands could not be broadcast together with shapes (9,9) (3,3) ')"
houses,hard,clean,6202,0.1,Quantile Regression,0.4033519072283058,0.4800745314951424,0.5760881900787354,0.3141592920353982,
houses,hard,clean,6202,0.1,Peaks over Threshold (EVT),0.40574466911785145,0.4937261839450193,0.05468034744262695,0.3185840707964602,
houses,hard,clean,6202,0.1,Bayesian Optimization (EI),0.405193747452984,0.4885334001225213,3.158094644546509,0.26991150442477874,
houses,hard,clean,6202,0.1,kNN + GPR (mean),0.3986769854279879,0.4881812652085134,2.5929219722747803,0.3407079646017699,
houses,hard,clean,6202,0.1,kNN + Quantile (mean),0.4012583257138608,0.48083760813229987,0.5760343074798584,0.3141592920353982,
houses,hard,clean,6202,0.1,Anchored GPR (QR prior),0.4098727859442321,0.5051935079611568,4.100492000579834,0.3672566371681416,
houses,hard,clean,6202,0.1,Gated GPR (QR anchor),0.41570173670373767,0.5019013344050266,3.5320425033569336,0.3274336283185841,
houses,hard,clean,6202,0.1,QR × GPR (geometric),0.4115756554793638,0.4922539386636399,4.394383430480957,0.39823008849557523,
houses,hard,clean,6202,0.1,EVT × GPR (geometric),0.407990476983974,0.5027076646908494,3.7946994304656982,0.336283185840708,
houses,hard,clean,6202,0.1,GPR/kNN (variance-weighted),0.4045811428218467,0.4923545909005248,3.054419755935669,0.33185840707964603,
houses,hard,clean,6202,0.1,GPR/kNN (disagreement-amplified),0.40392181669702043,0.4812056710207802,2.809720754623413,0.3805309734513274,
houses,hard,clean,6202,0.1,Local GPR (QR-localised),0.4082247019225707,0.48462269492660703,4.415570497512817,0.37168141592920356,
houses,hard,clean,6203,0.11133333333333334,random,0.39265432743582374,0.4050230267484574,,,
houses,hard,clean,6203,0.11133333333333334,"kNN (LOO, default)",0.3898782806101304,0.39610290551354416,0.04886317253112793,0.02666666666666667,
houses,hard,clean,6203,0.11133333333333334,Gaussian Process Regression,0.3999861867606402,0.45367621890439896,2.658674478530884,0.0,
houses,hard,clean,6203,0.11133333333333334,Polynomial Response Surface,0.38203046294855625,0.39249402480887885,0.0814354419708252,0.1415929203539823,
houses,hard,clean,6203,0.11133333333333334,RBF Interpolation,0.39349299565012996,0.40311102329433823,0.03054523468017578,0.11061946902654868,
houses,hard,clean,6203,0.11133333333333334,kNN Performance Mapping,0.3920156722901453,0.3807290036201971,0.05332374572753906,0.035398230088495575,
houses,hard,clean,6203,0.11133333333333334,LOESS Local Regression,,,,,"ValueError('operands could not be broadcast together with shapes (9,9) (3,3) ')"
houses,hard,clean,6203,0.11133333333333334,Quantile Regression,0.39326739781198217,0.40992885244780347,0.538078784942627,0.10176991150442478,
houses,hard,clean,6203,0.11133333333333334,Peaks over Threshold (EVT),0.3934766208318572,0.39619469565108495,0.04666399955749512,0.008849557522123894,
houses,hard,clean,6203,0.11133333333333334,Bayesian Optimization (EI),0.38738006979160333,0.3698554760234286,3.0932631492614746,0.10619469026548672,
houses,hard,clean,6203,0.11133333333333334,kNN + GPR (mean),0.39478188051489127,0.42552943625028944,3.2413923740386963,0.02654867256637168,
houses,hard,clean,6203,0.11133333333333334,kNN + Quantile (mean),0.396417218044161,0.4265987013615103,0.6544818878173828,0.030973451327433628,
houses,hard,clean,6203,0.11133333333333334,Anchored GPR (QR prior),0.39924517067999354,0.40868020651254694,3.212768077850342,0.04424778761061947,
houses,hard,clean,6203,0.11133333333333334,Gated GPR (QR anchor),0.3848938408768256,0.40181414006614496,4.196291923522949,0.36283185840707965,
houses,hard,clean,6203,0.11133333333333334,QR × GPR (geometric),0.39203134768281334,0.4111560025261335,4.308090686798096,0.02654867256637168,
houses,hard,clean,6203,0.11133333333333334,EVT × GPR (geometric),0.39421810779604727,0.4244133193658543,2.438936471939087,0.008849557522123894,
houses,hard,clean,6203,0.11133333333333334,GPR/kNN (variance-weighted),0.3969118253763928,0.43041098832935615,3.893608808517456,0.017699115044247787,
houses,hard,clean,6203,0.11133333333333334,GPR/kNN (disagreement-amplified),0.39118616061281297,0.40657707542592236,3.223261594772339,0.035398230088495575,
houses,hard,clean,6203,0.11133333333333334,Local GPR (QR-localised),0.3977337675012674,0.41939805324065393,4.423638820648193,0.0,
houses,hard,clean,6204,0.10733333333333334,random,0.3973618816140573,0.45762814317806894,,,
houses,hard,clean,6204,0.10733333333333334,"kNN (LOO, default)",0.3942011050552769,0.4291346634352363,0.03925776481628418,0.08444444444444445,
houses,hard,clean,6204,0.10733333333333334,Gaussian Process Regression,0.39432990774831317,0.4570431753162735,2.618420362472534,0.004424778761061947,
houses,hard,clean,6204,0.10733333333333334,Polynomial Response Surface,0.40583336472469445,0.4482821691637464,0.09040713310241699,0.13716814159292035,
houses,hard,clean,6204,0.10733333333333334,RBF Interpolation,0.40577818509475155,0.4538619197016208,0.02907729148864746,0.12831858407079647,
houses,hard,clean,6204,0.10733333333333334,kNN Performance Mapping,0.3911061908632906,0.4430572415914834,0.06276321411132812,0.05309734513274336,
houses,hard,clean,6204,0.10733333333333334,LOESS Local Regression,,,,,"ValueError('operands could not be broadcast together with shapes (9,9) (3,3) ')"
houses,hard,clean,6204,0.10733333333333334,Quantile Regression,0.39540807514505494,0.45281613875983434,0.555516242980957,0.13274336283185842,
houses,hard,clean,6204,0.10733333333333334,Peaks over Threshold (EVT),0.3909697163576997,0.46683296027694554,0.03637051582336426,0.022123893805309734,
houses,hard,clean,6204,0.10733333333333334,Bayesian Optimization (EI),0.4005810807627738,0.4566926627638614,2.842958688735962,0.02654867256637168,
houses,hard,clean,6204,0.10733333333333334,kNN + GPR (mean),0.3979999055014689,0.45669677227042427,2.3376026153564453,0.017699115044247787,
houses,hard,clean,6204,0.10733333333333334,kNN + Quantile (mean),0.38965663967357894,0.45977515331665914,0.6461167335510254,0.05309734513274336,
houses,hard,clean,6204,0.10733333333333334,Anchored GPR (QR prior),0.3974418508673665,0.4663425978590886,4.035694122314453,0.04424778761061947,
houses,hard,clean,6204,0.10733333333333334,Gated GPR (QR anchor),0.3937168663608594,0.449074911903608,2.8510360717773438,0.084070796460177,
houses,hard,clean,6204,0.10733333333333334,QR × GPR (geometric),0.40484103809076577,0.44925989566320185,5.186323881149292,0.01327433628318584,
houses,hard,clean,6204,0.10733333333333334,EVT × GPR (geometric),0.39940820428724555,0.4606001712059801,2.7008097171783447,0.022123893805309734,
houses,hard,clean,6204,0.10733333333333334,GPR/kNN (variance-weighted),0.3923576692636433,0.46179535967642976,2.5997841358184814,0.004424778761061947,
houses,hard,clean,6204,0.10733333333333334,GPR/kNN (disagreement-amplified),0.3975294566752905,0.4438494168080118,4.033376455307007,0.030973451327433628,
houses,hard,clean,6204,0.10733333333333334,Local GPR (QR-localised),0.4006835477559714,0.45566418162743944,4.744763612747192,0.004424778761061947,
houses,hard,outlier,6200,0.08866666666666667,random,0.4258416414944903,0.45556482098677326,,,
houses,hard,outlier,6200,0.08866666666666667,"kNN (LOO, default)",0.4210047365296996,0.46093448689233424,0.05254340171813965,0.06666666666666667,
houses,hard,outlier,6200,0.08866666666666667,Gaussian Process Regression,0.4145619525913374,0.4518556119459032,2.6898765563964844,0.061946902654867256,
houses,hard,outlier,6200,0.08866666666666667,Polynomial Response Surface,0.4156114266253966,0.45191287273687847,0.06887197494506836,0.017699115044247787,
houses,hard,outlier,6200,0.08866666666666667,RBF Interpolation,0.43525955252273674,0.46014531399151026,0.05237102508544922,0.05752212389380531,
houses,hard,outlier,6200,0.08866666666666667,kNN Performance Mapping,0.4173405429765382,0.45274832868746134,0.07290267944335938,0.0752212389380531,
houses,hard,outlier,6200,0.08866666666666667,LOESS Local Regression,,,,,"ValueError('operands could not be broadcast together with shapes (9,9) (3,3) ')"
houses,hard,outlier,6200,0.08866666666666667,Quantile Regression,0.42324611276901974,0.4667572398428223,0.5599555969238281,0.08866666666666667,
houses,hard,outlier,6200,0.08866666666666667,Peaks over Threshold (EVT),0.4201891477205038,0.44803758794126497,0.03705310821533203,0.18141592920353983,
houses,hard,outlier,6200,0.08866666666666667,Bayesian Optimization (EI),0.4161492335846814,0.4512689381685692,2.907369613647461,0.048672566371681415,
houses,hard,outlier,6200,0.08866666666666667,kNN + GPR (mean),0.4212335437750201,0.4559718465672818,3.5287790298461914,0.03982300884955752,
houses,hard,outlier,6200,0.08866666666666667,kNN + Quantile (mean),0.4179914428351795,0.45122202532980255,0.7829504013061523,0.0752212389380531,
houses,hard,outlier,6200,0.08866666666666667,Anchored GPR (QR prior),0.40689010868514164,0.4470110770245047,4.281075954437256,0.061946902654867256,
houses,hard,outlier,6200,0.08866666666666667,Gated GPR (QR anchor),0.4300315259450141,0.46629934582869426,5.87975549697876,0.06637168141592921,
houses,hard,outlier,6200,0.08866666666666667,QR × GPR (geometric),0.431369973147559,0.4880852982915976,5.701348304748535,0.08866666666666667,
houses,hard,outlier,6200,0.08866666666666667,EVT × GPR (geometric),0.42550046757257953,0.45934922423537006,2.388108253479004,0.1902654867256637,
houses,hard,outlier,6200,0.08866666666666667,GPR/kNN (variance-weighted),0.4112892516133597,0.45809645113638237,3.0050344467163086,0.07079646017699115,
houses,hard,outlier,6200,0.08866666666666667,GPR/kNN (disagreement-amplified),0.4248371496176004,0.46200510852090565,3.8326873779296875,0.05752212389380531,
houses,hard,outlier,6200,0.08866666666666667,Local GPR (QR-localised),0.4349619463898343,0.4884232331662446,2.2835867404937744,0.008849557522123894,
houses,hard,outlier,6201,0.11466666666666667,random,0.45687300502364436,0.4470866015167118,,,
houses,hard,outlier,6201,0.11466666666666667,"kNN (LOO, default)",0.4444034158129184,0.44091851867838033,0.04583263397216797,0.1288888888888889,
houses,hard,outlier,6201,0.11466666666666667,Gaussian Process Regression,0.4629405735260035,0.4612840182328377,2.033376455307007,0.061946902654867256,
houses,hard,outlier,6201,0.11466666666666667,Polynomial Response Surface,0.4282023955944695,0.4407980454636051,0.03864312171936035,0.022123893805309734,
houses,hard,outlier,6201,0.11466666666666667,RBF Interpolation,0.4665780880580282,0.44546252817313053,0.07069826126098633,0.08849557522123894,
houses,hard,outlier,6201,0.11466666666666667,kNN Performance Mapping,0.4523373948999419,0.46706815525725426,0.0636451244354248,0.14601769911504425,
houses,hard,outlier,6201,0.11466666666666667,LOESS Local Regression,,,,,"ValueError('operands could not be broadcast together with shapes (9,9) (3,3) ')"
houses,hard,outlier,6201,0.11466666666666667,Quantile Regression,0.44384708384878774,0.4536902987145691,0.5870833396911621,0.022123893805309734,
houses,hard,outlier,6201,0.11466666666666667,Peaks over Threshold (EVT),0.46450958127477454,0.4492127429095236,0.038897037506103516,0.10176991150442478,
houses,hard,outlier,6201,0.11466666666666667,Bayesian Optimization (EI),0.4625566504719709,0.4576376794249031,3.002000570297241,0.06504065040650407,
houses,hard,outlier,6201,0.11466666666666667,kNN + GPR (mean),0.4590382711129232,0.46414128030351726,3.206120014190674,0.10619469026548672,
houses,hard,outlier,6201,0.11466666666666667,kNN + Quantile (mean),0.45023614807230294,0.44937705925627514,0.7776868343353271,0.13274336283185842,
houses,hard,outlier,6201,0.11466666666666667,Anchored GPR (QR prior),0.4493938737464246,0.43291478903965064,3.1222305297851562,0.022123893805309734,
houses,hard,outlier,6201,0.11466666666666667,Gated GPR (QR anchor),0.4453684017353225,0.43757461798031105,3.7134673595428467,0.02654867256637168,
houses,hard,outlier,6201,0.11466666666666667,QR × GPR (geometric),0.4556229533527905,0.4492312711372041,4.69996452331543,0.008849557522123894,
houses,hard,outlier,6201,0.11466666666666667,EVT × GPR (geometric),0.4779083906789067,0.44715866896059203,2.34791898727417,0.09734513274336283,
houses,hard,outlier,6201,0.11466666666666667,GPR/kNN (variance-weighted),0.4578833196339624,0.4311137499974333,4.04502272605896,0.08849557522123894,
houses,hard,outlier,6201,0.11466666666666667,GPR/kNN (disagreement-amplified),0.45034904992847796,0.4615178198269024,3.41558575630188,0.017699115044247787,
houses,hard,outlier,6201,0.11466666666666667,Local GPR (QR-localised),0.4708082313317289,0.44202979426784966,2.986189365386963,0.061946902654867256,
houses,hard,outlier,6202,0.1,random,0.41477925712096064,0.5134792035290998,,,
houses,hard,outlier,6202,0.1,"kNN (LOO, default)",0.4107074011680766,0.5248438815868388,0.05532479286193848,0.10666666666666667,
houses,hard,outlier,6202,0.1,Gaussian Process Regression,0.4088752005001876,0.49730257929824945,2.3106133937835693,0.2079646017699115,
houses,hard,outlier,6202,0.1,Polynomial Response Surface,0.41814320216086664,0.49596122124212966,0.0694279670715332,0.07964601769911504,
houses,hard,outlier,6202,0.1,RBF Interpolation,0.41939734381464644,0.4894321978193361,0.07233166694641113,0.12389380530973451,
houses,hard,outlier,6202,0.1,kNN Performance Mapping,0.41767801789310505,0.4997704572771226,0.05096626281738281,0.12389380530973451,
houses,hard,outlier,6202,0.1,LOESS Local Regression,,,,,"ValueError('operands could not be broadcast together with shapes (9,9) (3,3) ')"
houses,hard,outlier,6202,0.1,Quantile Regression,0.41293516745261555,0.5106871430538643,0.537813663482666,0.07995365005793743,
houses,hard,outlier,6202,0.1,Peaks over Threshold (EVT),0.41673363579582223,0.524110130046067,0.05198073387145996,0.22566371681415928,
houses,hard,outlier,6202,0.1,Bayesian Optimization (EI),0.3997539056098595,0.4946175750356255,2.6302096843719482,0.18141592920353983,
houses,hard,outlier,6202,0.1,kNN + GPR (mean),0.4193971484609281,0.5026822284800295,3.2766969203948975,0.13274336283185842,
houses,hard,outlier,6202,0.1,kNN + Quantile (mean),0.4097745831321856,0.5170910982521457,0.562652587890625,0.11946902654867257,
houses,hard,outlier,6202,0.1,Anchored GPR (QR prior),0.40247239181556316,0.5016635740038201,3.0786995887756348,0.084070796460177,
houses,hard,outlier,6202,0.1,Gated GPR (QR anchor),0.40251533551179924,0.49833700939888453,4.212118625640869,0.10619469026548672,
houses,hard,outlier,6202,0.1,QR × GPR (geometric),0.4168816555307588,0.5122229111156696,5.625913619995117,0.09038238702201622,
houses,hard,outlier,6202,0.1,EVT × GPR (geometric),0.42284061328122924,0.5028601353618597,2.4044954776763916,0.22566371681415928,
houses,hard,outlier,6202,0.1,GPR/kNN (variance-weighted),0.4199420110257975,0.5290520578237607,2.7666871547698975,0.12389380530973451,
houses,hard,outlier,6202,0.1,GPR/kNN (disagreement-amplified),0.41577602812723014,0.5131868679524253,2.938781976699829,0.18584070796460178,
houses,hard,outlier,6202,0.1,Local GPR (QR-localised),0.41230464656022014,0.4888891117296148,1.7287654876708984,0.2168141592920354,
houses,hard,outlier,6203,0.11066666666666666,random,0.4327147029114136,0.4833217420503111,,,
houses,hard,outlier,6203,0.11066666666666666,"kNN (LOO, default)",0.4135019028866962,0.43253255314153083,0.035752296447753906,0.1288888888888889,
houses,hard,outlier,6203,0.11066666666666666,Gaussian Process Regression,0.43059509798381823,0.5032245409430415,2.8624587059020996,0.008849557522123894,
houses,hard,outlier,6203,0.11066666666666666,Polynomial Response Surface,0.4418808551921505,0.49741613972861315,0.09908056259155273,0.2920353982300885,
houses,hard,outlier,6203,0.11066666666666666,RBF Interpolation,0.42120917740949493,0.4717519190283943,0.056372642517089844,0.1592920353982301,
houses,hard,outlier,6203,0.11066666666666666,kNN Performance Mapping,0.4226884847609185,0.46514320424719485,0.054540157318115234,0.12389380530973451,
houses,hard,outlier,6203,0.11066666666666666,LOESS Local Regression,,,,,"ValueError('operands could not be broadcast together with shapes (9,9) (3,3) ')"
houses,hard,outlier,6203,0.11066666666666666,Quantile Regression,0.4092265787663259,0.41328034707790756,0.6007556915283203,0.6017699115044248,
houses,hard,outlier,6203,0.11066666666666666,Peaks over Threshold (EVT),0.4353602719095567,0.5063247318835402,0.05332040786743164,0.0,
houses,hard,outlier,6203,0.11066666666666666,Bayesian Optimization (EI),0.4343120758739817,0.5059120129827551,2.8265950679779053,0.030973451327433628,
houses,hard,outlier,6203,0.11066666666666666,kNN + GPR (mean),0.4292686921156277,0.4300254681963607,2.801785707473755,0.11946902654867257,
houses,hard,outlier,6203,0.11066666666666666,kNN + Quantile (mean),0.4115557537082168,0.46056823918153705,0.6441934108734131,0.19911504424778761,
houses,hard,outlier,6203,0.11066666666666666,Anchored GPR (QR prior),0.4252270733419992,0.43129180375290055,4.0012664794921875,0.26548672566371684,
houses,hard,outlier,6203,0.11066666666666666,Gated GPR (QR anchor),0.4110412465833815,0.3923110158860341,3.945483922958374,0.7345132743362832,
houses,hard,outlier,6203,0.11066666666666666,QR × GPR (geometric),0.4171279819701668,0.43172294882664447,4.451324939727783,0.5575221238938053,
houses,hard,outlier,6203,0.11066666666666666,EVT × GPR (geometric),0.434593782478086,0.4703593263034845,2.9451184272766113,0.0,
houses,hard,outlier,6203,0.11066666666666666,GPR/kNN (variance-weighted),0.4229032967953776,0.45527455451138277,3.7925891876220703,0.11946902654867257,
houses,hard,outlier,6203,0.11066666666666666,GPR/kNN (disagreement-amplified),0.4260129690636439,0.46988090048350484,3.4615650177001953,0.09292035398230089,
houses,hard,outlier,6203,0.11066666666666666,Local GPR (QR-localised),0.43230594895738034,0.5118409732732452,5.069875240325928,0.008849557522123894,
houses,hard,outlier,6204,0.114,random,0.43564959536079256,0.5015346756297804,,,
houses,hard,outlier,6204,0.114,"kNN (LOO, default)",0.439307374608731,0.5018826926424746,0.04702115058898926,0.2,
houses,hard,outlier,6204,0.114,Gaussian Process Regression,0.4415928897358419,0.5008647008774623,1.8992469310760498,0.022123893805309734,
houses,hard,outlier,6204,0.114,Polynomial Response Surface,0.445499012774153,0.5243315989744571,0.09578561782836914,0.12831858407079647,
houses,hard,outlier,6204,0.114,RBF Interpolation,0.4321171451248072,0.5179802932267966,0.05960798263549805,0.15486725663716813,
houses,hard,outlier,6204,0.114,kNN Performance Mapping,0.44700798626502797,0.48104221527445157,0.05399179458618164,0.17699115044247787,
houses,hard,outlier,6204,0.114,LOESS Local Regression,,,,,"ValueError('operands could not be broadcast together with shapes (9,9) (3,3) ')"
houses,hard,outlier,6204,0.114,Quantile Regression,0.43426891522738975,0.5066427243762442,0.5112342834472656,0.12152777777777778,
houses,hard,outlier,6204,0.114,Peaks over Threshold (EVT),0.44854533391963525,0.5024400414939324,0.04553055763244629,0.048672566371681415,
houses,hard,outlier,6204,0.114,Bayesian Optimization (EI),0.4270154665503368,0.4949669916828377,2.7109358310699463,0.061946902654867256,
houses,hard,outlier,6204,0.114,kNN + GPR (mean),0.45700890753806545,0.5172402755843417,2.401444435119629,0.11504424778761062,
houses,hard,outlier,6204,0.114,kNN + Quantile (mean),0.43665197111152215,0.485193396899381,0.620572566986084,0.19911504424778761,
houses,hard,outlier,6204,0.114,Anchored GPR (QR prior),0.42199131883748575,0.4875089985201853,3.256538152694702,0.07079646017699115,
houses,hard,outlier,6204,0.114,Gated GPR (QR anchor),0.44137550555742494,0.5247812219125879,5.404755592346191,0.04424778761061947,
houses,hard,outlier,6204,0.114,QR × GPR (geometric),0.43761677793359594,0.48537596231931357,4.169381856918335,0.11239860950173812,
houses,hard,outlier,6204,0.114,EVT × GPR (geometric),0.43599798938423096,0.4988651190118438,1.901120901107788,0.04424778761061947,
houses,hard,outlier,6204,0.114,GPR/kNN (variance-weighted),0.4348120401821543,0.5105647776865123,2.8000664710998535,0.09734513274336283,
houses,hard,outlier,6204,0.114,GPR/kNN (disagreement-amplified),0.4455593866776246,0.5399459927137399,3.1227736473083496,0.035398230088495575,
houses,hard,outlier,6204,0.114,Local GPR (QR-localised),0.44478785946240473,0.5247143943903183,1.6667063236236572,0.1592920353982301,
houses,sparse_all,clean,6200,0.018666666666666668,random,0.38680298151118064,0.3153856148214989,,,
houses,sparse_all,clean,6200,0.018666666666666668,"kNN (LOO, default)",0.38347285255765484,0.3192589462811851,0.0587153434753418,0.022222222222222223,
houses,sparse_all,clean,6200,0.018666666666666668,Gaussian Process Regression,0.3939950776875013,0.33526913533924046,2.622292995452881,0.0,
houses,sparse_all,clean,6200,0.018666666666666668,Polynomial Response Surface,0.383647688952831,0.325649053516037,0.07050967216491699,0.0,
houses,sparse_all,clean,6200,0.018666666666666668,RBF Interpolation,0.3840464194429719,0.307728394604807,0.09480476379394531,0.008849557522123894,
houses,sparse_all,clean,6200,0.018666666666666668,kNN Performance Mapping,0.38472664187390776,0.3159283788424275,0.04724764823913574,0.004424778761061947,
houses,sparse_all,clean,6200,0.018666666666666668,LOESS Local Regression,,,,,"ValueError('operands could not be broadcast together with shapes (9,9) (3,3) ')"
houses,sparse_all,clean,6200,0.018666666666666668,Quantile Regression,0.3909972379142701,0.31862808519944386,0.6473517417907715,0.0,
houses,sparse_all,clean,6200,0.018666666666666668,Peaks over Threshold (EVT),0.3897303362046922,0.30974422746001024,0.06789994239807129,0.008849557522123894,
houses,sparse_all,clean,6200,0.018666666666666668,Bayesian Optimization (EI),0.3867349657021241,0.3365767715698571,2.648183822631836,0.0,
houses,sparse_all,clean,6200,0.018666666666666668,kNN + GPR (mean),0.39108624273009435,0.32122659924715913,2.687861442565918,0.004424778761061947,
houses,sparse_all,clean,6200,0.018666666666666668,kNN + Quantile (mean),0.38012662251113466,0.320949664663109,0.6305897235870361,0.004424778761061947,
houses,sparse_all,clean,6200,0.018666666666666668,Anchored GPR (QR prior),0.3881214543639824,0.3160899020772209,3.311277389526367,0.0,
houses,sparse_all,clean,6200,0.018666666666666668,Gated GPR (QR anchor),0.3830317945840251,0.32953239179302823,2.936394214630127,0.0,
houses,sparse_all,clean,6200,0.018666666666666668,QR × GPR (geometric),0.3956740202858257,0.3399938918763974,3.087507963180542,0.0,
houses,sparse_all,clean,6200,0.018666666666666668,EVT × GPR (geometric),0.3872382456866227,0.3207905612906035,1.7460663318634033,0.008849557522123894,
houses,sparse_all,clean,6200,0.018666666666666668,GPR/kNN (variance-weighted),0.37668146320271867,0.3056560935543294,3.149815797805786,0.004424778761061947,
houses,sparse_all,clean,6200,0.018666666666666668,GPR/kNN (disagreement-amplified),0.38670635585647517,0.32870312699759674,3.3076541423797607,0.0,
houses,sparse_all,clean,6200,0.018666666666666668,Local GPR (QR-localised),0.3826221629356293,0.31684796650632807,2.700955867767334,0.0,
houses,sparse_all,clean,6201,0.02666666666666667,random,0.38165372030190003,0.30436491972067864,,,
houses,sparse_all,clean,6201,0.02666666666666667,"kNN (LOO, default)",0.3712393226595209,0.3057676269754485,0.0382542610168457,0.0044444444444444444,
houses,sparse_all,clean,6201,0.02666666666666667,Gaussian Process Regression,0.3861504735359221,0.31204919584967894,3.694220542907715,0.0,
houses,sparse_all,clean,6201,0.02666666666666667,Polynomial Response Surface,0.3867492385078631,0.30376895709766594,0.14328503608703613,0.01327433628318584,
houses,sparse_all,clean,6201,0.02666666666666667,RBF Interpolation,0.3836872778694118,0.30328700419999544,0.06374049186706543,0.022123893805309734,
houses,sparse_all,clean,6201,0.02666666666666667,kNN Performance Mapping,0.3779686329719769,0.3063423930911957,0.055773258209228516,0.004424778761061947,
houses,sparse_all,clean,6201,0.02666666666666667,LOESS Local Regression,,,,,"ValueError('operands could not be broadcast together with shapes (9,9) (3,3) ')"
houses,sparse_all,clean,6201,0.02666666666666667,Quantile Regression,0.3817350936752288,0.3070561691105661,0.5177109241485596,0.026651216685979143,
houses,sparse_all,clean,6201,0.02666666666666667,Peaks over Threshold (EVT),0.382919259606766,0.3048803509463821,0.021800994873046875,0.004424778761061947,
houses,sparse_all,clean,6201,0.02666666666666667,Bayesian Optimization (EI),0.3825899798116145,0.3015535493891063,4.143983840942383,0.008849557522123894,
houses,sparse_all,clean,6201,0.02666666666666667,kNN + GPR (mean),0.3685333056200718,0.3049431435701271,3.732344388961792,0.004424778761061947,
houses,sparse_all,clean,6201,0.02666666666666667,kNN + Quantile (mean),0.3771198241765857,0.3054173505755932,0.32112669944763184,0.004424778761061947,
houses,sparse_all,clean,6201,0.02666666666666667,Anchored GPR (QR prior),0.3874592679685788,0.3026377094091842,4.5896079540252686,0.0,
houses,sparse_all,clean,6201,0.02666666666666667,Gated GPR (QR anchor),0.3799228221609171,0.3089440324357274,3.8748462200164795,0.0,
houses,sparse_all,clean,6201,0.02666666666666667,QR × GPR (geometric),0.38545913818976413,0.30962600552708985,3.946037769317627,0.02549246813441483,
houses,sparse_all,clean,6201,0.02666666666666667,EVT × GPR (geometric),0.38530196776296327,0.3006658858178672,3.58385968208313,0.004424778761061947,
houses,sparse_all,clean,6201,0.02666666666666667,GPR/kNN (variance-weighted),0.38053660151174706,0.30942482105749236,2.9903481006622314,0.004424778761061947,
houses,sparse_all,clean,6201,0.02666666666666667,GPR/kNN (disagreement-amplified),0.3833224675203631,0.3151030365939409,3.480156421661377,0.0,
houses,sparse_all,clean,6201,0.02666666666666667,Local GPR (QR-localised),0.37497630027948325,0.3095226177122927,4.694343566894531,0.0,
houses,sparse_all,clean,6202,0.030666666666666665,random,0.39213446218698134,0.40808769104345266,,,
houses,sparse_all,clean,6202,0.030666666666666665,"kNN (LOO, default)",0.39345417275442457,0.4048490080928537,0.05030417442321777,0.07111111111111111,
houses,sparse_all,clean,6202,0.030666666666666665,Gaussian Process Regression,0.3948114987241198,0.41882263362128413,2.699800491333008,0.10619469026548672,
houses,sparse_all,clean,6202,0.030666666666666665,Polynomial Response Surface,0.3880409524041795,0.3975872170583718,0.08763742446899414,0.048672566371681415,
houses,sparse_all,clean,6202,0.030666666666666665,RBF Interpolation,0.3888894994952631,0.412495441915935,0.07766222953796387,0.048672566371681415,
houses,sparse_all,clean,6202,0.030666666666666665,kNN Performance Mapping,0.38678451328437835,0.38494335058486373,0.06425905227661133,0.07079646017699115,
houses,sparse_all,clean,6202,0.030666666666666665,LOESS Local Regression,,,,,"ValueError('operands could not be broadcast together with shapes (9,9) (3,3) ')"
houses,sparse_all,clean,6202,0.030666666666666665,Quantile Regression,0.3859497081440537,0.40817882125112154,0.5863029956817627,0.08849557522123894,
houses,sparse_all,clean,6202,0.030666666666666665,Peaks over Threshold (EVT),0.3917707259408335,0.4085367548584353,0.023003578186035156,0.035398230088495575,
houses,sparse_all,clean,6202,0.030666666666666665,Bayesian Optimization (EI),0.3830997981124476,0.38762104204265463,3.0718252658843994,0.084070796460177,
houses,sparse_all,clean,6202,0.030666666666666665,kNN + GPR (mean),0.4004308226235227,0.41227966947807543,3.2832727432250977,0.09734513274336283,
houses,sparse_all,clean,6202,0.030666666666666665,kNN + Quantile (mean),0.39454629277838005,0.39352158733422665,0.6659166812896729,0.09734513274336283,
houses,sparse_all,clean,6202,0.030666666666666665,Anchored GPR (QR prior),0.3941008043157341,0.3862772382751234,3.336437463760376,0.11504424778761062,
houses,sparse_all,clean,6202,0.030666666666666665,Gated GPR (QR anchor),0.38937168388567406,0.3928770557031534,4.270728349685669,0.08849557522123894,
houses,sparse_all,clean,6202,0.030666666666666665,QR × GPR (geometric),0.38723817519503484,0.39939722219842877,3.625636339187622,0.11946902654867257,
houses,sparse_all,clean,6202,0.030666666666666665,EVT × GPR (geometric),0.3942742807796223,0.37749427967141436,3.0210587978363037,0.035398230088495575,
houses,sparse_all,clean,6202,0.030666666666666665,GPR/kNN (variance-weighted),0.3947228505678381,0.41092650362927396,3.2955803871154785,0.084070796460177,
houses,sparse_all,clean,6202,0.030666666666666665,GPR/kNN (disagreement-amplified),0.3906746293325074,0.41414498014227863,2.377852201461792,0.09292035398230089,
houses,sparse_all,clean,6202,0.030666666666666665,Local GPR (QR-localised),0.3866198009188065,0.3763513387617755,3.1628611087799072,0.10619469026548672,
houses,sparse_all,clean,6203,0.024,random,0.3940144534769395,0.4448225083876875,,,
houses,sparse_all,clean,6203,0.024,"kNN (LOO, default)",0.3878214486542518,0.43035215317966413,0.04361701011657715,0.0,
houses,sparse_all,clean,6203,0.024,Gaussian Process Regression,0.3923741061534403,0.45155212489156965,2.938990354537964,0.008849557522123894,
houses,sparse_all,clean,6203,0.024,Polynomial Response Surface,0.3876587049795559,0.42938427458501605,0.10981202125549316,0.03982300884955752,
houses,sparse_all,clean,6203,0.024,RBF Interpolation,0.3892970943047688,0.4382511757234431,0.059411048889160156,0.02654867256637168,
houses,sparse_all,clean,6203,0.024,kNN Performance Mapping,0.3824715444752338,0.4198001823447416,0.07784461975097656,0.004424778761061947,
houses,sparse_all,clean,6203,0.024,LOESS Local Regression,,,,,"ValueError('operands could not be broadcast together with shapes (9,9) (3,3) ')"
houses,sparse_all,clean,6203,0.024,Quantile Regression,0.39000831834691146,0.46500109474738044,0.5813791751861572,0.024,
houses,sparse_all,clean,6203,0.024,Peaks over Threshold (EVT),0.39029908094357973,0.4331001176785729,0.03418707847595215,0.0,
houses,sparse_all,clean,6203,0.024,Bayesian Optimization (EI),0.38857572293496623,0.43637531970592813,4.168446063995361,0.0,
houses,sparse_all,clean,6203,0.024,kNN + GPR (mean),0.3905993906770375,0.42460625991349327,2.6245229244232178,0.004424778761061947,
houses,sparse_all,clean,6203,0.024,kNN + Quantile (mean),0.38709760246989877,0.4233141922311691,0.5705676078796387,0.004424778761061947,
houses,sparse_all,clean,6203,0.024,Anchored GPR (QR prior),0.3867408754504971,0.43896840548971355,3.665839910507202,0.0,
houses,sparse_all,clean,6203,0.024,Gated GPR (QR anchor),0.3927622096626565,0.43379808568118305,4.451474905014038,0.0,
houses,sparse_all,clean,6203,0.024,QR × GPR (geometric),0.39367591067329344,0.43878864246781574,2.7491214275360107,0.024,
houses,sparse_all,clean,6203,0.024,EVT × GPR (geometric),0.3874671060041184,0.4306215356205246,2.6303586959838867,0.0,
houses,sparse_all,clean,6203,0.024,GPR/kNN (variance-weighted),0.3865125827892218,0.43429537613249064,3.0958244800567627,0.0,
houses,sparse_all,clean,6203,0.024,GPR/kNN (disagreement-amplified),0.39323202445497535,0.45656126015177984,2.3924336433410645,0.01327433628318584,
houses,sparse_all,clean,6203,0.024,Local GPR (QR-localised),0.3954574172804781,0.39889514256258063,2.1188390254974365,0.019698725376593278,
houses,sparse_all,clean,6204,0.03333333333333333,random,0.38695623405931284,0.3801850329442785,,,
houses,sparse_all,clean,6204,0.03333333333333333,"kNN (LOO, default)",0.39279565531896377,0.38107314802197517,0.026323795318603516,0.013333333333333334,
houses,sparse_all,clean,6204,0.03333333333333333,Gaussian Process Regression,0.3933211987596655,0.3768658086071137,3.172571897506714,0.01327433628318584,
houses,sparse_all,clean,6204,0.03333333333333333,Polynomial Response Surface,0.3881776654108389,0.3695000739377532,0.07481145858764648,0.022123893805309734,
houses,sparse_all,clean,6204,0.03333333333333333,RBF Interpolation,0.38918833820026477,0.35970521310583137,0.08226251602172852,0.048672566371681415,
houses,sparse_all,clean,6204,0.03333333333333333,kNN Performance Mapping,0.3907504192632576,0.37147670697629337,0.05195903778076172,0.004424778761061947,
houses,sparse_all,clean,6204,0.03333333333333333,LOESS Local Regression,,,,,"ValueError('operands could not be broadcast together with shapes (9,9) (3,3) ')"
houses,sparse_all,clean,6204,0.03333333333333333,Quantile Regression,0.39250934054881803,0.38507761743203756,0.27680373191833496,0.0319634703196347,
houses,sparse_all,clean,6204,0.03333333333333333,Peaks over Threshold (EVT),0.39334513144274275,0.3785553705088259,0.042858123779296875,0.004424778761061947,
houses,sparse_all,clean,6204,0.03333333333333333,Bayesian Optimization (EI),0.38453450353513247,0.36978042935091554,3.130128860473633,0.030973451327433628,
houses,sparse_all,clean,6204,0.03333333333333333,kNN + GPR (mean),0.39005576197349967,0.3842380225584529,2.8855466842651367,0.0,
houses,sparse_all,clean,6204,0.03333333333333333,kNN + Quantile (mean),0.38634802877468466,0.37152459161125456,0.3660123348236084,0.0,
houses,sparse_all,clean,6204,0.03333333333333333,Anchored GPR (QR prior),0.3834690019781534,0.38775232257258024,3.576275587081909,0.01327433628318584,
houses,sparse_all,clean,6204,0.03333333333333333,Gated GPR (QR anchor),0.3947744257316291,0.39313234686609255,4.483896732330322,0.035398230088495575,
houses,sparse_all,clean,6204,0.03333333333333333,QR × GPR (geometric),0.39460215543584787,0.3837409412321525,2.803985834121704,0.03244495944380069,
houses,sparse_all,clean,6204,0.03333333333333333,EVT × GPR (geometric),0.39353207210484725,0.38353111707292165,4.016116142272949,0.004424778761061947,
houses,sparse_all,clean,6204,0.03333333333333333,GPR/kNN (variance-weighted),0.38868624285427095,0.3665055796930958,2.1139259338378906,0.0,
houses,sparse_all,clean,6204,0.03333333333333333,GPR/kNN (disagreement-amplified),0.38681319777936995,0.38671065764314944,4.731857776641846,0.01327433628318584,
houses,sparse_all,clean,6204,0.03333333333333333,Local GPR (QR-localised),0.38183051299236265,0.3862502662989931,0.8762953281402588,0.0340632603406326,
houses,sparse_all,outlier,6200,0.023333333333333334,random,0.4171833568570803,0.32249774351271315,,,
houses,sparse_all,outlier,6200,0.023333333333333334,"kNN (LOO, default)",0.4063575943690882,0.3392628547709831,0.051595211029052734,0.013333333333333334,
houses,sparse_all,outlier,6200,0.023333333333333334,Gaussian Process Regression,0.40466745682717925,0.3226464847548844,3.538926124572754,0.0,
houses,sparse_all,outlier,6200,0.023333333333333334,Polynomial Response Surface,0.4054371429616797,0.3234859764737987,0.06579923629760742,0.004424778761061947,
houses,sparse_all,outlier,6200,0.023333333333333334,RBF Interpolation,0.413465683590606,0.33492267514675994,0.05528998374938965,0.017699115044247787,
houses,sparse_all,outlier,6200,0.023333333333333334,kNN Performance Mapping,0.42077075638355366,0.3125574975003219,0.060747623443603516,0.022123893805309734,
houses,sparse_all,outlier,6200,0.023333333333333334,LOESS Local Regression,,,,,"ValueError('operands could not be broadcast together with shapes (9,9) (3,3) ')"
houses,sparse_all,outlier,6200,0.023333333333333334,Quantile Regression,0.4280620974562583,0.3175773121937819,0.5045740604400635,0.015063731170336037,
houses,sparse_all,outlier,6200,0.023333333333333334,Peaks over Threshold (EVT),0.41620921711844705,0.3231289242907783,0.041849374771118164,0.02654867256637168,
houses,sparse_all,outlier,6200,0.023333333333333334,Bayesian Optimization (EI),0.42346346657992606,0.34685846484394894,4.159555435180664,0.0,
houses,sparse_all,outlier,6200,0.023333333333333334,kNN + GPR (mean),0.413795258220635,0.30787573897270304,2.910510301589966,0.01327433628318584,
houses,sparse_all,outlier,6200,0.023333333333333334,kNN + Quantile (mean),0.409412695484673,0.35096540902596307,0.5866036415100098,0.01327433628318584,
houses,sparse_all,outlier,6200,0.023333333333333334,Anchored GPR (QR prior),0.4232087909317736,0.32992678915099766,4.040759563446045,0.0,
houses,sparse_all,outlier,6200,0.023333333333333334,Gated GPR (QR anchor),0.40973500994665063,0.3109707417904267,3.6546664237976074,0.035398230088495575,
houses,sparse_all,outlier,6200,0.023333333333333334,QR × GPR (geometric),0.4305423085135833,0.33343537263553924,3.744724988937378,0.015063731170336037,
houses,sparse_all,outlier,6200,0.023333333333333334,EVT × GPR (geometric),0.4156532592052879,0.3181985376555939,3.342991828918457,0.02654867256637168,
houses,sparse_all,outlier,6200,0.023333333333333334,GPR/kNN (variance-weighted),0.40347161492890454,0.31911432580016585,3.3228585720062256,0.01327433628318584,
houses,sparse_all,outlier,6200,0.023333333333333334,GPR/kNN (disagreement-amplified),0.41002071157239633,0.3258111248020495,3.3537282943725586,0.030973451327433628,
houses,sparse_all,outlier,6200,0.023333333333333334,Local GPR (QR-localised),0.40405526771579336,0.3293623979427016,2.6422841548919678,0.0,
houses,sparse_all,outlier,6201,0.030666666666666665,random,0.4199122766368516,0.35799395707948245,,,
houses,sparse_all,outlier,6201,0.030666666666666665,"kNN (LOO, default)",0.40315980762962605,0.3446341330129314,0.02053070068359375,0.05333333333333334,
houses,sparse_all,outlier,6201,0.030666666666666665,Gaussian Process Regression,0.4228610552983724,0.32724354531204153,3.4505741596221924,0.02654867256637168,
houses,sparse_all,outlier,6201,0.030666666666666665,Polynomial Response Surface,0.41096559185970866,0.36789229788501143,0.0682375431060791,0.017699115044247787,
houses,sparse_all,outlier,6201,0.030666666666666665,RBF Interpolation,0.3974660419986036,0.31669424816296177,0.08054566383361816,0.035398230088495575,
houses,sparse_all,outlier,6201,0.030666666666666665,kNN Performance Mapping,0.396741322604283,0.3355168395026973,0.05304121971130371,0.04424778761061947,
houses,sparse_all,outlier,6201,0.030666666666666665,LOESS Local Regression,,,,,"ValueError('operands could not be broadcast together with shapes (9,9) (3,3) ')"
houses,sparse_all,outlier,6201,0.030666666666666665,Quantile Regression,0.4174395043110142,0.36516958755378615,0.3470444679260254,0.02549246813441483,
houses,sparse_all,outlier,6201,0.030666666666666665,Peaks over Threshold (EVT),0.4099034897733034,0.3161333315097148,0.04377412796020508,0.004424778761061947,
houses,sparse_all,outlier,6201,0.030666666666666665,Bayesian Optimization (EI),0.41236680685639954,0.3591798935797021,2.8836426734924316,0.022123893805309734,
houses,sparse_all,outlier,6201,0.030666666666666665,kNN + GPR (mean),0.41419031030259845,0.3654534383029532,3.5215225219726562,0.04424778761061947,
houses,sparse_all,outlier,6201,0.030666666666666665,kNN + Quantile (mean),0.40735834278200095,0.3295967381702107,0.6779389381408691,0.03982300884955752,
houses,sparse_all,outlier,6201,0.030666666666666665,Anchored GPR (QR prior),0.4134885076616204,0.32520051650882886,5.0321080684661865,0.030973451327433628,
houses,sparse_all,outlier,6201,0.030666666666666665,Gated GPR (QR anchor),0.41739130735076824,0.3587798069594695,3.684382438659668,0.008849557522123894,
houses,sparse_all,outlier,6201,0.030666666666666665,QR × GPR (geometric),0.4093306190702856,0.33449563896957885,4.22402811050415,0.02549246813441483,
houses,sparse_all,outlier,6201,0.030666666666666665,EVT × GPR (geometric),0.4109547585224035,0.33246982412707826,4.162411451339722,0.0,
houses,sparse_all,outlier,6201,0.030666666666666665,GPR/kNN (variance-weighted),0.3995597556731465,0.3301855869894879,3.6556015014648438,0.03982300884955752,
houses,sparse_all,outlier,6201,0.030666666666666665,GPR/kNN (disagreement-amplified),0.40849379614955966,0.3558508702783626,2.7034807205200195,0.030973451327433628,
houses,sparse_all,outlier,6201,0.030666666666666665,Local GPR (QR-localised),0.41337229890783883,0.3387321947302823,4.868604898452759,0.035398230088495575,
houses,sparse_all,outlier,6202,0.034,random,0.4445952866154486,0.5785502002808522,,,
houses,sparse_all,outlier,6202,0.034,"kNN (LOO, default)",0.4147416592983734,0.49148427072319906,0.0371701717376709,0.057777777777777775,
houses,sparse_all,outlier,6202,0.034,Gaussian Process Regression,0.4285119748534165,0.511160637835448,2.7994766235351562,0.084070796460177,
houses,sparse_all,outlier,6202,0.034,Polynomial Response Surface,0.42557605839784385,0.5168255083485661,0.06950950622558594,0.04424778761061947,
houses,sparse_all,outlier,6202,0.034,RBF Interpolation,0.43085461388185126,0.5125488679259321,0.08417725563049316,0.07964601769911504,
houses,sparse_all,outlier,6202,0.034,kNN Performance Mapping,0.4320913640057011,0.49020038951008743,0.06879901885986328,0.09292035398230089,
houses,sparse_all,outlier,6202,0.034,LOESS Local Regression,,,,,"ValueError('operands could not be broadcast together with shapes (9,9) (3,3) ')"
houses,sparse_all,outlier,6202,0.034,Quantile Regression,0.41571950976414657,0.5051505700310168,0.2893540859222412,0.030973451327433628,
houses,sparse_all,outlier,6202,0.034,Peaks over Threshold (EVT),0.43092362401676804,0.5586376284666508,0.03940725326538086,0.030973451327433628,
houses,sparse_all,outlier,6202,0.034,Bayesian Optimization (EI),0.42734118419836614,0.5003226546651308,3.54443359375,0.07079646017699115,
houses,sparse_all,outlier,6202,0.034,kNN + GPR (mean),0.423113949733705,0.5548401121367676,4.053836822509766,0.10619469026548672,
houses,sparse_all,outlier,6202,0.034,kNN + Quantile (mean),0.43370615595565776,0.4824907989965974,0.6674220561981201,0.08849557522123894,
houses,sparse_all,outlier,6202,0.034,Anchored GPR (QR prior),0.417042786494276,0.5234953433667913,3.854174852371216,0.048672566371681415,
houses,sparse_all,outlier,6202,0.034,Gated GPR (QR anchor),0.4207675423694718,0.5211306343045157,3.967310905456543,0.0,
houses,sparse_all,outlier,6202,0.034,QR × GPR (geometric),0.42368017259170654,0.5677829824269444,5.206863641738892,0.03982300884955752,
houses,sparse_all,outlier,6202,0.034,EVT × GPR (geometric),0.44576315955147994,0.5718406947784395,2.920815944671631,0.035398230088495575,
houses,sparse_all,outlier,6202,0.034,GPR/kNN (variance-weighted),0.42181499745383494,0.4778871735888609,3.3445944786071777,0.09734513274336283,
houses,sparse_all,outlier,6202,0.034,GPR/kNN (disagreement-amplified),0.4360152917777968,0.5621263565561786,2.8397836685180664,0.05752212389380531,
houses,sparse_all,outlier,6202,0.034,Local GPR (QR-localised),0.43071617505584514,0.5513650895530292,4.103909730911255,0.084070796460177,
houses,sparse_all,outlier,6203,0.021333333333333333,random,0.4382793793332563,0.5601582262990665,,,
houses,sparse_all,outlier,6203,0.021333333333333333,"kNN (LOO, default)",0.42322191397832226,0.4352120280115872,0.055237531661987305,0.017777777777777778,
houses,sparse_all,outlier,6203,0.021333333333333333,Gaussian Process Regression,0.43030543299848834,0.523808421085676,2.1277780532836914,0.0,
houses,sparse_all,outlier,6203,0.021333333333333333,Polynomial Response Surface,0.42420733186302617,0.5369516479753148,0.10512137413024902,0.04424778761061947,
houses,sparse_all,outlier,6203,0.021333333333333333,RBF Interpolation,0.4360161563133376,0.5374411002368271,0.05831122398376465,0.01327433628318584,
houses,sparse_all,outlier,6203,0.021333333333333333,kNN Performance Mapping,0.424325627241461,0.4528925394925125,0.067901611328125,0.01327433628318584,
houses,sparse_all,outlier,6203,0.021333333333333333,LOESS Local Regression,,,,,"ValueError('operands could not be broadcast together with shapes (9,9) (3,3) ')"
houses,sparse_all,outlier,6203,0.021333333333333333,Quantile Regression,0.41228331655656525,0.44034750836825776,0.5224266052246094,0.015063731170336037,
houses,sparse_all,outlier,6203,0.021333333333333333,Peaks over Threshold (EVT),0.42852012021989105,0.4594037169942791,0.03488039970397949,0.0,
houses,sparse_all,outlier,6203,0.021333333333333333,Bayesian Optimization (EI),0.4292745594560348,0.5254846904548347,2.2952606678009033,0.03982300884955752,
houses,sparse_all,outlier,6203,0.021333333333333333,kNN + GPR (mean),0.4288161604268247,0.4589466268513104,2.8452401161193848,0.01327433628318584,
houses,sparse_all,outlier,6203,0.021333333333333333,kNN + Quantile (mean),0.42619537618821357,0.5145191296152353,0.6262798309326172,0.01327433628318584,
houses,sparse_all,outlier,6203,0.021333333333333333,Anchored GPR (QR prior),0.4238937467787346,0.4703682859352096,3.1870005130767822,0.0,
houses,sparse_all,outlier,6203,0.021333333333333333,Gated GPR (QR anchor),0.44972916774969224,0.5485597725550508,5.152412414550781,0.030973451327433628,
houses,sparse_all,outlier,6203,0.021333333333333333,QR × GPR (geometric),0.41146363107016243,0.4562525180746782,3.0799453258514404,0.015063731170336037,
houses,sparse_all,outlier,6203,0.021333333333333333,EVT × GPR (geometric),0.4276241715083459,0.537769372717856,2.3260347843170166,0.0,
houses,sparse_all,outlier,6203,0.021333333333333333,GPR/kNN (variance-weighted),0.4191920220166688,0.4242646857829179,4.160519599914551,0.01327433628318584,
houses,sparse_all,outlier,6203,0.021333333333333333,GPR/kNN (disagreement-amplified),0.42779365518276574,0.4614241932850743,3.8549375534057617,0.05309734513274336,
houses,sparse_all,outlier,6203,0.021333333333333333,Local GPR (QR-localised),0.4274777706506507,0.46606420908574003,2.7847344875335693,0.0,
houses,sparse_all,outlier,6204,0.034,random,0.4092680526423761,0.4066966431216105,,,
houses,sparse_all,outlier,6204,0.034,"kNN (LOO, default)",0.4002337503378981,0.39018028915686476,0.052919864654541016,0.0044444444444444444,
houses,sparse_all,outlier,6204,0.034,Gaussian Process Regression,0.4022124328270338,0.4136500245484033,2.5857155323028564,0.008849557522123894,
houses,sparse_all,outlier,6204,0.034,Polynomial Response Surface,0.40004374071466303,0.3801433382781121,0.08200812339782715,0.030973451327433628,
houses,sparse_all,outlier,6204,0.034,RBF Interpolation,0.41593778709852186,0.4665217488164214,0.05443763732910156,0.07079646017699115,
houses,sparse_all,outlier,6204,0.034,kNN Performance Mapping,0.4136048417522859,0.4227876873873344,0.06423473358154297,0.004424778761061947,
houses,sparse_all,outlier,6204,0.034,LOESS Local Regression,,,,,"ValueError('operands could not be broadcast together with shapes (9,9) (3,3) ')"
houses,sparse_all,outlier,6204,0.034,Quantile Regression,0.39321646597598636,0.38566773945857824,0.5174593925476074,0.022123893805309734,
houses,sparse_all,outlier,6204,0.034,Peaks over Threshold (EVT),0.4007753726971606,0.4193577002063474,0.021066665649414062,0.0,
houses,sparse_all,outlier,6204,0.034,Bayesian Optimization (EI),0.4028084901157498,0.4150927596065285,2.8316075801849365,0.01327433628318584,
houses,sparse_all,outlier,6204,0.034,kNN + GPR (mean),0.4098782223799859,0.39708185681061603,3.0577123165130615,0.004424778761061947,
houses,sparse_all,outlier,6204,0.034,kNN + Quantile (mean),0.4131174597361435,0.4372326749664083,0.5546169281005859,0.004424778761061947,
houses,sparse_all,outlier,6204,0.034,Anchored GPR (QR prior),0.39510379356063907,0.3873905502755376,3.820539712905884,0.004424778761061947,
houses,sparse_all,outlier,6204,0.034,Gated GPR (QR anchor),0.4024674046496518,0.4062714117432364,3.7379043102264404,0.03982300884955752,
houses,sparse_all,outlier,6204,0.034,QR × GPR (geometric),0.4005123358183354,0.3883951596804254,4.56914496421814,0.008849557522123894,
houses,sparse_all,outlier,6204,0.034,EVT × GPR (geometric),0.41086882906207767,0.40632546429260535,4.123490333557129,0.0,
houses,sparse_all,outlier,6204,0.034,GPR/kNN (variance-weighted),0.40270648556493266,0.39538129673413264,2.7460155487060547,0.0,
houses,sparse_all,outlier,6204,0.034,GPR/kNN (disagreement-amplified),0.40304120606227184,0.4030913014789999,3.5462584495544434,0.0,
houses,sparse_all,outlier,6204,0.034,Local GPR (QR-localised),0.3946757654130838,0.3774360835283025,4.106062412261963,0.008849557522123894,
medical_charges,hard,clean,6200,0.09666666666666666,random,0.11134748708434514,0.3004497421534539,,,
medical_charges,hard,clean,6200,0.09666666666666666,"kNN (LOO, default)",0.1161209947937626,0.3047178772011922,0.009016036987304688,0.48,
medical_charges,hard,clean,6200,0.09666666666666666,Gaussian Process Regression,0.11091653862753083,0.3009449403829796,2.4397387504577637,0.5,
medical_charges,hard,clean,6200,0.09666666666666666,Polynomial Response Surface,0.11099170379897588,0.3075868869332295,0.013546228408813477,0.14601769911504425,
medical_charges,hard,clean,6200,0.09666666666666666,RBF Interpolation,0.11065049246999165,0.3072682924124139,0.06178402900695801,0.41150442477876104,
medical_charges,hard,clean,6200,0.09666666666666666,kNN Performance Mapping,0.11122236355593458,0.30529855724214605,0.027562618255615234,0.504424778761062,
medical_charges,hard,clean,6200,0.09666666666666666,LOESS Local Regression,,,,,"ValueError('operands could not be broadcast together with shapes (4,4) (3,3) ')"
medical_charges,hard,clean,6200,0.09666666666666666,Quantile Regression,0.11161746961156885,0.2987875566280955,0.3203260898590088,0.0,
medical_charges,hard,clean,6200,0.09666666666666666,Peaks over Threshold (EVT),0.1124792439124484,0.30111680955707903,0.04383420944213867,0.5530973451327433,
medical_charges,hard,clean,6200,0.09666666666666666,Bayesian Optimization (EI),0.11140467266466665,0.3020262536954085,3.554624319076538,0.19911504424778761,
medical_charges,hard,clean,6200,0.09666666666666666,kNN + GPR (mean),0.10970957276335355,0.30114624234004594,2.9764678478240967,0.504424778761062,
medical_charges,hard,clean,6200,0.09666666666666666,kNN + Quantile (mean),0.11122348183804971,0.2994754852781303,0.3455026149749756,0.4823008849557522,
medical_charges,hard,clean,6200,0.09666666666666666,Anchored GPR (QR prior),0.10982469718357879,0.3003142395167477,2.5411183834075928,0.5221238938053098,
medical_charges,hard,clean,6200,0.09666666666666666,Gated GPR (QR anchor),0.1088467394024432,0.2990541411649277,4.269846439361572,0.0,
medical_charges,hard,clean,6200,0.09666666666666666,QR × GPR (geometric),0.11033792312923302,0.2995474316179917,4.823946237564087,0.02654867256637168,
medical_charges,hard,clean,6200,0.09666666666666666,EVT × GPR (geometric),0.11003896672951521,0.2994838232176697,2.9126768112182617,0.6415929203539823,
medical_charges,hard,clean,6200,0.09666666666666666,GPR/kNN (variance-weighted),0.1124535262928347,0.3042430034764925,2.676560878753662,0.47345132743362833,
medical_charges,hard,clean,6200,0.09666666666666666,GPR/kNN (disagreement-amplified),0.1181780761200384,0.3121956827026698,3.4692153930664062,0.42035398230088494,
medical_charges,hard,clean,6200,0.09666666666666666,Local GPR (QR-localised),0.1124880231098967,0.29925104743922376,3.3456034660339355,0.5,
medical_charges,hard,clean,6201,0.10933333333333334,random,0.1264475695630559,0.3914928232658691,,,
medical_charges,hard,clean,6201,0.10933333333333334,"kNN (LOO, default)",0.1217736763172785,0.38077286433227203,0.012580394744873047,0.6222222222222222,
medical_charges,hard,clean,6201,0.10933333333333334,Gaussian Process Regression,0.12170206983493828,0.38366256152994044,3.093773126602173,0.5442477876106194,
medical_charges,hard,clean,6201,0.10933333333333334,Polynomial Response Surface,0.12344287681724271,0.38255583923147574,0.01790595054626465,0.3495575221238938,
medical_charges,hard,clean,6201,0.10933333333333334,RBF Interpolation,0.12042462028819335,0.37827890319631424,0.055505990982055664,0.4823008849557522,
medical_charges,hard,clean,6201,0.10933333333333334,kNN Performance Mapping,0.12216665472839706,0.38414021108605684,0.026156187057495117,0.6150442477876106,
medical_charges,hard,clean,6201,0.10933333333333334,LOESS Local Regression,,,,,"ValueError('operands could not be broadcast together with shapes (4,4) (3,3) ')"
medical_charges,hard,clean,6201,0.10933333333333334,Quantile Regression,0.12624486156445183,0.3980399852180067,0.2650749683380127,0.10176991150442478,
medical_charges,hard,clean,6201,0.10933333333333334,Peaks over Threshold (EVT),0.11980982854431284,0.3775512824954044,0.021532773971557617,0.7256637168141593,
medical_charges,hard,clean,6201,0.10933333333333334,Bayesian Optimization (EI),0.1226507998056371,0.3815751407521061,3.2916834354400635,0.16371681415929204,
medical_charges,hard,clean,6201,0.10933333333333334,kNN + GPR (mean),0.12338835715733032,0.3838012340192082,2.592501163482666,0.6106194690265486,
medical_charges,hard,clean,6201,0.10933333333333334,kNN + Quantile (mean),0.12337900447731309,0.3797285261191945,0.29590415954589844,0.584070796460177,
medical_charges,hard,clean,6201,0.10933333333333334,Anchored GPR (QR prior),0.12490015268726622,0.3792547482899689,1.862950325012207,0.5088495575221239,
medical_charges,hard,clean,6201,0.10933333333333334,Gated GPR (QR anchor),0.12581433809511827,0.3898111539391788,3.6462371349334717,0.0,
medical_charges,hard,clean,6201,0.10933333333333334,QR × GPR (geometric),0.12389295781428891,0.3881801050423383,3.149191379547119,0.4557522123893805,
medical_charges,hard,clean,6201,0.10933333333333334,EVT × GPR (geometric),0.1248157045841603,0.38286517567319067,2.8985464572906494,0.7212389380530974,
medical_charges,hard,clean,6201,0.10933333333333334,GPR/kNN (variance-weighted),0.11909734609021276,0.3723019337466239,3.864478588104248,0.5575221238938053,
medical_charges,hard,clean,6201,0.10933333333333334,GPR/kNN (disagreement-amplified),0.1258991984631478,0.39245514592107966,2.7482733726501465,0.4026548672566372,
medical_charges,hard,clean,6201,0.10933333333333334,Local GPR (QR-localised),0.12578699214153302,0.38570288212424153,2.8632020950317383,0.5442477876106194,
medical_charges,hard,clean,6202,0.114,random,0.12038984264288108,0.28506318338385317,,,
medical_charges,hard,clean,6202,0.114,"kNN (LOO, default)",0.11857897045083753,0.2846952152391878,0.008526086807250977,0.5155555555555555,
medical_charges,hard,clean,6202,0.114,Gaussian Process Regression,0.11704389026328063,0.2854745052804865,2.7249176502227783,0.5530973451327433,
medical_charges,hard,clean,6202,0.114,Polynomial Response Surface,0.11998788804308971,0.28369139102387697,0.025670766830444336,0.4336283185840708,
medical_charges,hard,clean,6202,0.114,RBF Interpolation,0.12211002721756253,0.28508461069161634,0.050507307052612305,0.19469026548672566,
medical_charges,hard,clean,6202,0.114,kNN Performance Mapping,0.11810987019354253,0.2815809116890271,0.03053593635559082,0.5486725663716814,
medical_charges,hard,clean,6202,0.114,LOESS Local Regression,,,,,"ValueError('operands could not be broadcast together with shapes (4,4) (3,3) ')"
medical_charges,hard,clean,6202,0.114,Quantile Regression,0.12169661956091588,0.28673139304079615,0.176649808883667,0.0,
medical_charges,hard,clean,6202,0.114,Peaks over Threshold (EVT),0.11767434882644806,0.28451096883089316,0.036760807037353516,0.5707964601769911,
medical_charges,hard,clean,6202,0.114,Bayesian Optimization (EI),0.11773264621051487,0.2836216315098653,3.3784937858581543,0.22123893805309736,
medical_charges,hard,clean,6202,0.114,kNN + GPR (mean),0.11830748751425943,0.2851171967335127,4.2426042556762695,0.5530973451327433,
medical_charges,hard,clean,6202,0.114,kNN + Quantile (mean),0.12128838641748471,0.28543258496209944,0.3050973415374756,0.47345132743362833,
medical_charges,hard,clean,6202,0.114,Anchored GPR (QR prior),0.12109995481713179,0.2868590267841117,3.215655565261841,0.5530973451327433,
medical_charges,hard,clean,6202,0.114,Gated GPR (QR anchor),0.11937635087085374,0.2870280896858611,4.319194793701172,0.0,
medical_charges,hard,clean,6202,0.114,QR × GPR (geometric),0.12162412647258151,0.2853623430289263,3.137047290802002,0.0,
medical_charges,hard,clean,6202,0.114,EVT × GPR (geometric),0.11955534489338492,0.27963625893638405,3.397840738296509,0.6460176991150443,
medical_charges,hard,clean,6202,0.114,GPR/kNN (variance-weighted),0.11680014244229919,0.28435373656891305,3.605333089828491,0.5398230088495575,
medical_charges,hard,clean,6202,0.114,GPR/kNN (disagreement-amplified),0.11975912346904963,0.2881263534418275,2.656017303466797,0.46017699115044247,
medical_charges,hard,clean,6202,0.114,Local GPR (QR-localised),0.11963376849355539,0.28489148477101817,3.0912587642669678,0.5530973451327433,
medical_charges,hard,clean,6203,0.09533333333333334,random,0.12598858721676415,0.3242497344610762,,,
medical_charges,hard,clean,6203,0.09533333333333334,"kNN (LOO, default)",0.12357054000187498,0.32052975411979406,0.01454615592956543,0.52,
medical_charges,hard,clean,6203,0.09533333333333334,Gaussian Process Regression,0.13324711547659746,0.33328350502094106,3.3586158752441406,0.48672566371681414,
medical_charges,hard,clean,6203,0.09533333333333334,Polynomial Response Surface,0.1278432887991293,0.3250863693036588,0.027663230895996094,0.23893805309734514,
medical_charges,hard,clean,6203,0.09533333333333334,RBF Interpolation,0.12173290792453235,0.32357811561216704,0.08547210693359375,0.41150442477876104,
medical_charges,hard,clean,6203,0.09533333333333334,kNN Performance Mapping,0.13126334162455516,0.32769214348303377,0.02461981773376465,0.5353982300884956,
medical_charges,hard,clean,6203,0.09533333333333334,LOESS Local Regression,,,,,"ValueError('operands could not be broadcast together with shapes (4,4) (3,3) ')"
medical_charges,hard,clean,6203,0.09533333333333334,Quantile Regression,0.12686775433038738,0.32466575320600255,0.25604891777038574,0.08342989571263036,
medical_charges,hard,clean,6203,0.09533333333333334,Peaks over Threshold (EVT),0.12622671170674904,0.32838763020862277,0.020068645477294922,0.6238938053097345,
medical_charges,hard,clean,6203,0.09533333333333334,Bayesian Optimization (EI),0.12306120941098016,0.31710594791525554,3.192063093185425,0.19469026548672566,
medical_charges,hard,clean,6203,0.09533333333333334,kNN + GPR (mean),0.12224012097157363,0.3233674925561781,2.6268908977508545,0.5309734513274337,
medical_charges,hard,clean,6203,0.09533333333333334,kNN + Quantile (mean),0.12487107868535288,0.32442484687231105,0.3336606025695801,0.5309734513274337,
medical_charges,hard,clean,6203,0.09533333333333334,Anchored GPR (QR prior),0.12146331242523226,0.31989074272770024,2.0130739212036133,0.5,
medical_charges,hard,clean,6203,0.09533333333333334,Gated GPR (QR anchor),0.12156043111784891,0.31880820861809156,4.2572410106658936,0.24778761061946902,
medical_charges,hard,clean,6203,0.09533333333333334,QR × GPR (geometric),0.1251998208279903,0.3210357121585602,3.456528902053833,0.10776361529548088,
medical_charges,hard,clean,6203,0.09533333333333334,EVT × GPR (geometric),0.12341487350916164,0.32357501472040234,2.627640724182129,0.6194690265486725,
medical_charges,hard,clean,6203,0.09533333333333334,GPR/kNN (variance-weighted),0.12982368782404252,0.3286002520080415,2.5879158973693848,0.4469026548672566,
medical_charges,hard,clean,6203,0.09533333333333334,GPR/kNN (disagreement-amplified),0.12744924292756735,0.3230957264889022,3.0893828868865967,0.37168141592920356,
medical_charges,hard,clean,6203,0.09533333333333334,Local GPR (QR-localised),0.12315566764817211,0.320134009720265,2.978250741958618,0.5176991150442478,
medical_charges,hard,clean,6204,0.10133333333333333,random,0.12101500727185292,0.33814818338765695,,,
medical_charges,hard,clean,6204,0.10133333333333333,"kNN (LOO, default)",0.1199298358801807,0.332960683707159,0.021358013153076172,0.5155555555555555,
medical_charges,hard,clean,6204,0.10133333333333333,Gaussian Process Regression,0.11911795193813951,0.33379391462366803,4.14466118812561,0.47345132743362833,
medical_charges,hard,clean,6204,0.10133333333333333,Polynomial Response Surface,0.12211525297908098,0.3339971395518282,0.02262425422668457,0.415929203539823,
medical_charges,hard,clean,6204,0.10133333333333333,RBF Interpolation,0.1198827171437515,0.3319592916844597,0.058965206146240234,0.252212389380531,
medical_charges,hard,clean,6204,0.10133333333333333,kNN Performance Mapping,0.11960175765317783,0.33306977985771774,0.026647567749023438,0.5176991150442478,
medical_charges,hard,clean,6204,0.10133333333333333,LOESS Local Regression,,,,,"ValueError('operands could not be broadcast together with shapes (4,4) (3,3) ')"
medical_charges,hard,clean,6204,0.10133333333333333,Quantile Regression,0.12132078106615975,0.33607332128984047,0.2719001770019531,0.05752212389380531,
medical_charges,hard,clean,6204,0.10133333333333333,Peaks over Threshold (EVT),0.12233986511347543,0.33310255667946126,0.035988569259643555,0.672566371681416,
medical_charges,hard,clean,6204,0.10133333333333333,Bayesian Optimization (EI),0.11902519017088314,0.33402787307553417,3.250781536102295,0.1565217391304348,
medical_charges,hard,clean,6204,0.10133333333333333,kNN + GPR (mean),0.12234301252571939,0.33217597823301903,2.8410370349884033,0.5221238938053098,
medical_charges,hard,clean,6204,0.10133333333333333,kNN + Quantile (mean),0.12234946374224387,0.3329424582228991,0.27408409118652344,0.5088495575221239,
medical_charges,hard,clean,6204,0.10133333333333333,Anchored GPR (QR prior),0.11962662319368254,0.33472105514020895,2.710737943649292,0.5,
medical_charges,hard,clean,6204,0.10133333333333333,Gated GPR (QR anchor),0.11838787934198408,0.3375230733391917,2.6100754737854004,0.0,
medical_charges,hard,clean,6204,0.10133333333333333,QR × GPR (geometric),0.11920843322324272,0.33216117992781213,4.424566268920898,0.24778761061946902,
medical_charges,hard,clean,6204,0.10133333333333333,EVT × GPR (geometric),0.12194262324010896,0.33117349020556375,3.762770175933838,0.672566371681416,
medical_charges,hard,clean,6204,0.10133333333333333,GPR/kNN (variance-weighted),0.12252508194403008,0.3340352728888295,3.777331829071045,0.5309734513274337,
medical_charges,hard,clean,6204,0.10133333333333333,GPR/kNN (disagreement-amplified),0.12022384957578004,0.3325541305785799,3.9753973484039307,0.3274336283185841,
medical_charges,hard,clean,6204,0.10133333333333333,Local GPR (QR-localised),0.12234134879797051,0.3343242386446925,6.3619585037231445,0.5,
medical_charges,hard,outlier,6200,0.088,random,0.13305000157395314,0.3140871621682991,,,
medical_charges,hard,outlier,6200,0.088,"kNN (LOO, default)",0.12842905529130264,0.3062723834400804,0.020975828170776367,0.27555555555555555,
medical_charges,hard,outlier,6200,0.088,Gaussian Process Regression,0.1273674559876225,0.30382398649335723,4.653480052947998,0.20353982300884957,
medical_charges,hard,outlier,6200,0.088,Polynomial Response Surface,0.12867969490960598,0.3046229861095066,0.013566970825195312,0.11061946902654868,
medical_charges,hard,outlier,6200,0.088,RBF Interpolation,0.13231718859766511,0.3115493332404428,0.048873186111450195,0.27876106194690264,
medical_charges,hard,outlier,6200,0.088,kNN Performance Mapping,0.13041198450839653,0.30418153826058186,0.039886474609375,0.2743362831858407,
medical_charges,hard,outlier,6200,0.088,LOESS Local Regression,,,,,"ValueError('operands could not be broadcast together with shapes (4,4) (3,3) ')"
medical_charges,hard,outlier,6200,0.088,Quantile Regression,0.14032272289389192,0.30759118692664694,0.2570531368255615,0.08227114716106605,
medical_charges,hard,outlier,6200,0.088,Peaks over Threshold (EVT),0.1476428544727496,0.3159881875754732,0.03366208076477051,0.5088495575221239,
medical_charges,hard,outlier,6200,0.088,Bayesian Optimization (EI),0.12457128056952001,0.30499089148568576,3.8292696475982666,0.10176991150442478,
medical_charges,hard,outlier,6200,0.088,kNN + GPR (mean),0.13328181618225737,0.31416115854698345,2.752443790435791,0.28761061946902655,
medical_charges,hard,outlier,6200,0.088,kNN + Quantile (mean),0.1280165986864997,0.3086077952061476,0.1717216968536377,0.252212389380531,
medical_charges,hard,outlier,6200,0.088,Anchored GPR (QR prior),0.1315643593812799,0.31492008541373745,3.590186595916748,0.061946902654867256,
medical_charges,hard,outlier,6200,0.088,Gated GPR (QR anchor),0.12906601497450895,0.30723625066925125,2.8404700756073,0.048672566371681415,
medical_charges,hard,outlier,6200,0.088,QR × GPR (geometric),0.12689835858483756,0.3032182641648579,3.526975154876709,0.08690614136732329,
medical_charges,hard,outlier,6200,0.088,EVT × GPR (geometric),0.13500645557125052,0.31028764114330826,4.783076286315918,0.5265486725663717,
medical_charges,hard,outlier,6200,0.088,GPR/kNN (variance-weighted),0.12631746236983415,0.303026062312172,6.843472957611084,0.18584070796460178,
medical_charges,hard,outlier,6200,0.088,GPR/kNN (disagreement-amplified),0.13733443962933287,0.3158026525883093,4.3254194259643555,0.008849557522123894,
medical_charges,hard,outlier,6200,0.088,Local GPR (QR-localised),0.13438922653632232,0.3176558339655057,3.394472599029541,0.3230088495575221,
medical_charges,hard,outlier,6201,0.1,random,0.17128383708515144,0.3724085833075911,,,
medical_charges,hard,outlier,6201,0.1,"kNN (LOO, default)",0.16879112817099878,0.3697440179525469,0.00952458381652832,0.28888888888888886,
medical_charges,hard,outlier,6201,0.1,Gaussian Process Regression,0.17722221422817386,0.3900274150546513,3.995147705078125,0.36283185840707965,
medical_charges,hard,outlier,6201,0.1,Polynomial Response Surface,0.1692616947877822,0.370718497435812,0.028010129928588867,0.168141592920354,
medical_charges,hard,outlier,6201,0.1,RBF Interpolation,0.16409105384167533,0.3676274016663334,0.049271583557128906,0.3008849557522124,
medical_charges,hard,outlier,6201,0.1,kNN Performance Mapping,0.1695915533124683,0.3679247154094476,0.027750730514526367,0.3008849557522124,
medical_charges,hard,outlier,6201,0.1,LOESS Local Regression,,,,,"ValueError('operands could not be broadcast together with shapes (4,4) (3,3) ')"
medical_charges,hard,outlier,6201,0.1,Quantile Regression,0.17626227479883608,0.3702268001956277,0.20821452140808105,0.01327433628318584,
medical_charges,hard,outlier,6201,0.1,Peaks over Threshold (EVT),0.17644201044657343,0.3690969933532534,0.038305044174194336,0.6637168141592921,
medical_charges,hard,outlier,6201,0.1,Bayesian Optimization (EI),0.17102072244882863,0.3656969069555256,3.6397416591644287,0.0,
medical_charges,hard,outlier,6201,0.1,kNN + GPR (mean),0.16643246407949727,0.3775184100389607,3.030414342880249,0.30973451327433627,
medical_charges,hard,outlier,6201,0.1,kNN + Quantile (mean),0.17563186688343427,0.38348921020866245,0.16215872764587402,0.27876106194690264,
medical_charges,hard,outlier,6201,0.1,Anchored GPR (QR prior),0.1633338888834828,0.3651908927659966,3.523202419281006,0.2168141592920354,
medical_charges,hard,outlier,6201,0.1,Gated GPR (QR anchor),0.16869386452221943,0.3751969359973623,3.5898077487945557,0.0,
medical_charges,hard,outlier,6201,0.1,QR × GPR (geometric),0.1735028732432916,0.36653293778443125,3.130889415740967,0.13716814159292035,
medical_charges,hard,outlier,6201,0.1,EVT × GPR (geometric),0.17659835892073109,0.3643823517197106,3.923694133758545,0.6637168141592921,
medical_charges,hard,outlier,6201,0.1,GPR/kNN (variance-weighted),0.1722640369937895,0.367066092463738,3.5974631309509277,0.24336283185840707,
medical_charges,hard,outlier,6201,0.1,GPR/kNN (disagreement-amplified),0.1734486516046126,0.3891457776149156,4.010892629623413,0.22123893805309736,
medical_charges,hard,outlier,6201,0.1,Local GPR (QR-localised),0.1730912765878586,0.37659604327397544,3.052119016647339,0.36283185840707965,
medical_charges,hard,outlier,6202,0.11533333333333333,random,0.16276836480761686,0.30101984266759285,,,
medical_charges,hard,outlier,6202,0.11533333333333333,"kNN (LOO, default)",0.16204252942405334,0.29600583991579443,0.016552448272705078,0.31555555555555553,
medical_charges,hard,outlier,6202,0.11533333333333333,Gaussian Process Regression,0.14649423439264864,0.29779454973160696,3.6594836711883545,0.415929203539823,
medical_charges,hard,outlier,6202,0.11533333333333333,Polynomial Response Surface,0.15741349461150447,0.2969512896497643,0.015064716339111328,0.34513274336283184,
medical_charges,hard,outlier,6202,0.11533333333333333,RBF Interpolation,0.1596335940392436,0.3022378565515024,0.05095171928405762,0.25663716814159293,
medical_charges,hard,outlier,6202,0.11533333333333333,kNN Performance Mapping,0.1590498070508627,0.3115339649354887,0.025408029556274414,0.29646017699115046,
medical_charges,hard,outlier,6202,0.11533333333333333,LOESS Local Regression,,,,,"ValueError('operands could not be broadcast together with shapes (4,4) (3,3) ')"
medical_charges,hard,outlier,6202,0.11533333333333333,Quantile Regression,0.14559402433907612,0.2956791479371997,0.16542530059814453,0.0,
medical_charges,hard,outlier,6202,0.11533333333333333,Peaks over Threshold (EVT),0.16626505059726512,0.29970477432180526,0.04503965377807617,0.5796460176991151,
medical_charges,hard,outlier,6202,0.11533333333333333,Bayesian Optimization (EI),0.1456021623806325,0.29182357251220664,3.272326707839966,0.14601769911504425,
medical_charges,hard,outlier,6202,0.11533333333333333,kNN + GPR (mean),0.16629798068282572,0.29201441357019303,2.6168038845062256,0.36283185840707965,
medical_charges,hard,outlier,6202,0.11533333333333333,kNN + Quantile (mean),0.15089031885637216,0.29374040696158604,0.297696590423584,0.2743362831858407,
medical_charges,hard,outlier,6202,0.11533333333333333,Anchored GPR (QR prior),0.146838085990208,0.29755076645404543,3.1215813159942627,0.3584070796460177,
medical_charges,hard,outlier,6202,0.11533333333333333,Gated GPR (QR anchor),0.14386127481095123,0.29937686608997693,2.7583422660827637,0.0,
medical_charges,hard,outlier,6202,0.11533333333333333,QR × GPR (geometric),0.14173728844175282,0.2921418325527254,3.323958158493042,0.004424778761061947,
medical_charges,hard,outlier,6202,0.11533333333333333,EVT × GPR (geometric),0.16412980729404036,0.3130421565899939,3.1468958854675293,0.6061946902654868,
medical_charges,hard,outlier,6202,0.11533333333333333,GPR/kNN (variance-weighted),0.15808737535688058,0.3046668919275741,3.1725664138793945,0.35398230088495575,
medical_charges,hard,outlier,6202,0.11533333333333333,GPR/kNN (disagreement-amplified),0.16257735956269745,0.2975679626569192,2.8031253814697266,0.15486725663716813,
medical_charges,hard,outlier,6202,0.11533333333333333,Local GPR (QR-localised),0.15526344060423303,0.30152527846846316,3.5603442192077637,0.415929203539823,
medical_charges,hard,outlier,6203,0.09533333333333334,random,0.1614625312511933,0.32189968171476596,,,
medical_charges,hard,outlier,6203,0.09533333333333334,"kNN (LOO, default)",0.15830314531611134,0.31517274961236363,0.016548633575439453,0.3111111111111111,
medical_charges,hard,outlier,6203,0.09533333333333334,Gaussian Process Regression,0.1613469939338777,0.31700832547481966,3.2670857906341553,0.3672566371681416,
medical_charges,hard,outlier,6203,0.09533333333333334,Polynomial Response Surface,0.15643413515005677,0.3213747910626104,0.013087272644042969,0.084070796460177,
medical_charges,hard,outlier,6203,0.09533333333333334,RBF Interpolation,0.15284774990305217,0.3260955263528715,0.08483600616455078,0.0752212389380531,
medical_charges,hard,outlier,6203,0.09533333333333334,kNN Performance Mapping,0.1539311782023537,0.3174632905392941,0.026095151901245117,0.2831858407079646,
medical_charges,hard,outlier,6203,0.09533333333333334,LOESS Local Regression,,,,,"ValueError('operands could not be broadcast together with shapes (4,4) (3,3) ')"
medical_charges,hard,outlier,6203,0.09533333333333334,Quantile Regression,0.15608576091181084,0.31485483490589583,0.18281817436218262,0.008849557522123894,
medical_charges,hard,outlier,6203,0.09533333333333334,Peaks over Threshold (EVT),0.15792856621960655,0.3224419974919067,0.03365588188171387,0.5973451327433629,
medical_charges,hard,outlier,6203,0.09533333333333334,Bayesian Optimization (EI),0.15197924437962912,0.3204179684203868,3.563568592071533,0.03861003861003861,
medical_charges,hard,outlier,6203,0.09533333333333334,kNN + GPR (mean),0.15257983664861083,0.3256154445770382,2.512540817260742,0.3008849557522124,
medical_charges,hard,outlier,6203,0.09533333333333334,kNN + Quantile (mean),0.15675025861239175,0.3143315072450208,0.20165324211120605,0.2610619469026549,
medical_charges,hard,outlier,6203,0.09533333333333334,Anchored GPR (QR prior),0.1543225189786231,0.3146376779049472,3.2803661823272705,0.3053097345132743,
medical_charges,hard,outlier,6203,0.09533333333333334,Gated GPR (QR anchor),0.16378532212349972,0.31922469024410505,3.511538505554199,0.0,
medical_charges,hard,outlier,6203,0.09533333333333334,QR × GPR (geometric),0.15496660917387858,0.3166546369971436,2.999697685241699,0.12831858407079647,
medical_charges,hard,outlier,6203,0.09533333333333334,EVT × GPR (geometric),0.16579812159383658,0.32414188958288387,2.581456184387207,0.5707964601769911,
medical_charges,hard,outlier,6203,0.09533333333333334,GPR/kNN (variance-weighted),0.1569554113946975,0.32260707949859835,3.026334524154663,0.35398230088495575,
medical_charges,hard,outlier,6203,0.09533333333333334,GPR/kNN (disagreement-amplified),0.16485160366481622,0.3211162884189667,3.506845474243164,0.19469026548672566,
medical_charges,hard,outlier,6203,0.09533333333333334,Local GPR (QR-localised),0.16500503477241613,0.31470380362169764,4.044271945953369,0.3672566371681416,
medical_charges,hard,outlier,6204,0.10066666666666667,random,0.15068860213539645,0.35022525590218656,,,
medical_charges,hard,outlier,6204,0.10066666666666667,"kNN (LOO, default)",0.14460076403893418,0.35406868856925616,0.015558958053588867,0.31555555555555553,
medical_charges,hard,outlier,6204,0.10066666666666667,Gaussian Process Regression,0.16669316553758962,0.34525256700565216,2.6262316703796387,0.33185840707964603,
medical_charges,hard,outlier,6204,0.10066666666666667,Polynomial Response Surface,0.14348013689843134,0.3415650999003113,0.01354670524597168,0.13274336283185842,
medical_charges,hard,outlier,6204,0.10066666666666667,RBF Interpolation,0.1557901341068168,0.3505018891978431,0.06883621215820312,0.11504424778761062,
medical_charges,hard,outlier,6204,0.10066666666666667,kNN Performance Mapping,0.14291315178832864,0.33984581291681415,0.01759195327758789,0.2920353982300885,
medical_charges,hard,outlier,6204,0.10066666666666667,LOESS Local Regression,,,,,"ValueError('operands could not be broadcast together with shapes (4,4) (3,3) ')"
medical_charges,hard,outlier,6204,0.10066666666666667,Quantile Regression,0.14022337267448975,0.34585743319016243,0.28551173210144043,0.02654867256637168,
medical_charges,hard,outlier,6204,0.10066666666666667,Peaks over Threshold (EVT),0.16634845486956829,0.3570451476512172,0.04320549964904785,0.6592920353982301,
medical_charges,hard,outlier,6204,0.10066666666666667,Bayesian Optimization (EI),0.15385944767606793,0.34962339959973104,4.137924909591675,0.0,
medical_charges,hard,outlier,6204,0.10066666666666667,kNN + GPR (mean),0.14901666845514194,0.3494931546461659,2.6031832695007324,0.2920353982300885,
medical_charges,hard,outlier,6204,0.10066666666666667,kNN + Quantile (mean),0.15603920651079636,0.3512983311337754,0.3470423221588135,0.2831858407079646,
medical_charges,hard,outlier,6204,0.10066666666666667,Anchored GPR (QR prior),0.1447910605727165,0.34914062866096623,4.99558687210083,0.2831858407079646,
medical_charges,hard,outlier,6204,0.10066666666666667,Gated GPR (QR anchor),0.15191661445590354,0.34011411882884557,3.579834222793579,0.0,
medical_charges,hard,outlier,6204,0.10066666666666667,QR × GPR (geometric),0.1384237603931843,0.34850239990268184,3.2326419353485107,0.17256637168141592,
medical_charges,hard,outlier,6204,0.10066666666666667,EVT × GPR (geometric),0.15439097345713992,0.3377044599915537,4.688466310501099,0.6238938053097345,
medical_charges,hard,outlier,6204,0.10066666666666667,GPR/kNN (variance-weighted),0.14027246548448727,0.34345976905957254,2.135812520980835,0.39823008849557523,
medical_charges,hard,outlier,6204,0.10066666666666667,GPR/kNN (disagreement-amplified),0.17060555725722687,0.3471667025359231,2.723146438598633,0.28761061946902655,
medical_charges,hard,outlier,6204,0.10066666666666667,Local GPR (QR-localised),0.1542170409028494,0.3393453973621843,2.1142828464508057,0.3495575221238938,
medical_charges,sparse_all,clean,6200,0.024666666666666667,random,0.09310670934640293,0.09619101290825073,,,
medical_charges,sparse_all,clean,6200,0.024666666666666667,"kNN (LOO, default)",0.09753426514091978,0.1102815385620691,0.017535924911499023,0.0044444444444444444,
medical_charges,sparse_all,clean,6200,0.024666666666666667,Gaussian Process Regression,0.0941821650341781,0.10740979243209885,3.845306634902954,0.008849557522123894,
medical_charges,sparse_all,clean,6200,0.024666666666666667,Polynomial Response Surface,0.09497397367096795,0.10749636456709297,0.013550758361816406,0.0,
medical_charges,sparse_all,clean,6200,0.024666666666666667,RBF Interpolation,0.09411579260110423,0.1008446262368462,0.07504010200500488,0.0,
medical_charges,sparse_all,clean,6200,0.024666666666666667,kNN Performance Mapping,0.09199425449322624,0.10200957787670523,0.017049789428710938,0.004424778761061947,
medical_charges,sparse_all,clean,6200,0.024666666666666667,LOESS Local Regression,,,,,"ValueError('operands could not be broadcast together with shapes (4,4) (3,3) ')"
medical_charges,sparse_all,clean,6200,0.024666666666666667,Quantile Regression,0.09152499749387219,0.09888189955590661,0.32247114181518555,0.008849557522123894,
medical_charges,sparse_all,clean,6200,0.024666666666666667,Peaks over Threshold (EVT),0.09480011502149227,0.10353435764130457,0.052634477615356445,0.048672566371681415,
medical_charges,sparse_all,clean,6200,0.024666666666666667,Bayesian Optimization (EI),0.09111852390128702,0.09602837750477215,3.528384208679199,0.0,
medical_charges,sparse_all,clean,6200,0.024666666666666667,kNN + GPR (mean),0.09088978302142423,0.09722222428953722,2.941307306289673,0.004424778761061947,
medical_charges,sparse_all,clean,6200,0.024666666666666667,kNN + Quantile (mean),0.09297616839121119,0.09557817699335497,0.40524840354919434,0.0,
medical_charges,sparse_all,clean,6200,0.024666666666666667,Anchored GPR (QR prior),0.09574786190806153,0.10052711205303656,3.804044485092163,0.008849557522123894,
medical_charges,sparse_all,clean,6200,0.024666666666666667,Gated GPR (QR anchor),0.09193142391594138,0.09595079720686335,3.636124610900879,0.0,
medical_charges,sparse_all,clean,6200,0.024666666666666667,QR × GPR (geometric),0.09190325743611677,0.09655767504126789,3.8948264122009277,0.008849557522123894,
medical_charges,sparse_all,clean,6200,0.024666666666666667,EVT × GPR (geometric),0.09292474963142913,0.09609290660639748,3.5555825233459473,0.04424778761061947,
medical_charges,sparse_all,clean,6200,0.024666666666666667,GPR/kNN (variance-weighted),0.09467740080533972,0.10365237724380766,4.025075197219849,0.0,
medical_charges,sparse_all,clean,6200,0.024666666666666667,GPR/kNN (disagreement-amplified),0.09220287155751311,0.09853799982703795,3.715233564376831,0.008849557522123894,
medical_charges,sparse_all,clean,6200,0.024666666666666667,Local GPR (QR-localised),0.08984023039564525,0.09237639593889066,2.227566719055176,0.008849557522123894,
medical_charges,sparse_all,clean,6201,0.02666666666666667,random,0.10129378860348448,0.11894441844937216,,,
medical_charges,sparse_all,clean,6201,0.02666666666666667,"kNN (LOO, default)",0.1001182654463419,0.11933914856598853,0.016554832458496094,0.04,
medical_charges,sparse_all,clean,6201,0.02666666666666667,Gaussian Process Regression,0.10155342435152413,0.12424150884378192,2.704732894897461,0.008849557522123894,
medical_charges,sparse_all,clean,6201,0.02666666666666667,Polynomial Response Surface,0.10683883167248863,0.12914974860395675,0.01312565803527832,0.008849557522123894,
medical_charges,sparse_all,clean,6201,0.02666666666666667,RBF Interpolation,0.10086363625889277,0.12248418475247405,0.0682530403137207,0.0,
medical_charges,sparse_all,clean,6201,0.02666666666666667,kNN Performance Mapping,0.10217148123790236,0.11477829280843728,0.013524770736694336,0.03982300884955752,
medical_charges,sparse_all,clean,6201,0.02666666666666667,LOESS Local Regression,,,,,"ValueError('operands could not be broadcast together with shapes (4,4) (3,3) ')"
medical_charges,sparse_all,clean,6201,0.02666666666666667,Quantile Regression,0.09915201283471925,0.1142253921981656,0.33727407455444336,0.0,
medical_charges,sparse_all,clean,6201,0.02666666666666667,Peaks over Threshold (EVT),0.10292383214008446,0.12184406625624399,0.043816328048706055,0.15486725663716813,
medical_charges,sparse_all,clean,6201,0.02666666666666667,Bayesian Optimization (EI),0.1024269451531477,0.12455722233771023,3.653754234313965,0.0,
medical_charges,sparse_all,clean,6201,0.02666666666666667,kNN + GPR (mean),0.10126469795034393,0.11644763470436184,3.0899429321289062,0.01327433628318584,
medical_charges,sparse_all,clean,6201,0.02666666666666667,kNN + Quantile (mean),0.1037411369592621,0.12348656716404234,0.3781313896179199,0.035398230088495575,
medical_charges,sparse_all,clean,6201,0.02666666666666667,Anchored GPR (QR prior),0.09805120855613794,0.12150464346244376,2.645155906677246,0.0,
medical_charges,sparse_all,clean,6201,0.02666666666666667,Gated GPR (QR anchor),0.09904078848768756,0.11467804524799764,3.56693696975708,0.0,
medical_charges,sparse_all,clean,6201,0.02666666666666667,QR × GPR (geometric),0.10113300365648437,0.12203956998583572,2.4575963020324707,0.004424778761061947,
medical_charges,sparse_all,clean,6201,0.02666666666666667,EVT × GPR (geometric),0.10046132428578758,0.11528387972578431,2.8418235778808594,0.12831858407079647,
medical_charges,sparse_all,clean,6201,0.02666666666666667,GPR/kNN (variance-weighted),0.10455645991740355,0.12700749256356816,4.062252759933472,0.022123893805309734,
medical_charges,sparse_all,clean,6201,0.02666666666666667,GPR/kNN (disagreement-amplified),0.10193467421536816,0.11542257019820838,3.4596972465515137,0.0,
medical_charges,sparse_all,clean,6201,0.02666666666666667,Local GPR (QR-localised),0.10715891990928944,0.13240951482096622,3.1670329570770264,0.008849557522123894,
medical_charges,sparse_all,clean,6202,0.03333333333333333,random,0.0947878573292887,0.07098705282462008,,,
medical_charges,sparse_all,clean,6202,0.03333333333333333,"kNN (LOO, default)",0.09436712898882127,0.06441797198120466,0.014565467834472656,0.0,
medical_charges,sparse_all,clean,6202,0.03333333333333333,Gaussian Process Regression,0.09181597270682107,0.06469225994852855,4.246847867965698,0.0,
medical_charges,sparse_all,clean,6202,0.03333333333333333,Polynomial Response Surface,0.09027168263287749,0.06890079297323529,0.021086692810058594,0.0,
medical_charges,sparse_all,clean,6202,0.03333333333333333,RBF Interpolation,0.09335648484389453,0.08282985559274125,0.04232192039489746,0.0,
medical_charges,sparse_all,clean,6202,0.03333333333333333,kNN Performance Mapping,0.09053338373106991,0.06724893719007902,0.02754521369934082,0.0,
medical_charges,sparse_all,clean,6202,0.03333333333333333,LOESS Local Regression,,,,,"ValueError('operands could not be broadcast together with shapes (4,4) (3,3) ')"
medical_charges,sparse_all,clean,6202,0.03333333333333333,Quantile Regression,0.09196861547549491,0.06676945161109907,0.29697704315185547,0.0,
medical_charges,sparse_all,clean,6202,0.03333333333333333,Peaks over Threshold (EVT),0.09802297081512647,0.07353237718063127,0.0399022102355957,0.004424778761061947,
medical_charges,sparse_all,clean,6202,0.03333333333333333,Bayesian Optimization (EI),0.09334574401552699,0.07969665375764583,4.93169379234314,0.0,
medical_charges,sparse_all,clean,6202,0.03333333333333333,kNN + GPR (mean),0.0936196452198652,0.07186966149031335,3.4450387954711914,0.0,
medical_charges,sparse_all,clean,6202,0.03333333333333333,kNN + Quantile (mean),0.0924385267864185,0.06771680916021765,0.3433406352996826,0.0,
medical_charges,sparse_all,clean,6202,0.03333333333333333,Anchored GPR (QR prior),0.08751943896722512,0.06553130419481638,3.4557225704193115,0.0,
medical_charges,sparse_all,clean,6202,0.03333333333333333,Gated GPR (QR anchor),0.09251069693902518,0.07448497758507823,3.5659077167510986,0.0,
medical_charges,sparse_all,clean,6202,0.03333333333333333,QR × GPR (geometric),0.0920051514171706,0.07659482417400756,5.0459394454956055,0.0,
medical_charges,sparse_all,clean,6202,0.03333333333333333,EVT × GPR (geometric),0.10110401016840503,0.07690556274682933,3.7362656593322754,0.004424778761061947,
medical_charges,sparse_all,clean,6202,0.03333333333333333,GPR/kNN (variance-weighted),0.09248569934319681,0.07414133492010264,4.0278260707855225,0.0,
medical_charges,sparse_all,clean,6202,0.03333333333333333,GPR/kNN (disagreement-amplified),0.08950749274366333,0.06704086768315268,1.9742257595062256,0.0,
medical_charges,sparse_all,clean,6202,0.03333333333333333,Local GPR (QR-localised),0.09141319223616456,0.07067681543155897,1.8667385578155518,0.0,
medical_charges,sparse_all,clean,6203,0.022,random,0.10252589462393949,0.11007753071545798,,,
medical_charges,sparse_all,clean,6203,0.022,"kNN (LOO, default)",0.0961473397072908,0.10427808588207861,0.01616072654724121,0.0,
medical_charges,sparse_all,clean,6203,0.022,Gaussian Process Regression,0.09938777671218106,0.11175118871252816,2.3830273151397705,0.0,
medical_charges,sparse_all,clean,6203,0.022,Polynomial Response Surface,0.09495490102678897,0.10315042445841241,0.011025667190551758,0.0,
medical_charges,sparse_all,clean,6203,0.022,RBF Interpolation,0.10061938999663932,0.10448734938700456,0.08433222770690918,0.0,
medical_charges,sparse_all,clean,6203,0.022,kNN Performance Mapping,0.10025801998139985,0.105621241334652,0.03509712219238281,0.0,
medical_charges,sparse_all,clean,6203,0.022,LOESS Local Regression,,,,,"ValueError('operands could not be broadcast together with shapes (4,4) (3,3) ')"
medical_charges,sparse_all,clean,6203,0.022,Quantile Regression,0.09740487585308005,0.10234911366162783,0.3518333435058594,0.0,
medical_charges,sparse_all,clean,6203,0.022,Peaks over Threshold (EVT),0.09971087624904022,0.11000321706185837,0.051123619079589844,0.12831858407079647,
medical_charges,sparse_all,clean,6203,0.022,Bayesian Optimization (EI),0.0961442599530923,0.10617574170902505,2.9366769790649414,0.0,
medical_charges,sparse_all,clean,6203,0.022,kNN + GPR (mean),0.10091036619819613,0.11357188009135,3.9798948764801025,0.0,
medical_charges,sparse_all,clean,6203,0.022,kNN + Quantile (mean),0.09864725788656659,0.1040735285874146,0.32630062103271484,0.0,
medical_charges,sparse_all,clean,6203,0.022,Anchored GPR (QR prior),0.10312300009455984,0.11082898365941472,3.577439069747925,0.0,
medical_charges,sparse_all,clean,6203,0.022,Gated GPR (QR anchor),0.10029250614216238,0.10495710731949322,2.612938642501831,0.0,
medical_charges,sparse_all,clean,6203,0.022,QR × GPR (geometric),0.09781370195336073,0.10088148384614434,3.5237975120544434,0.0,
medical_charges,sparse_all,clean,6203,0.022,EVT × GPR (geometric),0.09829265524106218,0.10244283970657424,3.1219260692596436,0.11061946902654868,
medical_charges,sparse_all,clean,6203,0.022,GPR/kNN (variance-weighted),0.09686642661312625,0.10585807260842783,2.6494336128234863,0.0,
medical_charges,sparse_all,clean,6203,0.022,GPR/kNN (disagreement-amplified),0.09848076626394062,0.10618595575377295,2.7736501693725586,0.0,
medical_charges,sparse_all,clean,6203,0.022,Local GPR (QR-localised),0.09840042795828643,0.10592703806570919,1.795673131942749,0.0,
medical_charges,sparse_all,clean,6204,0.028666666666666667,random,0.0941891809451519,0.10805937042115928,,,
medical_charges,sparse_all,clean,6204,0.028666666666666667,"kNN (LOO, default)",0.09358907408364217,0.10690054510769423,0.016556739807128906,0.03111111111111111,
medical_charges,sparse_all,clean,6204,0.028666666666666667,Gaussian Process Regression,0.09241073372667219,0.10631715966970964,3.342911958694458,0.0,
medical_charges,sparse_all,clean,6204,0.028666666666666667,Polynomial Response Surface,0.09269375783774458,0.10608228140494072,0.013373136520385742,0.0,
medical_charges,sparse_all,clean,6204,0.028666666666666667,RBF Interpolation,0.09414659268100618,0.10520383594637381,0.05374026298522949,0.008849557522123894,
medical_charges,sparse_all,clean,6204,0.028666666666666667,kNN Performance Mapping,0.09519706063840848,0.1076539116318824,0.029664278030395508,0.048672566371681415,
medical_charges,sparse_all,clean,6204,0.028666666666666667,LOESS Local Regression,,,,,"ValueError('operands could not be broadcast together with shapes (4,4) (3,3) ')"
medical_charges,sparse_all,clean,6204,0.028666666666666667,Quantile Regression,0.09389091023918517,0.10681140161152072,0.34352898597717285,0.02654867256637168,
medical_charges,sparse_all,clean,6204,0.028666666666666667,Peaks over Threshold (EVT),0.09404020461985643,0.10628131726035725,0.03709888458251953,0.15486725663716813,
medical_charges,sparse_all,clean,6204,0.028666666666666667,Bayesian Optimization (EI),0.09052290136254952,0.10661565666061386,2.708052158355713,0.0,
medical_charges,sparse_all,clean,6204,0.028666666666666667,kNN + GPR (mean),0.09258274433692962,0.10759879442346425,3.116380453109741,0.017699115044247787,
medical_charges,sparse_all,clean,6204,0.028666666666666667,kNN + Quantile (mean),0.09125357773135301,0.11059637887880103,0.45932936668395996,0.04424778761061947,
medical_charges,sparse_all,clean,6204,0.028666666666666667,Anchored GPR (QR prior),0.09132455196958557,0.1085466725794185,3.615600824356079,0.022123893805309734,
medical_charges,sparse_all,clean,6204,0.028666666666666667,Gated GPR (QR anchor),0.09515257560268808,0.1069536656511024,2.9746363162994385,0.0,
medical_charges,sparse_all,clean,6204,0.028666666666666667,QR × GPR (geometric),0.0938186864808172,0.10866704908911876,5.45451283454895,0.01327433628318584,
medical_charges,sparse_all,clean,6204,0.028666666666666667,EVT × GPR (geometric),0.09214413653637195,0.10665368915737868,2.9293975830078125,0.09734513274336283,
medical_charges,sparse_all,clean,6204,0.028666666666666667,GPR/kNN (variance-weighted),0.09127754999505988,0.10972096616638884,3.2564468383789062,0.008849557522123894,
medical_charges,sparse_all,clean,6204,0.028666666666666667,GPR/kNN (disagreement-amplified),0.09378824894045053,0.11066734325392605,2.5365240573883057,0.0,
medical_charges,sparse_all,clean,6204,0.028666666666666667,Local GPR (QR-localised),0.09408503133538519,0.10756783435245773,1.7030417919158936,0.0,
medical_charges,sparse_all,outlier,6200,0.02,random,0.10388923069946565,0.0985144919812102,,,
medical_charges,sparse_all,outlier,6200,0.02,"kNN (LOO, default)",0.10328254706579086,0.09132856055416408,0.015533208847045898,0.0044444444444444444,
medical_charges,sparse_all,outlier,6200,0.02,Gaussian Process Regression,0.10207000289759617,0.09192477502208116,2.581875801086426,0.008849557522123894,
medical_charges,sparse_all,outlier,6200,0.02,Polynomial Response Surface,0.10738521713482557,0.09912212465202078,0.007538318634033203,0.0,
medical_charges,sparse_all,outlier,6200,0.02,RBF Interpolation,0.10638968386843627,0.09529456740981018,0.06648635864257812,0.0,
medical_charges,sparse_all,outlier,6200,0.02,kNN Performance Mapping,0.11387186095359536,0.10475259592973427,0.027312755584716797,0.004424778761061947,
medical_charges,sparse_all,outlier,6200,0.02,LOESS Local Regression,,,,,"ValueError('operands could not be broadcast together with shapes (4,4) (3,3) ')"
medical_charges,sparse_all,outlier,6200,0.02,Quantile Regression,0.10817115993092359,0.1040541625232574,0.3393118381500244,0.0,
medical_charges,sparse_all,outlier,6200,0.02,Peaks over Threshold (EVT),0.11199614899870822,0.11871558541950107,0.04343390464782715,0.022123893805309734,
medical_charges,sparse_all,outlier,6200,0.02,Bayesian Optimization (EI),0.10715275993406564,0.1037973398739352,3.2184319496154785,0.0,
medical_charges,sparse_all,outlier,6200,0.02,kNN + GPR (mean),0.10911899329168954,0.09697051037944139,3.9038546085357666,0.004424778761061947,
medical_charges,sparse_all,outlier,6200,0.02,kNN + Quantile (mean),0.10622460635479068,0.10132572377935027,0.344470739364624,0.004424778761061947,
medical_charges,sparse_all,outlier,6200,0.02,Anchored GPR (QR prior),0.11089871734534808,0.09232232783843422,3.698948860168457,0.008849557522123894,
medical_charges,sparse_all,outlier,6200,0.02,Gated GPR (QR anchor),0.10073762386541246,0.09121289334983197,2.2992770671844482,0.0,
medical_charges,sparse_all,outlier,6200,0.02,QR × GPR (geometric),0.11086906708721071,0.09497460700888236,3.4237592220306396,0.0,
medical_charges,sparse_all,outlier,6200,0.02,EVT × GPR (geometric),0.10358046811924794,0.0962499748722504,4.32353949546814,0.008849557522123894,
medical_charges,sparse_all,outlier,6200,0.02,GPR/kNN (variance-weighted),0.09763767660444968,0.09182324544668696,2.929619073867798,0.004424778761061947,
medical_charges,sparse_all,outlier,6200,0.02,GPR/kNN (disagreement-amplified),0.1083898219027897,0.09779388626411038,2.268014430999756,0.017699115044247787,
medical_charges,sparse_all,outlier,6200,0.02,Local GPR (QR-localised),0.1052737509669044,0.0975092014950984,1.8392043113708496,0.008849557522123894,
medical_charges,sparse_all,outlier,6201,0.03266666666666666,random,0.1307915058792387,0.11732652946930086,,,
medical_charges,sparse_all,outlier,6201,0.03266666666666666,"kNN (LOO, default)",0.12013760737519331,0.11085785724463633,0.01811051368713379,0.022222222222222223,
medical_charges,sparse_all,outlier,6201,0.03266666666666666,Gaussian Process Regression,0.12444364910277247,0.13188390116441764,3.064021110534668,0.048672566371681415,
medical_charges,sparse_all,outlier,6201,0.03266666666666666,Polynomial Response Surface,0.1251137399242293,0.11492507975637306,0.018604278564453125,0.04424778761061947,
medical_charges,sparse_all,outlier,6201,0.03266666666666666,RBF Interpolation,0.12340349640422031,0.12186848380565636,0.10805296897888184,0.0,
medical_charges,sparse_all,outlier,6201,0.03266666666666666,kNN Performance Mapping,0.11817854699536028,0.11741250697354516,0.04066324234008789,0.035398230088495575,
medical_charges,sparse_all,outlier,6201,0.03266666666666666,LOESS Local Regression,,,,,"ValueError('operands could not be broadcast together with shapes (4,4) (3,3) ')"
medical_charges,sparse_all,outlier,6201,0.03266666666666666,Quantile Regression,0.1257320586030751,0.11026930941791373,0.33341431617736816,0.0,
medical_charges,sparse_all,outlier,6201,0.03266666666666666,Peaks over Threshold (EVT),0.14106185587516057,0.1601398052724781,0.03668999671936035,0.19469026548672566,
medical_charges,sparse_all,outlier,6201,0.03266666666666666,Bayesian Optimization (EI),0.1256809338655416,0.12070760580703707,2.79297137260437,0.035398230088495575,
medical_charges,sparse_all,outlier,6201,0.03266666666666666,kNN + GPR (mean),0.1250988055511706,0.12835353830124124,4.530269145965576,0.035398230088495575,
medical_charges,sparse_all,outlier,6201,0.03266666666666666,kNN + Quantile (mean),0.12071283266424634,0.1120055365515551,0.308880090713501,0.030973451327433628,
medical_charges,sparse_all,outlier,6201,0.03266666666666666,Anchored GPR (QR prior),0.12376035310720171,0.11629882916028463,1.692781925201416,0.035398230088495575,
medical_charges,sparse_all,outlier,6201,0.03266666666666666,Gated GPR (QR anchor),0.1338040581682105,0.13314534016798965,3.078372001647949,0.0,
medical_charges,sparse_all,outlier,6201,0.03266666666666666,QR × GPR (geometric),0.1267801198551074,0.11170430896530467,3.5114872455596924,0.008849557522123894,
medical_charges,sparse_all,outlier,6201,0.03266666666666666,EVT × GPR (geometric),0.14026530772074008,0.13127070826271114,2.3188157081604004,0.1902654867256637,
medical_charges,sparse_all,outlier,6201,0.03266666666666666,GPR/kNN (variance-weighted),0.12391319805426675,0.10675111067287213,3.2765867710113525,0.04424778761061947,
medical_charges,sparse_all,outlier,6201,0.03266666666666666,GPR/kNN (disagreement-amplified),0.12548915528397525,0.1135987977066134,2.642265558242798,0.03982300884955752,
medical_charges,sparse_all,outlier,6201,0.03266666666666666,Local GPR (QR-localised),0.12151498109108624,0.11395248564574213,1.4746050834655762,0.0,
medical_charges,sparse_all,outlier,6202,0.03,random,0.1166085197439137,0.07759455097964243,,,
medical_charges,sparse_all,outlier,6202,0.03,"kNN (LOO, default)",0.1182488919979349,0.06965415683970427,0.00854039192199707,0.017777777777777778,
medical_charges,sparse_all,outlier,6202,0.03,Gaussian Process Regression,0.11830920395150116,0.07709554626380041,0.8390445709228516,0.030973451327433628,
medical_charges,sparse_all,outlier,6202,0.03,Polynomial Response Surface,0.11145506484289883,0.0816166360260304,0.0035200119018554688,0.004424778761061947,
medical_charges,sparse_all,outlier,6202,0.03,RBF Interpolation,0.1183981760637609,0.07945228582668563,0.013131380081176758,0.01327433628318584,
medical_charges,sparse_all,outlier,6202,0.03,kNN Performance Mapping,0.10747311787824691,0.07571183852824817,0.010278701782226562,0.01327433628318584,
medical_charges,sparse_all,outlier,6202,0.03,LOESS Local Regression,,,,,"ValueError('operands could not be broadcast together with shapes (4,4) (3,3) ')"
medical_charges,sparse_all,outlier,6202,0.03,Quantile Regression,0.1003707293003489,0.07013649048917844,0.09967231750488281,0.0,
medical_charges,sparse_all,outlier,6202,0.03,Peaks over Threshold (EVT),0.12886134922376283,0.08496596179775366,0.01361083984375,0.01327433628318584,
medical_charges,sparse_all,outlier,6202,0.03,Bayesian Optimization (EI),0.1167664045402716,0.0785001465681067,1.2224862575531006,0.01762114537444934,
medical_charges,sparse_all,outlier,6202,0.03,kNN + GPR (mean),0.1104160789775102,0.0735145930623929,0.6374154090881348,0.017699115044247787,
medical_charges,sparse_all,outlier,6202,0.03,kNN + Quantile (mean),0.10452562598959221,0.08333384145459852,0.09233307838439941,0.01327433628318584,
medical_charges,sparse_all,outlier,6202,0.03,Anchored GPR (QR prior),0.11166312192322869,0.09145910388466187,0.9804651737213135,0.008849557522123894,
medical_charges,sparse_all,outlier,6202,0.03,Gated GPR (QR anchor),0.11723388950324136,0.07413036665930499,1.0939853191375732,0.0,
medical_charges,sparse_all,outlier,6202,0.03,QR × GPR (geometric),0.12286032797251338,0.08480568980887308,0.8334460258483887,0.004424778761061947,
medical_charges,sparse_all,outlier,6202,0.03,EVT × GPR (geometric),0.11619803673641622,0.07071014603849061,0.7155606746673584,0.01327433628318584,
medical_charges,sparse_all,outlier,6202,0.03,GPR/kNN (variance-weighted),0.10794365741695212,0.07950328317214424,0.6024689674377441,0.01327433628318584,
medical_charges,sparse_all,outlier,6202,0.03,GPR/kNN (disagreement-amplified),0.11663716763601648,0.08238977387706425,0.9843075275421143,0.061946902654867256,
medical_charges,sparse_all,outlier,6202,0.03,Local GPR (QR-localised),0.11145934440282784,0.07876685372402636,0.8792736530303955,0.04424778761061947,
medical_charges,sparse_all,outlier,6203,0.02266666666666667,random,0.12708817015150914,0.11221402632485686,,,
medical_charges,sparse_all,outlier,6203,0.02266666666666667,"kNN (LOO, default)",0.11310529809477927,0.10317607345519422,0.010041952133178711,0.022222222222222223,
medical_charges,sparse_all,outlier,6203,0.02266666666666667,Gaussian Process Regression,0.1272062508478315,0.11630524749903769,0.9041848182678223,0.07079646017699115,
medical_charges,sparse_all,outlier,6203,0.02266666666666667,Polynomial Response Surface,0.1222170739018369,0.11259070763663014,0.003526449203491211,0.03982300884955752,
medical_charges,sparse_all,outlier,6203,0.02266666666666667,RBF Interpolation,0.12012015730325439,0.1010387791243251,0.0168764591217041,0.01327433628318584,
medical_charges,sparse_all,outlier,6203,0.02266666666666667,kNN Performance Mapping,0.1293793412123308,0.11219028078431605,0.012124300003051758,0.02654867256637168,
medical_charges,sparse_all,outlier,6203,0.02266666666666667,LOESS Local Regression,,,,,"ValueError('operands could not be broadcast together with shapes (4,4) (3,3) ')"
medical_charges,sparse_all,outlier,6203,0.02266666666666667,Quantile Regression,0.12184979727929511,0.1072501117272734,0.0799105167388916,0.004424778761061947,
medical_charges,sparse_all,outlier,6203,0.02266666666666667,Peaks over Threshold (EVT),0.1278608004992678,0.1450964070475441,0.013762474060058594,0.11061946902654868,
medical_charges,sparse_all,outlier,6203,0.02266666666666667,Bayesian Optimization (EI),0.1253431608863854,0.1257130218051362,1.2017343044281006,0.048672566371681415,
medical_charges,sparse_all,outlier,6203,0.02266666666666667,kNN + GPR (mean),0.12010713911391632,0.12479775254353095,0.7453451156616211,0.02654867256637168,
medical_charges,sparse_all,outlier,6203,0.02266666666666667,kNN + Quantile (mean),0.11079850496069246,0.11223156470781664,0.09612298011779785,0.02654867256637168,
medical_charges,sparse_all,outlier,6203,0.02266666666666667,Anchored GPR (QR prior),0.11429760603786136,0.1065435347405817,0.9759318828582764,0.035398230088495575,
medical_charges,sparse_all,outlier,6203,0.02266666666666667,Gated GPR (QR anchor),0.11841493827180073,0.1096950795219262,0.9647071361541748,0.0,
medical_charges,sparse_all,outlier,6203,0.02266666666666667,QR × GPR (geometric),0.12720156943528158,0.10955707045969756,0.9677817821502686,0.035398230088495575,
medical_charges,sparse_all,outlier,6203,0.02266666666666667,EVT × GPR (geometric),0.11832379978327007,0.10575949082690547,0.7056365013122559,0.10619469026548672,
medical_charges,sparse_all,outlier,6203,0.02266666666666667,GPR/kNN (variance-weighted),0.11202652955470063,0.10603226417006492,0.7802062034606934,0.03982300884955752,
medical_charges,sparse_all,outlier,6203,0.02266666666666667,GPR/kNN (disagreement-amplified),0.1138430895291336,0.12229914233710205,0.9607870578765869,0.061946902654867256,
medical_charges,sparse_all,outlier,6203,0.02266666666666667,Local GPR (QR-localised),0.12010841711223624,0.11098849225728152,0.8356108665466309,0.07079646017699115,
medical_charges,sparse_all,outlier,6204,0.02666666666666667,random,0.1310056323035665,0.1757005260144333,,,
medical_charges,sparse_all,outlier,6204,0.02666666666666667,"kNN (LOO, default)",0.12679666382066387,0.20374100058027092,0.007059335708618164,0.08444444444444445,
medical_charges,sparse_all,outlier,6204,0.02666666666666667,Gaussian Process Regression,0.13122365636230438,0.17638624312538898,0.892249345779419,0.10176991150442478,
medical_charges,sparse_all,outlier,6204,0.02666666666666667,Polynomial Response Surface,0.11655509525611603,0.13489206810046395,0.004002094268798828,0.07079646017699115,
medical_charges,sparse_all,outlier,6204,0.02666666666666667,RBF Interpolation,0.13416889867386073,0.16439924136024817,0.016580820083618164,0.03982300884955752,
medical_charges,sparse_all,outlier,6204,0.02666666666666667,kNN Performance Mapping,0.12188798090596085,0.16007356569113565,0.008525371551513672,0.06637168141592921,
medical_charges,sparse_all,outlier,6204,0.02666666666666667,LOESS Local Regression,,,,,"ValueError('operands could not be broadcast together with shapes (4,4) (3,3) ')"
medical_charges,sparse_all,outlier,6204,0.02666666666666667,Quantile Regression,0.12620217563536518,0.13341677554990858,0.0786600112915039,0.030973451327433628,
medical_charges,sparse_all,outlier,6204,0.02666666666666667,Peaks over Threshold (EVT),0.1350412067221271,0.15996704587978558,0.013706207275390625,0.17256637168141592,
medical_charges,sparse_all,outlier,6204,0.02666666666666667,Bayesian Optimization (EI),0.1271616452698542,0.15818397827971306,1.2096021175384521,0.048672566371681415,
medical_charges,sparse_all,outlier,6204,0.02666666666666667,kNN + GPR (mean),0.12074718963945863,0.1203379226432302,1.077789545059204,0.0752212389380531,
medical_charges,sparse_all,outlier,6204,0.02666666666666667,kNN + Quantile (mean),0.11599300130409676,0.11397535566558376,0.11728167533874512,0.06637168141592921,
medical_charges,sparse_all,outlier,6204,0.02666666666666667,Anchored GPR (QR prior),0.10872153578023157,0.11937653491124914,1.3360075950622559,0.08849557522123894,
medical_charges,sparse_all,outlier,6204,0.02666666666666667,Gated GPR (QR anchor),0.11888480823103259,0.1439379062666609,1.3889431953430176,0.0,
medical_charges,sparse_all,outlier,6204,0.02666666666666667,QR × GPR (geometric),0.11700002414399546,0.12901532326761353,1.0859296321868896,0.05752212389380531,
medical_charges,sparse_all,outlier,6204,0.02666666666666667,EVT × GPR (geometric),0.12494525573962072,0.15848858281784495,1.203538417816162,0.1592920353982301,
medical_charges,sparse_all,outlier,6204,0.02666666666666667,GPR/kNN (variance-weighted),0.11743000333317598,0.11270593037218585,1.3819992542266846,0.084070796460177,
medical_charges,sparse_all,outlier,6204,0.02666666666666667,GPR/kNN (disagreement-amplified),0.11443038868034851,0.12726478686234127,0.9165997505187988,0.04424778761061947,
medical_charges,sparse_all,outlier,6204,0.02666666666666667,Local GPR (QR-localised),0.11732417449338231,0.10552208027942028,0.8568220138549805,0.10176991150442478,
