n_data,iters,amp,freq,seed,region,init_mae,const_mae,ratio,p_gate,dist
500,200,1.0,3.0,3000,hard,0.7804012629821204,0.753502459370874,0.9656257833481761,0.005,0.29418522385370305
500,200,1.0,3.0,3000,none,0.7817491117385429,0.754907044528664,0.9755556187563124,0.005,0.30183559550182415
500,200,1.0,3.0,3001,hard,0.2922716518623682,0.7699586731868101,0.6888261108366724,0.01,0.6294570014723928
500,200,1.0,3.0,3001,none,0.2896302406698355,0.768544443377172,0.6025690393815475,0.01,0.629574812295189
500,200,1.0,3.0,3002,hard,0.3026810962939826,0.7634806460211828,0.7214355691496223,0.015,0.6438901174544653
500,200,1.0,3.0,3002,none,0.2971921291392292,0.7651874545060636,0.6483501091821999,0.015,0.6457186869750876
500,200,1.0,3.0,3003,hard,0.30507387464248653,0.7387843089592254,0.6529451606549213,0.005,0.6144058381586631
500,200,1.0,3.0,3003,none,0.2776590876166804,0.7435495688576028,0.7757961765318575,0.005,0.6140122918258111
500,200,1.0,3.0,3004,hard,0.29072408711226544,0.7742391159963568,0.785975538445828,0.01,0.6265281796474357
500,200,1.0,3.0,3004,none,0.29112195223354026,0.7752247221465973,0.7028920489106567,0.01,0.6274252616917524
500,200,1.0,3.0,3005,hard,0.2955968275645832,0.7676533099739555,0.7677202987274057,0.005,0.6266359009184832
500,200,1.0,3.0,3005,none,0.29552501739671044,0.7674015762475941,0.7712080333537354,0.005,0.6269010047559292
500,200,1.0,3.0,3006,hard,0.2869332324883269,0.7632520393192996,0.7506354578866115,0.02,0.6398040363577799
500,200,1.0,3.0,3006,none,0.28279032262391074,0.7649647263686042,0.7182918474051251,0.025,0.6406051229059108
500,200,1.0,3.0,3007,hard,0.2806598924569481,0.7654096649085895,0.7069768471960514,0.035,0.6428832792241281
500,200,1.0,3.0,3007,none,0.2882979285670673,0.7707080101283507,0.7461660490834405,0.035,0.6434396212457664
500,200,1.0,3.0,3008,hard,0.28963726885835195,0.7616319408869799,0.6815524232644038,0.01,0.668936757120452
500,200,1.0,3.0,3008,none,0.2829499089328615,0.7657192129253845,0.5369113788721019,0.015,0.6680451514199828
500,200,1.0,3.0,3009,hard,0.28227134084044214,0.7452050394036216,0.6518553754776522,0.03,0.6011899901447139
500,200,1.0,3.0,3009,none,0.27906668519005096,0.7462644982817396,0.5512339200272794,0.025,0.6011005488003545
500,200,1.0,3.0,3010,hard,0.3212019985424197,0.7575297940084672,0.7612170774192393,0.11,0.6337385822153014
500,200,1.0,3.0,3010,none,0.3158561368941136,0.7573480628688757,0.7539444819911735,0.105,0.6320392162175542
500,200,1.0,3.0,3011,hard,0.3144888680404881,0.7553023479636485,0.6910423863884373,0.025,0.5994455802476579
500,200,1.0,3.0,3011,none,0.31070891075220897,0.7566508905754039,0.6783935566924185,0.025,0.5988126236389039
500,200,1.0,3.0,3012,hard,0.2893969504801862,0.7438692301528336,0.8130098152715909,0.085,0.5054034020257456
500,200,1.0,3.0,3012,none,0.2853015384915194,0.7455562167555014,0.7597602230694559,0.085,0.505820113107389
500,200,1.0,3.0,3013,hard,0.29309764900826385,0.7500013146568167,0.7308038902253838,0.015,0.6371531200184325
500,200,1.0,3.0,3013,none,0.28540747075805295,0.7520350707979753,0.8035102024321629,0.015,0.6291710428386849
500,200,1.0,3.0,3014,hard,0.8250017591004586,0.7679918491428068,1.1352590911519753,0.005,0.29221907431613137
500,200,1.0,3.0,3014,none,0.8249696518452774,0.7690512065012997,1.125466711915387,0.005,0.2845212485201462
500,200,1.0,3.0,3015,hard,0.29036107724357885,0.7602411698465261,0.7036222249697405,0.01,0.6502329611713433
500,200,1.0,3.0,3015,none,0.2959170419664193,0.7646006968767887,0.7146383188154393,0.01,0.6505745624226389
500,200,1.0,3.0,3016,hard,0.30623388659498824,0.75468062163314,0.6448736040898793,0.035,0.6476102783199468
500,200,1.0,3.0,3016,none,0.30371104272222593,0.7571017532882872,0.5909087377505566,0.025,0.648798754165038
500,200,1.0,3.0,3017,hard,0.2815113568122503,0.7428602566881167,0.7682626464933761,0.025,0.6616514113660985
500,200,1.0,3.0,3017,none,0.28524620848267895,0.7454082293155815,0.665853196086518,0.04,0.6546818816207075
500,200,1.0,3.0,3018,hard,0.30259948003868076,0.7694711092239113,0.8222319138160363,0.005,0.6382263412317428
500,200,1.0,3.0,3018,none,0.297031901837697,0.7722374777125725,0.733799335428388,0.005,0.6355612139968863
500,200,1.0,3.0,3019,hard,0.28467222291331507,0.7483732997007876,0.813292155138795,0.04,0.6137143463428615
500,200,1.0,3.0,3019,none,0.2849345512701898,0.7498917513414844,0.8395849255398085,0.04,0.6161418187082561
500,200,1.0,5.0,3000,hard,0.7835087522390191,0.7561998893840184,0.9434737451919286,0.005,0.29915811964042843
500,200,1.0,5.0,3000,none,0.7817491117385429,0.754907044528664,0.9755556187563124,0.005,0.30183559550182415
500,200,1.0,5.0,3001,hard,0.2987019494969749,0.7712476840952988,0.818342756544365,0.01,0.6302030320819896
500,200,1.0,5.0,3001,none,0.2896302406698355,0.768544443377172,0.6025690393815475,0.01,0.629574812295189
500,200,1.0,5.0,3002,hard,0.3089444226139437,0.7668479262033153,0.890706035892447,0.015,0.6476732083448473
500,200,1.0,5.0,3002,none,0.2971921291392292,0.7651874545060636,0.6483501091821999,0.015,0.6457186869750876
500,200,1.0,5.0,3003,hard,0.31479679431020424,0.7458436446126382,0.9000675169002936,0.005,0.6152876637470933
500,200,1.0,5.0,3003,none,0.2776590876166804,0.7435495688576028,0.7757961765318575,0.005,0.6140122918258111
500,200,1.0,5.0,3004,hard,0.30031473110597434,0.7780968601665234,0.9671629566598363,0.01,0.6273265590092134
500,200,1.0,5.0,3004,none,0.29112195223354026,0.7752247221465973,0.7028920489106567,0.01,0.6274252616917524
500,200,1.0,5.0,3005,hard,0.3065688767644785,0.7717059535454592,1.0392832308895357,0.005,0.6252820758682378
500,200,1.0,5.0,3005,none,0.29552501739671044,0.7674015762475941,0.7712080333537354,0.005,0.6269010047559292
500,200,1.0,5.0,3006,hard,0.2881587584494113,0.7675738936049795,1.0129654790621703,0.025,0.6405092061068935
500,200,1.0,5.0,3006,none,0.28279032262391074,0.7649647263686042,0.7182918474051251,0.025,0.6406051229059108
500,200,1.0,5.0,3007,hard,0.28784139463906633,0.7698994804146969,0.8544187927438192,0.035,0.6425787863216156
500,200,1.0,5.0,3007,none,0.2882979285670673,0.7707080101283507,0.7461660490834405,0.035,0.6434396212457664
500,200,1.0,5.0,3008,hard,0.2950072061345685,0.7643583843010571,0.8151046170012822,0.015,0.6691682816803642
500,200,1.0,5.0,3008,none,0.2829499089328615,0.7657192129253845,0.5369113788721019,0.015,0.6680451514199828
500,200,1.0,5.0,3009,hard,0.2895577259677913,0.7487089572513601,0.8340088457770204,0.025,0.6016850911997619
500,200,1.0,5.0,3009,none,0.27906668519005096,0.7462644982817396,0.5512339200272794,0.025,0.6011005488003545
500,200,1.0,5.0,3010,hard,0.3246232174420471,0.758679733054175,0.9218259626394768,0.11,0.6350372584926454
500,200,1.0,5.0,3010,none,0.3158561368941136,0.7573480628688757,0.7539444819911735,0.105,0.6320392162175542
500,200,1.0,5.0,3011,hard,0.3225521012281034,0.7586276068263237,0.9197759269232861,0.025,0.600274217450018
500,200,1.0,5.0,3011,none,0.31070891075220897,0.7566508905754039,0.6783935566924185,0.025,0.5988126236389039
500,200,1.0,5.0,3012,hard,0.29131494589576273,0.7474382422722782,0.9374899870685486,0.085,0.5007932720182487
500,200,1.0,5.0,3012,none,0.2853015384915194,0.7455562167555014,0.7597602230694559,0.085,0.505820113107389
500,200,1.0,5.0,3013,hard,0.2883931706772864,0.7543662575372034,0.9630767736725991,0.015,0.6267278546768141
500,200,1.0,5.0,3013,none,0.28540747075805295,0.7520350707979753,0.8035102024321629,0.015,0.6291710428386849
500,200,1.0,5.0,3014,hard,0.8258728461080163,0.7716825659810901,1.133334295392363,0.005,0.3014969599164805
500,200,1.0,5.0,3014,none,0.8249696518452774,0.7690512065012997,1.125466711915387,0.005,0.2845212485201462
500,200,1.0,5.0,3015,hard,0.29882163291215663,0.7652090724420901,0.8963588703963283,0.01,0.6506276641932229
500,200,1.0,5.0,3015,none,0.2959170419664193,0.7646006968767887,0.7146383188154393,0.01,0.6505745624226389
500,200,1.0,5.0,3016,hard,0.3145232756427682,0.7576180553865638,0.7521607886136312,0.025,0.6506835019060555
500,200,1.0,5.0,3016,none,0.30371104272222593,0.7571017532882872,0.5909087377505566,0.025,0.648798754165038
500,200,1.0,5.0,3017,hard,0.2957926431643608,0.7457620046516129,0.9105258912799605,0.045,0.6554974153205706
500,200,1.0,5.0,3017,none,0.28524620848267895,0.7454082293155815,0.665853196086518,0.04,0.6546818816207075
500,200,1.0,5.0,3018,hard,0.309418318913909,0.7746216279308235,1.0256267184581753,0.005,0.6373657198127928
500,200,1.0,5.0,3018,none,0.297031901837697,0.7722374777125725,0.733799335428388,0.005,0.6355612139968863
500,200,1.0,5.0,3019,hard,0.2985576476285444,0.753519013906984,1.0430781911774634,0.04,0.6164108702480012
500,200,1.0,5.0,3019,none,0.2849345512701898,0.7498917513414844,0.8395849255398085,0.04,0.6161418187082561
500,200,2.0,3.0,3000,hard,0.7854607235473443,0.759258445331536,1.0230020751608386,0.005,0.2868823770629647
500,200,2.0,3.0,3000,none,0.7817491117385429,0.754907044528664,0.9755556187563124,0.005,0.30183559550182415
500,200,2.0,3.0,3001,hard,0.3067007508301346,0.7772503427388192,1.1246909956362736,0.01,0.6240598492170059
500,200,2.0,3.0,3001,none,0.2896302406698355,0.768544443377172,0.6025690393815475,0.01,0.629574812295189
500,200,2.0,3.0,3002,hard,0.3172191017670159,0.7687203631582049,1.1045632028551968,0.035,0.6459520465934399
500,200,2.0,3.0,3002,none,0.2971921291392292,0.7651874545060636,0.6483501091821999,0.015,0.6457186869750876
500,200,2.0,3.0,3003,hard,0.3196874689207493,0.7408088668886332,1.0793914959444364,0.005,0.6154526628829653
500,200,2.0,3.0,3003,none,0.2776590876166804,0.7435495688576028,0.7757961765318575,0.005,0.6140122918258111
500,200,2.0,3.0,3004,hard,0.31610068122409457,0.7801711110200591,1.2161258327692597,0.01,0.6248544561545549
500,200,2.0,3.0,3004,none,0.29112195223354026,0.7752247221465973,0.7028920489106567,0.01,0.6274252616917524
500,200,2.0,3.0,3005,hard,0.31159018079251743,0.7752848573446067,1.1694069340279811,0.005,0.6383692180169721
500,200,2.0,3.0,3005,none,0.29552501739671044,0.7674015762475941,0.7712080333537354,0.005,0.6269010047559292
500,200,2.0,3.0,3006,hard,0.3189872272620325,0.7677673347956204,1.106482880480016,0.035,0.6426663239165117
500,200,2.0,3.0,3006,none,0.28279032262391074,0.7649647263686042,0.7182918474051251,0.025,0.6406051229059108
500,200,2.0,3.0,3007,hard,0.30176921712132654,0.7685761933307133,1.1669653117677665,0.04,0.6443684179764191
500,200,2.0,3.0,3007,none,0.2882979285670673,0.7707080101283507,0.7461660490834405,0.035,0.6434396212457664
500,200,2.0,3.0,3008,hard,0.31209316965017375,0.7653872305550049,1.1588915639229223,0.015,0.667686372920471
500,200,2.0,3.0,3008,none,0.2829499089328615,0.7657192129253845,0.5369113788721019,0.015,0.6680451514199828
500,200,2.0,3.0,3009,hard,0.3014708111749934,0.7512463021466765,1.0946902999598254,0.025,0.599183747397603
500,200,2.0,3.0,3009,none,0.27906668519005096,0.7462644982817396,0.5512339200272794,0.025,0.6011005488003545
500,200,2.0,3.0,3010,hard,0.3411443641087979,0.7651685983546119,1.1272981190436198,0.15,0.6425246104044886
500,200,2.0,3.0,3010,none,0.3158561368941136,0.7573480628688757,0.7539444819911735,0.105,0.6320392162175542
500,200,2.0,3.0,3011,hard,0.33230579549132994,0.7606646707439243,1.0706706307482607,0.025,0.5983571780323657
500,200,2.0,3.0,3011,none,0.31070891075220897,0.7566508905754039,0.6783935566924185,0.025,0.5988126236389039
500,200,2.0,3.0,3012,hard,0.30984139263305727,0.748958551842184,1.155794111312213,0.115,0.4978105943311817
500,200,2.0,3.0,3012,none,0.2853015384915194,0.7455562167555014,0.7597602230694559,0.085,0.505820113107389
500,200,2.0,3.0,3013,hard,0.30733528629185103,0.7555850836975029,1.1345860355788058,0.015,0.6378144450013205
500,200,2.0,3.0,3013,none,0.28540747075805295,0.7520350707979753,0.8035102024321629,0.015,0.6291710428386849
500,200,2.0,3.0,3014,hard,0.8266318407523048,0.7753633962652434,1.159840943351508,0.005,0.2915983272949278
500,200,2.0,3.0,3014,none,0.8249696518452774,0.7690512065012997,1.125466711915387,0.005,0.2845212485201462
500,200,2.0,3.0,3015,hard,0.3075661319235527,0.7643898632889209,1.058248474203392,0.015,0.6493101754994919
500,200,2.0,3.0,3015,none,0.2959170419664193,0.7646006968767887,0.7146383188154393,0.01,0.6505745624226389
500,200,2.0,3.0,3016,hard,0.3177787540756835,0.7617671137162715,1.013912315282444,0.04,0.6474196637283315
500,200,2.0,3.0,3016,none,0.30371104272222593,0.7571017532882872,0.5909087377505566,0.025,0.648798754165038
500,200,2.0,3.0,3017,hard,0.30539854835096764,0.748488314131395,1.1861225889055187,0.025,0.6652158744673079
500,200,2.0,3.0,3017,none,0.28524620848267895,0.7454082293155815,0.665853196086518,0.04,0.6546818816207075
500,200,2.0,3.0,3018,hard,0.3188545147494615,0.7738931795474807,1.3255552034384652,0.005,0.6404475041948299
500,200,2.0,3.0,3018,none,0.297031901837697,0.7722374777125725,0.733799335428388,0.005,0.6355612139968863
500,200,2.0,3.0,3019,hard,0.3040636119060269,0.753818891032065,1.1931484521731637,0.04,0.6142339795366314
500,200,2.0,3.0,3019,none,0.2849345512701898,0.7498917513414844,0.8395849255398085,0.04,0.6161418187082561
500,200,2.0,5.0,3000,hard,0.7889592119120464,0.7617121555372717,0.9938215292812754,0.005,0.29330555332497277
500,200,2.0,5.0,3000,none,0.7817491117385429,0.754907044528664,0.9755556187563124,0.005,0.30183559550182415
500,200,2.0,5.0,3001,hard,0.3185357273569313,0.7783232722877285,1.263901267995026,0.01,0.6285550738620761
500,200,2.0,5.0,3001,none,0.2896302406698355,0.768544443377172,0.6025690393815475,0.01,0.629574812295189
500,200,2.0,5.0,3002,hard,0.32547004564145376,0.7733688019108589,1.34536936078395,0.02,0.646696587657802
500,200,2.0,5.0,3002,none,0.2971921291392292,0.7651874545060636,0.6483501091821999,0.015,0.6457186869750876
500,200,2.0,5.0,3003,hard,0.32725326201542115,0.7522620920478973,1.3592620702567064,0.005,0.5851005206543375
500,200,2.0,5.0,3003,none,0.2776590876166804,0.7435495688576028,0.7757961765318575,0.005,0.6140122918258111
500,200,2.0,5.0,3004,hard,0.320925581095721,0.7852354067504588,1.4159104472238486,0.085,0.6256172670200884
500,200,2.0,5.0,3004,none,0.29112195223354026,0.7752247221465973,0.7028920489106567,0.01,0.6274252616917524
500,200,2.0,5.0,3005,hard,0.32528405926990256,0.7812110088589241,1.5456122644835013,0.005,0.6371122906964805
500,200,2.0,5.0,3005,none,0.29552501739671044,0.7674015762475941,0.7712080333537354,0.005,0.6269010047559292
500,200,2.0,5.0,3006,hard,0.32674413218507775,0.7748384829917367,1.4643913260021173,0.165,0.6459793291610603
500,200,2.0,5.0,3006,none,0.28279032262391074,0.7649647263686042,0.7182918474051251,0.025,0.6406051229059108
500,200,2.0,5.0,3007,hard,0.30749441886240586,0.7739000454559473,1.3592676635147576,0.06,0.6446371296740722
500,200,2.0,5.0,3007,none,0.2882979285670673,0.7707080101283507,0.7461660490834405,0.035,0.6434396212457664
500,200,2.0,5.0,3008,hard,0.318010603615855,0.7683024422508001,1.2910158279114266,0.01,0.6694481324064971
500,200,2.0,5.0,3008,none,0.2829499089328615,0.7657192129253845,0.5369113788721019,0.015,0.6680451514199828
500,200,2.0,5.0,3009,hard,0.307673534248799,0.7547447128019039,1.3168303031677717,0.05,0.6081239631767356
500,200,2.0,5.0,3009,none,0.27906668519005096,0.7462644982817396,0.5512339200272794,0.025,0.6011005488003545
500,200,2.0,5.0,3010,hard,0.34235750770736534,0.764686244167442,1.2862175975488943,0.21,0.640838215825159
500,200,2.0,5.0,3010,none,0.3158561368941136,0.7573480628688757,0.7539444819911735,0.105,0.6320392162175542
500,200,2.0,5.0,3011,hard,0.34098902124496483,0.7649453178288123,1.3599720028930056,0.03,0.599216626796369
500,200,2.0,5.0,3011,none,0.31070891075220897,0.7566508905754039,0.6783935566924185,0.025,0.5988126236389039
500,200,2.0,5.0,3012,hard,0.3103021444033776,0.7526777824491122,1.4296417516987687,0.125,0.5206734194213432
500,200,2.0,5.0,3012,none,0.2853015384915194,0.7455562167555014,0.7597602230694559,0.085,0.505820113107389
500,200,2.0,5.0,3013,hard,0.30892297890868803,0.7609164690813405,1.440921422996566,0.015,0.6422904386060665
500,200,2.0,5.0,3013,none,0.28540747075805295,0.7520350707979753,0.8035102024321629,0.015,0.6291710428386849
500,200,2.0,5.0,3014,hard,0.8287625507287327,0.7790539397283066,1.1604556758894546,0.005,0.31652947946459603
500,200,2.0,5.0,3014,none,0.8249696518452774,0.7690512065012997,1.125466711915387,0.005,0.2845212485201462
500,200,2.0,5.0,3015,hard,0.31786227129172284,0.7717682868582904,1.3162112964266297,0.015,0.6486549715243722
500,200,2.0,5.0,3015,none,0.2959170419664193,0.7646006968767887,0.7146383188154393,0.01,0.6505745624226389
500,200,2.0,5.0,3016,hard,0.33140398540465243,0.7640151501627852,1.2465739628444206,0.075,0.008663685923714668
500,200,2.0,5.0,3016,none,0.30371104272222593,0.7571017532882872,0.5909087377505566,0.025,0.648798754165038
500,200,2.0,5.0,3017,hard,0.31226083142356953,0.7502164020824637,1.4070734985661755,0.075,0.6674360798914339
500,200,2.0,5.0,3017,none,0.28524620848267895,0.7454082293155815,0.665853196086518,0.04,0.6546818816207075
500,200,2.0,5.0,3018,hard,0.32638363583803576,0.7818144865118009,1.5047423729203335,0.005,0.6406175264768946
500,200,2.0,5.0,3018,none,0.297031901837697,0.7722374777125725,0.733799335428388,0.005,0.6355612139968863
500,200,2.0,5.0,3019,hard,0.3090764325443782,0.7600931461764752,1.5275268099245811,0.04,0.6172357564694885
500,200,2.0,5.0,3019,none,0.2849345512701898,0.7498917513414844,0.8395849255398085,0.04,0.6161418187082561
500,200,3.0,3.0,3000,hard,0.7971240270795682,0.7709900544797526,1.148264724015419,0.02,0.2798383067331318
500,200,3.0,3.0,3000,none,0.7817491117385429,0.754907044528664,0.9755556187563124,0.005,0.30183559550182415
500,200,3.0,3.0,3001,hard,0.33500738256952645,0.7893724133171932,1.568782269078048,0.05,0.06542220303248132
500,200,3.0,3.0,3001,none,0.2896302406698355,0.768544443377172,0.6025690393815475,0.01,0.629574812295189
500,200,3.0,3.0,3002,hard,0.34291603579396446,0.7801611951612267,1.5218942957541919,0.045,0.6467634789973692
500,200,3.0,3.0,3002,none,0.2971921291392292,0.7651874545060636,0.6483501091821999,0.015,0.6457186869750876
500,200,3.0,3.0,3003,hard,0.31484559700298187,0.750393961438789,1.7972295103166478,0.005,0.6144618980516838
500,200,3.0,3.0,3003,none,0.2776590876166804,0.7435495688576028,0.7757961765318575,0.005,0.6140122918258111
500,200,3.0,3.0,3004,hard,0.34329354672000895,0.7928299926755032,1.6800991161404113,0.075,0.015680144478249954
500,200,3.0,3.0,3004,none,0.29112195223354026,0.7752247221465973,0.7028920489106567,0.01,0.6274252616917524
500,200,3.0,3.0,3005,hard,0.33473354135176064,0.7892138499585698,1.6745638420274949,0.02,0.6384884192180788
500,200,3.0,3.0,3005,none,0.29552501739671044,0.7674015762475941,0.7712080333537354,0.005,0.6269010047559292
500,200,3.0,3.0,3006,hard,0.3395199536631315,0.7777126887046432,1.5581060425767883,0.05,0.03467355254695349
500,200,3.0,3.0,3006,none,0.28279032262391074,0.7649647263686042,0.7182918474051251,0.025,0.6406051229059108
500,200,3.0,3.0,3007,hard,0.33101022643539446,0.7792723497816689,1.714925480892764,0.045,0.6444972885632986
500,200,3.0,3.0,3007,none,0.2882979285670673,0.7707080101283507,0.7461660490834405,0.035,0.6434396212457664
500,200,3.0,3.0,3008,hard,0.33777042449354505,0.7791714837066682,1.693151973411111,0.045,0.6686949636948236
500,200,3.0,3.0,3008,none,0.2829499089328615,0.7657192129253845,0.5369113788721019,0.015,0.6680451514199828
500,200,3.0,3.0,3009,hard,0.32398157227724406,0.7622345098638988,1.625643460638127,0.09,0.6153870683257582
500,200,3.0,3.0,3009,none,0.27906668519005096,0.7462644982817396,0.5512339200272794,0.025,0.6011005488003545
500,200,3.0,3.0,3010,hard,0.3585937727008118,0.7786379088475042,1.5976815122745338,0.06,0.6399796768461408
500,200,3.0,3.0,3010,none,0.3158561368941136,0.7573480628688757,0.7539444819911735,0.105,0.6320392162175542
500,200,3.0,3.0,3011,hard,0.34733084535142406,0.772367937140176,1.5701169019823238,0.125,0.06246781132441411
500,200,3.0,3.0,3011,none,0.31070891075220897,0.7566508905754039,0.6783935566924185,0.025,0.5988126236389039
500,200,3.0,3.0,3012,hard,0.33565911175334207,0.76015039487131,1.6265993609422449,0.035,0.4991406562565357
500,200,3.0,3.0,3012,none,0.2853015384915194,0.7455562167555014,0.7597602230694559,0.085,0.505820113107389
500,200,3.0,3.0,3013,hard,0.3324295380575621,0.7683936439271192,1.574728166771165,0.085,0.03745111187442592
500,200,3.0,3.0,3013,none,0.28540747075805295,0.7520350707979753,0.8035102024321629,0.015,0.6291710428386849
500,200,3.0,3.0,3014,hard,0.8366151233818865,0.7890226988944987,1.2667563184569595,0.005,0.2904939341002282
500,200,3.0,3.0,3014,none,0.8249696518452774,0.7690512065012997,1.125466711915387,0.005,0.2845212485201462
500,200,3.0,3.0,3015,hard,0.3269666743729369,0.7759291820315459,1.5225327147351162,0.025,0.6495731624994407
500,200,3.0,3.0,3015,none,0.2959170419664193,0.7646006968767887,0.7146383188154393,0.01,0.6505745624226389
500,200,3.0,3.0,3016,hard,0.3403450110560724,0.775346297132613,1.4544585626787718,0.03,0.6447795834505765
500,200,3.0,3.0,3016,none,0.30371104272222593,0.7571017532882872,0.5909087377505566,0.025,0.648798754165038
500,200,3.0,3.0,3017,hard,0.32676071463895007,0.7621120685861528,1.6861523777301333,0.02,0.009808159185006047
500,200,3.0,3.0,3017,none,0.28524620848267895,0.7454082293155815,0.665853196086518,0.04,0.6546818816207075
500,200,3.0,3.0,3018,hard,0.34104981282154234,0.785021751163439,1.794381855607011,0.005,0.6398327767897038
500,200,3.0,3.0,3018,none,0.297031901837697,0.7722374777125725,0.733799335428388,0.005,0.6355612139968863
500,200,3.0,3.0,3019,hard,0.32619215428570214,0.7657479569900913,1.6813400383793684,0.06,0.6170343878583648
500,200,3.0,3.0,3019,none,0.2849345512701898,0.7498917513414844,0.8395849255398085,0.04,0.6161418187082561
500,200,3.0,5.0,3000,hard,0.8008001308519963,0.7742936980462121,1.1104783515526577,0.005,0.2714154869375016
500,200,3.0,5.0,3000,none,0.7817491117385429,0.754907044528664,0.9755556187563124,0.005,0.30183559550182415
500,200,3.0,5.0,3001,hard,0.3375259459068641,0.7904270258936412,1.7590739374244366,0.06,0.01113411017957497
500,200,3.0,5.0,3001,none,0.2896302406698355,0.768544443377172,0.6025690393815475,0.01,0.629574812295189
500,200,3.0,5.0,3002,hard,0.35058099050699615,0.7867745160283348,1.8503154709977283,0.085,0.647855377243101
500,200,3.0,5.0,3002,none,0.2971921291392292,0.7651874545060636,0.6483501091821999,0.015,0.6457186869750876
500,200,3.0,5.0,3003,hard,0.3553906235154162,0.7639067140064217,1.8207166452715962,0.035,0.042298313596247014
500,200,3.0,5.0,3003,none,0.2776590876166804,0.7435495688576028,0.7757961765318575,0.005,0.6140122918258111
500,200,3.0,5.0,3004,hard,0.3447193013370113,0.7992452319351668,1.9627668627601442,0.15,0.008586963473267458
500,200,3.0,5.0,3004,none,0.29112195223354026,0.7752247221465973,0.7028920489106567,0.01,0.6274252616917524
500,200,3.0,5.0,3005,hard,0.3486498859795548,0.79664421734696,2.0848711480483826,0.02,0.6404635194695215
500,200,3.0,5.0,3005,none,0.29552501739671044,0.7674015762475941,0.7712080333537354,0.005,0.6269010047559292
500,200,3.0,5.0,3006,hard,0.35441907142508067,0.788865471986579,1.9910752789474304,0.135,0.0076849181142157625
500,200,3.0,5.0,3006,none,0.28279032262391074,0.7649647263686042,0.7182918474051251,0.025,0.6406051229059108
500,200,3.0,5.0,3007,hard,0.32876143128079516,0.7861733012583728,1.9305128559550584,0.055,0.03824960654771772
500,200,3.0,5.0,3007,none,0.2882979285670673,0.7707080101283507,0.7461660490834405,0.035,0.6434396212457664
500,200,3.0,5.0,3008,hard,0.3416813287733645,0.781208866364826,1.774971334862097,0.08,0.6729322303010705
500,200,3.0,5.0,3008,none,0.2829499089328615,0.7657192129253845,0.5369113788721019,0.015,0.6680451514199828
500,200,3.0,5.0,3009,hard,0.331908620113918,0.7664754168966371,1.8089744709961468,0.21,0.012320400497092755
500,200,3.0,5.0,3009,none,0.27906668519005096,0.7462644982817396,0.5512339200272794,0.025,0.6011005488003545
500,200,3.0,5.0,3010,hard,0.3606303832153295,0.77642470971217,1.70799193703824,0.1,0.007811369142626654
500,200,3.0,5.0,3010,none,0.3158561368941136,0.7573480628688757,0.7539444819911735,0.105,0.6320392162175542
500,200,3.0,5.0,3011,hard,0.36014318579943344,0.7780623888355767,1.8540641606428538,0.15,0.023073658372897942
500,200,3.0,5.0,3011,none,0.31070891075220897,0.7566508905754039,0.6783935566924185,0.025,0.5988126236389039
500,200,3.0,5.0,3012,hard,0.34150394907143855,0.7665765215815465,1.9302598116034428,0.035,0.029716078558921187
500,200,3.0,5.0,3012,none,0.2853015384915194,0.7455562167555014,0.7597602230694559,0.085,0.505820113107389
500,200,3.0,5.0,3013,hard,0.3373311931627572,0.7742854377345196,1.9615628265137217,0.05,0.028012529365682205
500,200,3.0,5.0,3013,none,0.28540747075805295,0.7520350707979753,0.8035102024321629,0.015,0.6291710428386849
500,200,3.0,5.0,3014,hard,0.8375310128393687,0.7920479480535466,1.24444993904467,0.005,0.3159783276843857
500,200,3.0,5.0,3014,none,0.8249696518452774,0.7690512065012997,1.125466711915387,0.005,0.2845212485201462
500,200,3.0,5.0,3015,hard,0.3391286507927807,0.7845539870044086,1.8033086071267093,0.005,0.03427962021634628
500,200,3.0,5.0,3015,none,0.2959170419664193,0.7646006968767887,0.7146383188154393,0.01,0.6505745624226389
500,200,3.0,5.0,3016,hard,0.36158453202012014,0.7787777814347254,1.7126664970366456,0.045,0.014904114880805376
500,200,3.0,5.0,3016,none,0.30371104272222593,0.7571017532882872,0.5909087377505566,0.025,0.648798754165038
500,200,3.0,5.0,3017,hard,0.3338900194771097,0.7624856433441641,1.9080906482820084,0.045,0.005997586167339166
500,200,3.0,5.0,3017,none,0.28524620848267895,0.7454082293155815,0.665853196086518,0.04,0.6546818816207075
500,200,3.0,5.0,3018,hard,0.3494438743577912,0.7946472633815308,2.034830344308789,0.06,0.030119135945915386
500,200,3.0,5.0,3018,none,0.297031901837697,0.7722374777125725,0.733799335428388,0.005,0.6355612139968863
500,200,3.0,5.0,3019,hard,0.32969491754962066,0.7728368374932668,2.0477012377599153,0.06,0.6181986393198409
500,200,3.0,5.0,3019,none,0.2849345512701898,0.7498917513414844,0.8395849255398085,0.04,0.6161418187082561
500,400,1.0,3.0,3000,hard,0.7804012629821204,0.753502459370874,0.9656257833481761,0.005,0.29418522385370305
500,400,1.0,3.0,3000,none,0.7817491117385429,0.754907044528664,0.9755556187563124,0.005,0.30183559550182415
500,400,1.0,3.0,3001,hard,0.25521103164169695,0.7699586731868101,0.7293695050949661,0.01,0.6298846307703746
500,400,1.0,3.0,3001,none,0.20216644255645677,0.768544443377172,0.7216274658094127,0.005,0.6279175579383527
500,400,1.0,3.0,3002,hard,0.2802302900253561,0.7634806460211828,0.7380470249259872,0.015,0.6458488734432211
500,400,1.0,3.0,3002,none,0.21573980315015018,0.7651874545060636,0.5831176244677183,0.025,0.5967075662624366
500,400,1.0,3.0,3003,hard,0.30507387464248653,0.7387843089592254,0.6529451606549213,0.005,0.6144058381586631
500,400,1.0,3.0,3003,none,0.2193253485455054,0.7435495688576028,0.8690200366635352,0.005,0.618812658248167
500,400,1.0,3.0,3004,hard,0.22186053368110015,0.7742391159963568,1.0041918887627892,0.035,0.6115575802096446
500,400,1.0,3.0,3004,none,0.18395909557956827,0.7752247221465973,1.008748354301087,0.045,0.5942906629278742
500,400,1.0,3.0,3005,hard,0.19389454510123755,0.7676533099739555,1.0848399215771605,0.005,0.6184673232709301
500,400,1.0,3.0,3005,none,0.1914644577126009,0.7674015762475941,0.9815351350030826,0.005,0.6148959387212426
500,400,1.0,3.0,3006,hard,0.2748613959789386,0.7632520393192996,0.7842843404623043,0.02,0.6299495431632027
500,400,1.0,3.0,3006,none,0.1980052440684554,0.7649647263686042,0.8212035708578335,0.015,0.5881398187543248
500,400,1.0,3.0,3007,hard,0.18781161374757288,0.7654096649085895,0.9941933716026755,0.03,0.6435923138365333
500,400,1.0,3.0,3007,none,0.19824158511171389,0.7707080101283507,1.0704033476760408,0.03,0.6267060531786384
500,400,1.0,3.0,3008,hard,0.2766641808706847,0.7616319408869799,0.7064833354983981,0.01,0.6699900013047343
500,400,1.0,3.0,3008,none,0.2829499089328615,0.7657192129253845,0.5369113788721019,0.015,0.6680451514199828
500,400,1.0,3.0,3009,hard,0.26207269144935724,0.7452050394036216,0.7080089930620168,0.05,0.6045151088412507
500,400,1.0,3.0,3009,none,0.22662061054906565,0.7462644982817396,0.5185827325144287,0.055,0.6031781270117837
500,400,1.0,3.0,3010,hard,0.21705437938254396,0.7575297940084672,1.0008074629269756,0.08,0.6235875830166114
500,400,1.0,3.0,3010,none,0.21109411210660795,0.7573480628688757,0.8564166634140722,0.065,0.6153844669254636
500,400,1.0,3.0,3011,hard,0.26058500149571023,0.7553023479636485,0.791700147994956,0.085,0.5199900951752285
500,400,1.0,3.0,3011,none,0.2151637453216126,0.7566508905754039,0.7045927294412131,0.06,0.578090080264457
500,400,1.0,3.0,3012,hard,0.2021310223793217,0.7438692301528336,1.0844967626063287,0.085,0.5251998660416611
500,400,1.0,3.0,3012,none,0.222167690247778,0.7455562167555014,0.944586511963565,0.08,0.5362368162904497
500,400,1.0,3.0,3013,hard,0.1861903002023915,0.7500013146568167,1.0025900521038662,0.015,0.6494963519784126
500,400,1.0,3.0,3013,none,0.1779303283695244,0.7520350707979753,1.0733719179900851,0.015,0.6479831263450889
500,400,1.0,3.0,3014,hard,0.8250017591004586,0.7679918491428068,1.1352590911519753,0.005,0.29221907431613137
500,400,1.0,3.0,3014,none,0.8249696518452774,0.7690512065012997,1.125466711915387,0.005,0.2845212485201462
500,400,1.0,3.0,3015,hard,0.18274934162334147,0.7602411698465261,0.9858366245781577,0.015,0.5973875667285165
500,400,1.0,3.0,3015,none,0.2218772610004885,0.7646006968767887,0.9572185096943691,0.01,0.646014562086825
500,400,1.0,3.0,3016,hard,0.1859676465607493,0.75468062163314,0.9202360862434263,0.015,0.5841998954002995
500,400,1.0,3.0,3016,none,0.18522410388190183,0.7571017532882872,0.7934804504119186,0.015,0.5823826166113317
500,400,1.0,3.0,3017,hard,0.24906892621516957,0.7428602566881167,0.8113530559020504,0.03,0.6401562785237028
500,400,1.0,3.0,3017,none,0.28524620848267895,0.7454082293155815,0.665853196086518,0.04,0.6546818816207075
500,400,1.0,3.0,3018,hard,0.26603817431733223,0.7694711092239113,0.9572224278695122,0.01,0.6358472305041364
500,400,1.0,3.0,3018,none,0.2583623032992467,0.7722374777125725,0.8292070054537665,0.01,0.638007931396572
500,400,1.0,3.0,3019,hard,0.18797639324012094,0.7483732997007876,0.9691299994097818,0.025,0.6262192087007905
500,400,1.0,3.0,3019,none,0.21318944656394506,0.7498917513414844,0.9250786511350197,0.03,0.5863043460335962
500,400,1.0,5.0,3000,hard,0.7835087522390191,0.7561998893840184,0.9434737451919286,0.005,0.29915811964042843
500,400,1.0,5.0,3000,none,0.7817491117385429,0.754907044528664,0.9755556187563124,0.005,0.30183559550182415
500,400,1.0,5.0,3001,hard,0.2987019494969749,0.7712476840952988,0.818342756544365,0.01,0.6302030320819896
500,400,1.0,5.0,3001,none,0.20216644255645677,0.768544443377172,0.7216274658094127,0.005,0.6279175579383527
500,400,1.0,5.0,3002,hard,0.2929502147158663,0.7668479262033153,0.9234094232756939,0.015,0.649032333757883
500,400,1.0,5.0,3002,none,0.21573980315015018,0.7651874545060636,0.5831176244677183,0.025,0.5967075662624366
500,400,1.0,5.0,3003,hard,0.31479679431020424,0.7458436446126382,0.9000675169002936,0.005,0.6152876637470933
500,400,1.0,5.0,3003,none,0.2193253485455054,0.7435495688576028,0.8690200366635352,0.005,0.618812658248167
500,400,1.0,5.0,3004,hard,0.20175807640560847,0.7780968601665234,1.4342866471989382,0.035,0.6080432971303694
500,400,1.0,5.0,3004,none,0.18395909557956827,0.7752247221465973,1.008748354301087,0.045,0.5942906629278742
500,400,1.0,5.0,3005,hard,0.2369451892148675,0.7717059535454592,1.2983185019139698,0.005,0.6188653060102144
500,400,1.0,5.0,3005,none,0.1914644577126009,0.7674015762475941,0.9815351350030826,0.005,0.6148959387212426
500,400,1.0,5.0,3006,hard,0.20567167815260726,0.7675738936049795,1.2577537363921878,0.015,0.5863405528636587
500,400,1.0,5.0,3006,none,0.1980052440684554,0.7649647263686042,0.8212035708578335,0.015,0.5881398187543248
500,400,1.0,5.0,3007,hard,0.20094414564137547,0.7698994804146969,1.273513960692534,0.03,0.6257830511800964
500,400,1.0,5.0,3007,none,0.19824158511171389,0.7707080101283507,1.0704033476760408,0.03,0.6267060531786384
500,400,1.0,5.0,3008,hard,0.2810441179035239,0.7643583843010571,0.8488736516022941,0.01,0.6705905349489311
500,400,1.0,5.0,3008,none,0.2829499089328615,0.7657192129253845,0.5369113788721019,0.015,0.6680451514199828
500,400,1.0,5.0,3009,hard,0.2416389201890562,0.7487089572513601,0.90501020995056,0.06,0.6036569001488477
500,400,1.0,5.0,3009,none,0.22662061054906565,0.7462644982817396,0.5185827325144287,0.055,0.6031781270117837
500,400,1.0,5.0,3010,hard,0.22606787857313404,0.758679733054175,1.3155533831513913,0.065,0.6512681509224738
500,400,1.0,5.0,3010,none,0.21109411210660795,0.7573480628688757,0.8564166634140722,0.065,0.6153844669254636
500,400,1.0,5.0,3011,hard,0.262907568512788,0.7586276068263237,1.088341033736369,0.07,0.5870196324333495
500,400,1.0,5.0,3011,none,0.2151637453216126,0.7566508905754039,0.7045927294412131,0.06,0.578090080264457
500,400,1.0,5.0,3012,hard,0.22579815282303003,0.7474382422722782,1.1919723034482614,0.08,0.5204098465455784
500,400,1.0,5.0,3012,none,0.222167690247778,0.7455562167555014,0.944586511963565,0.08,0.5362368162904497
500,400,1.0,5.0,3013,hard,0.19811326707635737,0.7543662575372034,1.279744908800665,0.015,0.6487625713797072
500,400,1.0,5.0,3013,none,0.1779303283695244,0.7520350707979753,1.0733719179900851,0.015,0.6479831263450889
500,400,1.0,5.0,3014,hard,0.8258728461080163,0.7716825659810901,1.133334295392363,0.005,0.3014969599164805
500,400,1.0,5.0,3014,none,0.8249696518452774,0.7690512065012997,1.125466711915387,0.005,0.2845212485201462
500,400,1.0,5.0,3015,hard,0.20642716385339321,0.7652090724420901,1.2257760041236614,0.015,0.6535316153227891
500,400,1.0,5.0,3015,none,0.2218772610004885,0.7646006968767887,0.9572185096943691,0.01,0.646014562086825
500,400,1.0,5.0,3016,hard,0.20382187728786608,0.7576180553865638,1.1007087445333679,0.02,0.6447307038090225
500,400,1.0,5.0,3016,none,0.18522410388190183,0.7571017532882872,0.7934804504119186,0.015,0.5823826166113317
500,400,1.0,5.0,3017,hard,0.2957926431643608,0.7457620046516129,0.9105258912799605,0.045,0.6554974153205706
500,400,1.0,5.0,3017,none,0.28524620848267895,0.7454082293155815,0.665853196086518,0.04,0.6546818816207075
500,400,1.0,5.0,3018,hard,0.2935343927829106,0.7746216279308235,1.0883073341271103,0.005,0.6369828809678681
500,400,1.0,5.0,3018,none,0.2583623032992467,0.7722374777125725,0.8292070054537665,0.01,0.638007931396572
500,400,1.0,5.0,3019,hard,0.23533980019393821,0.753519013906984,1.244869600627709,0.04,0.6226663701520629
500,400,1.0,5.0,3019,none,0.21318944656394506,0.7498917513414844,0.9250786511350197,0.03,0.5863043460335962
500,400,2.0,3.0,3000,hard,0.7854607235473443,0.759258445331536,1.0230020751608386,0.005,0.2868823770629647
500,400,2.0,3.0,3000,none,0.7817491117385429,0.754907044528664,0.9755556187563124,0.005,0.30183559550182415
500,400,2.0,3.0,3001,hard,0.27319468125475543,0.7772503427388192,1.2436325909024772,0.005,0.6302960592480666
500,400,2.0,3.0,3001,none,0.20216644255645677,0.768544443377172,0.7216274658094127,0.005,0.6279175579383527
500,400,2.0,3.0,3002,hard,0.2326336631357044,0.7687203631582049,1.4030851033127565,0.035,0.6008465763354348
500,400,2.0,3.0,3002,none,0.21573980315015018,0.7651874545060636,0.5831176244677183,0.025,0.5967075662624366
500,400,2.0,3.0,3003,hard,0.3196874689207493,0.7408088668886332,1.0793914959444364,0.005,0.6154526628829653
500,400,2.0,3.0,3003,none,0.2193253485455054,0.7435495688576028,0.8690200366635352,0.005,0.618812658248167
500,400,2.0,3.0,3004,hard,0.2091236547838759,0.7801711110200591,1.8000430352520056,0.115,0.05077950578568891
500,400,2.0,3.0,3004,none,0.18395909557956827,0.7752247221465973,1.008748354301087,0.045,0.5942906629278742
500,400,2.0,3.0,3005,hard,0.24510168898920762,0.7752848573446067,1.470378125057613,0.005,0.6394087586572426
500,400,2.0,3.0,3005,none,0.1914644577126009,0.7674015762475941,0.9815351350030826,0.005,0.6148959387212426
500,400,2.0,3.0,3006,hard,0.2252265188251955,0.7677673347956204,1.582634479729252,0.06,0.06935997259235252
500,400,2.0,3.0,3006,none,0.1980052440684554,0.7649647263686042,0.8212035708578335,0.015,0.5881398187543248
500,400,2.0,3.0,3007,hard,0.21145535884421696,0.7685761933307133,1.8157967110569926,0.03,0.6502397494826802
500,400,2.0,3.0,3007,none,0.19824158511171389,0.7707080101283507,1.0704033476760408,0.03,0.6267060531786384
500,400,2.0,3.0,3008,hard,0.29662627657844576,0.7653872305550049,1.2137183125486826,0.01,0.671491366685599
500,400,2.0,3.0,3008,none,0.2829499089328615,0.7657192129253845,0.5369113788721019,0.015,0.6680451514199828
500,400,2.0,3.0,3009,hard,0.28105707584226514,0.7512463021466765,1.1839694635018914,0.05,0.6095711296731261
500,400,2.0,3.0,3009,none,0.22662061054906565,0.7462644982817396,0.5185827325144287,0.055,0.6031781270117837
500,400,2.0,3.0,3010,hard,0.23920295749469853,0.7651685983546119,1.5769518834536635,0.135,0.6519976851022525
500,400,2.0,3.0,3010,none,0.21109411210660795,0.7573480628688757,0.8564166634140722,0.065,0.6153844669254636
500,400,2.0,3.0,3011,hard,0.2843189577791251,0.7606646707439243,1.2418655251976243,0.085,0.6006503496854001
500,400,2.0,3.0,3011,none,0.2151637453216126,0.7566508905754039,0.7045927294412131,0.06,0.578090080264457
500,400,2.0,3.0,3012,hard,0.21523116836398765,0.748958551842184,1.6159228452791545,0.09,0.5348646716998899
500,400,2.0,3.0,3012,none,0.222167690247778,0.7455562167555014,0.944586511963565,0.08,0.5362368162904497
500,400,2.0,3.0,3013,hard,0.22099332367148133,0.7555850836975029,1.5075900078251647,0.015,0.6491877657704119
500,400,2.0,3.0,3013,none,0.1779303283695244,0.7520350707979753,1.0733719179900851,0.015,0.6479831263450889
500,400,2.0,3.0,3014,hard,0.8266318407523048,0.7753633962652434,1.159840943351508,0.005,0.2915983272949278
500,400,2.0,3.0,3014,none,0.8249696518452774,0.7690512065012997,1.125466711915387,0.005,0.2845212485201462
500,400,2.0,3.0,3015,hard,0.20131105544218778,0.7643898632889209,1.6083963499667586,0.025,0.5950841028744707
500,400,2.0,3.0,3015,none,0.2218772610004885,0.7646006968767887,0.9572185096943691,0.01,0.646014562086825
500,400,2.0,3.0,3016,hard,0.2056696459703175,0.7617671137162715,1.5502972627662723,0.07,0.6499583350946038
500,400,2.0,3.0,3016,none,0.18522410388190183,0.7571017532882872,0.7934804504119186,0.015,0.5823826166113317
500,400,2.0,3.0,3017,hard,0.2728944749953625,0.748488314131395,1.2801347414835844,0.03,0.6643345984648255
500,400,2.0,3.0,3017,none,0.28524620848267895,0.7454082293155815,0.665853196086518,0.04,0.6546818816207075
500,400,2.0,3.0,3018,hard,0.27780937121547433,0.7738931795474807,1.50949276280796,0.01,0.639526980469737
500,400,2.0,3.0,3018,none,0.2583623032992467,0.7722374777125725,0.8292070054537665,0.01,0.638007931396572
500,400,2.0,3.0,3019,hard,0.27039678285793456,0.753818891032065,1.3569020248122985,0.045,0.5949208187679482
500,400,2.0,3.0,3019,none,0.21318944656394506,0.7498917513414844,0.9250786511350197,0.03,0.5863043460335962
500,400,2.0,5.0,3000,hard,0.7889592119120464,0.7617121555372717,0.9938215292812754,0.005,0.29330555332497277
500,400,2.0,5.0,3000,none,0.7817491117385429,0.754907044528664,0.9755556187563124,0.005,0.30183559550182415
500,400,2.0,5.0,3001,hard,0.3185357273569313,0.7783232722877285,1.263901267995026,0.01,0.6285550738620761
500,400,2.0,5.0,3001,none,0.20216644255645677,0.768544443377172,0.7216274658094127,0.005,0.6279175579383527
500,400,2.0,5.0,3002,hard,0.3108772647995418,0.7733688019108589,1.4114419375537317,0.015,0.6492559329066362
500,400,2.0,5.0,3002,none,0.21573980315015018,0.7651874545060636,0.5831176244677183,0.025,0.5967075662624366
500,400,2.0,5.0,3003,hard,0.32725326201542115,0.7522620920478973,1.3592620702567064,0.005,0.5851005206543375
500,400,2.0,5.0,3003,none,0.2193253485455054,0.7435495688576028,0.8690200366635352,0.005,0.618812658248167
500,400,2.0,5.0,3004,hard,0.22254724075975077,0.7852354067504588,2.150483642132383,0.225,0.011709082021228048
500,400,2.0,5.0,3004,none,0.18395909557956827,0.7752247221465973,1.008748354301087,0.045,0.5942906629278742
500,400,2.0,5.0,3005,hard,0.23145196025980436,0.7812110088589241,2.200916190674216,0.015,0.6236589299311515
500,400,2.0,5.0,3005,none,0.1914644577126009,0.7674015762475941,0.9815351350030826,0.005,0.6148959387212426
500,400,2.0,5.0,3006,hard,0.3000553306450509,0.7748384829917367,1.5891095357136948,0.205,0.6422457538236883
500,400,2.0,5.0,3006,none,0.1980052440684554,0.7649647263686042,0.8212035708578335,0.015,0.5881398187543248
500,400,2.0,5.0,3007,hard,0.22554514907599427,0.7739000454559473,2.1136911738051394,0.07,0.6480592432812218
500,400,2.0,5.0,3007,none,0.19824158511171389,0.7707080101283507,1.0704033476760408,0.03,0.6267060531786384
500,400,2.0,5.0,3008,hard,0.30401036264284437,0.7683024422508001,1.3318721593215352,0.01,0.6709640266730088
500,400,2.0,5.0,3008,none,0.2829499089328615,0.7657192129253845,0.5369113788721019,0.015,0.6680451514199828
500,400,2.0,5.0,3009,hard,0.26636855648401947,0.7547447128019039,1.4833808950293395,0.075,0.6187577492911828
500,400,2.0,5.0,3009,none,0.22662061054906565,0.7462644982817396,0.5185827325144287,0.055,0.6031781270117837
500,400,2.0,5.0,3010,hard,0.2580884924774473,0.764686244167442,1.8403841997734245,0.13,0.020256834199894252
500,400,2.0,5.0,3010,none,0.21109411210660795,0.7573480628688757,0.8564166634140722,0.065,0.6153844669254636
500,400,2.0,5.0,3011,hard,0.3158815015811513,0.7649453178288123,1.493493595426977,0.105,0.6010257373013
500,400,2.0,5.0,3011,none,0.2151637453216126,0.7566508905754039,0.7045927294412131,0.06,0.578090080264457
500,400,2.0,5.0,3012,hard,0.2522870494369576,0.7526777824491122,1.751372340021357,0.08,0.532183550450165
500,400,2.0,5.0,3012,none,0.222167690247778,0.7455562167555014,0.944586511963565,0.08,0.5362368162904497
500,400,2.0,5.0,3013,hard,0.22144720380126534,0.7609164690813405,2.0183569337294647,0.015,0.6527439437133804
500,400,2.0,5.0,3013,none,0.1779303283695244,0.7520350707979753,1.0733719179900851,0.015,0.6479831263450889
500,400,2.0,5.0,3014,hard,0.8287625507287327,0.7790539397283066,1.1604556758894546,0.005,0.31652947946459603
500,400,2.0,5.0,3014,none,0.8249696518452774,0.7690512065012997,1.125466711915387,0.005,0.2845212485201462
500,400,2.0,5.0,3015,hard,0.310404679421021,0.7717682868582904,1.3543940493425826,0.01,0.6503911542854952
500,400,2.0,5.0,3015,none,0.2218772610004885,0.7646006968767887,0.9572185096943691,0.01,0.646014562086825
500,400,2.0,5.0,3016,hard,0.2199248024097587,0.7640151501627852,2.0029785421345725,0.04,0.016787891213942623
500,400,2.0,5.0,3016,none,0.18522410388190183,0.7571017532882872,0.7934804504119186,0.015,0.5823826166113317
500,400,2.0,5.0,3017,hard,0.2697100181637785,0.7502164020824637,1.615414335261549,0.045,0.6516627603280877
500,400,2.0,5.0,3017,none,0.28524620848267895,0.7454082293155815,0.665853196086518,0.04,0.6546818816207075
500,400,2.0,5.0,3018,hard,0.3112934593331812,0.7818144865118009,1.5653112625121666,0.005,0.6417941400811058
500,400,2.0,5.0,3018,none,0.2583623032992467,0.7722374777125725,0.8292070054537665,0.01,0.638007931396572
500,400,2.0,5.0,3019,hard,0.2458327186944923,0.7600931461764752,1.8788828210902904,0.04,0.6220677458598756
500,400,2.0,5.0,3019,none,0.21318944656394506,0.7498917513414844,0.9250786511350197,0.03,0.5863043460335962
500,400,3.0,3.0,3000,hard,0.7971240270795682,0.7709900544797526,1.148264724015419,0.02,0.2798383067331318
500,400,3.0,3.0,3000,none,0.7817491117385429,0.754907044528664,0.9755556187563124,0.005,0.30183559550182415
500,400,3.0,3.0,3001,hard,0.30156642121093274,0.7893724133171932,1.7294223162230855,0.055,0.05767560913875626
500,400,3.0,3.0,3001,none,0.20216644255645677,0.768544443377172,0.7216274658094127,0.005,0.6279175579383527
500,400,3.0,3.0,3002,hard,0.26113959507553525,0.7801611951612267,2.011233019004691,0.045,0.6486305396175042
500,400,3.0,3.0,3002,none,0.21573980315015018,0.7651874545060636,0.5831176244677183,0.025,0.5967075662624366
500,400,3.0,3.0,3003,hard,0.24841049294176776,0.750393961438789,2.3739194094375495,0.005,0.07191887141736666
500,400,3.0,3.0,3003,none,0.2193253485455054,0.7435495688576028,0.8690200366635352,0.005,0.618812658248167
500,400,3.0,3.0,3004,hard,0.24847998174225877,0.7928299926755032,2.4162835604860056,0.08,0.03122795636783664
500,400,3.0,3.0,3004,none,0.18395909557956827,0.7752247221465973,1.008748354301087,0.045,0.5942906629278742
500,400,3.0,3.0,3005,hard,0.2895273247375919,0.7892138499585698,1.9560338886201418,0.05,0.6458621032506687
500,400,3.0,3.0,3005,none,0.1914644577126009,0.7674015762475941,0.9815351350030826,0.005,0.6148959387212426
500,400,3.0,3.0,3006,hard,0.2523606341053149,0.7777126887046432,2.2019220104617374,0.06,0.054414257759724555
500,400,3.0,3.0,3006,none,0.1980052440684554,0.7649647263686042,0.8212035708578335,0.015,0.5881398187543248
500,400,3.0,3.0,3007,hard,0.2390381235135045,0.7792723497816689,2.6210068405210105,0.095,0.04414895954505725
500,400,3.0,3.0,3007,none,0.19824158511171389,0.7707080101283507,1.0704033476760408,0.03,0.6267060531786384
500,400,3.0,3.0,3008,hard,0.2948169249831933,0.7791714837066682,1.8994788164382004,0.005,0.6743954933954122
500,400,3.0,3.0,3008,none,0.2829499089328615,0.7657192129253845,0.5369113788721019,0.015,0.6680451514199828
500,400,3.0,3.0,3009,hard,0.3070816494317166,0.7622345098638988,1.7308088443839622,0.185,0.6127176419953569
500,400,3.0,3.0,3009,none,0.22662061054906565,0.7462644982817396,0.5185827325144287,0.055,0.6031781270117837
500,400,3.0,3.0,3010,hard,0.2678012088847788,0.7786379088475042,2.1518547150423046,0.06,0.04462080928278322
500,400,3.0,3.0,3010,none,0.21109411210660795,0.7573480628688757,0.8564166634140722,0.065,0.6153844669254636
500,400,3.0,3.0,3011,hard,0.33894455076299046,0.772367937140176,1.611237741644287,0.13,0.06393721231397217
500,400,3.0,3.0,3011,none,0.2151637453216126,0.7566508905754039,0.7045927294412131,0.06,0.578090080264457
500,400,3.0,3.0,3012,hard,0.23713220281001457,0.76015039487131,2.4425887287704424,0.035,0.043207295059008194
500,400,3.0,3.0,3012,none,0.222167690247778,0.7455562167555014,0.944586511963565,0.08,0.5362368162904497
500,400,3.0,3.0,3013,hard,0.24309933623940913,0.7683936439271192,2.1792899025897996,0.04,0.04792667381822268
500,400,3.0,3.0,3013,none,0.1779303283695244,0.7520350707979753,1.0733719179900851,0.015,0.6479831263450889
500,400,3.0,3.0,3014,hard,0.8366151233818865,0.7890226988944987,1.2667563184569595,0.005,0.2904939341002282
500,400,3.0,3.0,3014,none,0.8249696518452774,0.7690512065012997,1.125466711915387,0.005,0.2845212485201462
500,400,3.0,3.0,3015,hard,0.2292286138453511,0.7759291820315459,2.2323034881043453,0.045,0.03285970591454362
500,400,3.0,3.0,3015,none,0.2218772610004885,0.7646006968767887,0.9572185096943691,0.01,0.646014562086825
500,400,3.0,3.0,3016,hard,0.2305586957500206,0.775346297132613,2.306116196351435,0.07,0.050921393440734375
500,400,3.0,3.0,3016,none,0.18522410388190183,0.7571017532882872,0.7934804504119186,0.015,0.5823826166113317
500,400,3.0,3.0,3017,hard,0.29826634385030687,0.7621120685861528,1.8263593363933517,0.02,0.0074097858526520595
500,400,3.0,3.0,3017,none,0.28524620848267895,0.7454082293155815,0.665853196086518,0.04,0.6546818816207075
500,400,3.0,3.0,3018,hard,0.2906910442330246,0.785021751163439,2.1523430793240017,0.01,0.04318080617571084
500,400,3.0,3.0,3018,none,0.2583623032992467,0.7722374777125725,0.8292070054537665,0.01,0.638007931396572
500,400,3.0,3.0,3019,hard,0.2920112675299237,0.7657479569900913,1.9403775406597952,0.035,0.618066425913007
500,400,3.0,3.0,3019,none,0.21318944656394506,0.7498917513414844,0.9250786511350197,0.03,0.5863043460335962
500,400,3.0,5.0,3000,hard,0.8008001308519963,0.7742936980462121,1.1104783515526577,0.005,0.2714154869375016
500,400,3.0,5.0,3000,none,0.7817491117385429,0.754907044528664,0.9755556187563124,0.005,0.30183559550182415
500,400,3.0,5.0,3001,hard,0.3375259459068641,0.7904270258936412,1.7590739374244366,0.06,0.01113411017957497
500,400,3.0,5.0,3001,none,0.20216644255645677,0.768544443377172,0.7216274658094127,0.005,0.6279175579383527
500,400,3.0,5.0,3002,hard,0.3113924955323143,0.7867745160283348,2.0815100366168915,0.105,0.6517244430872009
500,400,3.0,5.0,3002,none,0.21573980315015018,0.7651874545060636,0.5831176244677183,0.025,0.5967075662624366
500,400,3.0,5.0,3003,hard,0.3553906235154162,0.7639067140064217,1.8207166452715962,0.035,0.042298313596247014
500,400,3.0,5.0,3003,none,0.2193253485455054,0.7435495688576028,0.8690200366635352,0.005,0.618812658248167
500,400,3.0,5.0,3004,hard,0.25002569990836326,0.7992452319351668,2.935697724899643,0.175,0.0060741023705305945
500,400,3.0,5.0,3004,none,0.18395909557956827,0.7752247221465973,1.008748354301087,0.045,0.5942906629278742
500,400,3.0,5.0,3005,hard,0.259321854678882,0.79664421734696,2.970858581714881,0.095,0.6351597865951568
500,400,3.0,5.0,3005,none,0.1914644577126009,0.7674015762475941,0.9815351350030826,0.005,0.6148959387212426
500,400,3.0,5.0,3006,hard,0.33293106421194946,0.788865471986579,2.160090104602476,0.14,0.006571550148985158
500,400,3.0,5.0,3006,none,0.1980052440684554,0.7649647263686042,0.8212035708578335,0.015,0.5881398187543248
500,400,3.0,5.0,3007,hard,0.26862650923827514,0.7861733012583728,2.653555379632515,0.15,0.040938465377612566
500,400,3.0,5.0,3007,none,0.19824158511171389,0.7707080101283507,1.0704033476760408,0.03,0.6267060531786384
500,400,3.0,5.0,3008,hard,0.3416813287733645,0.781208866364826,1.774971334862097,0.08,0.6729322303010705
500,400,3.0,5.0,3008,none,0.2829499089328615,0.7657192129253845,0.5369113788721019,0.015,0.6680451514199828
500,400,3.0,5.0,3009,hard,0.29593101085171364,0.7664754168966371,2.0385725773471783,0.215,0.01487032491843225
500,400,3.0,5.0,3009,none,0.22662061054906565,0.7462644982817396,0.5185827325144287,0.055,0.6031781270117837
500,400,3.0,5.0,3010,hard,0.3169752878505279,0.77642470971217,2.0451892368305016,0.075,0.009703750292364722
500,400,3.0,5.0,3010,none,0.21109411210660795,0.7573480628688757,0.8564166634140722,0.065,0.6153844669254636
500,400,3.0,5.0,3011,hard,0.3171534566083335,0.7780623888355767,2.1981903743986435,0.14,0.021587472858320425
500,400,3.0,5.0,3011,none,0.2151637453216126,0.7566508905754039,0.7045927294412131,0.06,0.578090080264457
500,400,3.0,5.0,3012,hard,0.3232688352006708,0.7665765215815465,2.0586458803587986,0.035,0.030187660984100074
500,400,3.0,5.0,3012,none,0.222167690247778,0.7455562167555014,0.944586511963565,0.08,0.5362368162904497
500,400,3.0,5.0,3013,hard,0.24680048877502064,0.7742854377345196,2.8040291262569843,0.075,0.031005638625559523
500,400,3.0,5.0,3013,none,0.1779303283695244,0.7520350707979753,1.0733719179900851,0.015,0.6479831263450889
500,400,3.0,5.0,3014,hard,0.8375310128393687,0.7920479480535466,1.24444993904467,0.005,0.3159783276843857
500,400,3.0,5.0,3014,none,0.8249696518452774,0.7690512065012997,1.125466711915387,0.005,0.2845212485201462
500,400,3.0,5.0,3015,hard,0.33299326080204283,0.7845539870044086,1.8522955166658432,0.005,0.033099200376019516
500,400,3.0,5.0,3015,none,0.2218772610004885,0.7646006968767887,0.9572185096943691,0.01,0.646014562086825
500,400,3.0,5.0,3016,hard,0.24732772888859317,0.7787777814347254,2.831794439168992,0.025,0.010740821220263102
500,400,3.0,5.0,3016,none,0.18522410388190183,0.7571017532882872,0.7934804504119186,0.015,0.5823826166113317
500,400,3.0,5.0,3017,hard,0.2920216497150423,0.7624856433441641,2.2218860243379437,0.045,0.011806016642874102
500,400,3.0,5.0,3017,none,0.28524620848267895,0.7454082293155815,0.665853196086518,0.04,0.6546818816207075
500,400,3.0,5.0,3018,hard,0.33405250588479196,0.7946472633815308,2.152223713119038,0.075,0.024276931793397488
500,400,3.0,5.0,3018,none,0.2583623032992467,0.7722374777125725,0.8292070054537665,0.01,0.638007931396572
500,400,3.0,5.0,3019,hard,0.30326734321979737,0.7728368374932668,2.253343288442578,0.085,0.6217389114513093
500,400,3.0,5.0,3019,none,0.21318944656394506,0.7498917513414844,0.9250786511350197,0.03,0.5863043460335962
1000,200,1.0,3.0,3000,hard,0.20751041853974378,0.7628602281592223,0.8168058481740261,0.005,0.6509702438833505
1000,200,1.0,3.0,3000,none,0.2058384439418646,0.7656670337660616,0.7581086739428624,0.005,0.6497222719382367
1000,200,1.0,3.0,3001,hard,0.1963566729300353,0.7648258532665232,0.9024198612113742,0.01,0.6521963180488204
1000,200,1.0,3.0,3001,none,0.1851877146852503,0.76475703704028,0.6411366455719669,0.015,0.6524925934056803
1000,200,1.0,3.0,3002,hard,0.18259677803246127,0.745669554418035,1.045180694905847,0.02,0.6504450842993411
1000,200,1.0,3.0,3002,none,0.18316440833952902,0.7468028005100441,0.8617131929913628,0.02,0.663001064199548
1000,200,1.0,3.0,3003,hard,0.21271858659799234,0.739064540755807,0.8603249900410158,0.005,0.6536150270793499
1000,200,1.0,3.0,3003,none,0.2490372278225074,0.7394234670521931,0.8436448192934123,0.005,0.583196783274657
1000,200,1.0,3.0,3004,hard,0.19908619705255198,0.761456490069731,1.0095522091987346,0.005,0.5658551701125246
1000,200,1.0,3.0,3004,none,0.18990911736974225,0.7636296927373963,0.9440468901591291,0.005,0.5588596506804734
1000,200,1.0,3.0,3005,hard,0.2159028366441982,0.7546820660717655,0.8596892225826717,0.005,0.6152402204280256
1000,200,1.0,3.0,3005,none,0.21240457542128838,0.755958718580306,0.7977862366138332,0.005,0.61198629985168
1000,200,1.0,3.0,3006,hard,0.2032675590106567,0.7654262702371359,0.9541371549937494,0.02,0.591550552706473
1000,200,1.0,3.0,3006,none,0.19589427112944552,0.766691413269448,0.788326241629502,0.02,0.5916484397556532
1000,200,1.0,3.0,3007,hard,0.21893939422583933,0.7756120356013453,0.7972234376298699,0.005,0.6533024033955783
1000,200,1.0,3.0,3007,none,0.23038900512278374,0.7803306633308283,0.6909573121371181,0.005,0.6470436104360201
1000,200,1.0,3.0,3008,hard,0.19666010546973794,0.7649617289167847,0.8582197171779218,0.015,0.6493393034856608
1000,200,1.0,3.0,3008,none,0.18948452131210602,0.767405484100939,0.7051200101442777,0.025,0.6525523628482977
1000,200,1.0,3.0,3009,hard,0.21774376731801318,0.7492277020791619,0.7382378863474273,0.015,0.6457761920906315
1000,200,1.0,3.0,3009,none,0.21915589592260792,0.7502207982027714,0.6713000851818955,0.02,0.5942210078258493
1000,200,1.0,3.0,3010,hard,0.2010311974341694,0.7481619966694409,0.9179282780831833,0.01,0.661819980193168
1000,200,1.0,3.0,3010,none,0.19806991896224876,0.7481183560916118,0.7660100842902161,0.01,0.6489850892214724
1000,200,1.0,3.0,3011,hard,0.2341277146163972,0.7687814555246932,0.8517808243159887,0.005,0.6604156137340139
1000,200,1.0,3.0,3011,none,0.22056308170808764,0.7694434967699305,0.8727907378834836,0.005,0.6238458878222454
1000,200,1.0,3.0,3012,hard,0.22227026982495243,0.735985985012499,0.8358244279545202,0.025,0.6540853887403681
1000,200,1.0,3.0,3012,none,0.21093638316634947,0.7353574218655231,0.6998927114872793,0.03,0.6488301003522589
1000,200,1.0,3.0,3013,hard,0.20829880273011583,0.749671302162947,0.9383349105401018,0.01,0.6407064638043304
1000,200,1.0,3.0,3013,none,0.2054127105759502,0.751775190801603,0.7675106302856088,0.005,0.6510974676734063
1000,200,1.0,3.0,3014,hard,0.1929264990577222,0.759474210871185,1.0365797144736384,0.01,0.65829799188954
1000,200,1.0,3.0,3014,none,0.19006084089043473,0.759044444316246,1.0036758215197206,0.01,0.6581777863860674
1000,200,1.0,3.0,3015,hard,0.20975186633784915,0.7541103194701028,0.9261033351564941,0.025,0.5817822099293678
1000,200,1.0,3.0,3015,none,0.19763710971717052,0.7568071431472219,0.7745393250628461,0.02,0.6477084602180861
1000,200,1.0,3.0,3016,hard,0.22069611729806438,0.7539518175111928,0.7778394739081649,0.03,0.6457094902036375
1000,200,1.0,3.0,3016,none,0.22214512107845968,0.7566072094901871,0.8233121111036421,0.025,0.6449347929655321
1000,200,1.0,3.0,3017,hard,0.20916541159537616,0.7453708338563464,0.7734027259968415,0.01,0.6469548129515366
1000,200,1.0,3.0,3017,none,0.23259191230843845,0.7455582837966436,0.7525077664507713,0.01,0.6512611176714944
1000,200,1.0,3.0,3018,hard,0.20132334006639385,0.7782078343594417,0.9029316143770932,0.005,0.6239981815360288
1000,200,1.0,3.0,3018,none,0.19458064482444012,0.7794570483230941,0.7912861938966295,0.005,0.6259165191644097
1000,200,1.0,3.0,3019,hard,0.20504335689992917,0.7535932989075645,1.0289812183484015,0.005,0.5791999677614363
1000,200,1.0,3.0,3019,none,0.20427446639517427,0.7548990744026047,1.0312641373331544,0.005,0.6376596634777926
1000,200,1.0,5.0,3000,hard,0.2100768449548969,0.7643140062215734,1.0727717888529191,0.005,0.6460648572979516
1000,200,1.0,5.0,3000,none,0.2058384439418646,0.7656670337660616,0.7581086739428624,0.005,0.6497222719382367
1000,200,1.0,5.0,3001,hard,0.20657048508152787,0.7651765542786599,1.1826031883306412,0.01,0.6546036108396344
1000,200,1.0,5.0,3001,none,0.1851877146852503,0.76475703704028,0.6411366455719669,0.015,0.6524925934056803
1000,200,1.0,5.0,3002,hard,0.19512852107740644,0.7474956428427829,1.3088408238772615,0.02,0.6633297909205158
1000,200,1.0,5.0,3002,none,0.18316440833952902,0.7468028005100441,0.8617131929913628,0.02,0.663001064199548
1000,200,1.0,5.0,3003,hard,0.2606229094018209,0.7449510345315493,1.1069604830382804,0.005,0.5832813163697247
1000,200,1.0,5.0,3003,none,0.2490372278225074,0.7394234670521931,0.8436448192934123,0.005,0.583196783274657
1000,200,1.0,5.0,3004,hard,0.21025536341048948,0.764451800761181,1.3721361893355115,0.005,0.5985045281236258
1000,200,1.0,5.0,3004,none,0.18990911736974225,0.7636296927373963,0.9440468901591291,0.005,0.5588596506804734
1000,200,1.0,5.0,3005,hard,0.21923178110986796,0.7584505756693857,1.2705871735150485,0.005,0.6125051050444715
1000,200,1.0,5.0,3005,none,0.21240457542128838,0.755958718580306,0.7977862366138332,0.005,0.61198629985168
1000,200,1.0,5.0,3006,hard,0.21169684045637838,0.7705919895083316,1.186336616878185,0.02,0.5915362093434487
1000,200,1.0,5.0,3006,none,0.19589427112944552,0.766691413269448,0.788326241629502,0.02,0.5916484397556532
1000,200,1.0,5.0,3007,hard,0.2412947053701367,0.7807548139963754,1.003768826033344,0.005,0.6479057534738737
1000,200,1.0,5.0,3007,none,0.23038900512278374,0.7803306633308283,0.6909573121371181,0.005,0.6470436104360201
1000,200,1.0,5.0,3008,hard,0.2051565306297911,0.7669601252907222,1.1558981717374712,0.025,0.6487057808161676
1000,200,1.0,5.0,3008,none,0.18948452131210602,0.767405484100939,0.7051200101442777,0.025,0.6525523628482977
1000,200,1.0,5.0,3009,hard,0.22875264603789966,0.7523312133014163,1.0339389042871936,0.015,0.6448935553824022
1000,200,1.0,5.0,3009,none,0.21915589592260792,0.7502207982027714,0.6713000851818955,0.02,0.5942210078258493
1000,200,1.0,5.0,3010,hard,0.20854523786047138,0.7497352682068648,1.1064351751697508,0.01,0.6539945547289702
1000,200,1.0,5.0,3010,none,0.19806991896224876,0.7481183560916118,0.7660100842902161,0.01,0.6489850892214724
1000,200,1.0,5.0,3011,hard,0.24578632678202172,0.7715109030882773,1.0140353504052348,0.005,0.6128404847561997
1000,200,1.0,5.0,3011,none,0.22056308170808764,0.7694434967699305,0.8727907378834836,0.005,0.6238458878222454
1000,200,1.0,5.0,3012,hard,0.22358878394271273,0.7375795606342876,1.1193572099334665,0.01,0.6549132318686549
1000,200,1.0,5.0,3012,none,0.21093638316634947,0.7353574218655231,0.6998927114872793,0.03,0.6488301003522589
1000,200,1.0,5.0,3013,hard,0.2161177595227611,0.7541483963203682,1.2080975673721241,0.005,0.6537922350565953
1000,200,1.0,5.0,3013,none,0.2054127105759502,0.751775190801603,0.7675106302856088,0.005,0.6510974676734063
1000,200,1.0,5.0,3014,hard,0.19925205494611106,0.7622034128053385,1.259968360711976,0.01,0.6605943666794551
1000,200,1.0,5.0,3014,none,0.19006084089043473,0.759044444316246,1.0036758215197206,0.01,0.6581777863860674
1000,200,1.0,5.0,3015,hard,0.21088600651000763,0.7588535831063313,1.1521316535755188,0.02,0.6541324087093087
1000,200,1.0,5.0,3015,none,0.19763710971717052,0.7568071431472219,0.7745393250628461,0.02,0.6477084602180861
1000,200,1.0,5.0,3016,hard,0.23096935015189524,0.7580937605090566,1.149362889755811,0.025,0.6489230753847063
1000,200,1.0,5.0,3016,none,0.22214512107845968,0.7566072094901871,0.8233121111036421,0.025,0.6449347929655321
1000,200,1.0,5.0,3017,hard,0.23999953153089396,0.7491267241145249,1.0010247457356478,0.01,0.6543775356366501
1000,200,1.0,5.0,3017,none,0.23259191230843845,0.7455582837966436,0.7525077664507713,0.01,0.6512611176714944
1000,200,1.0,5.0,3018,hard,0.20012969345850085,0.7811682911082273,1.2093805261720034,0.005,0.5543059661486669
1000,200,1.0,5.0,3018,none,0.19458064482444012,0.7794570483230941,0.7912861938966295,0.005,0.6259165191644097
1000,200,1.0,5.0,3019,hard,0.2103775789191057,0.7561691402071888,1.3720773036270106,0.005,0.5772054806195989
1000,200,1.0,5.0,3019,none,0.20427446639517427,0.7548990744026047,1.0312641373331544,0.005,0.6376596634777926
1000,200,2.0,3.0,3000,hard,0.22871994708626767,0.7673381361700821,1.430331666734504,0.005,0.5852333619062446
1000,200,2.0,3.0,3000,none,0.2058384439418646,0.7656670337660616,0.7581086739428624,0.005,0.6497222719382367
1000,200,2.0,3.0,3001,hard,0.21466468894107232,0.7704054344126273,1.4898898746846743,0.005,0.656751472915314
1000,200,2.0,3.0,3001,none,0.1851877146852503,0.76475703704028,0.6411366455719669,0.015,0.6524925934056803
1000,200,2.0,3.0,3002,hard,0.23619720530940702,0.750734169593603,1.4648510000131418,0.005,0.583107577624613
1000,200,2.0,3.0,3002,none,0.18316440833952902,0.7468028005100441,0.8617131929913628,0.02,0.663001064199548
1000,200,2.0,3.0,3003,hard,0.23155149703726086,0.744675089892095,1.3978259711831142,0.005,0.5848306170359784
1000,200,2.0,3.0,3003,none,0.2490372278225074,0.7394234670521931,0.8436448192934123,0.005,0.583196783274657
1000,200,2.0,3.0,3004,hard,0.22842670476479865,0.7664319393513258,1.5236331904280793,0.01,0.05675216653326124
1000,200,2.0,3.0,3004,none,0.18990911736974225,0.7636296927373963,0.9440468901591291,0.005,0.5588596506804734
1000,200,2.0,3.0,3005,hard,0.22342620321726464,0.7602523857775166,1.4804366292271625,0.005,0.6198140888308836
1000,200,2.0,3.0,3005,none,0.21240457542128838,0.755958718580306,0.7977862366138332,0.005,0.61198629985168
1000,200,2.0,3.0,3006,hard,0.2182081604513819,0.77110308548515,1.561346477282899,0.02,0.5887676051981537
1000,200,2.0,3.0,3006,none,0.19589427112944552,0.766691413269448,0.788326241629502,0.02,0.5916484397556532
1000,200,2.0,3.0,3007,hard,0.24485630698421543,0.7807493288280575,1.3527014051720212,0.005,0.5871945469985741
1000,200,2.0,3.0,3007,none,0.23038900512278374,0.7803306633308283,0.6909573121371181,0.005,0.6470436104360201
1000,200,2.0,3.0,3008,hard,0.23658126577369806,0.7707177591851272,1.4962644481035345,0.015,0.6640234646993217
1000,200,2.0,3.0,3008,none,0.18948452131210602,0.767405484100939,0.7051200101442777,0.025,0.6525523628482977
1000,200,2.0,3.0,3009,hard,0.24030338343042337,0.7543887748761584,1.3225284444036713,0.015,0.6448075972300401
1000,200,2.0,3.0,3009,none,0.21915589592260792,0.7502207982027714,0.6713000851818955,0.02,0.5942210078258493
1000,200,2.0,3.0,3010,hard,0.21673927218066916,0.7551456037859867,1.5229330630010447,0.02,0.6621267349522556
1000,200,2.0,3.0,3010,none,0.19806991896224876,0.7481183560916118,0.7660100842902161,0.01,0.6489850892214724
1000,200,2.0,3.0,3011,hard,0.25255247454105934,0.7750548076396069,1.3676324711742542,0.005,0.6519186412331432
1000,200,2.0,3.0,3011,none,0.22056308170808764,0.7694434967699305,0.8727907378834836,0.005,0.6238458878222454
1000,200,2.0,3.0,3012,hard,0.24094539731533537,0.7413993475669899,1.3484017686331264,0.025,0.658507591302832
1000,200,2.0,3.0,3012,none,0.21093638316634947,0.7353574218655231,0.6998927114872793,0.03,0.6488301003522589
1000,200,2.0,3.0,3013,hard,0.2254210143319886,0.7566974719444695,1.5050388440986935,0.005,0.6524545502338075
1000,200,2.0,3.0,3013,none,0.2054127105759502,0.751775190801603,0.7675106302856088,0.005,0.6510974676734063
1000,200,2.0,3.0,3014,hard,0.22017349849198678,0.7671786610801398,1.665357825697124,0.01,0.661166912398208
1000,200,2.0,3.0,3014,none,0.19006084089043473,0.759044444316246,1.0036758215197206,0.01,0.6581777863860674
1000,200,2.0,3.0,3015,hard,0.22944299683811745,0.7589296497777163,1.3940038180766516,0.025,0.5797211631354865
1000,200,2.0,3.0,3015,none,0.19763710971717052,0.7568071431472219,0.7745393250628461,0.02,0.6477084602180861
1000,200,2.0,3.0,3016,hard,0.24232563449960665,0.7601886823827483,1.3173944976654177,0.03,0.6399648085044622
1000,200,2.0,3.0,3016,none,0.22214512107845968,0.7566072094901871,0.8233121111036421,0.025,0.6449347929655321
1000,200,2.0,3.0,3017,hard,0.24172002851429078,0.7522770338822338,1.2302093386780741,0.015,0.6499181129324793
1000,200,2.0,3.0,3017,none,0.23259191230843845,0.7455582837966436,0.7525077664507713,0.01,0.6512611176714944
1000,200,2.0,3.0,3018,hard,0.2149399958843871,0.7837454284802003,1.5463190172781343,0.005,0.5579218332994769
1000,200,2.0,3.0,3018,none,0.19458064482444012,0.7794570483230941,0.7912861938966295,0.005,0.6259165191644097
1000,200,2.0,3.0,3019,hard,0.21129603232401184,0.7594049601617464,1.6921458605930095,0.005,0.576491475412778
1000,200,2.0,3.0,3019,none,0.20427446639517427,0.7548990744026047,1.0312641373331544,0.005,0.6376596634777926
1000,200,2.0,5.0,3000,hard,0.2328604489535977,0.7676257322881122,1.8527520538921256,0.015,0.6469814778657887
1000,200,2.0,5.0,3000,none,0.2058384439418646,0.7656670337660616,0.7581086739428624,0.005,0.6497222719382367
1000,200,2.0,5.0,3001,hard,0.23328628080879196,0.770156073009799,1.9011688257773616,0.03,0.024716480176066587
1000,200,2.0,5.0,3001,none,0.1851877146852503,0.76475703704028,0.6411366455719669,0.015,0.6524925934056803
1000,200,2.0,5.0,3002,hard,0.2172208049797765,0.7539242790199829,2.037952864936412,0.02,0.045032267081228435
1000,200,2.0,5.0,3002,none,0.18316440833952902,0.7468028005100441,0.8617131929913628,0.02,0.663001064199548
1000,200,2.0,5.0,3003,hard,0.279929213851566,0.7540415388728665,1.6128402383964362,0.005,0.5825486439875016
1000,200,2.0,5.0,3003,none,0.2490372278225074,0.7394234670521931,0.8436448192934123,0.005,0.583196783274657
1000,200,2.0,5.0,3004,hard,0.2404208369851365,0.7689155749719891,2.0303142368538243,0.01,0.039475866723108925
1000,200,2.0,5.0,3004,none,0.18990911736974225,0.7636296927373963,0.9440468901591291,0.005,0.5588596506804734
1000,200,2.0,5.0,3005,hard,0.23243101565155758,0.766226229621458,2.089915726283447,0.005,0.6172496994758556
1000,200,2.0,5.0,3005,none,0.21240457542128838,0.755958718580306,0.7977862366138332,0.005,0.61198629985168
1000,200,2.0,5.0,3006,hard,0.23443907876472922,0.7796227114048438,1.967047956058081,0.05,0.018093925357004235
1000,200,2.0,5.0,3006,none,0.19589427112944552,0.766691413269448,0.788326241629502,0.02,0.5916484397556532
1000,200,2.0,5.0,3007,hard,0.25180140973971904,0.7854417238117928,1.7427061935824077,0.015,0.5892351518285015
1000,200,2.0,5.0,3007,none,0.23038900512278374,0.7803306633308283,0.6909573121371181,0.005,0.6470436104360201
1000,200,2.0,5.0,3008,hard,0.23906998860042142,0.7713328417652897,1.8271706344049856,0.035,0.03173559025595466
1000,200,2.0,5.0,3008,none,0.18948452131210602,0.767405484100939,0.7051200101442777,0.025,0.6525523628482977
1000,200,2.0,5.0,3009,hard,0.2850140298510201,0.7592894869240695,1.639121642160148,0.035,0.590155452626032
1000,200,2.0,5.0,3009,none,0.21915589592260792,0.7502207982027714,0.6713000851818955,0.02,0.5942210078258493
1000,200,2.0,5.0,3010,hard,0.22917787422751515,0.7558274050104516,1.7504069304788954,0.02,0.6591770611945588
1000,200,2.0,5.0,3010,none,0.19806991896224876,0.7481183560916118,0.7660100842902161,0.01,0.6489850892214724
1000,200,2.0,5.0,3011,hard,0.2638516769686487,0.7775470071988675,1.6256558577615847,0.03,0.03367796967283758
1000,200,2.0,5.0,3011,none,0.22056308170808764,0.7694434967699305,0.8727907378834836,0.005,0.6238458878222454
1000,200,2.0,5.0,3012,hard,0.24561843926361251,0.7438029875983989,1.8796057165160753,0.015,0.6589413302354903
1000,200,2.0,5.0,3012,none,0.21093638316634947,0.7353574218655231,0.6998927114872793,0.03,0.6488301003522589
1000,200,2.0,5.0,3013,hard,0.2426676717793838,0.7619127423054428,1.8853266014745436,0.005,0.6553551787683938
1000,200,2.0,5.0,3013,none,0.2054127105759502,0.751775190801603,0.7675106302856088,0.005,0.6510974676734063
1000,200,2.0,5.0,3014,hard,0.22735001802837332,0.7696614920092718,1.8912055942603738,0.005,0.6609990279467671
1000,200,2.0,5.0,3014,none,0.19006084089043473,0.759044444316246,1.0036758215197206,0.01,0.6581777863860674
1000,200,2.0,5.0,3015,hard,0.23884379508061762,0.7653582993068956,1.8295640797196226,0.02,0.04370035375921947
1000,200,2.0,5.0,3015,none,0.19763710971717052,0.7568071431472219,0.7745393250628461,0.02,0.6477084602180861
1000,200,2.0,5.0,3016,hard,0.25712438943908356,0.765542294288025,1.8506486701861269,0.035,0.047258536221016015
1000,200,2.0,5.0,3016,none,0.22214512107845968,0.7566072094901871,0.8233121111036421,0.025,0.6449347929655321
1000,200,2.0,5.0,3017,hard,0.26665514026141623,0.7564554248409994,1.5886246380293505,0.02,0.6564486753594974
1000,200,2.0,5.0,3017,none,0.23259191230843845,0.7455582837966436,0.7525077664507713,0.01,0.6512611176714944
1000,200,2.0,5.0,3018,hard,0.22833927891253988,0.7880622154173409,1.9199169855313696,0.01,0.012149542659439547
1000,200,2.0,5.0,3018,none,0.19458064482444012,0.7794570483230941,0.7912861938966295,0.005,0.6259165191644097
1000,200,2.0,5.0,3019,hard,0.23664132978723662,0.7611669631174736,1.9262840124373577,0.005,0.018431954839965712
1000,200,2.0,5.0,3019,none,0.20427446639517427,0.7548990744026047,1.0312641373331544,0.005,0.6376596634777926
1000,200,3.0,3.0,3000,hard,0.2564254506234772,0.7782856062592581,2.081150092206185,0.01,0.09121980375230347
1000,200,3.0,3.0,3000,none,0.2058384439418646,0.7656670337660616,0.7581086739428624,0.005,0.6497222719382367
1000,200,3.0,3.0,3001,hard,0.24310235791736814,0.7821237891223202,2.1123270170619786,0.03,0.04781459775067902
1000,200,3.0,3.0,3001,none,0.1851877146852503,0.76475703704028,0.6411366455719669,0.015,0.6524925934056803
1000,200,3.0,3.0,3002,hard,0.24428218744704056,0.7612780583439438,2.223610332802622,0.01,0.04765443073299591
1000,200,3.0,3.0,3002,none,0.18316440833952902,0.7468028005100441,0.8617131929913628,0.02,0.663001064199548
1000,200,3.0,3.0,3003,hard,0.2554797880253336,0.7562338988511136,2.022440859162457,0.005,0.06819791515797209
1000,200,3.0,3.0,3003,none,0.2490372278225074,0.7394234670521931,0.8436448192934123,0.005,0.583196783274657
1000,200,3.0,3.0,3004,hard,0.2554744955020127,0.7786471001346418,2.194538578458872,0.01,0.043081042104003216
1000,200,3.0,3.0,3004,none,0.18990911736974225,0.7636296927373963,0.9440468901591291,0.005,0.5588596506804734
1000,200,3.0,3.0,3005,hard,0.25309541311659683,0.7735508986085115,2.1511971969658936,0.03,0.6369318314812252
1000,200,3.0,3.0,3005,none,0.21240457542128838,0.755958718580306,0.7977862366138332,0.005,0.61198629985168
1000,200,3.0,3.0,3006,hard,0.24827439876999097,0.7822893649306744,2.246402767196898,0.035,0.05166600920949641
1000,200,3.0,3.0,3006,none,0.19589427112944552,0.766691413269448,0.788326241629502,0.02,0.5916484397556532
1000,200,3.0,3.0,3007,hard,0.26982077508492935,0.7935949489586124,1.9782609241221445,0.015,0.04895844427044349
1000,200,3.0,3.0,3007,none,0.23038900512278374,0.7803306633308283,0.6909573121371181,0.005,0.6470436104360201
1000,200,3.0,3.0,3008,hard,0.25716052964886194,0.7848131031419898,2.273402810569102,0.01,0.10519704682740376
1000,200,3.0,3.0,3008,none,0.18948452131210602,0.767405484100939,0.7051200101442777,0.025,0.6525523628482977
1000,200,3.0,3.0,3009,hard,0.2853088387610625,0.7654213931235329,1.88301075178485,0.04,0.11882638596764764
1000,200,3.0,3.0,3009,none,0.21915589592260792,0.7502207982027714,0.6713000851818955,0.02,0.5942210078258493
1000,200,3.0,3.0,3010,hard,0.24377764923496323,0.7686195817300059,2.1934434968838112,0.02,0.0488503404955841
1000,200,3.0,3.0,3010,none,0.19806991896224876,0.7481183560916118,0.7660100842902161,0.01,0.6489850892214724
1000,200,3.0,3.0,3011,hard,0.26925683885104307,0.7861660017606811,2.052722229833769,0.01,0.06518612001485252
1000,200,3.0,3.0,3011,none,0.22056308170808764,0.7694434967699305,0.8727907378834836,0.005,0.6238458878222454
1000,200,3.0,3.0,3012,hard,0.25959992931925197,0.751459793868695,1.9121888217281007,0.01,0.053516441722363674
1000,200,3.0,3.0,3012,none,0.21093638316634947,0.7353574218655231,0.6998927114872793,0.03,0.6488301003522589
1000,200,3.0,3.0,3013,hard,0.24871461690424745,0.7698246319584271,2.1756600819315497,0.05,0.03460011768690397
1000,200,3.0,3.0,3013,none,0.2054127105759502,0.751775190801603,0.7675106302856088,0.005,0.6510974676734063
1000,200,3.0,3.0,3014,hard,0.24880928129871818,0.7810428036378891,2.303126064448752,0.025,0.05568273414449196
1000,200,3.0,3.0,3014,none,0.19006084089043473,0.759044444316246,1.0036758215197206,0.01,0.6581777863860674
1000,200,3.0,3.0,3015,hard,0.2519053134583578,0.7711247933388353,2.017816020513299,0.005,0.049879449764081124
1000,200,3.0,3.0,3015,none,0.19763710971717052,0.7568071431472219,0.7745393250628461,0.02,0.6477084602180861
1000,200,3.0,3.0,3016,hard,0.3223804907745632,0.7723323617011273,1.6367301943755732,0.01,0.01343719966131861
1000,200,3.0,3.0,3016,none,0.22214512107845968,0.7566072094901871,0.8233121111036421,0.025,0.6449347929655321
1000,200,3.0,3.0,3017,hard,0.2605511918690662,0.7660796829329871,1.8424279557094418,0.02,0.650588894673557
1000,200,3.0,3.0,3017,none,0.23259191230843845,0.7455582837966436,0.7525077664507713,0.01,0.6512611176714944
1000,200,3.0,3.0,3018,hard,0.25374817586112597,0.7952168968104981,2.1384253693044712,0.015,0.05331324961835282
1000,200,3.0,3.0,3018,none,0.19458064482444012,0.7794570483230941,0.7912861938966295,0.005,0.6259165191644097
1000,200,3.0,3.0,3019,hard,0.23933034327447358,0.7715001721876724,2.3181047523236855,0.015,0.051106196026379155
1000,200,3.0,3.0,3019,none,0.20427446639517427,0.7548990744026047,1.0312641373331544,0.005,0.6376596634777926
1000,200,3.0,5.0,3000,hard,0.26844201287361275,0.7791682578331388,2.573842537757973,0.04,0.012634881914372972
1000,200,3.0,5.0,3000,none,0.2058384439418646,0.7656670337660616,0.7581086739428624,0.005,0.6497222719382367
1000,200,3.0,5.0,3001,hard,0.2622341811529751,0.7815571191655325,2.564586962510215,0.085,0.0015029571847416424
1000,200,3.0,5.0,3001,none,0.1851877146852503,0.76475703704028,0.6411366455719669,0.015,0.6524925934056803
1000,200,3.0,5.0,3002,hard,0.24130440118040714,0.766613659522508,2.790051998858836,0.03,0.027082951054852977
1000,200,3.0,5.0,3002,none,0.18316440833952902,0.7468028005100441,0.8617131929913628,0.02,0.663001064199548
1000,200,3.0,5.0,3003,hard,0.3002290149177046,0.7674472548087516,2.174481056776055,0.025,0.025960142566015584
1000,200,3.0,5.0,3003,none,0.2490372278225074,0.7394234670521931,0.8436448192934123,0.005,0.583196783274657
1000,200,3.0,5.0,3004,hard,0.2529629480478586,0.7812757282432989,2.8748045380551135,0.02,0.018400087803445753
1000,200,3.0,5.0,3004,none,0.18990911736974225,0.7636296927373963,0.9440468901591291,0.005,0.5588596506804734
1000,200,3.0,5.0,3005,hard,0.29971947996017945,0.7812646159924737,2.4108478791177306,0.015,0.640814289293634
1000,200,3.0,5.0,3005,none,0.21240457542128838,0.755958718580306,0.7977862366138332,0.005,0.61198629985168
1000,200,3.0,5.0,3006,hard,0.2618515621406363,0.7951800478491932,2.692129630591204,0.06,0.006166326996072327
1000,200,3.0,5.0,3006,none,0.19589427112944552,0.766691413269448,0.788326241629502,0.02,0.5916484397556532
1000,200,3.0,5.0,3007,hard,0.28825094001150864,0.7987798161023285,2.361933092267618,0.02,0.01891767732754185
1000,200,3.0,5.0,3007,none,0.23038900512278374,0.7803306633308283,0.6909573121371181,0.005,0.6470436104360201
1000,200,3.0,5.0,3008,hard,0.2573633132297691,0.7828981955228412,2.5543820889051725,0.025,0.011848914343708637
1000,200,3.0,5.0,3008,none,0.18948452131210602,0.767405484100939,0.7051200101442777,0.025,0.6525523628482977
1000,200,3.0,5.0,3009,hard,0.308612495160427,0.7730392645077426,2.243579669714139,0.06,0.035138875800993924
1000,200,3.0,5.0,3009,none,0.21915589592260792,0.7502207982027714,0.6713000851818955,0.02,0.5942210078258493
1000,200,3.0,5.0,3010,hard,0.2524483361438099,0.7677666688073971,2.441823320672922,0.08,0.01920416990893856
1000,200,3.0,5.0,3010,none,0.19806991896224876,0.7481183560916118,0.7660100842902161,0.01,0.6489850892214724
1000,200,3.0,5.0,3011,hard,0.2718807638428737,0.7904284510619286,2.4797915005425195,0.05,0.0208181647549531
1000,200,3.0,5.0,3011,none,0.22056308170808764,0.7694434967699305,0.8727907378834836,0.005,0.6238458878222454
1000,200,3.0,5.0,3012,hard,0.28272407004789907,0.757026959361514,2.4924644608697375,0.08,0.027593921588119887
1000,200,3.0,5.0,3012,none,0.21093638316634947,0.7353574218655231,0.6998927114872793,0.03,0.6488301003522589
1000,200,3.0,5.0,3013,hard,0.2695098569690924,0.7764276639862688,2.6333121006080016,0.06,0.02398731726171516
1000,200,3.0,5.0,3013,none,0.2054127105759502,0.751775190801603,0.7675106302856088,0.005,0.6510974676734063
1000,200,3.0,5.0,3014,hard,0.2602655115524847,0.7827531135494268,2.4895942380606395,0.045,0.023917750730798285
1000,200,3.0,5.0,3014,none,0.19006084089043473,0.759044444316246,1.0036758215197206,0.01,0.6581777863860674
1000,200,3.0,5.0,3015,hard,0.26979627782812377,0.778060173683554,2.5166315238447003,0.08,0.030327278371485862
1000,200,3.0,5.0,3015,none,0.19763710971717052,0.7568071431472219,0.7745393250628461,0.02,0.6477084602180861
1000,200,3.0,5.0,3016,hard,0.28154348989582445,0.7809611119965508,2.59864454109116,0.03,0.0336646277710841
1000,200,3.0,5.0,3016,none,0.22214512107845968,0.7566072094901871,0.8233121111036421,0.025,0.6449347929655321
1000,200,3.0,5.0,3017,hard,0.2923491782048851,0.7718405223707975,2.208056097388725,0.035,0.03137665760509016
1000,200,3.0,5.0,3017,none,0.23259191230843845,0.7455582837966436,0.7525077664507713,0.01,0.6512611176714944
1000,200,3.0,5.0,3018,hard,0.2537151452435181,0.8002133984288319,2.676636374784996,0.055,0.008237556554853797
1000,200,3.0,5.0,3018,none,0.19458064482444012,0.7794570483230941,0.7912861938966295,0.005,0.6259165191644097
1000,200,3.0,5.0,3019,hard,0.25675436324277856,0.7738796837296941,2.706361960418747,0.04,0.0038934832087301114
1000,200,3.0,5.0,3019,none,0.20427446639517427,0.7548990744026047,1.0312641373331544,0.005,0.6376596634777926
1000,400,1.0,3.0,3000,hard,0.11711551360100675,0.7628602281592223,1.113065600037281,0.005,0.6962200338831357
1000,400,1.0,3.0,3000,none,0.10413114644980134,0.7656670337660616,0.8372877184461673,0.015,0.7458299083069792
1000,400,1.0,3.0,3001,hard,0.0878978901415763,0.7648258532665232,1.298451118842981,0.105,0.7853994595084728
1000,400,1.0,3.0,3001,none,0.08386045246312511,0.76475703704028,0.6678299706707679,0.07,0.7886635221774618
1000,400,1.0,3.0,3002,hard,0.09238352203714285,0.745669554418035,1.5772871505168229,0.01,0.6471694802010621
1000,400,1.0,3.0,3002,none,0.08948893300427087,0.7468028005100441,0.7759476498829918,0.015,0.6297680607868622
1000,400,1.0,3.0,3003,hard,0.18301243649534962,0.739064540755807,0.8024120269354169,0.005,0.655365038304016
1000,400,1.0,3.0,3003,none,0.2490372278225074,0.7394234670521931,0.8436448192934123,0.005,0.583196783274657
1000,400,1.0,3.0,3004,hard,0.1063965087324937,0.761456490069731,1.574167239765609,0.01,0.09656677171968794
1000,400,1.0,3.0,3004,none,0.08634148380465112,0.7636296927373963,1.219441073540227,0.02,0.5716502873929517
1000,400,1.0,3.0,3005,hard,0.12186456764473158,0.7546820660717655,1.2779933004427437,0.015,0.716241977803823
1000,400,1.0,3.0,3005,none,0.10544020059433379,0.755958718580306,1.152592447819952,0.005,0.7158452467740405
1000,400,1.0,3.0,3006,hard,0.11044086959512465,0.7654262702371359,1.310110315589601,0.02,0.593839600384387
1000,400,1.0,3.0,3006,none,0.11158893562691348,0.766691413269448,0.9253634381777616,0.02,0.564024207150315
1000,400,1.0,3.0,3007,hard,0.11722618575940014,0.7756120356013453,1.1492577478808412,0.04,0.6058461908939939
1000,400,1.0,3.0,3007,none,0.23038900512278374,0.7803306633308283,0.6909573121371181,0.005,0.6470436104360201
1000,400,1.0,3.0,3008,hard,0.0811175179002413,0.7649617289167847,1.3676784816868695,0.025,0.6662463395281518
1000,400,1.0,3.0,3008,none,0.07851735230781423,0.767405484100939,1.0069865712909487,0.03,0.522151835067367
1000,400,1.0,3.0,3009,hard,0.12003057532762537,0.7492277020791619,0.9756987566754758,0.01,0.6198837247190372
1000,400,1.0,3.0,3009,none,0.11620394896626456,0.7502207982027714,0.7319044341268977,0.02,0.620875871777063
1000,400,1.0,3.0,3010,hard,0.09282028137743153,0.7481619966694409,1.4252969888147058,0.02,0.6871689366284324
1000,400,1.0,3.0,3010,none,0.0862476442311376,0.7481183560916118,0.9922229784108864,0.01,0.6942132968280094
1000,400,1.0,3.0,3011,hard,0.09553333087461092,0.7687814555246932,1.698895937489101,0.01,0.0852544848782825
1000,400,1.0,3.0,3011,none,0.10912786836006227,0.7694434967699305,1.133107076924083,0.01,0.5363204545490475
1000,400,1.0,3.0,3012,hard,0.13199508289706885,0.735985985012499,0.9837114139600808,0.01,0.6110752268475884
1000,400,1.0,3.0,3012,none,0.12853330801670076,0.7353574218655231,0.6591825518038729,0.005,0.5982903678070406
1000,400,1.0,3.0,3013,hard,0.10908284037653407,0.749671302162947,1.3268043941203076,0.025,0.6104436026159828
1000,400,1.0,3.0,3013,none,0.1052475463647389,0.751775190801603,0.9412892001234492,0.05,0.6136087775789562
1000,400,1.0,3.0,3014,hard,0.09648049112943374,0.759474210871185,1.6397355042169457,0.035,0.05251738876316574
1000,400,1.0,3.0,3014,none,0.08723993868658227,0.759044444316246,1.0868690159788685,0.025,0.6391226431570944
1000,400,1.0,3.0,3015,hard,0.10451584648052906,0.7541103194701028,1.2651697933464614,0.015,0.6484347585029655
1000,400,1.0,3.0,3015,none,0.0908723705967629,0.7568071431472219,0.7658879638344107,0.015,0.6307928957259314
1000,400,1.0,3.0,3016,hard,0.09265784143575684,0.7539518175111928,1.2842737991937854,0.04,0.6624743900676644
1000,400,1.0,3.0,3016,none,0.0921034840836129,0.7566072094901871,1.2107290768799006,0.02,0.5983441063875535
1000,400,1.0,3.0,3017,hard,0.195797605520139,0.7453708338563464,0.8312977756135561,0.01,0.6488328320883447
1000,400,1.0,3.0,3017,none,0.23259191230843845,0.7455582837966436,0.7525077664507713,0.01,0.6512611176714944
1000,400,1.0,3.0,3018,hard,0.13199026351778942,0.7782078343594417,1.0415963480084334,0.005,0.6067905204591221
1000,400,1.0,3.0,3018,none,0.12447243487594781,0.7794570483230941,0.7870862117196175,0.005,0.6046139630771363
1000,400,1.0,3.0,3019,hard,0.10300534203719443,0.7535932989075645,1.769067861331381,0.01,0.5663709473713215
1000,400,1.0,3.0,3019,none,0.09701672835992983,0.7548990744026047,1.4726313345155648,0.005,0.5696886109359852
1000,400,1.0,5.0,3000,hard,0.10954830202738833,0.7643140062215734,1.9397463782884865,0.1,0.7038776433787296
1000,400,1.0,5.0,3000,none,0.10413114644980134,0.7656670337660616,0.8372877184461673,0.015,0.7458299083069792
1000,400,1.0,5.0,3001,hard,0.0980738361448079,0.7651765542786599,2.0829862707867126,0.15,0.008141084359579089
1000,400,1.0,5.0,3001,none,0.08386045246312511,0.76475703704028,0.6678299706707679,0.07,0.7886635221774618
1000,400,1.0,5.0,3002,hard,0.10968763945904528,0.7474956428427829,1.9944920017968513,0.015,0.6435378310343333
1000,400,1.0,5.0,3002,none,0.08948893300427087,0.7468028005100441,0.7759476498829918,0.015,0.6297680607868622
1000,400,1.0,5.0,3003,hard,0.2606229094018209,0.7449510345315493,1.1069604830382804,0.005,0.5832813163697247
1000,400,1.0,5.0,3003,none,0.2490372278225074,0.7394234670521931,0.8436448192934123,0.005,0.583196783274657
1000,400,1.0,5.0,3004,hard,0.12077929352629002,0.764451800761181,2.2666993804057536,0.01,0.03937385056410897
1000,400,1.0,5.0,3004,none,0.08634148380465112,0.7636296927373963,1.219441073540227,0.02,0.5716502873929517
1000,400,1.0,5.0,3005,hard,0.1113191764809282,0.7584505756693857,2.2020601312733277,0.025,0.07996112642107651
1000,400,1.0,5.0,3005,none,0.10544020059433379,0.755958718580306,1.152592447819952,0.005,0.7158452467740405
1000,400,1.0,5.0,3006,hard,0.12571665524450992,0.7705919895083316,1.7469852788055849,0.02,0.5892173479639282
1000,400,1.0,5.0,3006,none,0.11158893562691348,0.766691413269448,0.9253634381777616,0.02,0.564024207150315
1000,400,1.0,5.0,3007,hard,0.2412947053701367,0.7807548139963754,1.003768826033344,0.005,0.6479057534738737
1000,400,1.0,5.0,3007,none,0.23038900512278374,0.7803306633308283,0.6909573121371181,0.005,0.6470436104360201
1000,400,1.0,5.0,3008,hard,0.09692248763962402,0.7669601252907222,2.412568908621697,0.01,0.0241218255482498
1000,400,1.0,5.0,3008,none,0.07851735230781423,0.767405484100939,1.0069865712909487,0.03,0.522151835067367
1000,400,1.0,5.0,3009,hard,0.13141867618284117,0.7523312133014163,1.617562525687853,0.025,0.6154018657910125
1000,400,1.0,5.0,3009,none,0.11620394896626456,0.7502207982027714,0.7319044341268977,0.02,0.620875871777063
1000,400,1.0,5.0,3010,hard,0.10067902770481704,0.7497352682068648,1.8611699006404248,0.02,0.03837293953180144
1000,400,1.0,5.0,3010,none,0.0862476442311376,0.7481183560916118,0.9922229784108864,0.01,0.6942132968280094
1000,400,1.0,5.0,3011,hard,0.11505217290771969,0.7715109030882773,1.9070896712797976,0.045,0.019533835412356856
1000,400,1.0,5.0,3011,none,0.10912786836006227,0.7694434967699305,1.133107076924083,0.01,0.5363204545490475
1000,400,1.0,5.0,3012,hard,0.1400313739554835,0.7375795606342876,1.4893518508995087,0.01,0.6122937994261196
1000,400,1.0,5.0,3012,none,0.12853330801670076,0.7353574218655231,0.6591825518038729,0.005,0.5982903678070406
1000,400,1.0,5.0,3013,hard,0.1437499187924434,0.7541483963203682,1.6922007467391948,0.01,0.6379026146138393
1000,400,1.0,5.0,3013,none,0.1052475463647389,0.751775190801603,0.9412892001234492,0.05,0.6136087775789562
1000,400,1.0,5.0,3014,hard,0.09984080187211405,0.7622034128053385,2.1294108451588967,0.045,0.013081767362475377
1000,400,1.0,5.0,3014,none,0.08723993868658227,0.759044444316246,1.0868690159788685,0.025,0.6391226431570944
1000,400,1.0,5.0,3015,hard,0.11206606046866921,0.7588535831063313,2.0595515398140845,0.005,0.6493379226399202
1000,400,1.0,5.0,3015,none,0.0908723705967629,0.7568071431472219,0.7658879638344107,0.015,0.6307928957259314
1000,400,1.0,5.0,3016,hard,0.12150646198729716,0.7580937605090566,1.9346985314697156,0.02,0.044949049127942294
1000,400,1.0,5.0,3016,none,0.0921034840836129,0.7566072094901871,1.2107290768799006,0.02,0.5983441063875535
1000,400,1.0,5.0,3017,hard,0.23999953153089396,0.7491267241145249,1.0010247457356478,0.01,0.6543775356366501
1000,400,1.0,5.0,3017,none,0.23259191230843845,0.7455582837966436,0.7525077664507713,0.01,0.6512611176714944
1000,400,1.0,5.0,3018,hard,0.126619092954356,0.7811682911082273,1.6576255879400965,0.005,0.5941906717856593
1000,400,1.0,5.0,3018,none,0.12447243487594781,0.7794570483230941,0.7870862117196175,0.005,0.6046139630771363
1000,400,1.0,5.0,3019,hard,0.1054071242849262,0.7561691402071888,2.3893624974112595,0.02,0.572540724875501
1000,400,1.0,5.0,3019,none,0.09701672835992983,0.7548990744026047,1.4726313345155648,0.005,0.5696886109359852
1000,400,2.0,3.0,3000,hard,0.13583602846378146,0.7673381361700821,2.180415714550748,0.025,0.02770845883798429
1000,400,2.0,3.0,3000,none,0.10413114644980134,0.7656670337660616,0.8372877184461673,0.015,0.7458299083069792
1000,400,2.0,3.0,3001,hard,0.10061894528322457,0.7704054344126273,2.8007405011927258,0.045,0.02228903121878022
1000,400,2.0,3.0,3001,none,0.08386045246312511,0.76475703704028,0.6678299706707679,0.07,0.7886635221774618
1000,400,2.0,3.0,3002,hard,0.23619720530940702,0.750734169593603,1.4648510000131418,0.005,0.583107577624613
1000,400,2.0,3.0,3002,none,0.08948893300427087,0.7468028005100441,0.7759476498829918,0.015,0.6297680607868622
1000,400,2.0,3.0,3003,hard,0.15303616719283727,0.744675089892095,1.8301012277406425,0.005,0.6523344642659681
1000,400,2.0,3.0,3003,none,0.2490372278225074,0.7394234670521931,0.8436448192934123,0.005,0.583196783274657
1000,400,2.0,3.0,3004,hard,0.14463369437312018,0.7664319393513258,2.4164596796398,0.01,0.055066016307291105
1000,400,2.0,3.0,3004,none,0.08634148380465112,0.7636296927373963,1.219441073540227,0.02,0.5716502873929517
1000,400,2.0,3.0,3005,hard,0.13459539652521302,0.7602523857775166,2.427581523054019,0.085,0.06656407564680752
1000,400,2.0,3.0,3005,none,0.10544020059433379,0.755958718580306,1.152592447819952,0.005,0.7158452467740405
1000,400,2.0,3.0,3006,hard,0.13883497038477288,0.77110308548515,2.255657691805578,0.025,0.5931357476443817
1000,400,2.0,3.0,3006,none,0.11158893562691348,0.766691413269448,0.9253634381777616,0.02,0.564024207150315
1000,400,2.0,3.0,3007,hard,0.22345569280133232,0.7807493288280575,1.4456204926772709,0.005,0.5943689872970437
1000,400,2.0,3.0,3007,none,0.23038900512278374,0.7803306633308283,0.6909573121371181,0.005,0.6470436104360201
1000,400,2.0,3.0,3008,hard,0.11472167833928944,0.7707177591851272,2.7758130437597743,0.005,0.01598174314284357
1000,400,2.0,3.0,3008,none,0.07851735230781423,0.767405484100939,1.0069865712909487,0.03,0.522151835067367
1000,400,2.0,3.0,3009,hard,0.1399377511618368,0.7543887748761584,1.96446742228478,0.015,0.6284298015086942
1000,400,2.0,3.0,3009,none,0.11620394896626456,0.7502207982027714,0.7319044341268977,0.02,0.620875871777063
1000,400,2.0,3.0,3010,hard,0.11522478598881494,0.7551456037859867,2.7675591126534673,0.02,0.03383849628260043
1000,400,2.0,3.0,3010,none,0.0862476442311376,0.7481183560916118,0.9922229784108864,0.01,0.6942132968280094
1000,400,2.0,3.0,3011,hard,0.12217357134728349,0.7750548076396069,2.628077129633365,0.025,0.05431006355892888
1000,400,2.0,3.0,3011,none,0.10912786836006227,0.7694434967699305,1.133107076924083,0.01,0.5363204545490475
1000,400,2.0,3.0,3012,hard,0.15339913035336106,0.7413993475669899,1.6753580097942888,0.01,0.6189798707610336
1000,400,2.0,3.0,3012,none,0.12853330801670076,0.7353574218655231,0.6591825518038729,0.005,0.5982903678070406
1000,400,2.0,3.0,3013,hard,0.1264219186215666,0.7566974719444695,2.5721441227354123,0.035,0.03484480697407016
1000,400,2.0,3.0,3013,none,0.1052475463647389,0.751775190801603,0.9412892001234492,0.05,0.6136087775789562
1000,400,2.0,3.0,3014,hard,0.140775724940085,0.7671786610801398,2.4981160356341365,0.01,0.042043466177816305
1000,400,2.0,3.0,3014,none,0.08723993868658227,0.759044444316246,1.0868690159788685,0.025,0.6391226431570944
1000,400,2.0,3.0,3015,hard,0.12361843019599296,0.7589296497777163,2.368700277394099,0.005,0.04053436011517922
1000,400,2.0,3.0,3015,none,0.0908723705967629,0.7568071431472219,0.7658879638344107,0.015,0.6307928957259314
1000,400,2.0,3.0,3016,hard,0.13964818459662073,0.7601886823827483,2.223820226865026,0.02,0.04003667383803309
1000,400,2.0,3.0,3016,none,0.0921034840836129,0.7566072094901871,1.2107290768799006,0.02,0.5983441063875535
1000,400,2.0,3.0,3017,hard,0.13580028114999645,0.7522770338822338,1.8452313083989753,0.01,0.644831038261794
1000,400,2.0,3.0,3017,none,0.23259191230843845,0.7455582837966436,0.7525077664507713,0.01,0.6512611176714944
1000,400,2.0,3.0,3018,hard,0.127396015003054,0.7837454284802003,2.5173051687615637,0.01,0.028266049730032057
1000,400,2.0,3.0,3018,none,0.12447243487594781,0.7794570483230941,0.7870862117196175,0.005,0.6046139630771363
1000,400,2.0,3.0,3019,hard,0.11636930527276937,0.7594049601617464,3.018286249321095,0.015,0.0404579093476678
1000,400,2.0,3.0,3019,none,0.09701672835992983,0.7548990744026047,1.4726313345155648,0.005,0.5696886109359852
1000,400,2.0,5.0,3000,hard,0.14043469136988596,0.7676257322881122,3.254185294089699,0.06,0.02097058598085262
1000,400,2.0,5.0,3000,none,0.10413114644980134,0.7656670337660616,0.8372877184461673,0.015,0.7458299083069792
1000,400,2.0,5.0,3001,hard,0.12747007267198052,0.770156073009799,3.7751397897550505,0.125,0.015309369593173059
1000,400,2.0,5.0,3001,none,0.08386045246312511,0.76475703704028,0.6678299706707679,0.07,0.7886635221774618
1000,400,2.0,5.0,3002,hard,0.13348476808833049,0.7539242790199829,3.4357379419580005,0.02,0.021626052877069396
1000,400,2.0,5.0,3002,none,0.08948893300427087,0.7468028005100441,0.7759476498829918,0.015,0.6297680607868622
1000,400,2.0,5.0,3003,hard,0.279929213851566,0.7540415388728665,1.6128402383964362,0.005,0.5825486439875016
1000,400,2.0,5.0,3003,none,0.2490372278225074,0.7394234670521931,0.8436448192934123,0.005,0.583196783274657
1000,400,2.0,5.0,3004,hard,0.14665745590306017,0.7689155749719891,3.5744542164762034,0.01,0.01695882262754233
1000,400,2.0,5.0,3004,none,0.08634148380465112,0.7636296927373963,1.219441073540227,0.02,0.5716502873929517
1000,400,2.0,5.0,3005,hard,0.12578291361003838,0.766226229621458,4.345727153411,0.025,0.0052819092742412655
1000,400,2.0,5.0,3005,none,0.10544020059433379,0.755958718580306,1.152592447819952,0.005,0.7158452467740405
1000,400,2.0,5.0,3006,hard,0.22767561642483025,0.7796227114048438,1.9628533163813622,0.035,0.015928975421649876
1000,400,2.0,5.0,3006,none,0.11158893562691348,0.766691413269448,0.9253634381777616,0.02,0.564024207150315
1000,400,2.0,5.0,3007,hard,0.25180140973971904,0.7854417238117928,1.7427061935824077,0.015,0.5892351518285015
1000,400,2.0,5.0,3007,none,0.23038900512278374,0.7803306633308283,0.6909573121371181,0.005,0.6470436104360201
1000,400,2.0,5.0,3008,hard,0.12277461639214003,0.7713328417652897,3.961306804608768,0.02,0.01272737227347424
1000,400,2.0,5.0,3008,none,0.07851735230781423,0.767405484100939,1.0069865712909487,0.03,0.522151835067367
1000,400,2.0,5.0,3009,hard,0.2850140298510201,0.7592894869240695,1.639121642160148,0.035,0.590155452626032
1000,400,2.0,5.0,3009,none,0.11620394896626456,0.7502207982027714,0.7319044341268977,0.02,0.620875871777063
1000,400,2.0,5.0,3010,hard,0.12498904906800189,0.7558274050104516,3.464801337251242,0.035,0.027359562517203444
1000,400,2.0,5.0,3010,none,0.0862476442311376,0.7481183560916118,0.9922229784108864,0.01,0.6942132968280094
1000,400,2.0,5.0,3011,hard,0.14105442816357447,0.7775470071988675,3.1852679835625044,0.05,0.005735907853571673
1000,400,2.0,5.0,3011,none,0.10912786836006227,0.7694434967699305,1.133107076924083,0.01,0.5363204545490475
1000,400,2.0,5.0,3012,hard,0.21254722370373497,0.7438029875983989,2.1008300282855186,0.03,0.6425845239565903
1000,400,2.0,5.0,3012,none,0.12853330801670076,0.7353574218655231,0.6591825518038729,0.005,0.5982903678070406
1000,400,2.0,5.0,3013,hard,0.1933134927894465,0.7619127423054428,2.449800142705098,0.01,0.04015180420988499
1000,400,2.0,5.0,3013,none,0.1052475463647389,0.751775190801603,0.9412892001234492,0.05,0.6136087775789562
1000,400,2.0,5.0,3014,hard,0.12948419528656166,0.7696614920092718,3.384489626648646,0.075,0.012403039219205615
1000,400,2.0,5.0,3014,none,0.08723993868658227,0.759044444316246,1.0868690159788685,0.025,0.6391226431570944
1000,400,2.0,5.0,3015,hard,0.14778673823776814,0.7653582993068956,3.280519122178949,0.09,0.008791394925189967
1000,400,2.0,5.0,3015,none,0.0908723705967629,0.7568071431472219,0.7658879638344107,0.015,0.6307928957259314
1000,400,2.0,5.0,3016,hard,0.1925585872197714,0.765542294288025,2.520093854835468,0.015,0.03546443553588575
1000,400,2.0,5.0,3016,none,0.0921034840836129,0.7566072094901871,1.2107290768799006,0.02,0.5983441063875535
1000,400,2.0,5.0,3017,hard,0.26665514026141623,0.7564554248409994,1.5886246380293505,0.02,0.6564486753594974
1000,400,2.0,5.0,3017,none,0.23259191230843845,0.7455582837966436,0.7525077664507713,0.01,0.6512611176714944
1000,400,2.0,5.0,3018,hard,0.14553238480647668,0.7880622154173409,2.9663294492991614,0.085,0.004156462905793668
1000,400,2.0,5.0,3018,none,0.12447243487594781,0.7794570483230941,0.7870862117196175,0.005,0.6046139630771363
1000,400,2.0,5.0,3019,hard,0.14636589298380034,0.7611669631174736,3.2636207035750826,0.025,0.013111335972339419
1000,400,2.0,5.0,3019,none,0.09701672835992983,0.7548990744026047,1.4726313345155648,0.005,0.5696886109359852
1000,400,3.0,3.0,3000,hard,0.16439763005254338,0.7782856062592581,3.1204067190025135,0.005,0.01673730094035453
1000,400,3.0,3.0,3000,none,0.10413114644980134,0.7656670337660616,0.8372877184461673,0.015,0.7458299083069792
1000,400,3.0,3.0,3001,hard,0.13041279835480998,0.7821237891223202,4.116257762948241,0.04,0.011525531062164683
1000,400,3.0,3.0,3001,none,0.08386045246312511,0.76475703704028,0.6678299706707679,0.07,0.7886635221774618
1000,400,3.0,3.0,3002,hard,0.24428218744704056,0.7612780583439438,2.223610332802622,0.01,0.04765443073299591
1000,400,3.0,3.0,3002,none,0.08948893300427087,0.7468028005100441,0.7759476498829918,0.015,0.6297680607868622
1000,400,3.0,3.0,3003,hard,0.1723978846462633,0.7562338988511136,2.954909363347832,0.02,0.012685509913100917
1000,400,3.0,3.0,3003,none,0.2490372278225074,0.7394234670521931,0.8436448192934123,0.005,0.583196783274657
1000,400,3.0,3.0,3004,hard,0.18270645350791645,0.7786471001346418,3.3307763606413903,0.01,0.028193964100026843
1000,400,3.0,3.0,3004,none,0.08634148380465112,0.7636296927373963,1.219441073540227,0.02,0.5716502873929517
1000,400,3.0,3.0,3005,hard,0.16738389964585587,0.7735508986085115,3.2748481900990414,0.065,0.04971777677010771
1000,400,3.0,3.0,3005,none,0.10544020059433379,0.755958718580306,1.152592447819952,0.005,0.7158452467740405
1000,400,3.0,3.0,3006,hard,0.22714565450846047,0.7822893649306744,2.472543088456129,0.035,0.04987817291009815
1000,400,3.0,3.0,3006,none,0.11158893562691348,0.766691413269448,0.9253634381777616,0.02,0.564024207150315
1000,400,3.0,3.0,3007,hard,0.2523358939275181,0.7935949489586124,2.10570434983748,0.025,0.04483831550022087
1000,400,3.0,3.0,3007,none,0.23038900512278374,0.7803306633308283,0.6909573121371181,0.005,0.6470436104360201
1000,400,3.0,3.0,3008,hard,0.14305058947416519,0.7848131031419898,4.244332507388825,0.005,0.028811998641771204
1000,400,3.0,3.0,3008,none,0.07851735230781423,0.767405484100939,1.0069865712909487,0.03,0.522151835067367
1000,400,3.0,3.0,3009,hard,0.2853088387610625,0.7654213931235329,1.88301075178485,0.04,0.11882638596764764
1000,400,3.0,3.0,3009,none,0.11620394896626456,0.7502207982027714,0.7319044341268977,0.02,0.620875871777063
1000,400,3.0,3.0,3010,hard,0.13836427534342652,0.7686195817300059,4.239677642375397,0.02,0.02692923115986023
1000,400,3.0,3.0,3010,none,0.0862476442311376,0.7481183560916118,0.9922229784108864,0.01,0.6942132968280094
1000,400,3.0,3.0,3011,hard,0.15652290906411104,0.7861660017606811,3.7536355651270044,0.01,0.04581021817103701
1000,400,3.0,3.0,3011,none,0.10912786836006227,0.7694434967699305,1.133107076924083,0.01,0.5363204545490475
1000,400,3.0,3.0,3012,hard,0.24230073813406786,0.751459793868695,2.0448396175968626,0.03,0.6472878684540434
1000,400,3.0,3.0,3012,none,0.12853330801670076,0.7353574218655231,0.6591825518038729,0.005,0.5982903678070406
1000,400,3.0,3.0,3013,hard,0.15140630611787412,0.7698246319584271,3.751545959968448,0.035,0.02543693021114363
1000,400,3.0,3.0,3013,none,0.1052475463647389,0.751775190801603,0.9412892001234492,0.05,0.6136087775789562
1000,400,3.0,3.0,3014,hard,0.17673556864541617,0.7810428036378891,3.418888067673148,0.03,0.04671690333972165
1000,400,3.0,3.0,3014,none,0.08723993868658227,0.759044444316246,1.0868690159788685,0.025,0.6391226431570944
1000,400,3.0,3.0,3015,hard,0.14988224078214063,0.7711247933388353,3.531802410596141,0.005,0.025347909233263813
1000,400,3.0,3.0,3015,none,0.0908723705967629,0.7568071431472219,0.7658879638344107,0.015,0.6307928957259314
1000,400,3.0,3.0,3016,hard,0.3223804907745632,0.7723323617011273,1.6367301943755732,0.01,0.01343719966131861
1000,400,3.0,3.0,3016,none,0.0921034840836129,0.7566072094901871,1.2107290768799006,0.02,0.5983441063875535
1000,400,3.0,3.0,3017,hard,0.18520631167484258,0.7660796829329871,2.4762150849251974,0.005,0.014321164686497974
1000,400,3.0,3.0,3017,none,0.23259191230843845,0.7455582837966436,0.7525077664507713,0.01,0.6512611176714944
1000,400,3.0,3.0,3018,hard,0.17468285066901598,0.7952168968104981,3.0531872462747143,0.005,0.026444527755243002
1000,400,3.0,3.0,3018,none,0.12447243487594781,0.7794570483230941,0.7870862117196175,0.005,0.6046139630771363
1000,400,3.0,3.0,3019,hard,0.15122446385762037,0.7715001721876724,3.8775231341785026,0.015,0.030583007010126763
1000,400,3.0,3.0,3019,none,0.09701672835992983,0.7548990744026047,1.4726313345155648,0.005,0.5696886109359852
1000,400,3.0,5.0,3000,hard,0.17515023667385052,0.7791682578331388,4.444181673580048,0.04,0.0153896547298009
1000,400,3.0,5.0,3000,none,0.10413114644980134,0.7656670337660616,0.8372877184461673,0.015,0.7458299083069792
1000,400,3.0,5.0,3001,hard,0.14836347152747148,0.7815571191655325,5.410831707131677,0.085,0.01063346311830775
1000,400,3.0,5.0,3001,none,0.08386045246312511,0.76475703704028,0.6678299706707679,0.07,0.7886635221774618
1000,400,3.0,5.0,3002,hard,0.16769401336819847,0.766613659522508,4.435726866070743,0.025,0.0075679506631842145
1000,400,3.0,5.0,3002,none,0.08948893300427087,0.7468028005100441,0.7759476498829918,0.015,0.6297680607868622
1000,400,3.0,5.0,3003,hard,0.3002290149177046,0.7674472548087516,2.174481056776055,0.025,0.025960142566015584
1000,400,3.0,5.0,3003,none,0.2490372278225074,0.7394234670521931,0.8436448192934123,0.005,0.583196783274657
1000,400,3.0,5.0,3004,hard,0.2047892042158261,0.7812757282432989,3.713265423128388,0.02,0.014938300512523409
1000,400,3.0,5.0,3004,none,0.08634148380465112,0.7636296927373963,1.219441073540227,0.02,0.5716502873929517
1000,400,3.0,5.0,3005,hard,0.29971947996017945,0.7812646159924737,2.4108478791177306,0.015,0.640814289293634
1000,400,3.0,5.0,3005,none,0.10544020059433379,0.755958718580306,1.152592447819952,0.005,0.7158452467740405
1000,400,3.0,5.0,3006,hard,0.254321491501668,0.7951800478491932,2.7599886668676232,0.07,0.007187007939484383
1000,400,3.0,5.0,3006,none,0.11158893562691348,0.766691413269448,0.9253634381777616,0.02,0.564024207150315
1000,400,3.0,5.0,3007,hard,0.28825094001150864,0.7987798161023285,2.361933092267618,0.02,0.01891767732754185
1000,400,3.0,5.0,3007,none,0.23038900512278374,0.7803306633308283,0.6909573121371181,0.005,0.6470436104360201
1000,400,3.0,5.0,3008,hard,0.14734864932504507,0.7828981955228412,5.454228124964666,0.025,0.008448977999046333
1000,400,3.0,5.0,3008,none,0.07851735230781423,0.767405484100939,1.0069865712909487,0.03,0.522151835067367
1000,400,3.0,5.0,3009,hard,0.308612495160427,0.7730392645077426,2.243579669714139,0.06,0.035138875800993924
1000,400,3.0,5.0,3009,none,0.11620394896626456,0.7502207982027714,0.7319044341268977,0.02,0.620875871777063
1000,400,3.0,5.0,3010,hard,0.15100277185442176,0.7677666688073971,4.921291044850515,0.08,0.02757258193191743
1000,400,3.0,5.0,3010,none,0.0862476442311376,0.7481183560916118,0.9922229784108864,0.01,0.6942132968280094
1000,400,3.0,5.0,3011,hard,0.15796770032715213,0.7904284510619286,4.872872389703501,0.075,0.006958867873185797
1000,400,3.0,5.0,3011,none,0.10912786836006227,0.7694434967699305,1.133107076924083,0.01,0.5363204545490475
1000,400,3.0,5.0,3012,hard,0.28272407004789907,0.757026959361514,2.4924644608697375,0.08,0.027593921588119887
1000,400,3.0,5.0,3012,none,0.12853330801670076,0.7353574218655231,0.6591825518038729,0.005,0.5982903678070406
1000,400,3.0,5.0,3013,hard,0.2695098569690924,0.7764276639862688,2.6333121006080016,0.06,0.02398731726171516
1000,400,3.0,5.0,3013,none,0.1052475463647389,0.751775190801603,0.9412892001234492,0.05,0.6136087775789562
1000,400,3.0,5.0,3014,hard,0.16275696683914034,0.7827531135494268,4.384435213261853,0.07,0.01722577227027343
1000,400,3.0,5.0,3014,none,0.08723993868658227,0.759044444316246,1.0868690159788685,0.025,0.6391226431570944
1000,400,3.0,5.0,3015,hard,0.1810641062251372,0.778060173683554,4.496958739445507,0.075,0.002768449028757964
1000,400,3.0,5.0,3015,none,0.0908723705967629,0.7568071431472219,0.7658879638344107,0.015,0.6307928957259314
1000,400,3.0,5.0,3016,hard,0.21851627556963193,0.7809611119965508,3.5577031383219055,0.015,0.02654100014459635
1000,400,3.0,5.0,3016,none,0.0921034840836129,0.7566072094901871,1.2107290768799006,0.02,0.5983441063875535
1000,400,3.0,5.0,3017,hard,0.2923491782048851,0.7718405223707975,2.208056097388725,0.035,0.03137665760509016
1000,400,3.0,5.0,3017,none,0.23259191230843845,0.7455582837966436,0.7525077664507713,0.01,0.6512611176714944
1000,400,3.0,5.0,3018,hard,0.17010332692651417,0.8002133984288319,4.418114587105172,0.08,0.004065959684502616
1000,400,3.0,5.0,3018,none,0.12447243487594781,0.7794570483230941,0.7870862117196175,0.005,0.6046139630771363
1000,400,3.0,5.0,3019,hard,0.21283120856343538,0.7738796837296941,3.393915673496581,0.05,0.0098582186108699
1000,400,3.0,5.0,3019,none,0.09701672835992983,0.7548990744026047,1.4726313345155648,0.005,0.5696886109359852
