task,region,noise,seed,init_mae,init_in,init_out,p_gate,cx,cy,detect_dist,arm,hp,mae,err_in,err_out,ess
synthetic,hard,gauss,3000,0.1643976300525433,0.4077284812054536,0.1306651721785134,0.005,0.2342000565681154,0.7444774072830562,0.0167373009403545,weakspot,"weakspot|alpha=0.2,sigma=0.05",0.1387359572963039,0.311896328697138,0.1147310894135238,
synthetic,hard,gauss,3000,0.1643976300525433,0.4077284812054536,0.1306651721785134,0.005,0.2342000565681154,0.7444774072830562,0.0167373009403545,weakspot,"weakspot|alpha=0.2,sigma=0.1",0.143069818593954,0.2899722519132279,0.1227050349257256,
synthetic,hard,gauss,3000,0.1643976300525433,0.4077284812054536,0.1306651721785134,0.005,0.2342000565681154,0.7444774072830562,0.0167373009403545,weakspot,"weakspot|alpha=0.2,sigma=0.2",0.1246957072188485,0.3064453241538792,0.099500129807132,
synthetic,hard,gauss,3000,0.1643976300525433,0.4077284812054536,0.1306651721785134,0.005,0.2342000565681154,0.7444774072830562,0.0167373009403545,weakspot,"weakspot|alpha=0.5,sigma=0.05",0.1400614548939278,0.3135793889127374,0.1160070188372354,
synthetic,hard,gauss,3000,0.1643976300525433,0.4077284812054536,0.1306651721785134,0.005,0.2342000565681154,0.7444774072830562,0.0167373009403545,weakspot,"weakspot|alpha=0.5,sigma=0.1",0.1296356803718998,0.2527057384116391,0.1125747301113381,
synthetic,hard,gauss,3000,0.1643976300525433,0.4077284812054536,0.1306651721785134,0.005,0.2342000565681154,0.7444774072830562,0.0167373009403545,weakspot,"weakspot|alpha=0.5,sigma=0.2",0.1309265642653644,0.284016090573762,0.1097040765590765,
synthetic,hard,gauss,3000,0.1643976300525433,0.4077284812054536,0.1306651721785134,0.005,0.2342000565681154,0.7444774072830562,0.0167373009403545,weakspot,"weakspot|alpha=0.8,sigma=0.05",0.220070096199288,0.3113385252184569,0.2074177406819708,
synthetic,hard,gauss,3000,0.1643976300525433,0.4077284812054536,0.1306651721785134,0.005,0.2342000565681154,0.7444774072830562,0.0167373009403545,weakspot,"weakspot|alpha=0.8,sigma=0.1",0.1906423574522219,0.2458273204891741,0.1829921789725762,
synthetic,hard,gauss,3000,0.1643976300525433,0.4077284812054536,0.1306651721785134,0.005,0.2342000565681154,0.7444774072830562,0.0167373009403545,weakspot,"weakspot|alpha=0.8,sigma=0.2",0.1128538083476048,0.2555337820587106,0.0930743756128173,
synthetic,hard,gauss,3000,0.1643976300525433,0.4077284812054536,0.1306651721785134,0.005,0.2342000565681154,0.7444774072830562,0.0167373009403545,weakspot,"weakspot|alpha=1.0,sigma=0.05",3.973530623063144,0.3136844172615793,4.480887612025671,
synthetic,hard,gauss,3000,0.1643976300525433,0.4077284812054536,0.1306651721785134,0.005,0.2342000565681154,0.7444774072830562,0.0167373009403545,weakspot,"weakspot|alpha=1.0,sigma=0.1",0.3779487198918004,0.2352616537948331,0.397729135829524,
synthetic,hard,gauss,3000,0.1643976300525433,0.4077284812054536,0.1306651721785134,0.005,0.2342000565681154,0.7444774072830562,0.0167373009403545,weakspot,"weakspot|alpha=1.0,sigma=0.2",0.1777389150610861,0.2585964719970683,0.1665297974328985,
synthetic,hard,gauss,3000,0.1643976300525433,0.4077284812054536,0.1306651721785134,0.005,0.2342000565681154,0.7444774072830562,0.0167373009403545,loss,loss|alpha=0.2,0.1274568281257941,0.3088454561897877,0.1023112938624394,
synthetic,hard,gauss,3000,0.1643976300525433,0.4077284812054536,0.1306651721785134,0.005,0.2342000565681154,0.7444774072830562,0.0167373009403545,loss,loss|alpha=0.5,0.1297066817321311,0.2875430111893433,0.1078261544205279,
synthetic,hard,gauss,3000,0.1643976300525433,0.4077284812054536,0.1306651721785134,0.005,0.2342000565681154,0.7444774072830562,0.0167373009403545,loss,loss|alpha=0.8,0.1244156951235355,0.2799711442421473,0.1028513615850317,
synthetic,hard,gauss,3000,0.1643976300525433,0.4077284812054536,0.1306651721785134,0.005,0.2342000565681154,0.7444774072830562,0.0167373009403545,loss,loss|alpha=1.0,0.1309887808527522,0.2799835005839865,0.1103339478014823,
synthetic,hard,gauss,3000,0.1643976300525433,0.4077284812054536,0.1306651721785134,0.005,0.2342000565681154,0.7444774072830562,0.0167373009403545,jtt,"jtt|q=0.1,lam=2",0.1229182110416275,0.3096206670123915,0.0970360316912825,
synthetic,hard,gauss,3000,0.1643976300525433,0.4077284812054536,0.1306651721785134,0.005,0.2342000565681154,0.7444774072830562,0.0167373009403545,jtt,"jtt|q=0.1,lam=5",0.1217083132029887,0.2923687934446541,0.0980500001151177,
synthetic,hard,gauss,3000,0.1643976300525433,0.4077284812054536,0.1306651721785134,0.005,0.2342000565681154,0.7444774072830562,0.0167373009403545,jtt,"jtt|q=0.1,lam=10",0.1288623493293939,0.2882459509119202,0.1067673268498351,
synthetic,hard,gauss,3000,0.1643976300525433,0.4077284812054536,0.1306651721785134,0.005,0.2342000565681154,0.7444774072830562,0.0167373009403545,jtt,"jtt|q=0.1,lam=20",0.1481675079039049,0.2924450069503257,0.1281666135015118,
synthetic,hard,gauss,3000,0.1643976300525433,0.4077284812054536,0.1306651721785134,0.005,0.2342000565681154,0.7444774072830562,0.0167373009403545,jtt,"jtt|q=0.2,lam=2",0.1263019724158622,0.3087421644454111,0.1010106619921814,
synthetic,hard,gauss,3000,0.1643976300525433,0.4077284812054536,0.1306651721785134,0.005,0.2342000565681154,0.7444774072830562,0.0167373009403545,jtt,"jtt|q=0.2,lam=5",0.1273616023978236,0.2864923493064497,0.1053016326441939,
synthetic,hard,gauss,3000,0.1643976300525433,0.4077284812054536,0.1306651721785134,0.005,0.2342000565681154,0.7444774072830562,0.0167373009403545,jtt,"jtt|q=0.2,lam=10",0.1313291476708326,0.2715903586999523,0.1118850230562066,
synthetic,hard,gauss,3000,0.1643976300525433,0.4077284812054536,0.1306651721785134,0.005,0.2342000565681154,0.7444774072830562,0.0167373009403545,jtt,"jtt|q=0.2,lam=20",0.1486595422435539,0.2696672460812132,0.1318844919250398,
synthetic,hard,gauss,3000,0.1643976300525433,0.4077284812054536,0.1306651721785134,0.005,0.2342000565681154,0.7444774072830562,0.0167373009403545,density,density|alpha=0.2,0.1157831709111987,0.330067576207812,0.0860773623773386,
synthetic,hard,gauss,3000,0.1643976300525433,0.4077284812054536,0.1306651721785134,0.005,0.2342000565681154,0.7444774072830562,0.0167373009403545,density,density|alpha=0.5,0.1148675704505337,0.3280197339018891,0.0853187222863407,
synthetic,hard,gauss,3000,0.1643976300525433,0.4077284812054536,0.1306651721785134,0.005,0.2342000565681154,0.7444774072830562,0.0167373009403545,density,density|alpha=0.8,0.1148709129551372,0.3273603023598809,0.0854139438005371,
synthetic,hard,gauss,3000,0.1643976300525433,0.4077284812054536,0.1306651721785134,0.005,0.2342000565681154,0.7444774072830562,0.0167373009403545,density,density|alpha=1.0,0.1148671676178561,0.3268354544257714,0.0854824378497221,
synthetic,hard,gauss,3001,0.1304127983548099,0.389382587516509,0.0945962595009153,0.04,0.2536236485583106,0.7390589288736991,0.0115255310621646,weakspot,"weakspot|alpha=0.2,sigma=0.05",0.1098985865715843,0.3208317999008007,0.0807256948020911,
synthetic,hard,gauss,3001,0.1304127983548099,0.389382587516509,0.0945962595009153,0.04,0.2536236485583106,0.7390589288736991,0.0115255310621646,weakspot,"weakspot|alpha=0.2,sigma=0.1",0.1009786861186595,0.2728902946191875,0.0772026355406127,
synthetic,hard,gauss,3001,0.1304127983548099,0.389382587516509,0.0945962595009153,0.04,0.2536236485583106,0.7390589288736991,0.0115255310621646,weakspot,"weakspot|alpha=0.2,sigma=0.2",0.0943339305116486,0.2736839101432409,0.0695291239945872,
synthetic,hard,gauss,3001,0.1304127983548099,0.389382587516509,0.0945962595009153,0.04,0.2536236485583106,0.7390589288736991,0.0115255310621646,weakspot,"weakspot|alpha=0.5,sigma=0.05",0.12402585612572,0.3278308770717607,0.0958388213562904,
synthetic,hard,gauss,3001,0.1304127983548099,0.389382587516509,0.0945962595009153,0.04,0.2536236485583106,0.7390589288736991,0.0115255310621646,weakspot,"weakspot|alpha=0.5,sigma=0.1",0.1108277890838046,0.2386272330737399,0.0931526240925956,
synthetic,hard,gauss,3001,0.1304127983548099,0.389382587516509,0.0945962595009153,0.04,0.2536236485583106,0.7390589288736991,0.0115255310621646,weakspot,"weakspot|alpha=0.5,sigma=0.2",0.0962878286178253,0.2451828451368781,0.0756950631003923,
synthetic,hard,gauss,3001,0.1304127983548099,0.389382587516509,0.0945962595009153,0.04,0.2536236485583106,0.7390589288736991,0.0115255310621646,weakspot,"weakspot|alpha=0.8,sigma=0.05",0.1443881043956881,0.2920735764658596,0.1239626236255961,
synthetic,hard,gauss,3001,0.1304127983548099,0.389382587516509,0.0945962595009153,0.04,0.2536236485583106,0.7390589288736991,0.0115255310621646,weakspot,"weakspot|alpha=0.8,sigma=0.1",0.1171088344873956,0.2165323940071141,0.103358165754731,
synthetic,hard,gauss,3001,0.1304127983548099,0.389382587516509,0.0945962595009153,0.04,0.2536236485583106,0.7390589288736991,0.0115255310621646,weakspot,"weakspot|alpha=0.8,sigma=0.2",0.1179151355685185,0.2309371198589337,0.1022837512870325,
synthetic,hard,gauss,3001,0.1304127983548099,0.389382587516509,0.0945962595009153,0.04,0.2536236485583106,0.7390589288736991,0.0115255310621646,weakspot,"weakspot|alpha=1.0,sigma=0.05",4.461872108768592,0.3772437974071356,5.026792245172025,
synthetic,hard,gauss,3001,0.1304127983548099,0.389382587516509,0.0945962595009153,0.04,0.2536236485583106,0.7390589288736991,0.0115255310621646,weakspot,"weakspot|alpha=1.0,sigma=0.1",0.455933805809935,0.2081504459955197,0.4902032175543306,
synthetic,hard,gauss,3001,0.1304127983548099,0.389382587516509,0.0945962595009153,0.04,0.2536236485583106,0.7390589288736991,0.0115255310621646,weakspot,"weakspot|alpha=1.0,sigma=0.2",0.1627915923722799,0.227802281982241,0.1538003586925869,
synthetic,hard,gauss,3001,0.1304127983548099,0.389382587516509,0.0945962595009153,0.04,0.2536236485583106,0.7390589288736991,0.0115255310621646,loss,loss|alpha=0.2,0.1012096894811771,0.2957833328508285,0.0742993904835531,
synthetic,hard,gauss,3001,0.1304127983548099,0.389382587516509,0.0945962595009153,0.04,0.2536236485583106,0.7390589288736991,0.0115255310621646,loss,loss|alpha=0.5,0.1018857251694892,0.2703275307694571,0.0785895619590213,
synthetic,hard,gauss,3001,0.1304127983548099,0.389382587516509,0.0945962595009153,0.04,0.2536236485583106,0.7390589288736991,0.0115255310621646,loss,loss|alpha=0.8,0.1126641677201162,0.2636386540429292,0.0917838033624363,
synthetic,hard,gauss,3001,0.1304127983548099,0.389382587516509,0.0945962595009153,0.04,0.2536236485583106,0.7390589288736991,0.0115255310621646,loss,loss|alpha=1.0,0.1186884034802715,0.2563381886231571,0.0996508976238565,
synthetic,hard,gauss,3001,0.1304127983548099,0.389382587516509,0.0945962595009153,0.04,0.2536236485583106,0.7390589288736991,0.0115255310621646,jtt,"jtt|q=0.1,lam=2",0.097551578386561,0.2802807555934442,0.072279415574226,
synthetic,hard,gauss,3001,0.1304127983548099,0.389382587516509,0.0945962595009153,0.04,0.2536236485583106,0.7390589288736991,0.0115255310621646,jtt,"jtt|q=0.1,lam=5",0.1072673843474466,0.2613091575001761,0.0859628021754983,
synthetic,hard,gauss,3001,0.1304127983548099,0.389382587516509,0.0945962595009153,0.04,0.2536236485583106,0.7390589288736991,0.0115255310621646,jtt,"jtt|q=0.1,lam=10",0.1246356936490291,0.2490484283515203,0.107428923852384,
synthetic,hard,gauss,3001,0.1304127983548099,0.389382587516509,0.0945962595009153,0.04,0.2536236485583106,0.7390589288736991,0.0115255310621646,jtt,"jtt|q=0.1,lam=20",0.1426441707728137,0.251251189654607,0.1276233935455651,
synthetic,hard,gauss,3001,0.1304127983548099,0.389382587516509,0.0945962595009153,0.04,0.2536236485583106,0.7390589288736991,0.0115255310621646,jtt,"jtt|q=0.2,lam=2",0.096207600938382,0.2757490381239147,0.0713763150897283,
synthetic,hard,gauss,3001,0.1304127983548099,0.389382587516509,0.0945962595009153,0.04,0.2536236485583106,0.7390589288736991,0.0115255310621646,jtt,"jtt|q=0.2,lam=5",0.1045777275207472,0.2603303222782402,0.0830365320022095,
synthetic,hard,gauss,3001,0.1304127983548099,0.389382587516509,0.0945962595009153,0.04,0.2536236485583106,0.7390589288736991,0.0115255310621646,jtt,"jtt|q=0.2,lam=10",0.1223201313474632,0.2495639330733804,0.1047218138634575,
synthetic,hard,gauss,3001,0.1304127983548099,0.389382587516509,0.0945962595009153,0.04,0.2536236485583106,0.7390589288736991,0.0115255310621646,jtt,"jtt|q=0.2,lam=20",0.1366887820768245,0.2463411385602727,0.121523430554071,
synthetic,hard,gauss,3001,0.1304127983548099,0.389382587516509,0.0945962595009153,0.04,0.2536236485583106,0.7390589288736991,0.0115255310621646,density,density|alpha=0.2,0.0944996340721018,0.3067205326655399,0.0651486503736354,
synthetic,hard,gauss,3001,0.1304127983548099,0.389382587516509,0.0945962595009153,0.04,0.2536236485583106,0.7390589288736991,0.0115255310621646,density,density|alpha=0.5,0.0934857859569843,0.3066508741262307,0.0640042171322109,
synthetic,hard,gauss,3001,0.1304127983548099,0.389382587516509,0.0945962595009153,0.04,0.2536236485583106,0.7390589288736991,0.0115255310621646,density,density|alpha=0.8,0.093531060704523,0.3087328008252614,0.0637678149166235,
synthetic,hard,gauss,3001,0.1304127983548099,0.389382587516509,0.0945962595009153,0.04,0.2536236485583106,0.7390589288736991,0.0115255310621646,density,density|alpha=1.0,0.0930831146758152,0.309912768018155,0.0630947220963111,
synthetic,hard,gauss,3002,0.2442821874470405,0.4686418455319158,0.2107571810665419,0.01,0.2871870690842145,0.720199552664234,0.0476544307329959,weakspot,"weakspot|alpha=0.2,sigma=0.05",0.1415176583800421,0.354121095874879,0.1097493286394343,
synthetic,hard,gauss,3002,0.2442821874470405,0.4686418455319158,0.2107571810665419,0.01,0.2871870690842145,0.720199552664234,0.0476544307329959,weakspot,"weakspot|alpha=0.2,sigma=0.1",0.1262594329499924,0.326395228916668,0.0963540841273857,
synthetic,hard,gauss,3002,0.2442821874470405,0.4686418455319158,0.2107571810665419,0.01,0.2871870690842145,0.720199552664234,0.0476544307329959,weakspot,"weakspot|alpha=0.2,sigma=0.2",0.1308755290027456,0.3646067954332995,0.095950167352203,
synthetic,hard,gauss,3002,0.2442821874470405,0.4686418455319158,0.2107571810665419,0.01,0.2871870690842145,0.720199552664234,0.0476544307329959,weakspot,"weakspot|alpha=0.5,sigma=0.05",0.1695829796143108,0.3249128461489116,0.146372769672359,
synthetic,hard,gauss,3002,0.2442821874470405,0.4686418455319158,0.2107571810665419,0.01,0.2871870690842145,0.720199552664234,0.0476544307329959,weakspot,"weakspot|alpha=0.5,sigma=0.1",0.1444738929873586,0.3189078078997387,0.118409055126888,
synthetic,hard,gauss,3002,0.2442821874470405,0.4686418455319158,0.2107571810665419,0.01,0.2871870690842145,0.720199552664234,0.0476544307329959,weakspot,"weakspot|alpha=0.5,sigma=0.2",0.1347186286281695,0.336097050517598,0.104627600069979,
synthetic,hard,gauss,3002,0.2442821874470405,0.4686418455319158,0.2107571810665419,0.01,0.2871870690842145,0.720199552664234,0.0476544307329959,weakspot,"weakspot|alpha=0.8,sigma=0.05",0.2247304379352817,0.3525248862335835,0.2056347157757654,
synthetic,hard,gauss,3002,0.2442821874470405,0.4686418455319158,0.2107571810665419,0.01,0.2871870690842145,0.720199552664234,0.0476544307329959,weakspot,"weakspot|alpha=0.8,sigma=0.1",0.160110042562323,0.3103189327133205,0.137665035988036,
synthetic,hard,gauss,3002,0.2442821874470405,0.4686418455319158,0.2107571810665419,0.01,0.2871870690842145,0.720199552664234,0.0476544307329959,weakspot,"weakspot|alpha=0.8,sigma=0.2",0.1441608218927008,0.3357197822715707,0.1155370691924098,
synthetic,hard,gauss,3002,0.2442821874470405,0.4686418455319158,0.2107571810665419,0.01,0.2871870690842145,0.720199552664234,0.0476544307329959,weakspot,"weakspot|alpha=1.0,sigma=0.05",2.37186487477591,0.435008041092929,2.6612802637170443,
synthetic,hard,gauss,3002,0.2442821874470405,0.4686418455319158,0.2107571810665419,0.01,0.2871870690842145,0.720199552664234,0.0476544307329959,weakspot,"weakspot|alpha=1.0,sigma=0.1",0.3434157267324089,0.3001681258232326,0.3498780119257341,
synthetic,hard,gauss,3002,0.2442821874470405,0.4686418455319158,0.2107571810665419,0.01,0.2871870690842145,0.720199552664234,0.0476544307329959,weakspot,"weakspot|alpha=1.0,sigma=0.2",0.1855732846745349,0.3270480629191351,0.1644333752816636,
synthetic,hard,gauss,3002,0.2442821874470405,0.4686418455319158,0.2107571810665419,0.01,0.2871870690842145,0.720199552664234,0.0476544307329959,loss,loss|alpha=0.2,0.1215652574584601,0.3578309225815476,0.0862611925550102,
synthetic,hard,gauss,3002,0.2442821874470405,0.4686418455319158,0.2107571810665419,0.01,0.2871870690842145,0.720199552664234,0.0476544307329959,loss,loss|alpha=0.5,0.1204763907966622,0.3386075667349346,0.0878820771507135,
synthetic,hard,gauss,3002,0.2442821874470405,0.4686418455319158,0.2107571810665419,0.01,0.2871870690842145,0.720199552664234,0.0476544307329959,loss,loss|alpha=0.8,0.1331750047428329,0.3356400347161298,0.1029216094594667,
synthetic,hard,gauss,3002,0.2442821874470405,0.4686418455319158,0.2107571810665419,0.01,0.2871870690842145,0.720199552664234,0.0476544307329959,loss,loss|alpha=1.0,0.1418263617599,0.3361428022987924,0.1127905717943183,
synthetic,hard,gauss,3002,0.2442821874470405,0.4686418455319158,0.2107571810665419,0.01,0.2871870690842145,0.720199552664234,0.0476544307329959,jtt,"jtt|q=0.1,lam=2",0.1259995892264657,0.3552158421436048,0.0917488847675828,
synthetic,hard,gauss,3002,0.2442821874470405,0.4686418455319158,0.2107571810665419,0.01,0.2871870690842145,0.720199552664234,0.0476544307329959,jtt,"jtt|q=0.1,lam=5",0.1260697397302204,0.3436294947935774,0.0935608108127072,
synthetic,hard,gauss,3002,0.2442821874470405,0.4686418455319158,0.2107571810665419,0.01,0.2871870690842145,0.720199552664234,0.0476544307329959,jtt,"jtt|q=0.1,lam=10",0.1485036971439345,0.3625119498427792,0.1165254524877852,
synthetic,hard,gauss,3002,0.2442821874470405,0.4686418455319158,0.2107571810665419,0.01,0.2871870690842145,0.720199552664234,0.0476544307329959,jtt,"jtt|q=0.1,lam=20",0.1690298606374459,0.3857057020320495,0.1366530107738845,
synthetic,hard,gauss,3002,0.2442821874470405,0.4686418455319158,0.2107571810665419,0.01,0.2871870690842145,0.720199552664234,0.0476544307329959,jtt,"jtt|q=0.2,lam=2",0.1259185862622489,0.3608622440126778,0.0908120626903457,
synthetic,hard,gauss,3002,0.2442821874470405,0.4686418455319158,0.2107571810665419,0.01,0.2871870690842145,0.720199552664234,0.0476544307329959,jtt,"jtt|q=0.2,lam=5",0.1300398192080039,0.3499649093893403,0.0971774494107927,
synthetic,hard,gauss,3002,0.2442821874470405,0.4686418455319158,0.2107571810665419,0.01,0.2871870690842145,0.720199552664234,0.0476544307329959,jtt,"jtt|q=0.2,lam=10",0.1383575417728407,0.3581900563984173,0.1055090051046511,
synthetic,hard,gauss,3002,0.2442821874470405,0.4686418455319158,0.2107571810665419,0.01,0.2871870690842145,0.720199552664234,0.0476544307329959,jtt,"jtt|q=0.2,lam=20",0.153434255513023,0.3803476509477341,0.1195276561951926,
synthetic,hard,gauss,3002,0.2442821874470405,0.4686418455319158,0.2107571810665419,0.01,0.2871870690842145,0.720199552664234,0.0476544307329959,density,density|alpha=0.2,0.1217831481471651,0.3734690530053613,0.0841749094901932,
synthetic,hard,gauss,3002,0.2442821874470405,0.4686418455319158,0.2107571810665419,0.01,0.2871870690842145,0.720199552664234,0.0476544307329959,density,density|alpha=0.5,0.1246354130213862,0.3667799765903687,0.0884528920283198,
synthetic,hard,gauss,3002,0.2442821874470405,0.4686418455319158,0.2107571810665419,0.01,0.2871870690842145,0.720199552664234,0.0476544307329959,density,density|alpha=0.8,0.1250831001360161,0.3677929032917523,0.0888161180552739,
synthetic,hard,gauss,3002,0.2442821874470405,0.4686418455319158,0.2107571810665419,0.01,0.2871870690842145,0.720199552664234,0.0476544307329959,density,density|alpha=1.0,0.1288107152127472,0.3648053662854725,0.0935471466616504,
synthetic,hard,gauss,3003,0.1723978846462633,0.4119708720287729,0.1394191230156789,0.02,0.244000171007856,0.7388230498873615,0.0126855099131009,weakspot,"weakspot|alpha=0.2,sigma=0.05",0.1126452028035159,0.3336981713650829,0.0822158408058486,
synthetic,hard,gauss,3003,0.1723978846462633,0.4119708720287729,0.1394191230156789,0.02,0.244000171007856,0.7388230498873615,0.0126855099131009,weakspot,"weakspot|alpha=0.2,sigma=0.1",0.102662042313343,0.3065396415259029,0.0745969803056982,
synthetic,hard,gauss,3003,0.1723978846462633,0.4119708720287729,0.1394191230156789,0.02,0.244000171007856,0.7388230498873615,0.0126855099131009,weakspot,"weakspot|alpha=0.2,sigma=0.2",0.1023528909508744,0.3277769415099895,0.0713218214199837,
synthetic,hard,gauss,3003,0.1723978846462633,0.4119708720287729,0.1394191230156789,0.02,0.244000171007856,0.7388230498873615,0.0126855099131009,weakspot,"weakspot|alpha=0.5,sigma=0.05",0.1388797864796791,0.3155072229277162,0.1145658845340449,
synthetic,hard,gauss,3003,0.1723978846462633,0.4119708720287729,0.1394191230156789,0.02,0.244000171007856,0.7388230498873615,0.0126855099131009,weakspot,"weakspot|alpha=0.5,sigma=0.1",0.1069208650897203,0.2810379249414642,0.0829525326186612,
synthetic,hard,gauss,3003,0.1723978846462633,0.4119708720287729,0.1394191230156789,0.02,0.244000171007856,0.7388230498873615,0.0126855099131009,weakspot,"weakspot|alpha=0.5,sigma=0.2",0.1043951773540808,0.3137662610940694,0.0755739018904418,
synthetic,hard,gauss,3003,0.1723978846462633,0.4119708720287729,0.1394191230156789,0.02,0.244000171007856,0.7388230498873615,0.0126855099131009,weakspot,"weakspot|alpha=0.8,sigma=0.05",0.1875624110722046,0.3100848970359467,0.1706964033343061,
synthetic,hard,gauss,3003,0.1723978846462633,0.4119708720287729,0.1394191230156789,0.02,0.244000171007856,0.7388230498873615,0.0126855099131009,weakspot,"weakspot|alpha=0.8,sigma=0.1",0.1207459936223612,0.2734880551118351,0.0997200670692027,
synthetic,hard,gauss,3003,0.1723978846462633,0.4119708720287729,0.1394191230156789,0.02,0.244000171007856,0.7388230498873615,0.0126855099131009,weakspot,"weakspot|alpha=0.8,sigma=0.2",0.1138954439648714,0.3088304694825803,0.0870613847070297,
synthetic,hard,gauss,3003,0.1723978846462633,0.4119708720287729,0.1394191230156789,0.02,0.244000171007856,0.7388230498873615,0.0126855099131009,weakspot,"weakspot|alpha=1.0,sigma=0.05",3.069824823616493,0.3634864137728006,3.442369701422052,
synthetic,hard,gauss,3003,0.1723978846462633,0.4119708720287729,0.1394191230156789,0.02,0.244000171007856,0.7388230498873615,0.0126855099131009,weakspot,"weakspot|alpha=1.0,sigma=0.1",0.3643030332493012,0.2686193569862854,0.377474506318499,
synthetic,hard,gauss,3003,0.1723978846462633,0.4119708720287729,0.1394191230156789,0.02,0.244000171007856,0.7388230498873615,0.0126855099131009,weakspot,"weakspot|alpha=1.0,sigma=0.2",0.1501108097813299,0.3070140018475141,0.1285120768575435,
synthetic,hard,gauss,3003,0.1723978846462633,0.4119708720287729,0.1394191230156789,0.02,0.244000171007856,0.7388230498873615,0.0126855099131009,loss,loss|alpha=0.2,0.1003562362897777,0.3207481078367399,0.0700178785455429,
synthetic,hard,gauss,3003,0.1723978846462633,0.4119708720287729,0.1394191230156789,0.02,0.244000171007856,0.7388230498873615,0.0126855099131009,loss,loss|alpha=0.5,0.0982003531736593,0.3096768104220486,0.0690892595137559,
synthetic,hard,gauss,3003,0.1723978846462633,0.4119708720287729,0.1394191230156789,0.02,0.244000171007856,0.7388230498873615,0.0126855099131009,loss,loss|alpha=0.8,0.107341540270207,0.2921310389037856,0.0819040780009658,
synthetic,hard,gauss,3003,0.1723978846462633,0.4119708720287729,0.1394191230156789,0.02,0.244000171007856,0.7388230498873615,0.0126855099131009,loss,loss|alpha=1.0,0.1111288883614379,0.2904851004735017,0.0864393529057386,
synthetic,hard,gauss,3003,0.1723978846462633,0.4119708720287729,0.1394191230156789,0.02,0.244000171007856,0.7388230498873615,0.0126855099131009,jtt,"jtt|q=0.1,lam=2",0.1000978750699715,0.3175355885946426,0.0701661761661203,
synthetic,hard,gauss,3003,0.1723978846462633,0.4119708720287729,0.1394191230156789,0.02,0.244000171007856,0.7388230498873615,0.0126855099131009,jtt,"jtt|q=0.1,lam=5",0.1085554302719404,0.2996335887481639,0.0822522935533704,
synthetic,hard,gauss,3003,0.1723978846462633,0.4119708720287729,0.1394191230156789,0.02,0.244000171007856,0.7388230498873615,0.0126855099131009,jtt,"jtt|q=0.1,lam=10",0.1224574118147695,0.3012363865978655,0.0978473367877449,
synthetic,hard,gauss,3003,0.1723978846462633,0.4119708720287729,0.1394191230156789,0.02,0.244000171007856,0.7388230498873615,0.0126855099131009,jtt,"jtt|q=0.1,lam=20",0.1318525964591727,0.3074217389018698,0.1076843754858321,
synthetic,hard,gauss,3003,0.1723978846462633,0.4119708720287729,0.1394191230156789,0.02,0.244000171007856,0.7388230498873615,0.0126855099131009,jtt,"jtt|q=0.2,lam=2",0.099784947210888,0.3302326362184687,0.0680623415568297,
synthetic,hard,gauss,3003,0.1723978846462633,0.4119708720287729,0.1394191230156789,0.02,0.244000171007856,0.7388230498873615,0.0126855099131009,jtt,"jtt|q=0.2,lam=5",0.1074657775417051,0.3067912631224248,0.0800273432353716,
synthetic,hard,gauss,3003,0.1723978846462633,0.4119708720287729,0.1394191230156789,0.02,0.244000171007856,0.7388230498873615,0.0126855099131009,jtt,"jtt|q=0.2,lam=10",0.116429171378323,0.301677174945539,0.0909285929578075,
synthetic,hard,gauss,3003,0.1723978846462633,0.4119708720287729,0.1394191230156789,0.02,0.244000171007856,0.7388230498873615,0.0126855099131009,jtt,"jtt|q=0.2,lam=20",0.1278340431143482,0.3047211267053539,0.1034843990705351,
synthetic,hard,gauss,3003,0.1723978846462633,0.4119708720287729,0.1394191230156789,0.02,0.244000171007856,0.7388230498873615,0.0126855099131009,density,density|alpha=0.2,0.1039270011613202,0.3485055798694471,0.0702591877100308,
synthetic,hard,gauss,3003,0.1723978846462633,0.4119708720287729,0.1394191230156789,0.02,0.244000171007856,0.7388230498873615,0.0126855099131009,density,density|alpha=0.5,0.1029263045208712,0.3451817597621736,0.0695782839472676,
synthetic,hard,gauss,3003,0.1723978846462633,0.4119708720287729,0.1394191230156789,0.02,0.244000171007856,0.7388230498873615,0.0126855099131009,density,density|alpha=0.8,0.0993602415551294,0.3398253236388362,0.0662586773547556,
synthetic,hard,gauss,3003,0.1723978846462633,0.4119708720287729,0.1394191230156789,0.02,0.244000171007856,0.7388230498873615,0.0126855099131009,density,density|alpha=1.0,0.0989029989320014,0.3405130929192116,0.0656438164832501,
synthetic,hard,gauss,3004,0.1827064535079164,0.4759805364688238,0.1429037812605247,0.01,0.2413029489138261,0.7231809598591209,0.0281939641000268,weakspot,"weakspot|alpha=0.2,sigma=0.05",0.1336971924859929,0.4490208050101196,0.0909019946476815,
synthetic,hard,gauss,3004,0.1827064535079164,0.4759805364688238,0.1429037812605247,0.01,0.2413029489138261,0.7231809598591209,0.0281939641000268,weakspot,"weakspot|alpha=0.2,sigma=0.1",0.1247577428704297,0.4090492889213327,0.0861741656380812,
synthetic,hard,gauss,3004,0.1827064535079164,0.4759805364688238,0.1429037812605247,0.01,0.2413029489138261,0.7231809598591209,0.0281939641000268,weakspot,"weakspot|alpha=0.2,sigma=0.2",0.1130487423503888,0.3988470612966915,0.0742606683991302,
synthetic,hard,gauss,3004,0.1827064535079164,0.4759805364688238,0.1429037812605247,0.01,0.2413029489138261,0.7231809598591209,0.0281939641000268,weakspot,"weakspot|alpha=0.5,sigma=0.05",0.1675936847063735,0.4922631122990573,0.1235300883437094,
synthetic,hard,gauss,3004,0.1827064535079164,0.4759805364688238,0.1429037812605247,0.01,0.2413029489138261,0.7231809598591209,0.0281939641000268,weakspot,"weakspot|alpha=0.5,sigma=0.1",0.1502696305245669,0.4093121274410677,0.1151128123740594,
synthetic,hard,gauss,3004,0.1827064535079164,0.4759805364688238,0.1429037812605247,0.01,0.2413029489138261,0.7231809598591209,0.0281939641000268,weakspot,"weakspot|alpha=0.5,sigma=0.2",0.1196728576445707,0.3841719828068887,0.0837754749564424,
synthetic,hard,gauss,3004,0.1827064535079164,0.4759805364688238,0.1429037812605247,0.01,0.2413029489138261,0.7231809598591209,0.0281939641000268,weakspot,"weakspot|alpha=0.8,sigma=0.05",0.2001981154602734,0.5394414727457869,0.1541565695254423,
synthetic,hard,gauss,3004,0.1827064535079164,0.4759805364688238,0.1429037812605247,0.01,0.2413029489138261,0.7231809598591209,0.0281939641000268,weakspot,"weakspot|alpha=0.8,sigma=0.1",0.1773198221705245,0.3996621121743888,0.1471438952477967,
synthetic,hard,gauss,3004,0.1827064535079164,0.4759805364688238,0.1429037812605247,0.01,0.2413029489138261,0.7231809598591209,0.0281939641000268,weakspot,"weakspot|alpha=0.8,sigma=0.2",0.1515459554049636,0.3613267971923543,0.1230748474054256,
synthetic,hard,gauss,3004,0.1827064535079164,0.4759805364688238,0.1429037812605247,0.01,0.2413029489138261,0.7231809598591209,0.0281939641000268,weakspot,"weakspot|alpha=1.0,sigma=0.05",4.584892990236636,0.6739249266133068,5.115683090864673,
synthetic,hard,gauss,3004,0.1827064535079164,0.4759805364688238,0.1429037812605247,0.01,0.2413029489138261,0.7231809598591209,0.0281939641000268,weakspot,"weakspot|alpha=1.0,sigma=0.1",0.531576022897533,0.4073755951887639,0.5484322990033796,
synthetic,hard,gauss,3004,0.1827064535079164,0.4759805364688238,0.1429037812605247,0.01,0.2413029489138261,0.7231809598591209,0.0281939641000268,weakspot,"weakspot|alpha=1.0,sigma=0.2",0.1849185725301418,0.3603956144715534,0.1611031193648963,
synthetic,hard,gauss,3004,0.1827064535079164,0.4759805364688238,0.1429037812605247,0.01,0.2413029489138261,0.7231809598591209,0.0281939641000268,loss,loss|alpha=0.2,0.1163730871750318,0.4116919836810305,0.0762928962239054,
synthetic,hard,gauss,3004,0.1827064535079164,0.4759805364688238,0.1429037812605247,0.01,0.2413029489138261,0.7231809598591209,0.0281939641000268,loss,loss|alpha=0.5,0.1306109104570691,0.4171493214157385,0.0917223924450747,
synthetic,hard,gauss,3004,0.1827064535079164,0.4759805364688238,0.1429037812605247,0.01,0.2413029489138261,0.7231809598591209,0.0281939641000268,loss,loss|alpha=0.8,0.1423757755995915,0.4335697207316151,0.1028554162091579,
synthetic,hard,gauss,3004,0.1827064535079164,0.4759805364688238,0.1429037812605247,0.01,0.2413029489138261,0.7231809598591209,0.0281939641000268,loss,loss|alpha=1.0,0.149449348357602,0.4380720063581287,0.1102779597930785,
synthetic,hard,gauss,3004,0.1827064535079164,0.4759805364688238,0.1429037812605247,0.01,0.2413029489138261,0.7231809598591209,0.0281939641000268,jtt,"jtt|q=0.1,lam=2",0.115022136450012,0.4005620827292847,0.0762691284087025,
synthetic,hard,gauss,3004,0.1827064535079164,0.4759805364688238,0.1429037812605247,0.01,0.2413029489138261,0.7231809598591209,0.0281939641000268,jtt,"jtt|q=0.1,lam=5",0.1348638171990477,0.3987184625683413,0.0990539022397853,
synthetic,hard,gauss,3004,0.1827064535079164,0.4759805364688238,0.1429037812605247,0.01,0.2413029489138261,0.7231809598591209,0.0281939641000268,jtt,"jtt|q=0.1,lam=10",0.1510236260831416,0.3993858672107516,0.1173163145388492,
synthetic,hard,gauss,3004,0.1827064535079164,0.4759805364688238,0.1429037812605247,0.01,0.2413029489138261,0.7231809598591209,0.0281939641000268,jtt,"jtt|q=0.1,lam=20",0.1813046143291754,0.4157281145771587,0.1494890455845599,
synthetic,hard,gauss,3004,0.1827064535079164,0.4759805364688238,0.1429037812605247,0.01,0.2413029489138261,0.7231809598591209,0.0281939641000268,jtt,"jtt|q=0.2,lam=2",0.1136964917530397,0.4041594425264063,0.0742753417048655,
synthetic,hard,gauss,3004,0.1827064535079164,0.4759805364688238,0.1429037812605247,0.01,0.2413029489138261,0.7231809598591209,0.0281939641000268,jtt,"jtt|q=0.2,lam=5",0.1259277101664908,0.4029064172182834,0.0883366193173265,
synthetic,hard,gauss,3004,0.1827064535079164,0.4759805364688238,0.1429037812605247,0.01,0.2413029489138261,0.7231809598591209,0.0281939641000268,jtt,"jtt|q=0.2,lam=10",0.1400997822632246,0.4047666428457914,0.1041796348019904,
synthetic,hard,gauss,3004,0.1827064535079164,0.4759805364688238,0.1429037812605247,0.01,0.2413029489138261,0.7231809598591209,0.0281939641000268,jtt,"jtt|q=0.2,lam=20",0.1597536374567683,0.4047790925332703,0.1264991889824447,
synthetic,hard,gauss,3004,0.1827064535079164,0.4759805364688238,0.1429037812605247,0.01,0.2413029489138261,0.7231809598591209,0.0281939641000268,density,density|alpha=0.2,0.1092982264475327,0.4094025635355422,0.0685685634355881,
synthetic,hard,gauss,3004,0.1827064535079164,0.4759805364688238,0.1429037812605247,0.01,0.2413029489138261,0.7231809598591209,0.0281939641000268,density,density|alpha=0.5,0.1095735032297115,0.4108017491701834,0.0686913051719188,
synthetic,hard,gauss,3004,0.1827064535079164,0.4759805364688238,0.1429037812605247,0.01,0.2413029489138261,0.7231809598591209,0.0281939641000268,density,density|alpha=0.8,0.1087515771349928,0.4103806795537627,0.0678149755006453,
synthetic,hard,gauss,3004,0.1827064535079164,0.4759805364688238,0.1429037812605247,0.01,0.2413029489138261,0.7231809598591209,0.0281939641000268,density,density|alpha=1.0,0.1075245324821544,0.4093268944499453,0.0665644163491038,
synthetic,hard,gauss,3005,0.1673838996458558,0.4273628104580877,0.1304985103584795,0.065,0.2783092269116645,0.7091289222233356,0.0497177767701077,weakspot,"weakspot|alpha=0.2,sigma=0.05",0.1202005505972271,0.349122884676495,0.087721418414128,
synthetic,hard,gauss,3005,0.1673838996458558,0.4273628104580877,0.1304985103584795,0.065,0.2783092269116645,0.7091289222233356,0.0497177767701077,weakspot,"weakspot|alpha=0.2,sigma=0.1",0.1185565419331315,0.3278078818404658,0.0888682987318911,
synthetic,hard,gauss,3005,0.1673838996458558,0.4273628104580877,0.1304985103584795,0.065,0.2783092269116645,0.7091289222233356,0.0497177767701077,weakspot,"weakspot|alpha=0.2,sigma=0.2",0.1095115471973244,0.3320507825636664,0.0779380387825166,
synthetic,hard,gauss,3005,0.1673838996458558,0.4273628104580877,0.1304985103584795,0.065,0.2783092269116645,0.7091289222233356,0.0497177767701077,weakspot,"weakspot|alpha=0.5,sigma=0.05",0.132618274444717,0.3401323282802377,0.1031765145942307,
synthetic,hard,gauss,3005,0.1673838996458558,0.4273628104580877,0.1304985103584795,0.065,0.2783092269116645,0.7091289222233356,0.0497177767701077,weakspot,"weakspot|alpha=0.5,sigma=0.1",0.1175034402909175,0.3036230114203586,0.0910970952006143,
synthetic,hard,gauss,3005,0.1673838996458558,0.4273628104580877,0.1304985103584795,0.065,0.2783092269116645,0.7091289222233356,0.0497177767701077,weakspot,"weakspot|alpha=0.5,sigma=0.2",0.1118722116164818,0.3209116364949802,0.0822140345783392,
synthetic,hard,gauss,3005,0.1673838996458558,0.4273628104580877,0.1304985103584795,0.065,0.2783092269116645,0.7091289222233356,0.0497177767701077,weakspot,"weakspot|alpha=0.8,sigma=0.05",0.1735499345790446,0.3501943513989388,0.1484879091267217,
synthetic,hard,gauss,3005,0.1673838996458558,0.4273628104580877,0.1304985103584795,0.065,0.2783092269116645,0.7091289222233356,0.0497177767701077,weakspot,"weakspot|alpha=0.8,sigma=0.1",0.1427944389287588,0.2933513547552168,0.1214336661152419,
synthetic,hard,gauss,3005,0.1673838996458558,0.4273628104580877,0.1304985103584795,0.065,0.2783092269116645,0.7091289222233356,0.0497177767701077,weakspot,"weakspot|alpha=0.8,sigma=0.2",0.1179039527610921,0.3048997108560863,0.0913732956748198,
synthetic,hard,gauss,3005,0.1673838996458558,0.4273628104580877,0.1304985103584795,0.065,0.2783092269116645,0.7091289222233356,0.0497177767701077,weakspot,"weakspot|alpha=1.0,sigma=0.05",3.830882951259846,0.5465191760482359,4.296863195701801,
synthetic,hard,gauss,3005,0.1673838996458558,0.4273628104580877,0.1304985103584795,0.065,0.2783092269116645,0.7091289222233356,0.0497177767701077,weakspot,"weakspot|alpha=1.0,sigma=0.1",0.3449459519226471,0.2717177171239731,0.3553354559748712,
synthetic,hard,gauss,3005,0.1673838996458558,0.4273628104580877,0.1304985103584795,0.065,0.2783092269116645,0.7091289222233356,0.0497177767701077,weakspot,"weakspot|alpha=1.0,sigma=0.2",0.1375073387796012,0.2861157665189612,0.1164230143187214,
synthetic,hard,gauss,3005,0.1673838996458558,0.4273628104580877,0.1304985103584795,0.065,0.2783092269116645,0.7091289222233356,0.0497177767701077,loss,loss|alpha=0.2,0.1133738340056763,0.3380550830753255,0.0814964201353893,
synthetic,hard,gauss,3005,0.1673838996458558,0.4273628104580877,0.1304985103584795,0.065,0.2783092269116645,0.7091289222233356,0.0497177767701077,loss,loss|alpha=0.5,0.1152738042424025,0.3298507133705918,0.0848299778545321,
synthetic,hard,gauss,3005,0.1673838996458558,0.4273628104580877,0.1304985103584795,0.065,0.2783092269116645,0.7091289222233356,0.0497177767701077,loss,loss|alpha=0.8,0.1229049646338125,0.3255994620600611,0.0941469956869539,
synthetic,hard,gauss,3005,0.1673838996458558,0.4273628104580877,0.1304985103584795,0.065,0.2783092269116645,0.7091289222233356,0.0497177767701077,loss,loss|alpha=1.0,0.1355417135898722,0.3300520060486835,0.1079449064668264,
synthetic,hard,gauss,3005,0.1673838996458558,0.4273628104580877,0.1304985103584795,0.065,0.2783092269116645,0.7091289222233356,0.0497177767701077,jtt,"jtt|q=0.1,lam=2",0.1110362602119363,0.3315600329513193,0.0797487023896487,
synthetic,hard,gauss,3005,0.1673838996458558,0.4273628104580877,0.1304985103584795,0.065,0.2783092269116645,0.7091289222233356,0.0497177767701077,jtt,"jtt|q=0.1,lam=5",0.1196064232552533,0.3254378040723451,0.0904033983434365,
synthetic,hard,gauss,3005,0.1673838996458558,0.4273628104580877,0.1304985103584795,0.065,0.2783092269116645,0.7091289222233356,0.0497177767701077,jtt,"jtt|q=0.1,lam=10",0.1347549725699899,0.3321659404028602,0.1067466222951007,
synthetic,hard,gauss,3005,0.1673838996458558,0.4273628104580877,0.1304985103584795,0.065,0.2783092269116645,0.7091289222233356,0.0497177767701077,jtt,"jtt|q=0.1,lam=20",0.158156048814437,0.3600796391710439,0.1295074549214213,
synthetic,hard,gauss,3005,0.1673838996458558,0.4273628104580877,0.1304985103584795,0.065,0.2783092269116645,0.7091289222233356,0.0497177767701077,jtt,"jtt|q=0.2,lam=2",0.1074304512016864,0.3336253862627832,0.0753382780000406,
synthetic,hard,gauss,3005,0.1673838996458558,0.4273628104580877,0.1304985103584795,0.065,0.2783092269116645,0.7091289222233356,0.0497177767701077,jtt,"jtt|q=0.2,lam=5",0.1220229830604893,0.3273165650781915,0.0928962601764476,
synthetic,hard,gauss,3005,0.1673838996458558,0.4273628104580877,0.1304985103584795,0.065,0.2783092269116645,0.7091289222233356,0.0497177767701077,jtt,"jtt|q=0.2,lam=10",0.1278547750536035,0.3179676480704715,0.1008818667209219,
synthetic,hard,gauss,3005,0.1673838996458558,0.4273628104580877,0.1304985103584795,0.065,0.2783092269116645,0.7091289222233356,0.0497177767701077,jtt,"jtt|q=0.2,lam=20",0.1434606326911772,0.316398949058669,0.1189244228040394,
synthetic,hard,gauss,3005,0.1673838996458558,0.4273628104580877,0.1304985103584795,0.065,0.2783092269116645,0.7091289222233356,0.0497177767701077,density,density|alpha=0.2,0.1082773803596477,0.3457967552118627,0.0745785138733357,
synthetic,hard,gauss,3005,0.1673838996458558,0.4273628104580877,0.1304985103584795,0.065,0.2783092269116645,0.7091289222233356,0.0497177767701077,density,density|alpha=0.5,0.111055055392055,0.3466819008128902,0.0776246979344029,
synthetic,hard,gauss,3005,0.1673838996458558,0.4273628104580877,0.1304985103584795,0.065,0.2783092269116645,0.7091289222233356,0.0497177767701077,density,density|alpha=0.8,0.1084256338852878,0.3491471421418737,0.0742724538671539,
synthetic,hard,gauss,3005,0.1673838996458558,0.4273628104580877,0.1304985103584795,0.065,0.2783092269116645,0.7091289222233356,0.0497177767701077,density,density|alpha=1.0,0.110032419262899,0.3446513805022425,0.0767450587901745,
synthetic,hard,gauss,3006,0.2271456545084604,0.4743202858055503,0.1918349928945904,0.035,0.2740474555759571,0.7063015788251793,0.0498781729100981,weakspot,"weakspot|alpha=0.2,sigma=0.05",0.1429127985110656,0.3759498940016512,0.1096217848695534,
synthetic,hard,gauss,3006,0.2271456545084604,0.4743202858055503,0.1918349928945904,0.035,0.2740474555759571,0.7063015788251793,0.0498781729100981,weakspot,"weakspot|alpha=0.2,sigma=0.1",0.1402636342295028,0.3579538288872649,0.1091650349926796,
synthetic,hard,gauss,3006,0.2271456545084604,0.4743202858055503,0.1918349928945904,0.035,0.2740474555759571,0.7063015788251793,0.0498781729100981,weakspot,"weakspot|alpha=0.2,sigma=0.2",0.1309748852080677,0.3700280566073433,0.0968244321510283,
synthetic,hard,gauss,3006,0.2271456545084604,0.4743202858055503,0.1918349928945904,0.035,0.2740474555759571,0.7063015788251793,0.0498781729100981,weakspot,"weakspot|alpha=0.5,sigma=0.05",0.172642271959525,0.3675606408492785,0.1447967906895603,
synthetic,hard,gauss,3006,0.2271456545084604,0.4743202858055503,0.1918349928945904,0.035,0.2740474555759571,0.7063015788251793,0.0498781729100981,weakspot,"weakspot|alpha=0.5,sigma=0.1",0.1539997396740606,0.341586027971772,0.1272016984886732,
synthetic,hard,gauss,3006,0.2271456545084604,0.4743202858055503,0.1918349928945904,0.035,0.2740474555759571,0.7063015788251793,0.0498781729100981,weakspot,"weakspot|alpha=0.5,sigma=0.2",0.1358434758950069,0.3609325363690857,0.1036878958272814,
synthetic,hard,gauss,3006,0.2271456545084604,0.4743202858055503,0.1918349928945904,0.035,0.2740474555759571,0.7063015788251793,0.0498781729100981,weakspot,"weakspot|alpha=0.8,sigma=0.05",0.2044475505129091,0.3727707475228339,0.1804013795114912,
synthetic,hard,gauss,3006,0.2271456545084604,0.4743202858055503,0.1918349928945904,0.035,0.2740474555759571,0.7063015788251793,0.0498781729100981,weakspot,"weakspot|alpha=0.8,sigma=0.1",0.1898691686101488,0.3291571586647241,0.1699708843166381,
synthetic,hard,gauss,3006,0.2271456545084604,0.4743202858055503,0.1918349928945904,0.035,0.2740474555759571,0.7063015788251793,0.0498781729100981,weakspot,"weakspot|alpha=0.8,sigma=0.2",0.1395346933598413,0.3288845763307215,0.1124847100782869,
synthetic,hard,gauss,3006,0.2271456545084604,0.4743202858055503,0.1918349928945904,0.035,0.2740474555759571,0.7063015788251793,0.0498781729100981,weakspot,"weakspot|alpha=1.0,sigma=0.05",4.665107137422989,0.6782757125551849,5.234654483832674,
synthetic,hard,gauss,3006,0.2271456545084604,0.4743202858055503,0.1918349928945904,0.035,0.2740474555759571,0.7063015788251793,0.0498781729100981,weakspot,"weakspot|alpha=1.0,sigma=0.1",0.474540301586992,0.2826671551517453,0.5019507510777417,
synthetic,hard,gauss,3006,0.2271456545084604,0.4743202858055503,0.1918349928945904,0.035,0.2740474555759571,0.7063015788251793,0.0498781729100981,weakspot,"weakspot|alpha=1.0,sigma=0.2",0.1696590193621586,0.330617589927913,0.1466649378527652,
synthetic,hard,gauss,3006,0.2271456545084604,0.4743202858055503,0.1918349928945904,0.035,0.2740474555759571,0.7063015788251793,0.0498781729100981,loss,loss|alpha=0.2,0.1260069241721586,0.363258806980341,0.092113798056704,
synthetic,hard,gauss,3006,0.2271456545084604,0.4743202858055503,0.1918349928945904,0.035,0.2740474555759571,0.7063015788251793,0.0498781729100981,loss,loss|alpha=0.5,0.1416232800755724,0.3734550521645051,0.1085044554914391,
synthetic,hard,gauss,3006,0.2271456545084604,0.4743202858055503,0.1918349928945904,0.035,0.2740474555759571,0.7063015788251793,0.0498781729100981,loss,loss|alpha=0.8,0.1463672132582217,0.3733024484314164,0.1139478939477653,
synthetic,hard,gauss,3006,0.2271456545084604,0.4743202858055503,0.1918349928945904,0.035,0.2740474555759571,0.7063015788251793,0.0498781729100981,loss,loss|alpha=1.0,0.1523875307802064,0.3784341087156451,0.1200951625037152,
synthetic,hard,gauss,3006,0.2271456545084604,0.4743202858055503,0.1918349928945904,0.035,0.2740474555759571,0.7063015788251793,0.0498781729100981,jtt,"jtt|q=0.1,lam=2",0.1246650296467283,0.3594810523354869,0.0911198835483342,
synthetic,hard,gauss,3006,0.2271456545084604,0.4743202858055503,0.1918349928945904,0.035,0.2740474555759571,0.7063015788251793,0.0498781729100981,jtt,"jtt|q=0.1,lam=5",0.1421856461019122,0.3677519893092317,0.1099618827865808,
synthetic,hard,gauss,3006,0.2271456545084604,0.4743202858055503,0.1918349928945904,0.035,0.2740474555759571,0.7063015788251793,0.0498781729100981,jtt,"jtt|q=0.1,lam=10",0.1662653245465137,0.3853318746374321,0.1349701031049539,
synthetic,hard,gauss,3006,0.2271456545084604,0.4743202858055503,0.1918349928945904,0.035,0.2740474555759571,0.7063015788251793,0.0498781729100981,jtt,"jtt|q=0.1,lam=20",0.1924302638571352,0.4251994933651151,0.1591775167845666,
synthetic,hard,gauss,3006,0.2271456545084604,0.4743202858055503,0.1918349928945904,0.035,0.2740474555759571,0.7063015788251793,0.0498781729100981,jtt,"jtt|q=0.2,lam=2",0.1308358233630892,0.3550701916595624,0.0988023421778788,
synthetic,hard,gauss,3006,0.2271456545084604,0.4743202858055503,0.1918349928945904,0.035,0.2740474555759571,0.7063015788251793,0.0498781729100981,jtt,"jtt|q=0.2,lam=5",0.1398552061054128,0.3491169277890151,0.1099606744363267,
synthetic,hard,gauss,3006,0.2271456545084604,0.4743202858055503,0.1918349928945904,0.035,0.2740474555759571,0.7063015788251793,0.0498781729100981,jtt,"jtt|q=0.2,lam=10",0.1541790342927876,0.3595572104146272,0.1248392948468105,
synthetic,hard,gauss,3006,0.2271456545084604,0.4743202858055503,0.1918349928945904,0.035,0.2740474555759571,0.7063015788251793,0.0498781729100981,jtt,"jtt|q=0.2,lam=20",0.1773929361532049,0.3680214170566264,0.1501602960241447,
synthetic,hard,gauss,3006,0.2271456545084604,0.4743202858055503,0.1918349928945904,0.035,0.2740474555759571,0.7063015788251793,0.0498781729100981,density,density|alpha=0.2,0.1237140111276064,0.383403862975892,0.0866154608635657,
synthetic,hard,gauss,3006,0.2271456545084604,0.4743202858055503,0.1918349928945904,0.035,0.2740474555759571,0.7063015788251793,0.0498781729100981,density,density|alpha=0.5,0.1244084208912568,0.3802600695095898,0.0878581853743521,
synthetic,hard,gauss,3006,0.2271456545084604,0.4743202858055503,0.1918349928945904,0.035,0.2740474555759571,0.7063015788251793,0.0498781729100981,density,density|alpha=0.8,0.1227598002433455,0.3801088681173175,0.0859956476899209,
synthetic,hard,gauss,3006,0.2271456545084604,0.4743202858055503,0.1918349928945904,0.035,0.2740474555759571,0.7063015788251793,0.0498781729100981,density,density|alpha=1.0,0.1236782252611462,0.3789628771853658,0.087208989271972,
synthetic,hard,gauss,3007,0.2523358939275181,0.4643427261951944,0.2205165821265615,0.025,0.277922309246248,0.7149169673024945,0.0448383155002208,weakspot,"weakspot|alpha=0.2,sigma=0.05",0.1334192360374861,0.3507519091882103,0.1008005887158421,
synthetic,hard,gauss,3007,0.2523358939275181,0.4643427261951944,0.2205165821265615,0.025,0.277922309246248,0.7149169673024945,0.0448383155002208,weakspot,"weakspot|alpha=0.2,sigma=0.1",0.134927872774089,0.3382403378446004,0.1044134659981238,
synthetic,hard,gauss,3007,0.2523358939275181,0.4643427261951944,0.2205165821265615,0.025,0.277922309246248,0.7149169673024945,0.0448383155002208,weakspot,"weakspot|alpha=0.2,sigma=0.2",0.129988602125376,0.3720885772679274,0.0936527231649355,
synthetic,hard,gauss,3007,0.2523358939275181,0.4643427261951944,0.2205165821265615,0.025,0.277922309246248,0.7149169673024945,0.0448383155002208,weakspot,"weakspot|alpha=0.5,sigma=0.05",0.1825683160500975,0.3522943844374298,0.1570947658206014,
synthetic,hard,gauss,3007,0.2523358939275181,0.4643427261951944,0.2205165821265615,0.025,0.277922309246248,0.7149169673024945,0.0448383155002208,weakspot,"weakspot|alpha=0.5,sigma=0.1",0.1537298428609703,0.3196234793949054,0.1288314879815241,
synthetic,hard,gauss,3007,0.2523358939275181,0.4643427261951944,0.2205165821265615,0.025,0.277922309246248,0.7149169673024945,0.0448383155002208,weakspot,"weakspot|alpha=0.5,sigma=0.2",0.1361055613275551,0.3432947186249322,0.1050093163277762,
synthetic,hard,gauss,3007,0.2523358939275181,0.4643427261951944,0.2205165821265615,0.025,0.277922309246248,0.7149169673024945,0.0448383155002208,weakspot,"weakspot|alpha=0.8,sigma=0.05",0.2372584880882592,0.3719551209153547,0.2170423747082294,
synthetic,hard,gauss,3007,0.2523358939275181,0.4643427261951944,0.2205165821265615,0.025,0.277922309246248,0.7149169673024945,0.0448383155002208,weakspot,"weakspot|alpha=0.8,sigma=0.1",0.2009359627953982,0.2820323019420693,0.1887645168395148,
synthetic,hard,gauss,3007,0.2523358939275181,0.4643427261951944,0.2205165821265615,0.025,0.277922309246248,0.7149169673024945,0.0448383155002208,weakspot,"weakspot|alpha=0.8,sigma=0.2",0.1503155282665071,0.3287800699684619,0.123530453289963,
synthetic,hard,gauss,3007,0.2523358939275181,0.4643427261951944,0.2205165821265615,0.025,0.277922309246248,0.7149169673024945,0.0448383155002208,weakspot,"weakspot|alpha=1.0,sigma=0.05",3.997261859038965,0.6646282939708393,4.497444355003761,
synthetic,hard,gauss,3007,0.2523358939275181,0.4643427261951944,0.2205165821265615,0.025,0.277922309246248,0.7149169673024945,0.0448383155002208,weakspot,"weakspot|alpha=1.0,sigma=0.1",0.4355083101459349,0.2538565964913338,0.4627717358295754,
synthetic,hard,gauss,3007,0.2523358939275181,0.4643427261951944,0.2205165821265615,0.025,0.277922309246248,0.7149169673024945,0.0448383155002208,weakspot,"weakspot|alpha=1.0,sigma=0.2",0.2222242424866144,0.2966622174182594,0.211052125489973,
synthetic,hard,gauss,3007,0.2523358939275181,0.4643427261951944,0.2205165821265615,0.025,0.277922309246248,0.7149169673024945,0.0448383155002208,loss,loss|alpha=0.2,0.1369469336848448,0.3795865332970907,0.1005300645078487,
synthetic,hard,gauss,3007,0.2523358939275181,0.4643427261951944,0.2205165821265615,0.025,0.277922309246248,0.7149169673024945,0.0448383155002208,loss,loss|alpha=0.5,0.1312929856279651,0.3524109476193507,0.0981062184745713,
synthetic,hard,gauss,3007,0.2523358939275181,0.4643427261951944,0.2205165821265615,0.025,0.277922309246248,0.7149169673024945,0.0448383155002208,loss,loss|alpha=0.8,0.1491797296863137,0.3541084367690221,0.1184227471971895,
synthetic,hard,gauss,3007,0.2523358939275181,0.4643427261951944,0.2205165821265615,0.025,0.277922309246248,0.7149169673024945,0.0448383155002208,loss,loss|alpha=1.0,0.1541597948617314,0.3574212927832238,0.1236530375543654,
synthetic,hard,gauss,3007,0.2523358939275181,0.4643427261951944,0.2205165821265615,0.025,0.277922309246248,0.7149169673024945,0.0448383155002208,jtt,"jtt|q=0.1,lam=2",0.1321107779813001,0.3696185188950243,0.0964641302650942,
synthetic,hard,gauss,3007,0.2523358939275181,0.4643427261951944,0.2205165821265615,0.025,0.277922309246248,0.7149169673024945,0.0448383155002208,jtt,"jtt|q=0.1,lam=5",0.1438532383311342,0.3592399007472326,0.111526660475699,
synthetic,hard,gauss,3007,0.2523358939275181,0.4643427261951944,0.2205165821265615,0.025,0.277922309246248,0.7149169673024945,0.0448383155002208,jtt,"jtt|q=0.1,lam=10",0.1700965664471158,0.3577079567549205,0.1419386752048288,
synthetic,hard,gauss,3007,0.2523358939275181,0.4643427261951944,0.2205165821265615,0.025,0.277922309246248,0.7149169673024945,0.0448383155002208,jtt,"jtt|q=0.1,lam=20",0.2246657612122393,0.391150521151984,0.1996786868337037,
synthetic,hard,gauss,3007,0.2523358939275181,0.4643427261951944,0.2205165821265615,0.025,0.277922309246248,0.7149169673024945,0.0448383155002208,jtt,"jtt|q=0.2,lam=2",0.1305996865076789,0.3756200943834822,0.0938254907310344,
synthetic,hard,gauss,3007,0.2523358939275181,0.4643427261951944,0.2205165821265615,0.025,0.277922309246248,0.7149169673024945,0.0448383155002208,jtt,"jtt|q=0.2,lam=5",0.144966304574958,0.3605914337234306,0.1126039361403683,
synthetic,hard,gauss,3007,0.2523358939275181,0.4643427261951944,0.2205165821265615,0.025,0.277922309246248,0.7149169673024945,0.0448383155002208,jtt,"jtt|q=0.2,lam=10",0.1691032533143915,0.3611043637824876,0.1402865254062989,
synthetic,hard,gauss,3007,0.2523358939275181,0.4643427261951944,0.2205165821265615,0.025,0.277922309246248,0.7149169673024945,0.0448383155002208,jtt,"jtt|q=0.2,lam=20",0.204725778402639,0.3684973807848679,0.1801459116851222,
synthetic,hard,gauss,3007,0.2523358939275181,0.4643427261951944,0.2205165821265615,0.025,0.277922309246248,0.7149169673024945,0.0448383155002208,density,density|alpha=0.2,0.1330042024795674,0.3919203371383739,0.0941444490891427,
synthetic,hard,gauss,3007,0.2523358939275181,0.4643427261951944,0.2205165821265615,0.025,0.277922309246248,0.7149169673024945,0.0448383155002208,density,density|alpha=0.5,0.1278469451549417,0.3880128042228393,0.0887996253063383,
synthetic,hard,gauss,3007,0.2523358939275181,0.4643427261951944,0.2205165821265615,0.025,0.277922309246248,0.7149169673024945,0.0448383155002208,density,density|alpha=0.8,0.1283021481462855,0.3879623531814892,0.0893307200185176,
synthetic,hard,gauss,3007,0.2523358939275181,0.4643427261951944,0.2205165821265615,0.025,0.277922309246248,0.7149169673024945,0.0448383155002208,density,density|alpha=1.0,0.1297047590433802,0.3910941138837016,0.0904738092944878,
synthetic,hard,gauss,3008,0.1430505894741651,0.4297398880796401,0.1012502878442062,0.005,0.2236365157432437,0.7383768350447398,0.0288119986417712,weakspot,"weakspot|alpha=0.2,sigma=0.05",0.1202331041781244,0.3611332894620894,0.085109015289686,
synthetic,hard,gauss,3008,0.1430505894741651,0.4297398880796401,0.1012502878442062,0.005,0.2236365157432437,0.7383768350447398,0.0288119986417712,weakspot,"weakspot|alpha=0.2,sigma=0.1",0.1096073379368243,0.3020069979135143,0.0815547951330044,
synthetic,hard,gauss,3008,0.1430505894741651,0.4297398880796401,0.1012502878442062,0.005,0.2236365157432437,0.7383768350447398,0.0288119986417712,weakspot,"weakspot|alpha=0.2,sigma=0.2",0.1048526731812092,0.3136728891411429,0.0744059559301045,
synthetic,hard,gauss,3008,0.1430505894741651,0.4297398880796401,0.1012502878442062,0.005,0.2236365157432437,0.7383768350447398,0.0288119986417712,weakspot,"weakspot|alpha=0.5,sigma=0.05",0.1272929640992383,0.3771568881450985,0.0908619307737319,
synthetic,hard,gauss,3008,0.1430505894741651,0.4297398880796401,0.1012502878442062,0.005,0.2236365157432437,0.7383768350447398,0.0288119986417712,weakspot,"weakspot|alpha=0.5,sigma=0.1",0.1209595612637216,0.2622382413445882,0.1003606359812349,
synthetic,hard,gauss,3008,0.1430505894741651,0.4297398880796401,0.1012502878442062,0.005,0.2236365157432437,0.7383768350447398,0.0288119986417712,weakspot,"weakspot|alpha=0.5,sigma=0.2",0.1091108453300823,0.2819976031670842,0.0839033518499809,
synthetic,hard,gauss,3008,0.1430505894741651,0.4297398880796401,0.1012502878442062,0.005,0.2236365157432437,0.7383768350447398,0.0288119986417712,weakspot,"weakspot|alpha=0.8,sigma=0.05",0.1417550709263989,0.3733155489860839,0.1079927439907415,
synthetic,hard,gauss,3008,0.1430505894741651,0.4297398880796401,0.1012502878442062,0.005,0.2236365157432437,0.7383768350447398,0.0288119986417712,weakspot,"weakspot|alpha=0.8,sigma=0.1",0.1322041297210191,0.2360714999699319,0.1170599041533604,
synthetic,hard,gauss,3008,0.1430505894741651,0.4297398880796401,0.1012502878442062,0.005,0.2236365157432437,0.7383768350447398,0.0288119986417712,weakspot,"weakspot|alpha=0.8,sigma=0.2",0.109256243178524,0.2544242810054301,0.0880902359445236,
synthetic,hard,gauss,3008,0.1430505894741651,0.4297398880796401,0.1012502878442062,0.005,0.2236365157432437,0.7383768350447398,0.0288119986417712,weakspot,"weakspot|alpha=1.0,sigma=0.05",2.189526734309857,0.3161477991707936,2.462671929951731,
synthetic,hard,gauss,3008,0.1430505894741651,0.4297398880796401,0.1012502878442062,0.005,0.2236365157432437,0.7383768350447398,0.0288119986417712,weakspot,"weakspot|alpha=1.0,sigma=0.1",0.3289513502685315,0.2124122856165405,0.3459431531639378,
synthetic,hard,gauss,3008,0.1430505894741651,0.4297398880796401,0.1012502878442062,0.005,0.2236365157432437,0.7383768350447398,0.0288119986417712,weakspot,"weakspot|alpha=1.0,sigma=0.2",0.1466648081484679,0.2406649665840136,0.1329592565461498,
synthetic,hard,gauss,3008,0.1430505894741651,0.4297398880796401,0.1012502878442062,0.005,0.2236365157432437,0.7383768350447398,0.0288119986417712,loss,loss|alpha=0.2,0.1048409846458682,0.3170688441394406,0.0738974210588649,
synthetic,hard,gauss,3008,0.1430505894741651,0.4297398880796401,0.1012502878442062,0.005,0.2236365157432437,0.7383768350447398,0.0288119986417712,loss,loss|alpha=0.5,0.1086552494850706,0.2955555111722113,0.0814045381706178,
synthetic,hard,gauss,3008,0.1430505894741651,0.4297398880796401,0.1012502878442062,0.005,0.2236365157432437,0.7383768350447398,0.0288119986417712,loss,loss|alpha=0.8,0.116008626168104,0.2785759947484824,0.0923057357047948,
synthetic,hard,gauss,3008,0.1430505894741651,0.4297398880796401,0.1012502878442062,0.005,0.2236365157432437,0.7383768350447398,0.0288119986417712,loss,loss|alpha=1.0,0.1218878626132346,0.2711643200361449,0.1001228334444402,
synthetic,hard,gauss,3008,0.1430505894741651,0.4297398880796401,0.1012502878442062,0.005,0.2236365157432437,0.7383768350447398,0.0288119986417712,jtt,"jtt|q=0.1,lam=2",0.102985872679227,0.3097937563456128,0.0728325605090206,
synthetic,hard,gauss,3008,0.1430505894741651,0.4297398880796401,0.1012502878442062,0.005,0.2236365157432437,0.7383768350447398,0.0288119986417712,jtt,"jtt|q=0.1,lam=5",0.1136808068093113,0.2754972969142925,0.0900873970518105,
synthetic,hard,gauss,3008,0.1430505894741651,0.4297398880796401,0.1012502878442062,0.005,0.2236365157432437,0.7383768350447398,0.0288119986417712,jtt,"jtt|q=0.1,lam=10",0.1254230744779761,0.2609930750646684,0.105656494615866,
synthetic,hard,gauss,3008,0.1430505894741651,0.4297398880796401,0.1012502878442062,0.005,0.2236365157432437,0.7383768350447398,0.0288119986417712,jtt,"jtt|q=0.1,lam=20",0.1345873405959029,0.2501499272516265,0.1177379116048507,
synthetic,hard,gauss,3008,0.1430505894741651,0.4297398880796401,0.1012502878442062,0.005,0.2236365157432437,0.7383768350447398,0.0288119986417712,jtt,"jtt|q=0.2,lam=2",0.1030331937654425,0.3152817781287784,0.0720866084200005,
synthetic,hard,gauss,3008,0.1430505894741651,0.4297398880796401,0.1012502878442062,0.005,0.2236365157432437,0.7383768350447398,0.0288119986417712,jtt,"jtt|q=0.2,lam=5",0.1083882535481496,0.2876669052292873,0.0822487996078175,
synthetic,hard,gauss,3008,0.1430505894741651,0.4297398880796401,0.1012502878442062,0.005,0.2236365157432437,0.7383768350447398,0.0288119986417712,jtt,"jtt|q=0.2,lam=10",0.1153282396212773,0.2756776860788946,0.0919487299544405,
synthetic,hard,gauss,3008,0.1430505894741651,0.4297398880796401,0.1012502878442062,0.005,0.2236365157432437,0.7383768350447398,0.0288119986417712,jtt,"jtt|q=0.2,lam=20",0.1245437216310757,0.2725410727161544,0.1029651906364308,
synthetic,hard,gauss,3008,0.1430505894741651,0.4297398880796401,0.1012502878442062,0.005,0.2236365157432437,0.7383768350447398,0.0288119986417712,density,density|alpha=0.2,0.1018611739938668,0.3374924059050068,0.0675053169206012,
synthetic,hard,gauss,3008,0.1430505894741651,0.4297398880796401,0.1012502878442062,0.005,0.2236365157432437,0.7383768350447398,0.0288119986417712,density,density|alpha=0.5,0.0990723058704466,0.3298735813197225,0.0654206733285728,
synthetic,hard,gauss,3008,0.1430505894741651,0.4297398880796401,0.1012502878442062,0.005,0.2236365157432437,0.7383768350447398,0.0288119986417712,density,density|alpha=0.8,0.0993454372629416,0.3303531261018188,0.065663708927511,
synthetic,hard,gauss,3008,0.1430505894741651,0.4297398880796401,0.1012502878442062,0.005,0.2236365157432437,0.7383768350447398,0.0288119986417712,density,density|alpha=1.0,0.101299209082364,0.3339503248247961,0.06737786336111,
synthetic,hard,gauss,3009,0.2853088387610625,0.4857671020857234,0.2579736210349724,0.04,0.3518164668692972,0.6887373108949202,0.1188263859676476,weakspot,"weakspot|alpha=0.2,sigma=0.05",0.1413472075532945,0.352726271618468,0.1125227897262254,
synthetic,hard,gauss,3009,0.2853088387610625,0.4857671020857234,0.2579736210349724,0.04,0.3518164668692972,0.6887373108949202,0.1188263859676476,weakspot,"weakspot|alpha=0.2,sigma=0.1",0.1412831994442627,0.3394178697909678,0.1142648353060757,
synthetic,hard,gauss,3009,0.2853088387610625,0.4857671020857234,0.2579736210349724,0.04,0.3518164668692972,0.6887373108949202,0.1188263859676476,weakspot,"weakspot|alpha=0.2,sigma=0.2",0.1348021805085763,0.350554945738083,0.1053813488863708,
synthetic,hard,gauss,3009,0.2853088387610625,0.4857671020857234,0.2579736210349724,0.04,0.3518164668692972,0.6887373108949202,0.1188263859676476,weakspot,"weakspot|alpha=0.5,sigma=0.05",0.1778559271597485,0.3667644399494711,0.1520956754156955,
synthetic,hard,gauss,3009,0.2853088387610625,0.4857671020857234,0.2579736210349724,0.04,0.3518164668692972,0.6887373108949202,0.1188263859676476,weakspot,"weakspot|alpha=0.5,sigma=0.1",0.1634120269891563,0.3296223335830057,0.1407469851809041,
synthetic,hard,gauss,3009,0.2853088387610625,0.4857671020857234,0.2579736210349724,0.04,0.3518164668692972,0.6887373108949202,0.1188263859676476,weakspot,"weakspot|alpha=0.5,sigma=0.2",0.147277842127893,0.3420992472258641,0.1207112868872606,
synthetic,hard,gauss,3009,0.2853088387610625,0.4857671020857234,0.2579736210349724,0.04,0.3518164668692972,0.6887373108949202,0.1188263859676476,weakspot,"weakspot|alpha=0.8,sigma=0.05",0.2212793193472304,0.3639954088116898,0.2018180344202587,
synthetic,hard,gauss,3009,0.2853088387610625,0.4857671020857234,0.2579736210349724,0.04,0.3518164668692972,0.6887373108949202,0.1188263859676476,weakspot,"weakspot|alpha=0.8,sigma=0.1",0.2026986051738155,0.3324812732116918,0.185000968623196,
synthetic,hard,gauss,3009,0.2853088387610625,0.4857671020857234,0.2579736210349724,0.04,0.3518164668692972,0.6887373108949202,0.1188263859676476,weakspot,"weakspot|alpha=0.8,sigma=0.2",0.1548458477464858,0.3321576908299122,0.1306669600532913,
synthetic,hard,gauss,3009,0.2853088387610625,0.4857671020857234,0.2579736210349724,0.04,0.3518164668692972,0.6887373108949202,0.1188263859676476,weakspot,"weakspot|alpha=1.0,sigma=0.05",2.3988060585406967,0.9599905325013924,2.5950081757278745,
synthetic,hard,gauss,3009,0.2853088387610625,0.4857671020857234,0.2579736210349724,0.04,0.3518164668692972,0.6887373108949202,0.1188263859676476,weakspot,"weakspot|alpha=1.0,sigma=0.1",0.4775711969538148,0.2779722091976234,0.50478924073875,
synthetic,hard,gauss,3009,0.2853088387610625,0.4857671020857234,0.2579736210349724,0.04,0.3518164668692972,0.6887373108949202,0.1188263859676476,weakspot,"weakspot|alpha=1.0,sigma=0.2",0.2228916467351855,0.3133163038433101,0.2105610116749867,
synthetic,hard,gauss,3009,0.2853088387610625,0.4857671020857234,0.2579736210349724,0.04,0.3518164668692972,0.6887373108949202,0.1188263859676476,loss,loss|alpha=0.2,0.1442517879539595,0.374083459689933,0.1129111054445086,
synthetic,hard,gauss,3009,0.2853088387610625,0.4857671020857234,0.2579736210349724,0.04,0.3518164668692972,0.6887373108949202,0.1188263859676476,loss,loss|alpha=0.5,0.1463824629911826,0.3643196604097906,0.1166637542522815,
synthetic,hard,gauss,3009,0.2853088387610625,0.4857671020857234,0.2579736210349724,0.04,0.3518164668692972,0.6887373108949202,0.1188263859676476,loss,loss|alpha=0.8,0.1580048054684232,0.3665621033612795,0.1295651739375791,
synthetic,hard,gauss,3009,0.2853088387610625,0.4857671020857234,0.2579736210349724,0.04,0.3518164668692972,0.6887373108949202,0.1188263859676476,loss,loss|alpha=1.0,0.1724413690257995,0.3818824186964347,0.1438812258888947,
synthetic,hard,gauss,3009,0.2853088387610625,0.4857671020857234,0.2579736210349724,0.04,0.3518164668692972,0.6887373108949202,0.1188263859676476,jtt,"jtt|q=0.1,lam=2",0.1439935499937654,0.3741459133330889,0.1126091368111304,
synthetic,hard,gauss,3009,0.2853088387610625,0.4857671020857234,0.2579736210349724,0.04,0.3518164668692972,0.6887373108949202,0.1188263859676476,jtt,"jtt|q=0.1,lam=5",0.158584469026048,0.3868408174414163,0.1274586033330432,
synthetic,hard,gauss,3009,0.2853088387610625,0.4857671020857234,0.2579736210349724,0.04,0.3518164668692972,0.6887373108949202,0.1188263859676476,jtt,"jtt|q=0.1,lam=10",0.1861407801304777,0.4242853282627347,0.1536665235669881,
synthetic,hard,gauss,3009,0.2853088387610625,0.4857671020857234,0.2579736210349724,0.04,0.3518164668692972,0.6887373108949202,0.1188263859676476,jtt,"jtt|q=0.1,lam=20",0.2249226615948456,0.4893094506507617,0.1888699176326752,
synthetic,hard,gauss,3009,0.2853088387610625,0.4857671020857234,0.2579736210349724,0.04,0.3518164668692972,0.6887373108949202,0.1188263859676476,jtt,"jtt|q=0.2,lam=2",0.1406045765704972,0.3585731558643482,0.110881588484972,
synthetic,hard,gauss,3009,0.2853088387610625,0.4857671020857234,0.2579736210349724,0.04,0.3518164668692972,0.6887373108949202,0.1188263859676476,jtt,"jtt|q=0.2,lam=5",0.1487563447601413,0.3516532187967952,0.1210885892096885,
synthetic,hard,gauss,3009,0.2853088387610625,0.4857671020857234,0.2579736210349724,0.04,0.3518164668692972,0.6887373108949202,0.1188263859676476,jtt,"jtt|q=0.2,lam=10",0.1795507831850161,0.3650924177731463,0.1542496511957256,
synthetic,hard,gauss,3009,0.2853088387610625,0.4857671020857234,0.2579736210349724,0.04,0.3518164668692972,0.6887373108949202,0.1188263859676476,jtt,"jtt|q=0.2,lam=20",0.2162499181329701,0.4025612932003298,0.1908438215328756,
synthetic,hard,gauss,3009,0.2853088387610625,0.4857671020857234,0.2579736210349724,0.04,0.3518164668692972,0.6887373108949202,0.1188263859676476,density,density|alpha=0.2,0.1389786983233254,0.3781916812164821,0.1063587461106222,
synthetic,hard,gauss,3009,0.2853088387610625,0.4857671020857234,0.2579736210349724,0.04,0.3518164668692972,0.6887373108949202,0.1188263859676476,density,density|alpha=0.5,0.1429462135354792,0.378458416064153,0.11083091319066,
synthetic,hard,gauss,3009,0.2853088387610625,0.4857671020857234,0.2579736210349724,0.04,0.3518164668692972,0.6887373108949202,0.1188263859676476,density,density|alpha=0.8,0.1413173807243868,0.3795433199534531,0.1088320253749687,
synthetic,hard,gauss,3009,0.2853088387610625,0.4857671020857234,0.2579736210349724,0.04,0.3518164668692972,0.6887373108949202,0.1188263859676476,density,density|alpha=1.0,0.1405313444238315,0.371857049740451,0.1089869300624743,
synthetic,hard,gauss,3010,0.1383642753434265,0.4144292654787296,0.0977501830178141,0.02,0.2601648097827093,0.7250628764100082,0.0269292311598602,weakspot,"weakspot|alpha=0.2,sigma=0.05",0.109805755356773,0.3575997862369391,0.0733508262367486,
synthetic,hard,gauss,3010,0.1383642753434265,0.4144292654787296,0.0977501830178141,0.02,0.2601648097827093,0.7250628764100082,0.0269292311598602,weakspot,"weakspot|alpha=0.2,sigma=0.1",0.1056456331613469,0.3496389269260888,0.0697498603763418,
synthetic,hard,gauss,3010,0.1383642753434265,0.4144292654787296,0.0977501830178141,0.02,0.2601648097827093,0.7250628764100082,0.0269292311598602,weakspot,"weakspot|alpha=0.2,sigma=0.2",0.1061147244658706,0.3620065922567344,0.0684684588574068,
synthetic,hard,gauss,3010,0.1383642753434265,0.4144292654787296,0.0977501830178141,0.02,0.2601648097827093,0.7250628764100082,0.0269292311598602,weakspot,"weakspot|alpha=0.5,sigma=0.05",0.1259800695158205,0.3547557320176354,0.0923230821732822,
synthetic,hard,gauss,3010,0.1383642753434265,0.4144292654787296,0.0977501830178141,0.02,0.2601648097827093,0.7250628764100082,0.0269292311598602,weakspot,"weakspot|alpha=0.5,sigma=0.1",0.1120956146097163,0.3379457019232655,0.0788690316467536,
synthetic,hard,gauss,3010,0.1383642753434265,0.4144292654787296,0.0977501830178141,0.02,0.2601648097827093,0.7250628764100082,0.0269292311598602,weakspot,"weakspot|alpha=0.5,sigma=0.2",0.1043895227760046,0.3526566061942536,0.0678649991759009,
synthetic,hard,gauss,3010,0.1383642753434265,0.4144292654787296,0.0977501830178141,0.02,0.2601648097827093,0.7250628764100082,0.0269292311598602,weakspot,"weakspot|alpha=0.8,sigma=0.05",0.1429987934414488,0.3490315415360708,0.1126876951413223,
synthetic,hard,gauss,3010,0.1383642753434265,0.4144292654787296,0.0977501830178141,0.02,0.2601648097827093,0.7250628764100082,0.0269292311598602,weakspot,"weakspot|alpha=0.8,sigma=0.1",0.1254606163850093,0.3309256988749717,0.0952330318374467,
synthetic,hard,gauss,3010,0.1383642753434265,0.4144292654787296,0.0977501830178141,0.02,0.2601648097827093,0.7250628764100082,0.0269292311598602,weakspot,"weakspot|alpha=0.8,sigma=0.2",0.1097461616993555,0.3454914270843824,0.0750638212512572,
synthetic,hard,gauss,3010,0.1383642753434265,0.4144292654787296,0.0977501830178141,0.02,0.2601648097827093,0.7250628764100082,0.0269292311598602,weakspot,"weakspot|alpha=1.0,sigma=0.05",3.469009133991437,0.4547662955772281,3.912458109072162,
synthetic,hard,gauss,3010,0.1383642753434265,0.4144292654787296,0.0977501830178141,0.02,0.2601648097827093,0.7250628764100082,0.0269292311598602,weakspot,"weakspot|alpha=1.0,sigma=0.1",0.2818473389510492,0.3230091614519654,0.2757916994491937,
synthetic,hard,gauss,3010,0.1383642753434265,0.4144292654787296,0.0977501830178141,0.02,0.2601648097827093,0.7250628764100082,0.0269292311598602,weakspot,"weakspot|alpha=1.0,sigma=0.2",0.1387564419843415,0.3352535462130421,0.1098482072641455,
synthetic,hard,gauss,3010,0.1383642753434265,0.4144292654787296,0.0977501830178141,0.02,0.2601648097827093,0.7250628764100082,0.0269292311598602,loss,loss|alpha=0.2,0.1051457027485888,0.3552486594811095,0.0683510893835808,
synthetic,hard,gauss,3010,0.1383642753434265,0.4144292654787296,0.0977501830178141,0.02,0.2601648097827093,0.7250628764100082,0.0269292311598602,loss,loss|alpha=0.5,0.1068989281528114,0.3431367315163595,0.0721441265682115,
synthetic,hard,gauss,3010,0.1383642753434265,0.4144292654787296,0.0977501830178141,0.02,0.2601648097827093,0.7250628764100082,0.0269292311598602,loss,loss|alpha=0.8,0.1124044936742903,0.3374883483070524,0.079290637228461,
synthetic,hard,gauss,3010,0.1383642753434265,0.4144292654787296,0.0977501830178141,0.02,0.2601648097827093,0.7250628764100082,0.0269292311598602,loss,loss|alpha=1.0,0.1162209082708381,0.334533237258627,0.0841032642299044,
synthetic,hard,gauss,3010,0.1383642753434265,0.4144292654787296,0.0977501830178141,0.02,0.2601648097827093,0.7250628764100082,0.0269292311598602,jtt,"jtt|q=0.1,lam=2",0.1043710949502643,0.3552728650367839,0.0674589618689955,
synthetic,hard,gauss,3010,0.1383642753434265,0.4144292654787296,0.0977501830178141,0.02,0.2601648097827093,0.7250628764100082,0.0269292311598602,jtt,"jtt|q=0.1,lam=5",0.1114502549938049,0.3397589603899258,0.0778619653843383,
synthetic,hard,gauss,3010,0.1383642753434265,0.4144292654787296,0.0977501830178141,0.02,0.2601648097827093,0.7250628764100082,0.0269292311598602,jtt,"jtt|q=0.1,lam=10",0.1225588980718475,0.3331826155685283,0.0915723861487625,
synthetic,hard,gauss,3010,0.1383642753434265,0.4144292654787296,0.0977501830178141,0.02,0.2601648097827093,0.7250628764100082,0.0269292311598602,jtt,"jtt|q=0.1,lam=20",0.136190247438597,0.3208258860921011,0.1090270462257356,
synthetic,hard,gauss,3010,0.1383642753434265,0.4144292654787296,0.0977501830178141,0.02,0.2601648097827093,0.7250628764100082,0.0269292311598602,jtt,"jtt|q=0.2,lam=2",0.1028193602040929,0.3583552550028696,0.065225464582707,
synthetic,hard,gauss,3010,0.1383642753434265,0.4144292654787296,0.0977501830178141,0.02,0.2601648097827093,0.7250628764100082,0.0269292311598602,jtt,"jtt|q=0.2,lam=5",0.1090541718482641,0.3499450555986157,0.0736148190051524,
synthetic,hard,gauss,3010,0.1383642753434265,0.4144292654787296,0.0977501830178141,0.02,0.2601648097827093,0.7250628764100082,0.0269292311598602,jtt,"jtt|q=0.2,lam=10",0.116884948195915,0.3475971567228336,0.082943060334054,
synthetic,hard,gauss,3010,0.1383642753434265,0.4144292654787296,0.0977501830178141,0.02,0.2601648097827093,0.7250628764100082,0.0269292311598602,jtt,"jtt|q=0.2,lam=20",0.1250062220711809,0.3464360795741506,0.092429933886775,
synthetic,hard,gauss,3010,0.1383642753434265,0.4144292654787296,0.0977501830178141,0.02,0.2601648097827093,0.7250628764100082,0.0269292311598602,density,density|alpha=0.2,0.1046793315785249,0.3705532179661352,0.0655645326921343,
synthetic,hard,gauss,3010,0.1383642753434265,0.4144292654787296,0.0977501830178141,0.02,0.2601648097827093,0.7250628764100082,0.0269292311598602,density,density|alpha=0.5,0.1038899440918904,0.3693806455013246,0.0648315185619105,
synthetic,hard,gauss,3010,0.1383642753434265,0.4144292654787296,0.0977501830178141,0.02,0.2601648097827093,0.7250628764100082,0.0269292311598602,density,density|alpha=0.8,0.1036415079128762,0.3689774539529448,0.0646058496626453,
synthetic,hard,gauss,3010,0.1383642753434265,0.4144292654787296,0.0977501830178141,0.02,0.2601648097827093,0.7250628764100082,0.0269292311598602,density,density|alpha=1.0,0.1040340208906507,0.3676466302116941,0.0652518962615439,
synthetic,hard,gauss,3011,0.156522909064111,0.4379809932702719,0.1166818103865266,0.01,0.2800315982201428,0.7154069487147791,0.045810218171037,weakspot,"weakspot|alpha=0.2,sigma=0.05",0.1186958837049735,0.3439902658764244,0.0868048981007956,
synthetic,hard,gauss,3011,0.156522909064111,0.4379809932702719,0.1166818103865266,0.01,0.2800315982201428,0.7154069487147791,0.045810218171037,weakspot,"weakspot|alpha=0.2,sigma=0.1",0.1119784498374284,0.3288607811725113,0.0812782111552934,
synthetic,hard,gauss,3011,0.156522909064111,0.4379809932702719,0.1166818103865266,0.01,0.2800315982201428,0.7154069487147791,0.045810218171037,weakspot,"weakspot|alpha=0.2,sigma=0.2",0.1097261908723537,0.3590332696330323,0.0744361477601115,
synthetic,hard,gauss,3011,0.156522909064111,0.4379809932702719,0.1166818103865266,0.01,0.2800315982201428,0.7154069487147791,0.045810218171037,weakspot,"weakspot|alpha=0.5,sigma=0.05",0.1446225639114496,0.3156561367914867,0.12041233213391,
synthetic,hard,gauss,3011,0.156522909064111,0.4379809932702719,0.1166818103865266,0.01,0.2800315982201428,0.7154069487147791,0.045810218171037,weakspot,"weakspot|alpha=0.5,sigma=0.1",0.1330157406779512,0.2852845434562881,0.1114617092344423,
synthetic,hard,gauss,3011,0.156522909064111,0.4379809932702719,0.1166818103865266,0.01,0.2800315982201428,0.7154069487147791,0.045810218171037,weakspot,"weakspot|alpha=0.5,sigma=0.2",0.1086994337912631,0.3259509095124602,0.0779469417941987,
synthetic,hard,gauss,3011,0.156522909064111,0.4379809932702719,0.1166818103865266,0.01,0.2800315982201428,0.7154069487147791,0.045810218171037,weakspot,"weakspot|alpha=0.8,sigma=0.05",0.1833278931624322,0.3041776812968466,0.1662213021479717,
synthetic,hard,gauss,3011,0.156522909064111,0.4379809932702719,0.1166818103865266,0.01,0.2800315982201428,0.7154069487147791,0.045810218171037,weakspot,"weakspot|alpha=0.8,sigma=0.1",0.1526243782391903,0.250925561116141,0.1387095989278411,
synthetic,hard,gauss,3011,0.156522909064111,0.4379809932702719,0.1166818103865266,0.01,0.2800315982201428,0.7154069487147791,0.045810218171037,weakspot,"weakspot|alpha=0.8,sigma=0.2",0.1167081072081402,0.2931093797632941,0.0917380640610637,
synthetic,hard,gauss,3011,0.156522909064111,0.4379809932702719,0.1166818103865266,0.01,0.2800315982201428,0.7154069487147791,0.045810218171037,weakspot,"weakspot|alpha=1.0,sigma=0.05",4.1933616204584485,0.520628477073054,4.713246220663688,
synthetic,hard,gauss,3011,0.156522909064111,0.4379809932702719,0.1166818103865266,0.01,0.2800315982201428,0.7154069487147791,0.045810218171037,weakspot,"weakspot|alpha=1.0,sigma=0.1",0.3676668880960393,0.2318123813956035,0.3868974347066033,
synthetic,hard,gauss,3011,0.156522909064111,0.4379809932702719,0.1166818103865266,0.01,0.2800315982201428,0.7154069487147791,0.045810218171037,weakspot,"weakspot|alpha=1.0,sigma=0.2",0.1626565162630769,0.2839646134601494,0.1454850504497926,
synthetic,hard,gauss,3011,0.156522909064111,0.4379809932702719,0.1166818103865266,0.01,0.2800315982201428,0.7154069487147791,0.045810218171037,loss,loss|alpha=0.2,0.1082785502256258,0.3505570120863848,0.0739834254873448,
synthetic,hard,gauss,3011,0.156522909064111,0.4379809932702719,0.1166818103865266,0.01,0.2800315982201428,0.7154069487147791,0.045810218171037,loss,loss|alpha=0.5,0.1211932787286544,0.3295545258937847,0.0916992209107593,
synthetic,hard,gauss,3011,0.156522909064111,0.4379809932702719,0.1166818103865266,0.01,0.2800315982201428,0.7154069487147791,0.045810218171037,loss,loss|alpha=0.8,0.1283911670698134,0.3154425900031178,0.1019135683897566,
synthetic,hard,gauss,3011,0.156522909064111,0.4379809932702719,0.1166818103865266,0.01,0.2800315982201428,0.7154069487147791,0.045810218171037,loss,loss|alpha=1.0,0.1307087738632005,0.3096351896344228,0.1053812903522056,
synthetic,hard,gauss,3011,0.156522909064111,0.4379809932702719,0.1166818103865266,0.01,0.2800315982201428,0.7154069487147791,0.045810218171037,jtt,"jtt|q=0.1,lam=2",0.1090415836125756,0.3539420951024358,0.0743753011642392,
synthetic,hard,gauss,3011,0.156522909064111,0.4379809932702719,0.1166818103865266,0.01,0.2800315982201428,0.7154069487147791,0.045810218171037,jtt,"jtt|q=0.1,lam=5",0.117702086458261,0.3273410130684208,0.0880271699061379,
synthetic,hard,gauss,3011,0.156522909064111,0.4379809932702719,0.1166818103865266,0.01,0.2800315982201428,0.7154069487147791,0.045810218171037,jtt,"jtt|q=0.1,lam=10",0.1376676256871034,0.3094164524172196,0.1133561479307855,
synthetic,hard,gauss,3011,0.156522909064111,0.4379809932702719,0.1166818103865266,0.01,0.2800315982201428,0.7154069487147791,0.045810218171037,jtt,"jtt|q=0.1,lam=20",0.1551391785164922,0.3036111498467559,0.1341225980998795,
synthetic,hard,gauss,3011,0.156522909064111,0.4379809932702719,0.1166818103865266,0.01,0.2800315982201428,0.7154069487147791,0.045810218171037,jtt,"jtt|q=0.2,lam=2",0.109116209298091,0.3636495653193112,0.0730863735142653,
synthetic,hard,gauss,3011,0.156522909064111,0.4379809932702719,0.1166818103865266,0.01,0.2800315982201428,0.7154069487147791,0.045810218171037,jtt,"jtt|q=0.2,lam=5",0.1126750184593732,0.3322640490212215,0.081591639704043,
synthetic,hard,gauss,3011,0.156522909064111,0.4379809932702719,0.1166818103865266,0.01,0.2800315982201428,0.7154069487147791,0.045810218171037,jtt,"jtt|q=0.2,lam=10",0.1366984417228013,0.3268880612204818,0.1097766234377416,
synthetic,hard,gauss,3011,0.156522909064111,0.4379809932702719,0.1166818103865266,0.01,0.2800315982201428,0.7154069487147791,0.045810218171037,jtt,"jtt|q=0.2,lam=20",0.1443461425165215,0.3192146854439628,0.1195930610975686,
synthetic,hard,gauss,3011,0.156522909064111,0.4379809932702719,0.1166818103865266,0.01,0.2800315982201428,0.7154069487147791,0.045810218171037,density,density|alpha=0.2,0.1040588664397377,0.3795156156472724,0.0650672718030547,
synthetic,hard,gauss,3011,0.156522909064111,0.4379809932702719,0.1166818103865266,0.01,0.2800315982201428,0.7154069487147791,0.045810218171037,density,density|alpha=0.5,0.1044079820049965,0.379740048949153,0.0654340364558236,
synthetic,hard,gauss,3011,0.156522909064111,0.4379809932702719,0.1166818103865266,0.01,0.2800315982201428,0.7154069487147791,0.045810218171037,density,density|alpha=0.8,0.1035767810412754,0.3800582332556009,0.0644401371205261,
synthetic,hard,gauss,3011,0.156522909064111,0.4379809932702719,0.1166818103865266,0.01,0.2800315982201428,0.7154069487147791,0.045810218171037,density,density|alpha=1.0,0.104121838960168,0.3815225439433818,0.064855072501357,
synthetic,hard,gauss,3012,0.2423007381340678,0.4390424840312538,0.2147075400207795,0.03,0.1195965161595176,0.1159838203562593,0.6472878684540434,weakspot,"weakspot|alpha=0.2,sigma=0.05",0.153568561140363,0.3482559732426027,0.1262634850986577,
synthetic,hard,gauss,3012,0.2423007381340678,0.4390424840312538,0.2147075400207795,0.03,0.1195965161595176,0.1159838203562593,0.6472878684540434,weakspot,"weakspot|alpha=0.2,sigma=0.1",0.1353746583784612,0.3426223496467032,0.1063079924423224,
synthetic,hard,gauss,3012,0.2423007381340678,0.4390424840312538,0.2147075400207795,0.03,0.1195965161595176,0.1159838203562593,0.6472878684540434,weakspot,"weakspot|alpha=0.2,sigma=0.2",0.1351852134733836,0.3536498427321646,0.1045453623914793,
synthetic,hard,gauss,3012,0.2423007381340678,0.4390424840312538,0.2147075400207795,0.03,0.1195965161595176,0.1159838203562593,0.6472878684540434,weakspot,"weakspot|alpha=0.5,sigma=0.05",0.156729035907071,0.381145367164526,0.1252544535300278,
synthetic,hard,gauss,3012,0.2423007381340678,0.4390424840312538,0.2147075400207795,0.03,0.1195965161595176,0.1159838203562593,0.6472878684540434,weakspot,"weakspot|alpha=0.5,sigma=0.1",0.139013405572732,0.3756902767333731,0.1058192719891985,
synthetic,hard,gauss,3012,0.2423007381340678,0.4390424840312538,0.2147075400207795,0.03,0.1195965161595176,0.1159838203562593,0.6472878684540434,weakspot,"weakspot|alpha=0.5,sigma=0.2",0.1326496089648134,0.3567854158719,0.1012143703678103,
synthetic,hard,gauss,3012,0.2423007381340678,0.4390424840312538,0.2147075400207795,0.03,0.1195965161595176,0.1159838203562593,0.6472878684540434,weakspot,"weakspot|alpha=0.8,sigma=0.05",0.1668681438142635,0.3901917160103749,0.1355468218300883,
synthetic,hard,gauss,3012,0.2423007381340678,0.4390424840312538,0.2147075400207795,0.03,0.1195965161595176,0.1159838203562593,0.6472878684540434,weakspot,"weakspot|alpha=0.8,sigma=0.1",0.1427189986284819,0.3939427181076051,0.1074846571279892,
synthetic,hard,gauss,3012,0.2423007381340678,0.4390424840312538,0.2147075400207795,0.03,0.1195965161595176,0.1159838203562593,0.6472878684540434,weakspot,"weakspot|alpha=0.8,sigma=0.2",0.1382684976834602,0.3723300023297412,0.1054411714901962,
synthetic,hard,gauss,3012,0.2423007381340678,0.4390424840312538,0.2147075400207795,0.03,0.1195965161595176,0.1159838203562593,0.6472878684540434,weakspot,"weakspot|alpha=1.0,sigma=0.05",1.491319256339968,2.411279474645279,1.3622940489835789,
synthetic,hard,gauss,3012,0.2423007381340678,0.4390424840312538,0.2147075400207795,0.03,0.1195965161595176,0.1159838203562593,0.6472878684540434,weakspot,"weakspot|alpha=1.0,sigma=0.1",0.9111353851022198,1.023348695310248,0.8953973723820517,
synthetic,hard,gauss,3012,0.2423007381340678,0.4390424840312538,0.2147075400207795,0.03,0.1195965161595176,0.1159838203562593,0.6472878684540434,weakspot,"weakspot|alpha=1.0,sigma=0.2",0.2105220014107509,0.3686757773677965,0.1883407990815416,
synthetic,hard,gauss,3012,0.2423007381340678,0.4390424840312538,0.2147075400207795,0.03,0.1195965161595176,0.1159838203562593,0.6472878684540434,loss,loss|alpha=0.2,0.1467787132525064,0.3458488379605393,0.1188589580197948,
synthetic,hard,gauss,3012,0.2423007381340678,0.4390424840312538,0.2147075400207795,0.03,0.1195965161595176,0.1159838203562593,0.6472878684540434,loss,loss|alpha=0.5,0.1468672651388012,0.327061136531854,0.1215949205762635,
synthetic,hard,gauss,3012,0.2423007381340678,0.4390424840312538,0.2147075400207795,0.03,0.1195965161595176,0.1159838203562593,0.6472878684540434,loss,loss|alpha=0.8,0.1468380144367089,0.3310058957243324,0.1210083115879316,
synthetic,hard,gauss,3012,0.2423007381340678,0.4390424840312538,0.2147075400207795,0.03,0.1195965161595176,0.1159838203562593,0.6472878684540434,loss,loss|alpha=1.0,0.1509366663195966,0.3234509626642325,0.126741388725081,
synthetic,hard,gauss,3012,0.2423007381340678,0.4390424840312538,0.2147075400207795,0.03,0.1195965161595176,0.1159838203562593,0.6472878684540434,jtt,"jtt|q=0.1,lam=2",0.1444736509250681,0.3446312443474634,0.1164013772751768,
synthetic,hard,gauss,3012,0.2423007381340678,0.4390424840312538,0.2147075400207795,0.03,0.1195965161595176,0.1159838203562593,0.6472878684540434,jtt,"jtt|q=0.1,lam=5",0.1572457740480287,0.3393813362256568,0.1317011056924434,
synthetic,hard,gauss,3012,0.2423007381340678,0.4390424840312538,0.2147075400207795,0.03,0.1195965161595176,0.1159838203562593,0.6472878684540434,jtt,"jtt|q=0.1,lam=10",0.1702020052311218,0.3730559811535656,0.1417515616296844,
synthetic,hard,gauss,3012,0.2423007381340678,0.4390424840312538,0.2147075400207795,0.03,0.1195965161595176,0.1159838203562593,0.6472878684540434,jtt,"jtt|q=0.1,lam=20",0.2298672419655549,0.4313034956351402,0.2016156351225002,
synthetic,hard,gauss,3012,0.2423007381340678,0.4390424840312538,0.2147075400207795,0.03,0.1195965161595176,0.1159838203562593,0.6472878684540434,jtt,"jtt|q=0.2,lam=2",0.1423922447296005,0.340975392366391,0.1145407884475877,
synthetic,hard,gauss,3012,0.2423007381340678,0.4390424840312538,0.2147075400207795,0.03,0.1195965161595176,0.1159838203562593,0.6472878684540434,jtt,"jtt|q=0.2,lam=5",0.152638632809972,0.3251310477296834,0.1284464241040148,
synthetic,hard,gauss,3012,0.2423007381340678,0.4390424840312538,0.2147075400207795,0.03,0.1195965161595176,0.1159838203562593,0.6472878684540434,jtt,"jtt|q=0.2,lam=10",0.1685545274595461,0.3286132350783226,0.1461061568357041,
synthetic,hard,gauss,3012,0.2423007381340678,0.4390424840312538,0.2147075400207795,0.03,0.1195965161595176,0.1159838203562593,0.6472878684540434,jtt,"jtt|q=0.2,lam=20",0.1905052870957358,0.3392925816575549,0.1696377417923108,
synthetic,hard,gauss,3012,0.2423007381340678,0.4390424840312538,0.2147075400207795,0.03,0.1195965161595176,0.1159838203562593,0.6472878684540434,density,density|alpha=0.2,0.1364330200664789,0.3434586617690484,0.1073974967718197,
synthetic,hard,gauss,3012,0.2423007381340678,0.4390424840312538,0.2147075400207795,0.03,0.1195965161595176,0.1159838203562593,0.6472878684540434,density,density|alpha=0.5,0.1444239357355897,0.3547563077349074,0.1149246406889351,
synthetic,hard,gauss,3012,0.2423007381340678,0.4390424840312538,0.2147075400207795,0.03,0.1195965161595176,0.1159838203562593,0.6472878684540434,density,density|alpha=0.8,0.1350202430921796,0.3498623411260419,0.1048884551125159,
synthetic,hard,gauss,3012,0.2423007381340678,0.4390424840312538,0.2147075400207795,0.03,0.1195965161595176,0.1159838203562593,0.6472878684540434,density,density|alpha=1.0,0.1422929663477722,0.3578580001394059,0.112059786009835,
synthetic,hard,gauss,3013,0.1514063061178741,0.4179364535224347,0.1114037940577302,0.035,0.2692804620844614,0.7334077970005114,0.0254369302111436,weakspot,"weakspot|alpha=0.2,sigma=0.05",0.1302980328368147,0.4237605306278033,0.086253345129254,
synthetic,hard,gauss,3013,0.1514063061178741,0.4179364535224347,0.1114037940577302,0.035,0.2692804620844614,0.7334077970005114,0.0254369302111436,weakspot,"weakspot|alpha=0.2,sigma=0.1",0.1161230082395752,0.3747816345051604,0.0773019033198986,
synthetic,hard,gauss,3013,0.1514063061178741,0.4179364535224347,0.1114037940577302,0.035,0.2692804620844614,0.7334077970005114,0.0254369302111436,weakspot,"weakspot|alpha=0.2,sigma=0.2",0.10676385295499,0.3691886798528749,0.0673774930812994,
synthetic,hard,gauss,3013,0.1514063061178741,0.4179364535224347,0.1114037940577302,0.035,0.2692804620844614,0.7334077970005114,0.0254369302111436,weakspot,"weakspot|alpha=0.5,sigma=0.05",0.1674658126798278,0.4140545061641928,0.1304562387871198,
synthetic,hard,gauss,3013,0.1514063061178741,0.4179364535224347,0.1114037940577302,0.035,0.2692804620844614,0.7334077970005114,0.0254369302111436,weakspot,"weakspot|alpha=0.5,sigma=0.1",0.1386936716930529,0.3603448124751242,0.1054268817309364,
synthetic,hard,gauss,3013,0.1514063061178741,0.4179364535224347,0.1114037940577302,0.035,0.2692804620844614,0.7334077970005114,0.0254369302111436,weakspot,"weakspot|alpha=0.5,sigma=0.2",0.1117546408399017,0.3666648150331889,0.0734961270593106,
synthetic,hard,gauss,3013,0.1514063061178741,0.4179364535224347,0.1114037940577302,0.035,0.2692804620844614,0.7334077970005114,0.0254369302111436,weakspot,"weakspot|alpha=0.8,sigma=0.05",0.1933428034238068,0.4033589083162882,0.161822272442244,
synthetic,hard,gauss,3013,0.1514063061178741,0.4179364535224347,0.1114037940577302,0.035,0.2692804620844614,0.7334077970005114,0.0254369302111436,weakspot,"weakspot|alpha=0.8,sigma=0.1",0.1583047649263311,0.3346927182717774,0.1318313573224429,
synthetic,hard,gauss,3013,0.1514063061178741,0.4179364535224347,0.1114037940577302,0.035,0.2692804620844614,0.7334077970005114,0.0254369302111436,weakspot,"weakspot|alpha=0.8,sigma=0.2",0.1201761680216917,0.3613477472506772,0.0839796285284397,
synthetic,hard,gauss,3013,0.1514063061178741,0.4179364535224347,0.1114037940577302,0.035,0.2692804620844614,0.7334077970005114,0.0254369302111436,weakspot,"weakspot|alpha=1.0,sigma=0.05",1.235673122695092,0.5310446058276551,1.3414281789931948,
synthetic,hard,gauss,3013,0.1514063061178741,0.4179364535224347,0.1114037940577302,0.035,0.2692804620844614,0.7334077970005114,0.0254369302111436,weakspot,"weakspot|alpha=1.0,sigma=0.1",0.3995961584254359,0.3240840502040871,0.4109294880664778,
synthetic,hard,gauss,3013,0.1514063061178741,0.4179364535224347,0.1114037940577302,0.035,0.2692804620844614,0.7334077970005114,0.0254369302111436,weakspot,"weakspot|alpha=1.0,sigma=0.2",0.1364835224811026,0.3536932126761801,0.1038833332108812,
synthetic,hard,gauss,3013,0.1514063061178741,0.4179364535224347,0.1114037940577302,0.035,0.2692804620844614,0.7334077970005114,0.0254369302111436,loss,loss|alpha=0.2,0.1121793124933758,0.3911169846110917,0.0703146014969849,
synthetic,hard,gauss,3013,0.1514063061178741,0.4179364535224347,0.1114037940577302,0.035,0.2692804620844614,0.7334077970005114,0.0254369302111436,loss,loss|alpha=0.5,0.1258323059454497,0.4035880049456488,0.0841449928695141,
synthetic,hard,gauss,3013,0.1514063061178741,0.4179364535224347,0.1114037940577302,0.035,0.2692804620844614,0.7334077970005114,0.0254369302111436,loss,loss|alpha=0.8,0.1352784548414892,0.4043025176401595,0.0949016403558923,
synthetic,hard,gauss,3013,0.1514063061178741,0.4179364535224347,0.1114037940577302,0.035,0.2692804620844614,0.7334077970005114,0.0254369302111436,loss,loss|alpha=1.0,0.1425055990314463,0.404528090410544,0.1031796241896152,
synthetic,hard,gauss,3013,0.1514063061178741,0.4179364535224347,0.1114037940577302,0.035,0.2692804620844614,0.7334077970005114,0.0254369302111436,jtt,"jtt|q=0.1,lam=2",0.1060133314630264,0.3734081654159222,0.0658810418358235,
synthetic,hard,gauss,3013,0.1514063061178741,0.4179364535224347,0.1114037940577302,0.035,0.2692804620844614,0.7334077970005114,0.0254369302111436,jtt,"jtt|q=0.1,lam=5",0.1223744739877727,0.3833410669788021,0.0832069749822185,
synthetic,hard,gauss,3013,0.1514063061178741,0.4179364535224347,0.1114037940577302,0.035,0.2692804620844614,0.7334077970005114,0.0254369302111436,jtt,"jtt|q=0.1,lam=10",0.1325663750274426,0.3903647917530145,0.0938743757374056,
synthetic,hard,gauss,3013,0.1514063061178741,0.4179364535224347,0.1114037940577302,0.035,0.2692804620844614,0.7334077970005114,0.0254369302111436,jtt,"jtt|q=0.1,lam=20",0.1506471983351589,0.3951614343449947,0.1139489719990075,
synthetic,hard,gauss,3013,0.1514063061178741,0.4179364535224347,0.1114037940577302,0.035,0.2692804620844614,0.7334077970005114,0.0254369302111436,jtt,"jtt|q=0.2,lam=2",0.1046230881147618,0.3684936360344404,0.0650197453850113,
synthetic,hard,gauss,3013,0.1514063061178741,0.4179364535224347,0.1114037940577302,0.035,0.2692804620844614,0.7334077970005114,0.0254369302111436,jtt,"jtt|q=0.2,lam=5",0.1141501555802002,0.3606961587828514,0.0771469889120622,
synthetic,hard,gauss,3013,0.1514063061178741,0.4179364535224347,0.1114037940577302,0.035,0.2692804620844614,0.7334077970005114,0.0254369302111436,jtt,"jtt|q=0.2,lam=10",0.1208152153052418,0.3594003678139691,0.0850068629160653,
synthetic,hard,gauss,3013,0.1514063061178741,0.4179364535224347,0.1114037940577302,0.035,0.2692804620844614,0.7334077970005114,0.0254369302111436,jtt,"jtt|q=0.2,lam=20",0.1308725628901659,0.3539821900560472,0.097386874166592,
synthetic,hard,gauss,3013,0.1514063061178741,0.4179364535224347,0.1114037940577302,0.035,0.2692804620844614,0.7334077970005114,0.0254369302111436,density,density|alpha=0.2,0.1017598442931655,0.3769679281697208,0.0604548932340621,
synthetic,hard,gauss,3013,0.1514063061178741,0.4179364535224347,0.1114037940577302,0.035,0.2692804620844614,0.7334077970005114,0.0254369302111436,density,density|alpha=0.5,0.1018776174131737,0.3766687541546148,0.0606352443887251,
synthetic,hard,gauss,3013,0.1514063061178741,0.4179364535224347,0.1114037940577302,0.035,0.2692804620844614,0.7334077970005114,0.0254369302111436,density,density|alpha=0.8,0.1015883630229574,0.3751916203124007,0.0605242743785958,
synthetic,hard,gauss,3013,0.1514063061178741,0.4179364535224347,0.1114037940577302,0.035,0.2692804620844614,0.7334077970005114,0.0254369302111436,density,density|alpha=1.0,0.1017536461900962,0.3741148375333531,0.0608759745738857,
synthetic,hard,gauss,3014,0.1767355686454161,0.4633113239579273,0.1355152069290326,0.03,0.2745924591179631,0.710279979705642,0.0467169033397216,weakspot,"weakspot|alpha=0.2,sigma=0.05",0.1263067568054039,0.3992192338063579,0.087051687908784,
synthetic,hard,gauss,3014,0.1767355686454161,0.4633113239579273,0.1355152069290326,0.03,0.2745924591179631,0.710279979705642,0.0467169033397216,weakspot,"weakspot|alpha=0.2,sigma=0.1",0.1244230779622416,0.3740316856827789,0.0885199811125332,
synthetic,hard,gauss,3014,0.1767355686454161,0.4633113239579273,0.1355152069290326,0.03,0.2745924591179631,0.710279979705642,0.0467169033397216,weakspot,"weakspot|alpha=0.2,sigma=0.2",0.1263427029850523,0.3909356397011574,0.0882842965886551,
synthetic,hard,gauss,3014,0.1767355686454161,0.4633113239579273,0.1355152069290326,0.03,0.2745924591179631,0.710279979705642,0.0467169033397216,weakspot,"weakspot|alpha=0.5,sigma=0.05",0.1444800799601484,0.4076701747766149,0.1066234549407939,
synthetic,hard,gauss,3014,0.1767355686454161,0.4633113239579273,0.1355152069290326,0.03,0.2745924591179631,0.710279979705642,0.0467169033397216,weakspot,"weakspot|alpha=0.5,sigma=0.1",0.1433088680068365,0.3744277648918528,0.1100652863273503,
synthetic,hard,gauss,3014,0.1767355686454161,0.4633113239579273,0.1355152069290326,0.03,0.2745924591179631,0.710279979705642,0.0467169033397216,weakspot,"weakspot|alpha=0.5,sigma=0.2",0.1252991596795591,0.3731850954331935,0.0896438477882014,
synthetic,hard,gauss,3014,0.1767355686454161,0.4633113239579273,0.1355152069290326,0.03,0.2745924591179631,0.710279979705642,0.0467169033397216,weakspot,"weakspot|alpha=0.8,sigma=0.05",0.1843303461736409,0.3910954282318264,0.154589758162412,
synthetic,hard,gauss,3014,0.1767355686454161,0.4633113239579273,0.1355152069290326,0.03,0.2745924591179631,0.710279979705642,0.0467169033397216,weakspot,"weakspot|alpha=0.8,sigma=0.1",0.1655434098833132,0.3607773200107341,0.1374614376802555,
synthetic,hard,gauss,3014,0.1767355686454161,0.4633113239579273,0.1355152069290326,0.03,0.2745924591179631,0.710279979705642,0.0467169033397216,weakspot,"weakspot|alpha=0.8,sigma=0.2",0.1302180925784279,0.3727999152631006,0.0953257114487767,
synthetic,hard,gauss,3014,0.1767355686454161,0.4633113239579273,0.1355152069290326,0.03,0.2745924591179631,0.710279979705642,0.0467169033397216,weakspot,"weakspot|alpha=1.0,sigma=0.05",3.724012670384862,0.6410487050293417,4.167458731172345,
synthetic,hard,gauss,3014,0.1767355686454161,0.4633113239579273,0.1355152069290326,0.03,0.2745924591179631,0.710279979705642,0.0467169033397216,weakspot,"weakspot|alpha=1.0,sigma=0.1",0.4742288471804111,0.3570633156534775,0.4910816531163697,
synthetic,hard,gauss,3014,0.1767355686454161,0.4633113239579273,0.1355152069290326,0.03,0.2745924591179631,0.710279979705642,0.0467169033397216,weakspot,"weakspot|alpha=1.0,sigma=0.2",0.153702880022512,0.3559087738865359,0.1246180745853933,
synthetic,hard,gauss,3014,0.1767355686454161,0.4633113239579273,0.1355152069290326,0.03,0.2745924591179631,0.710279979705642,0.0467169033397216,loss,loss|alpha=0.2,0.1231959921473314,0.3842432686097504,0.0856475849238265,
synthetic,hard,gauss,3014,0.1767355686454161,0.4633113239579273,0.1355152069290326,0.03,0.2745924591179631,0.710279979705642,0.0467169033397216,loss,loss|alpha=0.5,0.1334671710605723,0.3794852636048975,0.0980805252070419,
synthetic,hard,gauss,3014,0.1767355686454161,0.4633113239579273,0.1355152069290326,0.03,0.2745924591179631,0.710279979705642,0.0467169033397216,loss,loss|alpha=0.8,0.1425797222414597,0.3764728908768767,0.1089370960408264,
synthetic,hard,gauss,3014,0.1767355686454161,0.4633113239579273,0.1355152069290326,0.03,0.2745924591179631,0.710279979705642,0.0467169033397216,loss,loss|alpha=1.0,0.1602695052247227,0.3860646510435651,0.1277916789888412,
synthetic,hard,gauss,3014,0.1767355686454161,0.4633113239579273,0.1355152069290326,0.03,0.2745924591179631,0.710279979705642,0.0467169033397216,jtt,"jtt|q=0.1,lam=2",0.1285109465120025,0.383267637440948,0.0918673618573672,
synthetic,hard,gauss,3014,0.1767355686454161,0.4633113239579273,0.1355152069290326,0.03,0.2745924591179631,0.710279979705642,0.0467169033397216,jtt,"jtt|q=0.1,lam=5",0.142982923710787,0.3656044595505158,0.1109615818385012,
synthetic,hard,gauss,3014,0.1767355686454161,0.4633113239579273,0.1355152069290326,0.03,0.2745924591179631,0.710279979705642,0.0467169033397216,jtt,"jtt|q=0.1,lam=10",0.165083692864589,0.373477981208522,0.1351087637719386,
synthetic,hard,gauss,3014,0.1767355686454161,0.4633113239579273,0.1355152069290326,0.03,0.2745924591179631,0.710279979705642,0.0467169033397216,jtt,"jtt|q=0.1,lam=20",0.184448843809744,0.3874851922849406,0.1552445877951532,
synthetic,hard,gauss,3014,0.1767355686454161,0.4633113239579273,0.1355152069290326,0.03,0.2745924591179631,0.710279979705642,0.0467169033397216,jtt,"jtt|q=0.2,lam=2",0.1259492966721539,0.3859776513691401,0.0885474486845691,
synthetic,hard,gauss,3014,0.1767355686454161,0.4633113239579273,0.1355152069290326,0.03,0.2745924591179631,0.710279979705642,0.0467169033397216,jtt,"jtt|q=0.2,lam=5",0.1379214386975044,0.3693727678573976,0.1046300407657267,
synthetic,hard,gauss,3014,0.1767355686454161,0.4633113239579273,0.1355152069290326,0.03,0.2745924591179631,0.710279979705642,0.0467169033397216,jtt,"jtt|q=0.2,lam=10",0.1562557401920725,0.3753549685737301,0.1247410384831867,
synthetic,hard,gauss,3014,0.1767355686454161,0.4633113239579273,0.1355152069290326,0.03,0.2745924591179631,0.710279979705642,0.0467169033397216,jtt,"jtt|q=0.2,lam=20",0.1898019173206369,0.3982127693510511,0.159824605747489,
synthetic,hard,gauss,3014,0.1767355686454161,0.4633113239579273,0.1355152069290326,0.03,0.2745924591179631,0.710279979705642,0.0467169033397216,density,density|alpha=0.2,0.1232978219611275,0.4032330246122098,0.083032621236651,
synthetic,hard,gauss,3014,0.1767355686454161,0.4633113239579273,0.1355152069290326,0.03,0.2745924591179631,0.710279979705642,0.0467169033397216,density,density|alpha=0.5,0.1191438906546128,0.4001875383377068,0.0787192538846396,
synthetic,hard,gauss,3014,0.1767355686454161,0.4633113239579273,0.1355152069290326,0.03,0.2745924591179631,0.710279979705642,0.0467169033397216,density,density|alpha=0.8,0.1189200735664871,0.4006020908391198,0.0784036152627599,
synthetic,hard,gauss,3014,0.1767355686454161,0.4633113239579273,0.1355152069290326,0.03,0.2745924591179631,0.710279979705642,0.0467169033397216,density,density|alpha=1.0,0.1182094487991699,0.4020133075721999,0.0773877899593546,
synthetic,hard,gauss,3015,0.1498822407821406,0.3967585708832468,0.1123388357437235,0.005,0.2576837330597686,0.7258447366239985,0.0253479092332638,weakspot,"weakspot|alpha=0.2,sigma=0.05",0.1207585499348003,0.3514020328873353,0.0856837345549217,
synthetic,hard,gauss,3015,0.1498822407821406,0.3967585708832468,0.1123388357437235,0.005,0.2576837330597686,0.7258447366239985,0.0253479092332638,weakspot,"weakspot|alpha=0.2,sigma=0.1",0.106676368677036,0.3064877753073132,0.0762903022309569,
synthetic,hard,gauss,3015,0.1498822407821406,0.3967585708832468,0.1123388357437235,0.005,0.2576837330597686,0.7258447366239985,0.0253479092332638,weakspot,"weakspot|alpha=0.2,sigma=0.2",0.1012393149113588,0.315576388181675,0.0686442761190987,
synthetic,hard,gauss,3015,0.1498822407821406,0.3967585708832468,0.1123388357437235,0.005,0.2576837330597686,0.7258447366239985,0.0253479092332638,weakspot,"weakspot|alpha=0.5,sigma=0.05",0.1358792103602183,0.345561939280457,0.1039919750866336,
synthetic,hard,gauss,3015,0.1498822407821406,0.3967585708832468,0.1123388357437235,0.005,0.2576837330597686,0.7258447366239985,0.0253479092332638,weakspot,"weakspot|alpha=0.5,sigma=0.1",0.1233571302476604,0.2958423897976986,0.0971266529888989,
synthetic,hard,gauss,3015,0.1498822407821406,0.3967585708832468,0.1123388357437235,0.005,0.2576837330597686,0.7258447366239985,0.0253479092332638,weakspot,"weakspot|alpha=0.5,sigma=0.2",0.1070130452029058,0.3047475550843518,0.0769428201978932,
synthetic,hard,gauss,3015,0.1498822407821406,0.3967585708832468,0.1123388357437235,0.005,0.2576837330597686,0.7258447366239985,0.0253479092332638,weakspot,"weakspot|alpha=0.8,sigma=0.05",0.1741081128663416,0.3779519116966958,0.1431088254866103,
synthetic,hard,gauss,3015,0.1498822407821406,0.3967585708832468,0.1123388357437235,0.005,0.2576837330597686,0.7258447366239985,0.0253479092332638,weakspot,"weakspot|alpha=0.8,sigma=0.1",0.1421006801743339,0.2971813138954032,0.1185169893319593,
synthetic,hard,gauss,3015,0.1498822407821406,0.3967585708832468,0.1123388357437235,0.005,0.2576837330597686,0.7258447366239985,0.0253479092332638,weakspot,"weakspot|alpha=0.8,sigma=0.2",0.1214784957837747,0.2962590797452296,0.0948989599739682,
synthetic,hard,gauss,3015,0.1498822407821406,0.3967585708832468,0.1123388357437235,0.005,0.2576837330597686,0.7258447366239985,0.0253479092332638,weakspot,"weakspot|alpha=1.0,sigma=0.05",2.838065146933689,0.4910818950160505,3.194979650681533,
synthetic,hard,gauss,3015,0.1498822407821406,0.3967585708832468,0.1123388357437235,0.005,0.2576837330597686,0.7258447366239985,0.0253479092332638,weakspot,"weakspot|alpha=1.0,sigma=0.1",0.330564039014627,0.2943985241787711,0.3360638638514161,
synthetic,hard,gauss,3015,0.1498822407821406,0.3967585708832468,0.1123388357437235,0.005,0.2576837330597686,0.7258447366239985,0.0253479092332638,weakspot,"weakspot|alpha=1.0,sigma=0.2",0.1488477427865083,0.2920703501857727,0.1270673462695695,
synthetic,hard,gauss,3015,0.1498822407821406,0.3967585708832468,0.1123388357437235,0.005,0.2576837330597686,0.7258447366239985,0.0253479092332638,loss,loss|alpha=0.2,0.1025748961856441,0.3167445500099519,0.0700053174934682,
synthetic,hard,gauss,3015,0.1498822407821406,0.3967585708832468,0.1123388357437235,0.005,0.2576837330597686,0.7258447366239985,0.0253479092332638,loss,loss|alpha=0.5,0.1105638341817071,0.313266737170578,0.0797380470912336,
synthetic,hard,gauss,3015,0.1498822407821406,0.3967585708832468,0.1123388357437235,0.005,0.2576837330597686,0.7258447366239985,0.0253479092332638,loss,loss|alpha=0.8,0.1256640025147163,0.3052580386387932,0.0983524670672761,
synthetic,hard,gauss,3015,0.1498822407821406,0.3967585708832468,0.1123388357437235,0.005,0.2576837330597686,0.7258447366239985,0.0253479092332638,loss,loss|alpha=1.0,0.1339698601533517,0.3014245617370524,0.1085043986221898,
synthetic,hard,gauss,3015,0.1498822407821406,0.3967585708832468,0.1123388357437235,0.005,0.2576837330597686,0.7258447366239985,0.0253479092332638,jtt,"jtt|q=0.1,lam=2",0.1009411613227432,0.3140392009155915,0.0685345470067801,
synthetic,hard,gauss,3015,0.1498822407821406,0.3967585708832468,0.1123388357437235,0.005,0.2576837330597686,0.7258447366239985,0.0253479092332638,jtt,"jtt|q=0.1,lam=5",0.1101385192237572,0.3033275865437135,0.0807595366359298,
synthetic,hard,gauss,3015,0.1498822407821406,0.3967585708832468,0.1123388357437235,0.005,0.2576837330597686,0.7258447366239985,0.0253479092332638,jtt,"jtt|q=0.1,lam=10",0.1263443615297437,0.3001274612015085,0.0999165168791988,
synthetic,hard,gauss,3015,0.1498822407821406,0.3967585708832468,0.1123388357437235,0.005,0.2576837330597686,0.7258447366239985,0.0253479092332638,jtt,"jtt|q=0.1,lam=20",0.1413905799269919,0.3031534437266385,0.1167906974136816,
synthetic,hard,gauss,3015,0.1498822407821406,0.3967585708832468,0.1123388357437235,0.005,0.2576837330597686,0.7258447366239985,0.0253479092332638,jtt,"jtt|q=0.2,lam=2",0.1004668324749153,0.3172467404271583,0.0675003026941595,
synthetic,hard,gauss,3015,0.1498822407821406,0.3967585708832468,0.1123388357437235,0.005,0.2576837330597686,0.7258447366239985,0.0253479092332638,jtt,"jtt|q=0.2,lam=5",0.1082030492459992,0.3063655343112554,0.0780677404572736,
synthetic,hard,gauss,3015,0.1498822407821406,0.3967585708832468,0.1123388357437235,0.005,0.2576837330597686,0.7258447366239985,0.0253479092332638,jtt,"jtt|q=0.2,lam=10",0.1187988300778026,0.301415930318494,0.0910275659859002,
synthetic,hard,gauss,3015,0.1498822407821406,0.3967585708832468,0.1123388357437235,0.005,0.2576837330597686,0.7258447366239985,0.0253479092332638,jtt,"jtt|q=0.2,lam=20",0.1346172713108908,0.2986851438320124,0.1096668575173561,
synthetic,hard,gauss,3015,0.1498822407821406,0.3967585708832468,0.1123388357437235,0.005,0.2576837330597686,0.7258447366239985,0.0253479092332638,density,density|alpha=0.2,0.1008191394341032,0.329683072321868,0.0660149468751343,
synthetic,hard,gauss,3015,0.1498822407821406,0.3967585708832468,0.1123388357437235,0.005,0.2576837330597686,0.7258447366239985,0.0253479092332638,density,density|alpha=0.5,0.1009939348294378,0.3297025100420933,0.0662133680920293,
synthetic,hard,gauss,3015,0.1498822407821406,0.3967585708832468,0.1123388357437235,0.005,0.2576837330597686,0.7258447366239985,0.0253479092332638,density,density|alpha=0.8,0.1008739950915328,0.3287377733142926,0.0662218997857675,
synthetic,hard,gauss,3015,0.1498822407821406,0.3967585708832468,0.1123388357437235,0.005,0.2576837330597686,0.7258447366239985,0.0253479092332638,density,density|alpha=1.0,0.1003909258728766,0.327148177370491,0.0659071042165574,
synthetic,hard,gauss,3016,0.3223804907745632,0.4877428465509218,0.2979983189819504,0.01,0.2519251124265697,0.7367014182379019,0.0134371996613186,weakspot,"weakspot|alpha=0.2,sigma=0.05",0.2144579822258747,0.4890428164317405,0.1739712912385497,
synthetic,hard,gauss,3016,0.3223804907745632,0.4877428465509218,0.2979983189819504,0.01,0.2519251124265697,0.7367014182379019,0.0134371996613186,weakspot,"weakspot|alpha=0.2,sigma=0.1",0.1724299787279592,0.4311714000662372,0.1342793503378632,
synthetic,hard,gauss,3016,0.3223804907745632,0.4877428465509218,0.2979983189819504,0.01,0.2519251124265697,0.7367014182379019,0.0134371996613186,weakspot,"weakspot|alpha=0.2,sigma=0.2",0.1565161844766262,0.4151706497514039,0.1183783774911885,
synthetic,hard,gauss,3016,0.3223804907745632,0.4877428465509218,0.2979983189819504,0.01,0.2519251124265697,0.7367014182379019,0.0134371996613186,weakspot,"weakspot|alpha=0.5,sigma=0.05",0.2633237048243215,0.5095589219494949,0.2270170778586477,
synthetic,hard,gauss,3016,0.3223804907745632,0.4877428465509218,0.2979983189819504,0.01,0.2519251124265697,0.7367014182379019,0.0134371996613186,weakspot,"weakspot|alpha=0.5,sigma=0.1",0.2064919517766706,0.4089420361679809,0.1766413082376191,
synthetic,hard,gauss,3016,0.3223804907745632,0.4877428465509218,0.2979983189819504,0.01,0.2519251124265697,0.7367014182379019,0.0134371996613186,weakspot,"weakspot|alpha=0.5,sigma=0.2",0.1619974514799893,0.4104488718143057,0.1253640521535869,
synthetic,hard,gauss,3016,0.3223804907745632,0.4877428465509218,0.2979983189819504,0.01,0.2519251124265697,0.7367014182379019,0.0134371996613186,weakspot,"weakspot|alpha=0.8,sigma=0.05",0.3165166899315824,0.4951419888121535,0.2901789378878034,
synthetic,hard,gauss,3016,0.3223804907745632,0.4877428465509218,0.2979983189819504,0.01,0.2519251124265697,0.7367014182379019,0.0134371996613186,weakspot,"weakspot|alpha=0.8,sigma=0.1",0.2363521486394391,0.35366452204818,0.2190547992613287,
synthetic,hard,gauss,3016,0.3223804907745632,0.4877428465509218,0.2979983189819504,0.01,0.2519251124265697,0.7367014182379019,0.0134371996613186,weakspot,"weakspot|alpha=0.8,sigma=0.2",0.1748408000340903,0.3853397766346224,0.1438033720442242,
synthetic,hard,gauss,3016,0.3223804907745632,0.4877428465509218,0.2979983189819504,0.01,0.2519251124265697,0.7367014182379019,0.0134371996613186,weakspot,"weakspot|alpha=1.0,sigma=0.05",2.7922739215330785,0.5765780660729246,3.11897147451831,
synthetic,hard,gauss,3016,0.3223804907745632,0.4877428465509218,0.2979983189819504,0.01,0.2519251124265697,0.7367014182379019,0.0134371996613186,weakspot,"weakspot|alpha=1.0,sigma=0.1",0.3813528448835956,0.3219754299116231,0.3901078624669558,
synthetic,hard,gauss,3016,0.3223804907745632,0.4877428465509218,0.2979983189819504,0.01,0.2519251124265697,0.7367014182379019,0.0134371996613186,weakspot,"weakspot|alpha=1.0,sigma=0.2",0.2057668698622151,0.370450542690512,0.1814847677871306,
synthetic,hard,gauss,3016,0.3223804907745632,0.4877428465509218,0.2979983189819504,0.01,0.2519251124265697,0.7367014182379019,0.0134371996613186,loss,loss|alpha=0.2,0.1550597178671746,0.4272538454220546,0.1149255292374533,
synthetic,hard,gauss,3016,0.3223804907745632,0.4877428465509218,0.2979983189819504,0.01,0.2519251124265697,0.7367014182379019,0.0134371996613186,loss,loss|alpha=0.5,0.1626073074393192,0.4358955598986313,0.1223117934507688,
synthetic,hard,gauss,3016,0.3223804907745632,0.4877428465509218,0.2979983189819504,0.01,0.2519251124265697,0.7367014182379019,0.0134371996613186,loss,loss|alpha=0.8,0.1722681145421813,0.4493836451514155,0.1314082801379512,
synthetic,hard,gauss,3016,0.3223804907745632,0.4877428465509218,0.2979983189819504,0.01,0.2519251124265697,0.7367014182379019,0.0134371996613186,loss,loss|alpha=1.0,0.1803424280648916,0.4506318179656613,0.140489087155828,
synthetic,hard,gauss,3016,0.3223804907745632,0.4877428465509218,0.2979983189819504,0.01,0.2519251124265697,0.7367014182379019,0.0134371996613186,jtt,"jtt|q=0.1,lam=2",0.1606616933281147,0.428972475721493,0.1211000920228375,
synthetic,hard,gauss,3016,0.3223804907745632,0.4877428465509218,0.2979983189819504,0.01,0.2519251124265697,0.7367014182379019,0.0134371996613186,jtt,"jtt|q=0.1,lam=5",0.1765489264654821,0.4565386631094247,0.1352652992035812,
synthetic,hard,gauss,3016,0.3223804907745632,0.4877428465509218,0.2979983189819504,0.01,0.2519251124265697,0.7367014182379019,0.0134371996613186,jtt,"jtt|q=0.1,lam=10",0.2110582593940268,0.5042811149802106,0.1678234493620995,
synthetic,hard,gauss,3016,0.3223804907745632,0.4877428465509218,0.2979983189819504,0.01,0.2519251124265697,0.7367014182379019,0.0134371996613186,jtt,"jtt|q=0.1,lam=20",0.2682752838041892,0.5703136516570287,0.223740653547058,
synthetic,hard,gauss,3016,0.3223804907745632,0.4877428465509218,0.2979983189819504,0.01,0.2519251124265697,0.7367014182379019,0.0134371996613186,jtt,"jtt|q=0.2,lam=2",0.1590977369854699,0.4204638716982501,0.1205601026646526,
synthetic,hard,gauss,3016,0.3223804907745632,0.4877428465509218,0.2979983189819504,0.01,0.2519251124265697,0.7367014182379019,0.0134371996613186,jtt,"jtt|q=0.2,lam=5",0.1646400197054237,0.4237140230411464,0.1264403531206384,
synthetic,hard,gauss,3016,0.3223804907745632,0.4877428465509218,0.2979983189819504,0.01,0.2519251124265697,0.7367014182379019,0.0134371996613186,jtt,"jtt|q=0.2,lam=10",0.1811225965844663,0.4334870013391432,0.1439122397158765,
synthetic,hard,gauss,3016,0.3223804907745632,0.4877428465509218,0.2979983189819504,0.01,0.2519251124265697,0.7367014182379019,0.0134371996613186,jtt,"jtt|q=0.2,lam=20",0.2167200452842595,0.4517204460703264,0.1820699575034108,
synthetic,hard,gauss,3016,0.3223804907745632,0.4877428465509218,0.2979983189819504,0.01,0.2519251124265697,0.7367014182379019,0.0134371996613186,density,density|alpha=0.2,0.160730155687005,0.4220054842116397,0.1222059104599074,
synthetic,hard,gauss,3016,0.3223804907745632,0.4877428465509218,0.2979983189819504,0.01,0.2519251124265697,0.7367014182379019,0.0134371996613186,density,density|alpha=0.5,0.1605536483932425,0.4227827070361726,0.121888778587601,
synthetic,hard,gauss,3016,0.3223804907745632,0.4877428465509218,0.2979983189819504,0.01,0.2519251124265697,0.7367014182379019,0.0134371996613186,density,density|alpha=0.8,0.1636030523328984,0.4231743307537843,0.1253300640631522,
synthetic,hard,gauss,3016,0.3223804907745632,0.4877428465509218,0.2979983189819504,0.01,0.2519251124265697,0.7367014182379019,0.0134371996613186,density,density|alpha=1.0,0.1564148495279883,0.4174221813473301,0.1179301195924915,
synthetic,hard,gauss,3017,0.1852063116748425,0.3838194538594864,0.1550024697757953,0.005,0.2625313738191128,0.7430674371129106,0.0143211646864979,weakspot,"weakspot|alpha=0.2,sigma=0.05",0.1228857226127322,0.297652096375698,0.0963083478008526,
synthetic,hard,gauss,3017,0.1852063116748425,0.3838194538594864,0.1550024697757953,0.005,0.2625313738191128,0.7430674371129106,0.0143211646864979,weakspot,"weakspot|alpha=0.2,sigma=0.1",0.120113916253317,0.2718267867123201,0.0970423737411184,
synthetic,hard,gauss,3017,0.1852063116748425,0.3838194538594864,0.1550024697757953,0.005,0.2625313738191128,0.7430674371129106,0.0143211646864979,weakspot,"weakspot|alpha=0.2,sigma=0.2",0.1124071241937377,0.2892074565335769,0.0855204377088774,
synthetic,hard,gauss,3017,0.1852063116748425,0.3838194538594864,0.1550024697757953,0.005,0.2625313738191128,0.7430674371129106,0.0143211646864979,weakspot,"weakspot|alpha=0.5,sigma=0.05",0.1474505388350205,0.3240320082332162,0.1205971356546497,
synthetic,hard,gauss,3017,0.1852063116748425,0.3838194538594864,0.1550024697757953,0.005,0.2625313738191128,0.7430674371129106,0.0143211646864979,weakspot,"weakspot|alpha=0.5,sigma=0.1",0.128514183806909,0.2476182014247954,0.1104015912659401,
synthetic,hard,gauss,3017,0.1852063116748425,0.3838194538594864,0.1550024697757953,0.005,0.2625313738191128,0.7430674371129106,0.0143211646864979,weakspot,"weakspot|alpha=0.5,sigma=0.2",0.1147675252609606,0.2709098918966522,0.0910223727311089,
synthetic,hard,gauss,3017,0.1852063116748425,0.3838194538594864,0.1550024697757953,0.005,0.2625313738191128,0.7430674371129106,0.0143211646864979,weakspot,"weakspot|alpha=0.8,sigma=0.05",0.1770489974649126,0.304521133753154,0.1576638338819082,
synthetic,hard,gauss,3017,0.1852063116748425,0.3838194538594864,0.1550024697757953,0.005,0.2625313738191128,0.7430674371129106,0.0143211646864979,weakspot,"weakspot|alpha=0.8,sigma=0.1",0.147139643444287,0.2348461420164294,0.133801788822717,
synthetic,hard,gauss,3017,0.1852063116748425,0.3838194538594864,0.1550024697757953,0.005,0.2625313738191128,0.7430674371129106,0.0143211646864979,weakspot,"weakspot|alpha=0.8,sigma=0.2",0.1326347199538137,0.2614789637550856,0.1130408948596111,
synthetic,hard,gauss,3017,0.1852063116748425,0.3838194538594864,0.1550024697757953,0.005,0.2625313738191128,0.7430674371129106,0.0143211646864979,weakspot,"weakspot|alpha=1.0,sigma=0.05",2.4855479832235203,0.4933717334430278,2.788505661761568,
synthetic,hard,gauss,3017,0.1852063116748425,0.3838194538594864,0.1550024697757953,0.005,0.2625313738191128,0.7430674371129106,0.0143211646864979,weakspot,"weakspot|alpha=1.0,sigma=0.1",0.2860694348664261,0.2185594930743649,0.2963359237103801,
synthetic,hard,gauss,3017,0.1852063116748425,0.3838194538594864,0.1550024697757953,0.005,0.2625313738191128,0.7430674371129106,0.0143211646864979,weakspot,"weakspot|alpha=1.0,sigma=0.2",0.1671539009525965,0.2602277027347925,0.1529998204972396,
synthetic,hard,gauss,3017,0.1852063116748425,0.3838194538594864,0.1550024697757953,0.005,0.2625313738191128,0.7430674371129106,0.0143211646864979,loss,loss|alpha=0.2,0.1110165868241663,0.2928874781186312,0.0833588015121048,
synthetic,hard,gauss,3017,0.1852063116748425,0.3838194538594864,0.1550024697757953,0.005,0.2625313738191128,0.7430674371129106,0.0143211646864979,loss,loss|alpha=0.5,0.1168767963198844,0.2840319272411887,0.0914568916175663,
synthetic,hard,gauss,3017,0.1852063116748425,0.3838194538594864,0.1550024697757953,0.005,0.2625313738191128,0.7430674371129106,0.0143211646864979,loss,loss|alpha=0.8,0.116729910333718,0.283354630697923,0.0913906671446915,
synthetic,hard,gauss,3017,0.1852063116748425,0.3838194538594864,0.1550024697757953,0.005,0.2625313738191128,0.7430674371129106,0.0143211646864979,loss,loss|alpha=1.0,0.1239740072246009,0.287426642592648,0.0991171548414417,
synthetic,hard,gauss,3017,0.1852063116748425,0.3838194538594864,0.1550024697757953,0.005,0.2625313738191128,0.7430674371129106,0.0143211646864979,jtt,"jtt|q=0.1,lam=2",0.1110599615448435,0.2867475727141788,0.084342490721857,
synthetic,hard,gauss,3017,0.1852063116748425,0.3838194538594864,0.1550024697757953,0.005,0.2625313738191128,0.7430674371129106,0.0143211646864979,jtt,"jtt|q=0.1,lam=5",0.1199715973890066,0.2791031885853337,0.095771862322284,
synthetic,hard,gauss,3017,0.1852063116748425,0.3838194538594864,0.1550024697757953,0.005,0.2625313738191128,0.7430674371129106,0.0143211646864979,jtt,"jtt|q=0.1,lam=10",0.1304194433825597,0.2865083153387912,0.1066824259882941,
synthetic,hard,gauss,3017,0.1852063116748425,0.3838194538594864,0.1550024697757953,0.005,0.2625313738191128,0.7430674371129106,0.0143211646864979,jtt,"jtt|q=0.1,lam=20",0.163000542729891,0.3000020095568181,0.1421662182815564,
synthetic,hard,gauss,3017,0.1852063116748425,0.3838194538594864,0.1550024697757953,0.005,0.2625313738191128,0.7430674371129106,0.0143211646864979,jtt,"jtt|q=0.2,lam=2",0.1078488850334147,0.2870038664466153,0.0806041182747252,
synthetic,hard,gauss,3017,0.1852063116748425,0.3838194538594864,0.1550024697757953,0.005,0.2625313738191128,0.7430674371129106,0.0143211646864979,jtt,"jtt|q=0.2,lam=5",0.1149655137172562,0.2752968261332472,0.0905833325664373,
synthetic,hard,gauss,3017,0.1852063116748425,0.3838194538594864,0.1550024697757953,0.005,0.2625313738191128,0.7430674371129106,0.0143211646864979,jtt,"jtt|q=0.2,lam=10",0.1241934310146778,0.2741471068266043,0.1013894157990393,
synthetic,hard,gauss,3017,0.1852063116748425,0.3838194538594864,0.1550024697757953,0.005,0.2625313738191128,0.7430674371129106,0.0143211646864979,jtt,"jtt|q=0.2,lam=20",0.1468674127471377,0.2792520975028627,0.1267351795815205,
synthetic,hard,gauss,3017,0.1852063116748425,0.3838194538594864,0.1550024697757953,0.005,0.2625313738191128,0.7430674371129106,0.0143211646864979,density,density|alpha=0.2,0.1080056106152378,0.3016712208689461,0.0785541583646739,
synthetic,hard,gauss,3017,0.1852063116748425,0.3838194538594864,0.1550024697757953,0.005,0.2625313738191128,0.7430674371129106,0.0143211646864979,density,density|alpha=0.5,0.1081365036596186,0.3030313001963325,0.0784981244627912,
synthetic,hard,gauss,3017,0.1852063116748425,0.3838194538594864,0.1550024697757953,0.005,0.2625313738191128,0.7430674371129106,0.0143211646864979,density,density|alpha=0.8,0.107818450087355,0.3020553798335214,0.0782801151489979,
synthetic,hard,gauss,3017,0.1852063116748425,0.3838194538594864,0.1550024697757953,0.005,0.2625313738191128,0.7430674371129106,0.0143211646864979,density,density|alpha=1.0,0.1084122327523116,0.3008750713163275,0.0791436904822077,
synthetic,hard,gauss,3018,0.1746828506690159,0.4238947806208951,0.1388368109876333,0.005,0.2588385362744869,0.7250762497861498,0.026444527755243,weakspot,"weakspot|alpha=0.2,sigma=0.05",0.1427907733263262,0.3624906525846529,0.11118967545188,
synthetic,hard,gauss,3018,0.1746828506690159,0.4238947806208951,0.1388368109876333,0.005,0.2588385362744869,0.7250762497861498,0.026444527755243,weakspot,"weakspot|alpha=0.2,sigma=0.1",0.1293075275687407,0.3279444851413271,0.1007360692733415,
synthetic,hard,gauss,3018,0.1746828506690159,0.4238947806208951,0.1388368109876333,0.005,0.2588385362744869,0.7250762497861498,0.026444527755243,weakspot,"weakspot|alpha=0.2,sigma=0.2",0.120921257925579,0.3420846050563592,0.0891096583811746,
synthetic,hard,gauss,3018,0.1746828506690159,0.4238947806208951,0.1388368109876333,0.005,0.2588385362744869,0.7250762497861498,0.026444527755243,weakspot,"weakspot|alpha=0.5,sigma=0.05",0.1684306454151164,0.3968523624814098,0.1355750195402678,
synthetic,hard,gauss,3018,0.1746828506690159,0.4238947806208951,0.1388368109876333,0.005,0.2588385362744869,0.7250762497861498,0.026444527755243,weakspot,"weakspot|alpha=0.5,sigma=0.1",0.143820128441991,0.3107232650965121,0.1198131859949723,
synthetic,hard,gauss,3018,0.1746828506690159,0.4238947806208951,0.1388368109876333,0.005,0.2588385362744869,0.7250762497861498,0.026444527755243,weakspot,"weakspot|alpha=0.5,sigma=0.2",0.1277464533437661,0.3165865364204929,0.100584153719061,
synthetic,hard,gauss,3018,0.1746828506690159,0.4238947806208951,0.1388368109876333,0.005,0.2588385362744869,0.7250762497861498,0.026444527755243,weakspot,"weakspot|alpha=0.8,sigma=0.05",0.2241927317750046,0.414216749117334,0.1968601379164997,
synthetic,hard,gauss,3018,0.1746828506690159,0.4238947806208951,0.1388368109876333,0.005,0.2588385362744869,0.7250762497861498,0.026444527755243,weakspot,"weakspot|alpha=0.8,sigma=0.1",0.1653875001220382,0.3065272114608321,0.145086306297785,
synthetic,hard,gauss,3018,0.1746828506690159,0.4238947806208951,0.1388368109876333,0.005,0.2588385362744869,0.7250762497861498,0.026444527755243,weakspot,"weakspot|alpha=0.8,sigma=0.2",0.1420934819345032,0.3066522882401737,0.118423742280013,
synthetic,hard,gauss,3018,0.1746828506690159,0.4238947806208951,0.1388368109876333,0.005,0.2588385362744869,0.7250762497861498,0.026444527755243,weakspot,"weakspot|alpha=1.0,sigma=0.05",3.3437047843292977,0.5393978243168592,3.74706949719354,
synthetic,hard,gauss,3018,0.1746828506690159,0.4238947806208951,0.1388368109876333,0.005,0.2588385362744869,0.7250762497861498,0.026444527755243,weakspot,"weakspot|alpha=1.0,sigma=0.1",0.3899314154286643,0.2717801989389392,0.4069259998994483,
synthetic,hard,gauss,3018,0.1746828506690159,0.4238947806208951,0.1388368109876333,0.005,0.2588385362744869,0.7250762497861498,0.026444527755243,weakspot,"weakspot|alpha=1.0,sigma=0.2",0.1550331714021084,0.2974618958419224,0.1345465690591783,
synthetic,hard,gauss,3018,0.1746828506690159,0.4238947806208951,0.1388368109876333,0.005,0.2588385362744869,0.7250762497861498,0.026444527755243,loss,loss|alpha=0.2,0.1218952999840767,0.3449032995719157,0.0898183701034124,
synthetic,hard,gauss,3018,0.1746828506690159,0.4238947806208951,0.1388368109876333,0.005,0.2588385362744869,0.7250762497861498,0.026444527755243,loss,loss|alpha=0.5,0.1293903501974476,0.3318898374261635,0.1002633150026966,
synthetic,hard,gauss,3018,0.1746828506690159,0.4238947806208951,0.1388368109876333,0.005,0.2588385362744869,0.7250762497861498,0.026444527755243,loss,loss|alpha=0.8,0.133913415702743,0.3308543765562369,0.1055859054627351,
synthetic,hard,gauss,3018,0.1746828506690159,0.4238947806208951,0.1388368109876333,0.005,0.2588385362744869,0.7250762497861498,0.026444527755243,loss,loss|alpha=1.0,0.1458099862077877,0.333209461926735,0.1188549000520454,
synthetic,hard,gauss,3018,0.1746828506690159,0.4238947806208951,0.1388368109876333,0.005,0.2588385362744869,0.7250762497861498,0.026444527755243,jtt,"jtt|q=0.1,lam=2",0.1205331666689686,0.3411758957762419,0.0887964515586002,
synthetic,hard,gauss,3018,0.1746828506690159,0.4238947806208951,0.1388368109876333,0.005,0.2588385362744869,0.7250762497861498,0.026444527755243,jtt,"jtt|q=0.1,lam=5",0.1310780956693885,0.3197512064571336,0.1039398129338335,
synthetic,hard,gauss,3018,0.1746828506690159,0.4238947806208951,0.1388368109876333,0.005,0.2588385362744869,0.7250762497861498,0.026444527755243,jtt,"jtt|q=0.1,lam=10",0.1449238016987472,0.3157109032269881,0.1203581991626577,
synthetic,hard,gauss,3018,0.1746828506690159,0.4238947806208951,0.1388368109876333,0.005,0.2588385362744869,0.7250762497861498,0.026444527755243,jtt,"jtt|q=0.1,lam=20",0.1655848200827712,0.3216524981309909,0.1431364237263931,
synthetic,hard,gauss,3018,0.1746828506690159,0.4238947806208951,0.1388368109876333,0.005,0.2588385362744869,0.7250762497861498,0.026444527755243,jtt,"jtt|q=0.2,lam=2",0.1254991564420037,0.3436626642587764,0.0941190465101087,
synthetic,hard,gauss,3018,0.1746828506690159,0.4238947806208951,0.1388368109876333,0.005,0.2588385362744869,0.7250762497861498,0.026444527755243,jtt,"jtt|q=0.2,lam=5",0.1320043294140049,0.3158389144387871,0.1055620084910809,
synthetic,hard,gauss,3018,0.1746828506690159,0.4238947806208951,0.1388368109876333,0.005,0.2588385362744869,0.7250762497861498,0.026444527755243,jtt,"jtt|q=0.2,lam=10",0.1362653870114641,0.3061079178716127,0.1118356492297498,
synthetic,hard,gauss,3018,0.1746828506690159,0.4238947806208951,0.1388368109876333,0.005,0.2588385362744869,0.7250762497861498,0.026444527755243,jtt,"jtt|q=0.2,lam=20",0.1450108093817275,0.2980262087649197,0.1230014453869475,
synthetic,hard,gauss,3018,0.1746828506690159,0.4238947806208951,0.1388368109876333,0.005,0.2588385362744869,0.7250762497861498,0.026444527755243,density,density|alpha=0.2,0.123118777837906,0.3613216557134943,0.0888562535109341,
synthetic,hard,gauss,3018,0.1746828506690159,0.4238947806208951,0.1388368109876333,0.005,0.2588385362744869,0.7250762497861498,0.026444527755243,density,density|alpha=0.5,0.1223973552861553,0.3626278189725205,0.0878431879329263,
synthetic,hard,gauss,3018,0.1746828506690159,0.4238947806208951,0.1388368109876333,0.005,0.2588385362744869,0.7250762497861498,0.026444527755243,density,density|alpha=0.8,0.1227649566476439,0.3634035882739351,0.088152079407717,
synthetic,hard,gauss,3018,0.1746828506690159,0.4238947806208951,0.1388368109876333,0.005,0.2588385362744869,0.7250762497861498,0.026444527755243,density,density|alpha=1.0,0.12148465728837,0.3627563906504454,0.0867807162299989,
synthetic,hard,gauss,3019,0.1512244638576203,0.4326306323859318,0.1115739654968143,0.015,0.2665382098114522,0.7242743720384934,0.0305830070101267,weakspot,"weakspot|alpha=0.2,sigma=0.05",0.1127926187939772,0.3620044205761021,0.0776783489478935,
synthetic,hard,gauss,3019,0.1512244638576203,0.4326306323859318,0.1115739654968143,0.015,0.2665382098114522,0.7242743720384934,0.0305830070101267,weakspot,"weakspot|alpha=0.2,sigma=0.1",0.1072364401257229,0.3485834756170564,0.0732303261688722,
synthetic,hard,gauss,3019,0.1512244638576203,0.4326306323859318,0.1115739654968143,0.015,0.2665382098114522,0.7242743720384934,0.0305830070101267,weakspot,"weakspot|alpha=0.2,sigma=0.2",0.1015849389436184,0.3646708624088107,0.0645157871490363,
synthetic,hard,gauss,3019,0.1512244638576203,0.4326306323859318,0.1115739654968143,0.015,0.2665382098114522,0.7242743720384934,0.0305830070101267,weakspot,"weakspot|alpha=0.5,sigma=0.05",0.129019322203643,0.3652405930650822,0.0957354352083347,
synthetic,hard,gauss,3019,0.1512244638576203,0.4326306323859318,0.1115739654968143,0.015,0.2665382098114522,0.7242743720384934,0.0305830070101267,weakspot,"weakspot|alpha=0.5,sigma=0.1",0.1157803335512711,0.3140658695409959,0.0878416413724565,
synthetic,hard,gauss,3019,0.1512244638576203,0.4326306323859318,0.1115739654968143,0.015,0.2665382098114522,0.7242743720384934,0.0305830070101267,weakspot,"weakspot|alpha=0.5,sigma=0.2",0.1278761548893404,0.3455035992546792,0.0972121624431119,
synthetic,hard,gauss,3019,0.1512244638576203,0.4326306323859318,0.1115739654968143,0.015,0.2665382098114522,0.7242743720384934,0.0305830070101267,weakspot,"weakspot|alpha=0.8,sigma=0.05",0.1753931822526796,0.4167597986685116,0.1413843093178761,
synthetic,hard,gauss,3019,0.1512244638576203,0.4326306323859318,0.1115739654968143,0.015,0.2665382098114522,0.7242743720384934,0.0305830070101267,weakspot,"weakspot|alpha=0.8,sigma=0.1",0.1438377665987471,0.3065326100835436,0.1209138496901648,
synthetic,hard,gauss,3019,0.1512244638576203,0.4326306323859318,0.1115739654968143,0.015,0.2665382098114522,0.7242743720384934,0.0305830070101267,weakspot,"weakspot|alpha=0.8,sigma=0.2",0.1135067009829768,0.3316916653480802,0.0827641532372947,
synthetic,hard,gauss,3019,0.1512244638576203,0.4326306323859318,0.1115739654968143,0.015,0.2665382098114522,0.7242743720384934,0.0305830070101267,weakspot,"weakspot|alpha=1.0,sigma=0.05",3.5627562931136803,0.5094000705206542,3.992978190991877,
synthetic,hard,gauss,3019,0.1512244638576203,0.4326306323859318,0.1115739654968143,0.015,0.2665382098114522,0.7242743720384934,0.0305830070101267,weakspot,"weakspot|alpha=1.0,sigma=0.1",0.4394753231920937,0.3101635187672338,0.4576955260973649,
synthetic,hard,gauss,3019,0.1512244638576203,0.4326306323859318,0.1115739654968143,0.015,0.2665382098114522,0.7242743720384934,0.0305830070101267,weakspot,"weakspot|alpha=1.0,sigma=0.2",0.1360147081309422,0.3100070546952824,0.1114989582157157,
synthetic,hard,gauss,3019,0.1512244638576203,0.4326306323859318,0.1115739654968143,0.015,0.2665382098114522,0.7242743720384934,0.0305830070101267,loss,loss|alpha=0.2,0.1033960333665689,0.3624399079363962,0.0668964115646594,
synthetic,hard,gauss,3019,0.1512244638576203,0.4326306323859318,0.1115739654968143,0.015,0.2665382098114522,0.7242743720384934,0.0305830070101267,loss,loss|alpha=0.5,0.1067362758630781,0.3478904965738441,0.0727573297617893,
synthetic,hard,gauss,3019,0.1512244638576203,0.4326306323859318,0.1115739654968143,0.015,0.2665382098114522,0.7242743720384934,0.0305830070101267,loss,loss|alpha=0.8,0.1189954840377748,0.344395112565985,0.0872363806456083,
synthetic,hard,gauss,3019,0.1512244638576203,0.4326306323859318,0.1115739654968143,0.015,0.2665382098114522,0.7242743720384934,0.0305830070101267,loss,loss|alpha=1.0,0.1227142096454197,0.339274614507521,0.0922005644651921,
synthetic,hard,gauss,3019,0.1512244638576203,0.4326306323859318,0.1115739654968143,0.015,0.2665382098114522,0.7242743720384934,0.0305830070101267,jtt,"jtt|q=0.1,lam=2",0.103865163144427,0.3583149045837772,0.0680128607282722,
synthetic,hard,gauss,3019,0.1512244638576203,0.4326306323859318,0.1115739654968143,0.015,0.2665382098114522,0.7242743720384934,0.0305830070101267,jtt,"jtt|q=0.1,lam=5",0.1208891299025971,0.3378450357738161,0.090319758111273,
synthetic,hard,gauss,3019,0.1512244638576203,0.4326306323859318,0.1115739654968143,0.015,0.2665382098114522,0.7242743720384934,0.0305830070101267,jtt,"jtt|q=0.1,lam=10",0.1340161822643195,0.3295246436794956,0.106468783536682,
synthetic,hard,gauss,3019,0.1512244638576203,0.4326306323859318,0.1115739654968143,0.015,0.2665382098114522,0.7242743720384934,0.0305830070101267,jtt,"jtt|q=0.1,lam=20",0.1564494528537627,0.330545547247996,0.1319190847331834,
synthetic,hard,gauss,3019,0.1512244638576203,0.4326306323859318,0.1115739654968143,0.015,0.2665382098114522,0.7242743720384934,0.0305830070101267,jtt,"jtt|q=0.2,lam=2",0.1053362254687784,0.3660916235585069,0.0685954477573335,
synthetic,hard,gauss,3019,0.1512244638576203,0.4326306323859318,0.1115739654968143,0.015,0.2665382098114522,0.7242743720384934,0.0305830070101267,jtt,"jtt|q=0.2,lam=5",0.1188854074402392,0.3467549326542422,0.0867782923644499,
synthetic,hard,gauss,3019,0.1512244638576203,0.4326306323859318,0.1115739654968143,0.015,0.2665382098114522,0.7242743720384934,0.0305830070101267,jtt,"jtt|q=0.2,lam=10",0.1181329226848179,0.3365499084853279,0.0873576828144665,
synthetic,hard,gauss,3019,0.1512244638576203,0.4326306323859318,0.1115739654968143,0.015,0.2665382098114522,0.7242743720384934,0.0305830070101267,jtt,"jtt|q=0.2,lam=20",0.1358131216914373,0.3366859261487955,0.1075098799909424,
synthetic,hard,gauss,3019,0.1512244638576203,0.4326306323859318,0.1115739654968143,0.015,0.2665382098114522,0.7242743720384934,0.0305830070101267,density,density|alpha=0.2,0.1009636795033697,0.3775731897850017,0.0619890365829116,
synthetic,hard,gauss,3019,0.1512244638576203,0.4326306323859318,0.1115739654968143,0.015,0.2665382098114522,0.7242743720384934,0.0305830070101267,density,density|alpha=0.5,0.1000306588314982,0.3760957906472184,0.0611327195511315,
synthetic,hard,gauss,3019,0.1512244638576203,0.4326306323859318,0.1115739654968143,0.015,0.2665382098114522,0.7242743720384934,0.0305830070101267,density,density|alpha=0.8,0.1007385579410318,0.3770290114078802,0.0618088705443909,
synthetic,hard,gauss,3019,0.1512244638576203,0.4326306323859318,0.1115739654968143,0.015,0.2665382098114522,0.7242743720384934,0.0305830070101267,density,density|alpha=1.0,0.101893822542936,0.376934391926499,0.0631402454535235,
california,real,real,3000,0.7251182707347228,,,0.71,0.4008056862630644,0.3373639083672077,,weakspot,"weakspot|alpha=0.2,sigma=0.05",0.6889516377211475,,,
california,real,real,3000,0.7251182707347228,,,0.71,0.4008056862630644,0.3373639083672077,,weakspot,"weakspot|alpha=0.2,sigma=0.1",0.6881366181028998,,,
california,real,real,3000,0.7251182707347228,,,0.71,0.4008056862630644,0.3373639083672077,,weakspot,"weakspot|alpha=0.2,sigma=0.2",0.6896643882144559,,,
california,real,real,3000,0.7251182707347228,,,0.71,0.4008056862630644,0.3373639083672077,,weakspot,"weakspot|alpha=0.5,sigma=0.05",0.6857669599947799,,,
california,real,real,3000,0.7251182707347228,,,0.71,0.4008056862630644,0.3373639083672077,,weakspot,"weakspot|alpha=0.5,sigma=0.1",0.6850376058723041,,,
california,real,real,3000,0.7251182707347228,,,0.71,0.4008056862630644,0.3373639083672077,,weakspot,"weakspot|alpha=0.5,sigma=0.2",0.6885083595097453,,,
california,real,real,3000,0.7251182707347228,,,0.71,0.4008056862630644,0.3373639083672077,,weakspot,"weakspot|alpha=0.8,sigma=0.05",0.6900897697959404,,,
california,real,real,3000,0.7251182707347228,,,0.71,0.4008056862630644,0.3373639083672077,,weakspot,"weakspot|alpha=0.8,sigma=0.1",0.6870282722129589,,,
california,real,real,3000,0.7251182707347228,,,0.71,0.4008056862630644,0.3373639083672077,,weakspot,"weakspot|alpha=0.8,sigma=0.2",0.6872831131787167,,,
california,real,real,3000,0.7251182707347228,,,0.71,0.4008056862630644,0.3373639083672077,,weakspot,"weakspot|alpha=1.0,sigma=0.05",0.9863806220741216,,,
california,real,real,3000,0.7251182707347228,,,0.71,0.4008056862630644,0.3373639083672077,,weakspot,"weakspot|alpha=1.0,sigma=0.1",0.77920996362403,,,
california,real,real,3000,0.7251182707347228,,,0.71,0.4008056862630644,0.3373639083672077,,weakspot,"weakspot|alpha=1.0,sigma=0.2",0.6914967740142156,,,
california,real,real,3000,0.7251182707347228,,,0.71,0.4008056862630644,0.3373639083672077,,loss,loss|alpha=0.2,0.7065015669621778,,,
california,real,real,3000,0.7251182707347228,,,0.71,0.4008056862630644,0.3373639083672077,,loss,loss|alpha=0.5,0.7438155724651018,,,
california,real,real,3000,0.7251182707347228,,,0.71,0.4008056862630644,0.3373639083672077,,loss,loss|alpha=0.8,0.7846902331074878,,,
california,real,real,3000,0.7251182707347228,,,0.71,0.4008056862630644,0.3373639083672077,,loss,loss|alpha=1.0,0.8118646409929349,,,
california,real,real,3000,0.7251182707347228,,,0.71,0.4008056862630644,0.3373639083672077,,jtt,"jtt|q=0.1,lam=2",0.7258814923369572,,,
california,real,real,3000,0.7251182707347228,,,0.71,0.4008056862630644,0.3373639083672077,,jtt,"jtt|q=0.1,lam=5",0.8331437319612294,,,
california,real,real,3000,0.7251182707347228,,,0.71,0.4008056862630644,0.3373639083672077,,jtt,"jtt|q=0.1,lam=10",0.9711920954326588,,,
california,real,real,3000,0.7251182707347228,,,0.71,0.4008056862630644,0.3373639083672077,,jtt,"jtt|q=0.1,lam=20",1.1498337961080465,,,
california,real,real,3000,0.7251182707347228,,,0.71,0.4008056862630644,0.3373639083672077,,jtt,"jtt|q=0.2,lam=2",0.720804774016013,,,
california,real,real,3000,0.7251182707347228,,,0.71,0.4008056862630644,0.3373639083672077,,jtt,"jtt|q=0.2,lam=5",0.7927072778469596,,,
california,real,real,3000,0.7251182707347228,,,0.71,0.4008056862630644,0.3373639083672077,,jtt,"jtt|q=0.2,lam=10",0.8690795859944083,,,
california,real,real,3000,0.7251182707347228,,,0.71,0.4008056862630644,0.3373639083672077,,jtt,"jtt|q=0.2,lam=20",0.9498843796652864,,,
california,real,real,3000,0.7251182707347228,,,0.71,0.4008056862630644,0.3373639083672077,,density,density|alpha=0.2,0.6889126429226677,,,
california,real,real,3000,0.7251182707347228,,,0.71,0.4008056862630644,0.3373639083672077,,density,density|alpha=0.5,0.6884709607344838,,,
california,real,real,3000,0.7251182707347228,,,0.71,0.4008056862630644,0.3373639083672077,,density,density|alpha=0.8,0.691319929602206,,,
california,real,real,3000,0.7251182707347228,,,0.71,0.4008056862630644,0.3373639083672077,,density,density|alpha=1.0,0.6944638078506149,,,
california,real,real,3001,0.6982118155749354,,,0.295,0.5697887278937954,0.1687436904015067,,weakspot,"weakspot|alpha=0.2,sigma=0.05",0.6613587295794514,,,
california,real,real,3001,0.6982118155749354,,,0.295,0.5697887278937954,0.1687436904015067,,weakspot,"weakspot|alpha=0.2,sigma=0.1",0.6640108668191292,,,
california,real,real,3001,0.6982118155749354,,,0.295,0.5697887278937954,0.1687436904015067,,weakspot,"weakspot|alpha=0.2,sigma=0.2",0.664524886424563,,,
california,real,real,3001,0.6982118155749354,,,0.295,0.5697887278937954,0.1687436904015067,,weakspot,"weakspot|alpha=0.5,sigma=0.05",0.6574367548995891,,,
california,real,real,3001,0.6982118155749354,,,0.295,0.5697887278937954,0.1687436904015067,,weakspot,"weakspot|alpha=0.5,sigma=0.1",0.6601247544229353,,,
california,real,real,3001,0.6982118155749354,,,0.295,0.5697887278937954,0.1687436904015067,,weakspot,"weakspot|alpha=0.5,sigma=0.2",0.6636899593596013,,,
california,real,real,3001,0.6982118155749354,,,0.295,0.5697887278937954,0.1687436904015067,,weakspot,"weakspot|alpha=0.8,sigma=0.05",0.6546620854100293,,,
california,real,real,3001,0.6982118155749354,,,0.295,0.5697887278937954,0.1687436904015067,,weakspot,"weakspot|alpha=0.8,sigma=0.1",0.6624887530888807,,,
california,real,real,3001,0.6982118155749354,,,0.295,0.5697887278937954,0.1687436904015067,,weakspot,"weakspot|alpha=0.8,sigma=0.2",0.6651969237534195,,,
california,real,real,3001,0.6982118155749354,,,0.295,0.5697887278937954,0.1687436904015067,,weakspot,"weakspot|alpha=1.0,sigma=0.05",0.773584474576421,,,
california,real,real,3001,0.6982118155749354,,,0.295,0.5697887278937954,0.1687436904015067,,weakspot,"weakspot|alpha=1.0,sigma=0.1",0.8758880329047715,,,
california,real,real,3001,0.6982118155749354,,,0.295,0.5697887278937954,0.1687436904015067,,weakspot,"weakspot|alpha=1.0,sigma=0.2",0.6661305971786698,,,
california,real,real,3001,0.6982118155749354,,,0.295,0.5697887278937954,0.1687436904015067,,loss,loss|alpha=0.2,0.6831806433176407,,,
california,real,real,3001,0.6982118155749354,,,0.295,0.5697887278937954,0.1687436904015067,,loss,loss|alpha=0.5,0.7060974563473335,,,
california,real,real,3001,0.6982118155749354,,,0.295,0.5697887278937954,0.1687436904015067,,loss,loss|alpha=0.8,0.7314810945269893,,,
california,real,real,3001,0.6982118155749354,,,0.295,0.5697887278937954,0.1687436904015067,,loss,loss|alpha=1.0,0.7483774233306972,,,
california,real,real,3001,0.6982118155749354,,,0.295,0.5697887278937954,0.1687436904015067,,jtt,"jtt|q=0.1,lam=2",0.6975889595253366,,,
california,real,real,3001,0.6982118155749354,,,0.295,0.5697887278937954,0.1687436904015067,,jtt,"jtt|q=0.1,lam=5",0.775058987052291,,,
california,real,real,3001,0.6982118155749354,,,0.295,0.5697887278937954,0.1687436904015067,,jtt,"jtt|q=0.1,lam=10",0.8954545621949723,,,
california,real,real,3001,0.6982118155749354,,,0.295,0.5697887278937954,0.1687436904015067,,jtt,"jtt|q=0.1,lam=20",1.0452950927771671,,,
california,real,real,3001,0.6982118155749354,,,0.295,0.5697887278937954,0.1687436904015067,,jtt,"jtt|q=0.2,lam=2",0.6928835161311147,,,
california,real,real,3001,0.6982118155749354,,,0.295,0.5697887278937954,0.1687436904015067,,jtt,"jtt|q=0.2,lam=5",0.7368384718606769,,,
california,real,real,3001,0.6982118155749354,,,0.295,0.5697887278937954,0.1687436904015067,,jtt,"jtt|q=0.2,lam=10",0.7949404052578244,,,
california,real,real,3001,0.6982118155749354,,,0.295,0.5697887278937954,0.1687436904015067,,jtt,"jtt|q=0.2,lam=20",0.8567885136066515,,,
california,real,real,3001,0.6982118155749354,,,0.295,0.5697887278937954,0.1687436904015067,,density,density|alpha=0.2,0.6698192029237185,,,
california,real,real,3001,0.6982118155749354,,,0.295,0.5697887278937954,0.1687436904015067,,density,density|alpha=0.5,0.6746897766593898,,,
california,real,real,3001,0.6982118155749354,,,0.295,0.5697887278937954,0.1687436904015067,,density,density|alpha=0.8,0.6832278730047262,,,
california,real,real,3001,0.6982118155749354,,,0.295,0.5697887278937954,0.1687436904015067,,density,density|alpha=1.0,0.690876509611036,,,
california,real,real,3002,0.7405523324013533,,,0.165,0.4186244025782159,0.3259190545909622,,weakspot,"weakspot|alpha=0.2,sigma=0.05",0.6971497566457144,,,
california,real,real,3002,0.7405523324013533,,,0.165,0.4186244025782159,0.3259190545909622,,weakspot,"weakspot|alpha=0.2,sigma=0.1",0.6954358015089037,,,
california,real,real,3002,0.7405523324013533,,,0.165,0.4186244025782159,0.3259190545909622,,weakspot,"weakspot|alpha=0.2,sigma=0.2",0.6931875880906792,,,
california,real,real,3002,0.7405523324013533,,,0.165,0.4186244025782159,0.3259190545909622,,weakspot,"weakspot|alpha=0.5,sigma=0.05",0.6967374154369029,,,
california,real,real,3002,0.7405523324013533,,,0.165,0.4186244025782159,0.3259190545909622,,weakspot,"weakspot|alpha=0.5,sigma=0.1",0.6964025201512273,,,
california,real,real,3002,0.7405523324013533,,,0.165,0.4186244025782159,0.3259190545909622,,weakspot,"weakspot|alpha=0.5,sigma=0.2",0.6929866921677523,,,
california,real,real,3002,0.7405523324013533,,,0.165,0.4186244025782159,0.3259190545909622,,weakspot,"weakspot|alpha=0.8,sigma=0.05",0.6968613538506422,,,
california,real,real,3002,0.7405523324013533,,,0.165,0.4186244025782159,0.3259190545909622,,weakspot,"weakspot|alpha=0.8,sigma=0.1",0.6962527697272632,,,
california,real,real,3002,0.7405523324013533,,,0.165,0.4186244025782159,0.3259190545909622,,weakspot,"weakspot|alpha=0.8,sigma=0.2",0.6936220403501491,,,
california,real,real,3002,0.7405523324013533,,,0.165,0.4186244025782159,0.3259190545909622,,weakspot,"weakspot|alpha=1.0,sigma=0.05",0.8734218970553913,,,
california,real,real,3002,0.7405523324013533,,,0.165,0.4186244025782159,0.3259190545909622,,weakspot,"weakspot|alpha=1.0,sigma=0.1",0.6997766058469894,,,
california,real,real,3002,0.7405523324013533,,,0.165,0.4186244025782159,0.3259190545909622,,weakspot,"weakspot|alpha=1.0,sigma=0.2",0.6947299884870993,,,
california,real,real,3002,0.7405523324013533,,,0.165,0.4186244025782159,0.3259190545909622,,loss,loss|alpha=0.2,0.7094785501457043,,,
california,real,real,3002,0.7405523324013533,,,0.165,0.4186244025782159,0.3259190545909622,,loss,loss|alpha=0.5,0.7467580115965193,,,
california,real,real,3002,0.7405523324013533,,,0.165,0.4186244025782159,0.3259190545909622,,loss,loss|alpha=0.8,0.7907659485773508,,,
california,real,real,3002,0.7405523324013533,,,0.165,0.4186244025782159,0.3259190545909622,,loss,loss|alpha=1.0,0.8251441452408135,,,
california,real,real,3002,0.7405523324013533,,,0.165,0.4186244025782159,0.3259190545909622,,jtt,"jtt|q=0.1,lam=2",0.7371343684270045,,,
california,real,real,3002,0.7405523324013533,,,0.165,0.4186244025782159,0.3259190545909622,,jtt,"jtt|q=0.1,lam=5",0.8833653049879157,,,
california,real,real,3002,0.7405523324013533,,,0.165,0.4186244025782159,0.3259190545909622,,jtt,"jtt|q=0.1,lam=10",1.0729581583185317,,,
california,real,real,3002,0.7405523324013533,,,0.165,0.4186244025782159,0.3259190545909622,,jtt,"jtt|q=0.1,lam=20",1.279691073371326,,,
california,real,real,3002,0.7405523324013533,,,0.165,0.4186244025782159,0.3259190545909622,,jtt,"jtt|q=0.2,lam=2",0.7220167858819903,,,
california,real,real,3002,0.7405523324013533,,,0.165,0.4186244025782159,0.3259190545909622,,jtt,"jtt|q=0.2,lam=5",0.7958082702217136,,,
california,real,real,3002,0.7405523324013533,,,0.165,0.4186244025782159,0.3259190545909622,,jtt,"jtt|q=0.2,lam=10",0.8899582940591424,,,
california,real,real,3002,0.7405523324013533,,,0.165,0.4186244025782159,0.3259190545909622,,jtt,"jtt|q=0.2,lam=20",0.9696513795523106,,,
california,real,real,3002,0.7405523324013533,,,0.165,0.4186244025782159,0.3259190545909622,,density,density|alpha=0.2,0.6992192832170079,,,
california,real,real,3002,0.7405523324013533,,,0.165,0.4186244025782159,0.3259190545909622,,density,density|alpha=0.5,0.7098080716464901,,,
california,real,real,3002,0.7405523324013533,,,0.165,0.4186244025782159,0.3259190545909622,,density,density|alpha=0.8,0.7245553936944151,,,
california,real,real,3002,0.7405523324013533,,,0.165,0.4186244025782159,0.3259190545909622,,density,density|alpha=1.0,0.7451974871177038,,,
california,real,real,3003,0.7316501999593565,,,0.18,0.5290732208230874,0.1785454929519623,,weakspot,"weakspot|alpha=0.2,sigma=0.05",0.6777496975749356,,,
california,real,real,3003,0.7316501999593565,,,0.18,0.5290732208230874,0.1785454929519623,,weakspot,"weakspot|alpha=0.2,sigma=0.1",0.6799774523297196,,,
california,real,real,3003,0.7316501999593565,,,0.18,0.5290732208230874,0.1785454929519623,,weakspot,"weakspot|alpha=0.2,sigma=0.2",0.6809460628074148,,,
california,real,real,3003,0.7316501999593565,,,0.18,0.5290732208230874,0.1785454929519623,,weakspot,"weakspot|alpha=0.5,sigma=0.05",0.6751899933817835,,,
california,real,real,3003,0.7316501999593565,,,0.18,0.5290732208230874,0.1785454929519623,,weakspot,"weakspot|alpha=0.5,sigma=0.1",0.6768211864045018,,,
california,real,real,3003,0.7316501999593565,,,0.18,0.5290732208230874,0.1785454929519623,,weakspot,"weakspot|alpha=0.5,sigma=0.2",0.6802496085937219,,,
california,real,real,3003,0.7316501999593565,,,0.18,0.5290732208230874,0.1785454929519623,,weakspot,"weakspot|alpha=0.8,sigma=0.05",0.6731017467795589,,,
california,real,real,3003,0.7316501999593565,,,0.18,0.5290732208230874,0.1785454929519623,,weakspot,"weakspot|alpha=0.8,sigma=0.1",0.6765215525980045,,,
california,real,real,3003,0.7316501999593565,,,0.18,0.5290732208230874,0.1785454929519623,,weakspot,"weakspot|alpha=0.8,sigma=0.2",0.6801909891879263,,,
california,real,real,3003,0.7316501999593565,,,0.18,0.5290732208230874,0.1785454929519623,,weakspot,"weakspot|alpha=1.0,sigma=0.05",1.607472215579561,,,
california,real,real,3003,0.7316501999593565,,,0.18,0.5290732208230874,0.1785454929519623,,weakspot,"weakspot|alpha=1.0,sigma=0.1",0.8026182052316139,,,
california,real,real,3003,0.7316501999593565,,,0.18,0.5290732208230874,0.1785454929519623,,weakspot,"weakspot|alpha=1.0,sigma=0.2",0.6900751533948999,,,
california,real,real,3003,0.7316501999593565,,,0.18,0.5290732208230874,0.1785454929519623,,loss,loss|alpha=0.2,0.7014824462710477,,,
california,real,real,3003,0.7316501999593565,,,0.18,0.5290732208230874,0.1785454929519623,,loss,loss|alpha=0.5,0.738278147049122,,,
california,real,real,3003,0.7316501999593565,,,0.18,0.5290732208230874,0.1785454929519623,,loss,loss|alpha=0.8,0.7829332076106393,,,
california,real,real,3003,0.7316501999593565,,,0.18,0.5290732208230874,0.1785454929519623,,loss,loss|alpha=1.0,0.8109765788634077,,,
california,real,real,3003,0.7316501999593565,,,0.18,0.5290732208230874,0.1785454929519623,,jtt,"jtt|q=0.1,lam=2",0.7280123709181182,,,
california,real,real,3003,0.7316501999593565,,,0.18,0.5290732208230874,0.1785454929519623,,jtt,"jtt|q=0.1,lam=5",0.8695705564121633,,,
california,real,real,3003,0.7316501999593565,,,0.18,0.5290732208230874,0.1785454929519623,,jtt,"jtt|q=0.1,lam=10",1.0197220722037144,,,
california,real,real,3003,0.7316501999593565,,,0.18,0.5290732208230874,0.1785454929519623,,jtt,"jtt|q=0.1,lam=20",1.1885080429469297,,,
california,real,real,3003,0.7316501999593565,,,0.18,0.5290732208230874,0.1785454929519623,,jtt,"jtt|q=0.2,lam=2",0.7183796777093431,,,
california,real,real,3003,0.7316501999593565,,,0.18,0.5290732208230874,0.1785454929519623,,jtt,"jtt|q=0.2,lam=5",0.7920016143649155,,,
california,real,real,3003,0.7316501999593565,,,0.18,0.5290732208230874,0.1785454929519623,,jtt,"jtt|q=0.2,lam=10",0.8526618906522727,,,
california,real,real,3003,0.7316501999593565,,,0.18,0.5290732208230874,0.1785454929519623,,jtt,"jtt|q=0.2,lam=20",0.90532648905179,,,
california,real,real,3003,0.7316501999593565,,,0.18,0.5290732208230874,0.1785454929519623,,density,density|alpha=0.2,0.684129448065307,,,
california,real,real,3003,0.7316501999593565,,,0.18,0.5290732208230874,0.1785454929519623,,density,density|alpha=0.5,0.6866091482415042,,,
california,real,real,3003,0.7316501999593565,,,0.18,0.5290732208230874,0.1785454929519623,,density,density|alpha=0.8,0.6968394778587865,,,
california,real,real,3003,0.7316501999593565,,,0.18,0.5290732208230874,0.1785454929519623,,density,density|alpha=1.0,0.7074363547717483,,,
california,real,real,3004,0.6786318180353519,,,0.545,0.4272101577980288,0.2935503325526182,,weakspot,"weakspot|alpha=0.2,sigma=0.05",0.6751388985998208,,,
california,real,real,3004,0.6786318180353519,,,0.545,0.4272101577980288,0.2935503325526182,,weakspot,"weakspot|alpha=0.2,sigma=0.1",0.6739545161663245,,,
california,real,real,3004,0.6786318180353519,,,0.545,0.4272101577980288,0.2935503325526182,,weakspot,"weakspot|alpha=0.2,sigma=0.2",0.6725323568035287,,,
california,real,real,3004,0.6786318180353519,,,0.545,0.4272101577980288,0.2935503325526182,,weakspot,"weakspot|alpha=0.5,sigma=0.05",0.6871780287555734,,,
california,real,real,3004,0.6786318180353519,,,0.545,0.4272101577980288,0.2935503325526182,,weakspot,"weakspot|alpha=0.5,sigma=0.1",0.6787720809135838,,,
california,real,real,3004,0.6786318180353519,,,0.545,0.4272101577980288,0.2935503325526182,,weakspot,"weakspot|alpha=0.5,sigma=0.2",0.6711050432719933,,,
california,real,real,3004,0.6786318180353519,,,0.545,0.4272101577980288,0.2935503325526182,,weakspot,"weakspot|alpha=0.8,sigma=0.05",0.6879047964586209,,,
california,real,real,3004,0.6786318180353519,,,0.545,0.4272101577980288,0.2935503325526182,,weakspot,"weakspot|alpha=0.8,sigma=0.1",0.6778506073015117,,,
california,real,real,3004,0.6786318180353519,,,0.545,0.4272101577980288,0.2935503325526182,,weakspot,"weakspot|alpha=0.8,sigma=0.2",0.6748684921572463,,,
california,real,real,3004,0.6786318180353519,,,0.545,0.4272101577980288,0.2935503325526182,,weakspot,"weakspot|alpha=1.0,sigma=0.05",1.0808943227756027,,,
california,real,real,3004,0.6786318180353519,,,0.545,0.4272101577980288,0.2935503325526182,,weakspot,"weakspot|alpha=1.0,sigma=0.1",0.7212771554410622,,,
california,real,real,3004,0.6786318180353519,,,0.545,0.4272101577980288,0.2935503325526182,,weakspot,"weakspot|alpha=1.0,sigma=0.2",0.6757138679845811,,,
california,real,real,3004,0.6786318180353519,,,0.545,0.4272101577980288,0.2935503325526182,,loss,loss|alpha=0.2,0.6909967723793409,,,
california,real,real,3004,0.6786318180353519,,,0.545,0.4272101577980288,0.2935503325526182,,loss,loss|alpha=0.5,0.7205289404242482,,,
california,real,real,3004,0.6786318180353519,,,0.545,0.4272101577980288,0.2935503325526182,,loss,loss|alpha=0.8,0.7474043235629511,,,
california,real,real,3004,0.6786318180353519,,,0.545,0.4272101577980288,0.2935503325526182,,loss,loss|alpha=1.0,0.766852956954629,,,
california,real,real,3004,0.6786318180353519,,,0.545,0.4272101577980288,0.2935503325526182,,jtt,"jtt|q=0.1,lam=2",0.7119209891100254,,,
california,real,real,3004,0.6786318180353519,,,0.545,0.4272101577980288,0.2935503325526182,,jtt,"jtt|q=0.1,lam=5",0.7907226705317321,,,
california,real,real,3004,0.6786318180353519,,,0.545,0.4272101577980288,0.2935503325526182,,jtt,"jtt|q=0.1,lam=10",0.8882331065409856,,,
california,real,real,3004,0.6786318180353519,,,0.545,0.4272101577980288,0.2935503325526182,,jtt,"jtt|q=0.1,lam=20",1.018451537104965,,,
california,real,real,3004,0.6786318180353519,,,0.545,0.4272101577980288,0.2935503325526182,,jtt,"jtt|q=0.2,lam=2",0.70756540552616,,,
california,real,real,3004,0.6786318180353519,,,0.545,0.4272101577980288,0.2935503325526182,,jtt,"jtt|q=0.2,lam=5",0.768628201718087,,,
california,real,real,3004,0.6786318180353519,,,0.545,0.4272101577980288,0.2935503325526182,,jtt,"jtt|q=0.2,lam=10",0.8287987493964827,,,
california,real,real,3004,0.6786318180353519,,,0.545,0.4272101577980288,0.2935503325526182,,jtt,"jtt|q=0.2,lam=20",0.8990999258605146,,,
california,real,real,3004,0.6786318180353519,,,0.545,0.4272101577980288,0.2935503325526182,,density,density|alpha=0.2,0.6715573310468942,,,
california,real,real,3004,0.6786318180353519,,,0.545,0.4272101577980288,0.2935503325526182,,density,density|alpha=0.5,0.6713988628074633,,,
california,real,real,3004,0.6786318180353519,,,0.545,0.4272101577980288,0.2935503325526182,,density,density|alpha=0.8,0.6815287919896693,,,
california,real,real,3004,0.6786318180353519,,,0.545,0.4272101577980288,0.2935503325526182,,density,density|alpha=1.0,0.6913285987808401,,,
california,real,real,3005,0.7063382330841566,,,0.065,0.577037411150908,0.1716619446422047,,weakspot,"weakspot|alpha=0.2,sigma=0.05",0.6724142345257719,,,
california,real,real,3005,0.7063382330841566,,,0.065,0.577037411150908,0.1716619446422047,,weakspot,"weakspot|alpha=0.2,sigma=0.1",0.6719385242345551,,,
california,real,real,3005,0.7063382330841566,,,0.065,0.577037411150908,0.1716619446422047,,weakspot,"weakspot|alpha=0.2,sigma=0.2",0.6724861636237675,,,
california,real,real,3005,0.7063382330841566,,,0.065,0.577037411150908,0.1716619446422047,,weakspot,"weakspot|alpha=0.5,sigma=0.05",0.6703735870771763,,,
california,real,real,3005,0.7063382330841566,,,0.065,0.577037411150908,0.1716619446422047,,weakspot,"weakspot|alpha=0.5,sigma=0.1",0.6733311339297188,,,
california,real,real,3005,0.7063382330841566,,,0.065,0.577037411150908,0.1716619446422047,,weakspot,"weakspot|alpha=0.5,sigma=0.2",0.6733982481661072,,,
california,real,real,3005,0.7063382330841566,,,0.065,0.577037411150908,0.1716619446422047,,weakspot,"weakspot|alpha=0.8,sigma=0.05",0.6638525438961066,,,
california,real,real,3005,0.7063382330841566,,,0.065,0.577037411150908,0.1716619446422047,,weakspot,"weakspot|alpha=0.8,sigma=0.1",0.6696872716145054,,,
california,real,real,3005,0.7063382330841566,,,0.065,0.577037411150908,0.1716619446422047,,weakspot,"weakspot|alpha=0.8,sigma=0.2",0.6713118370530385,,,
california,real,real,3005,0.7063382330841566,,,0.065,0.577037411150908,0.1716619446422047,,weakspot,"weakspot|alpha=1.0,sigma=0.05",1.3570659571290598,,,
california,real,real,3005,0.7063382330841566,,,0.065,0.577037411150908,0.1716619446422047,,weakspot,"weakspot|alpha=1.0,sigma=0.1",0.938367286272898,,,
california,real,real,3005,0.7063382330841566,,,0.065,0.577037411150908,0.1716619446422047,,weakspot,"weakspot|alpha=1.0,sigma=0.2",0.6743227557273601,,,
california,real,real,3005,0.7063382330841566,,,0.065,0.577037411150908,0.1716619446422047,,loss,loss|alpha=0.2,0.6914244993982541,,,
california,real,real,3005,0.7063382330841566,,,0.065,0.577037411150908,0.1716619446422047,,loss,loss|alpha=0.5,0.7217289366490323,,,
california,real,real,3005,0.7063382330841566,,,0.065,0.577037411150908,0.1716619446422047,,loss,loss|alpha=0.8,0.764455487010329,,,
california,real,real,3005,0.7063382330841566,,,0.065,0.577037411150908,0.1716619446422047,,loss,loss|alpha=1.0,0.7958775786345841,,,
california,real,real,3005,0.7063382330841566,,,0.065,0.577037411150908,0.1716619446422047,,jtt,"jtt|q=0.1,lam=2",0.7064255615387995,,,
california,real,real,3005,0.7063382330841566,,,0.065,0.577037411150908,0.1716619446422047,,jtt,"jtt|q=0.1,lam=5",0.7968358773188531,,,
california,real,real,3005,0.7063382330841566,,,0.065,0.577037411150908,0.1716619446422047,,jtt,"jtt|q=0.1,lam=10",0.9418652019831122,,,
california,real,real,3005,0.7063382330841566,,,0.065,0.577037411150908,0.1716619446422047,,jtt,"jtt|q=0.1,lam=20",1.129257801846527,,,
california,real,real,3005,0.7063382330841566,,,0.065,0.577037411150908,0.1716619446422047,,jtt,"jtt|q=0.2,lam=2",0.7019111314799263,,,
california,real,real,3005,0.7063382330841566,,,0.065,0.577037411150908,0.1716619446422047,,jtt,"jtt|q=0.2,lam=5",0.7728943162385158,,,
california,real,real,3005,0.7063382330841566,,,0.065,0.577037411150908,0.1716619446422047,,jtt,"jtt|q=0.2,lam=10",0.8612859897230423,,,
california,real,real,3005,0.7063382330841566,,,0.065,0.577037411150908,0.1716619446422047,,jtt,"jtt|q=0.2,lam=20",0.9493167076034276,,,
california,real,real,3005,0.7063382330841566,,,0.065,0.577037411150908,0.1716619446422047,,density,density|alpha=0.2,0.6716265418885493,,,
california,real,real,3005,0.7063382330841566,,,0.065,0.577037411150908,0.1716619446422047,,density,density|alpha=0.5,0.6722427592945908,,,
california,real,real,3005,0.7063382330841566,,,0.065,0.577037411150908,0.1716619446422047,,density,density|alpha=0.8,0.6783206348622941,,,
california,real,real,3005,0.7063382330841566,,,0.065,0.577037411150908,0.1716619446422047,,density,density|alpha=1.0,0.6888264649924889,,,
california,real,real,3006,0.7026924948976734,,,0.17,0.4624000901348124,0.2849274518992543,,weakspot,"weakspot|alpha=0.2,sigma=0.05",0.672677021049291,,,
california,real,real,3006,0.7026924948976734,,,0.17,0.4624000901348124,0.2849274518992543,,weakspot,"weakspot|alpha=0.2,sigma=0.1",0.6789547388200153,,,
california,real,real,3006,0.7026924948976734,,,0.17,0.4624000901348124,0.2849274518992543,,weakspot,"weakspot|alpha=0.2,sigma=0.2",0.6783531057307036,,,
california,real,real,3006,0.7026924948976734,,,0.17,0.4624000901348124,0.2849274518992543,,weakspot,"weakspot|alpha=0.5,sigma=0.05",0.675774710609636,,,
california,real,real,3006,0.7026924948976734,,,0.17,0.4624000901348124,0.2849274518992543,,weakspot,"weakspot|alpha=0.5,sigma=0.1",0.672708929351994,,,
california,real,real,3006,0.7026924948976734,,,0.17,0.4624000901348124,0.2849274518992543,,weakspot,"weakspot|alpha=0.5,sigma=0.2",0.6761489687448395,,,
california,real,real,3006,0.7026924948976734,,,0.17,0.4624000901348124,0.2849274518992543,,weakspot,"weakspot|alpha=0.8,sigma=0.05",0.6791599535936865,,,
california,real,real,3006,0.7026924948976734,,,0.17,0.4624000901348124,0.2849274518992543,,weakspot,"weakspot|alpha=0.8,sigma=0.1",0.6740545608507799,,,
california,real,real,3006,0.7026924948976734,,,0.17,0.4624000901348124,0.2849274518992543,,weakspot,"weakspot|alpha=0.8,sigma=0.2",0.676883686078195,,,
california,real,real,3006,0.7026924948976734,,,0.17,0.4624000901348124,0.2849274518992543,,weakspot,"weakspot|alpha=1.0,sigma=0.05",1.3758606947429437,,,
california,real,real,3006,0.7026924948976734,,,0.17,0.4624000901348124,0.2849274518992543,,weakspot,"weakspot|alpha=1.0,sigma=0.1",0.7057583473903133,,,
california,real,real,3006,0.7026924948976734,,,0.17,0.4624000901348124,0.2849274518992543,,weakspot,"weakspot|alpha=1.0,sigma=0.2",0.6829765853957354,,,
california,real,real,3006,0.7026924948976734,,,0.17,0.4624000901348124,0.2849274518992543,,loss,loss|alpha=0.2,0.6952069146861765,,,
california,real,real,3006,0.7026924948976734,,,0.17,0.4624000901348124,0.2849274518992543,,loss,loss|alpha=0.5,0.7381320748911664,,,
california,real,real,3006,0.7026924948976734,,,0.17,0.4624000901348124,0.2849274518992543,,loss,loss|alpha=0.8,0.7797161815676774,,,
california,real,real,3006,0.7026924948976734,,,0.17,0.4624000901348124,0.2849274518992543,,loss,loss|alpha=1.0,0.8137128346329792,,,
california,real,real,3006,0.7026924948976734,,,0.17,0.4624000901348124,0.2849274518992543,,jtt,"jtt|q=0.1,lam=2",0.7135548422889851,,,
california,real,real,3006,0.7026924948976734,,,0.17,0.4624000901348124,0.2849274518992543,,jtt,"jtt|q=0.1,lam=5",0.8056892365579638,,,
california,real,real,3006,0.7026924948976734,,,0.17,0.4624000901348124,0.2849274518992543,,jtt,"jtt|q=0.1,lam=10",0.922442532255189,,,
california,real,real,3006,0.7026924948976734,,,0.17,0.4624000901348124,0.2849274518992543,,jtt,"jtt|q=0.1,lam=20",1.0565068274773344,,,
california,real,real,3006,0.7026924948976734,,,0.17,0.4624000901348124,0.2849274518992543,,jtt,"jtt|q=0.2,lam=2",0.7090861869611482,,,
california,real,real,3006,0.7026924948976734,,,0.17,0.4624000901348124,0.2849274518992543,,jtt,"jtt|q=0.2,lam=5",0.7784220681719511,,,
california,real,real,3006,0.7026924948976734,,,0.17,0.4624000901348124,0.2849274518992543,,jtt,"jtt|q=0.2,lam=10",0.8449187056933569,,,
california,real,real,3006,0.7026924948976734,,,0.17,0.4624000901348124,0.2849274518992543,,jtt,"jtt|q=0.2,lam=20",0.911173557968078,,,
california,real,real,3006,0.7026924948976734,,,0.17,0.4624000901348124,0.2849274518992543,,density,density|alpha=0.2,0.6772533717882298,,,
california,real,real,3006,0.7026924948976734,,,0.17,0.4624000901348124,0.2849274518992543,,density,density|alpha=0.5,0.6824812143326034,,,
california,real,real,3006,0.7026924948976734,,,0.17,0.4624000901348124,0.2849274518992543,,density,density|alpha=0.8,0.6908931268990479,,,
california,real,real,3006,0.7026924948976734,,,0.17,0.4624000901348124,0.2849274518992543,,density,density|alpha=1.0,0.6989904068390003,,,
california,real,real,3007,0.7268523314582821,,,0.05,0.4472112845854911,0.2829304746750614,,weakspot,"weakspot|alpha=0.2,sigma=0.05",0.6788137190280743,,,
california,real,real,3007,0.7268523314582821,,,0.05,0.4472112845854911,0.2829304746750614,,weakspot,"weakspot|alpha=0.2,sigma=0.1",0.6800855596101805,,,
california,real,real,3007,0.7268523314582821,,,0.05,0.4472112845854911,0.2829304746750614,,weakspot,"weakspot|alpha=0.2,sigma=0.2",0.6793251552452677,,,
california,real,real,3007,0.7268523314582821,,,0.05,0.4472112845854911,0.2829304746750614,,weakspot,"weakspot|alpha=0.5,sigma=0.05",0.6830546269687686,,,
california,real,real,3007,0.7268523314582821,,,0.05,0.4472112845854911,0.2829304746750614,,weakspot,"weakspot|alpha=0.5,sigma=0.1",0.6814664872804674,,,
california,real,real,3007,0.7268523314582821,,,0.05,0.4472112845854911,0.2829304746750614,,weakspot,"weakspot|alpha=0.5,sigma=0.2",0.6783093477850346,,,
california,real,real,3007,0.7268523314582821,,,0.05,0.4472112845854911,0.2829304746750614,,weakspot,"weakspot|alpha=0.8,sigma=0.05",0.6873603837017573,,,
california,real,real,3007,0.7268523314582821,,,0.05,0.4472112845854911,0.2829304746750614,,weakspot,"weakspot|alpha=0.8,sigma=0.1",0.6786713491270822,,,
california,real,real,3007,0.7268523314582821,,,0.05,0.4472112845854911,0.2829304746750614,,weakspot,"weakspot|alpha=0.8,sigma=0.2",0.6890458707167623,,,
california,real,real,3007,0.7268523314582821,,,0.05,0.4472112845854911,0.2829304746750614,,weakspot,"weakspot|alpha=1.0,sigma=0.05",0.8571500259166751,,,
california,real,real,3007,0.7268523314582821,,,0.05,0.4472112845854911,0.2829304746750614,,weakspot,"weakspot|alpha=1.0,sigma=0.1",0.7609672083973681,,,
california,real,real,3007,0.7268523314582821,,,0.05,0.4472112845854911,0.2829304746750614,,weakspot,"weakspot|alpha=1.0,sigma=0.2",0.6890111236974394,,,
california,real,real,3007,0.7268523314582821,,,0.05,0.4472112845854911,0.2829304746750614,,loss,loss|alpha=0.2,0.6993554731996725,,,
california,real,real,3007,0.7268523314582821,,,0.05,0.4472112845854911,0.2829304746750614,,loss,loss|alpha=0.5,0.7393273551382715,,,
california,real,real,3007,0.7268523314582821,,,0.05,0.4472112845854911,0.2829304746750614,,loss,loss|alpha=0.8,0.788415981632135,,,
california,real,real,3007,0.7268523314582821,,,0.05,0.4472112845854911,0.2829304746750614,,loss,loss|alpha=1.0,0.8290800220335985,,,
california,real,real,3007,0.7268523314582821,,,0.05,0.4472112845854911,0.2829304746750614,,jtt,"jtt|q=0.1,lam=2",0.7164204712837129,,,
california,real,real,3007,0.7268523314582821,,,0.05,0.4472112845854911,0.2829304746750614,,jtt,"jtt|q=0.1,lam=5",0.8471566316211531,,,
california,real,real,3007,0.7268523314582821,,,0.05,0.4472112845854911,0.2829304746750614,,jtt,"jtt|q=0.1,lam=10",1.0061629773777037,,,
california,real,real,3007,0.7268523314582821,,,0.05,0.4472112845854911,0.2829304746750614,,jtt,"jtt|q=0.1,lam=20",1.1653672115411589,,,
california,real,real,3007,0.7268523314582821,,,0.05,0.4472112845854911,0.2829304746750614,,jtt,"jtt|q=0.2,lam=2",0.7039890786273452,,,
california,real,real,3007,0.7268523314582821,,,0.05,0.4472112845854911,0.2829304746750614,,jtt,"jtt|q=0.2,lam=5",0.7855191213713536,,,
california,real,real,3007,0.7268523314582821,,,0.05,0.4472112845854911,0.2829304746750614,,jtt,"jtt|q=0.2,lam=10",0.865676323975262,,,
california,real,real,3007,0.7268523314582821,,,0.05,0.4472112845854911,0.2829304746750614,,jtt,"jtt|q=0.2,lam=20",0.9418598831163658,,,
california,real,real,3007,0.7268523314582821,,,0.05,0.4472112845854911,0.2829304746750614,,density,density|alpha=0.2,0.6829161539034834,,,
california,real,real,3007,0.7268523314582821,,,0.05,0.4472112845854911,0.2829304746750614,,density,density|alpha=0.5,0.6886636080948354,,,
california,real,real,3007,0.7268523314582821,,,0.05,0.4472112845854911,0.2829304746750614,,density,density|alpha=0.8,0.6987544369904799,,,
california,real,real,3007,0.7268523314582821,,,0.05,0.4472112845854911,0.2829304746750614,,density,density|alpha=1.0,0.7126745851434717,,,
california,real,real,3008,0.7252561499560262,,,0.335,0.4305954167123902,0.3269710853967169,,weakspot,"weakspot|alpha=0.2,sigma=0.05",0.6950880116783976,,,
california,real,real,3008,0.7252561499560262,,,0.335,0.4305954167123902,0.3269710853967169,,weakspot,"weakspot|alpha=0.2,sigma=0.1",0.6942130747014047,,,
california,real,real,3008,0.7252561499560262,,,0.335,0.4305954167123902,0.3269710853967169,,weakspot,"weakspot|alpha=0.2,sigma=0.2",0.6955186997597507,,,
california,real,real,3008,0.7252561499560262,,,0.335,0.4305954167123902,0.3269710853967169,,weakspot,"weakspot|alpha=0.5,sigma=0.05",0.6959821883059892,,,
california,real,real,3008,0.7252561499560262,,,0.335,0.4305954167123902,0.3269710853967169,,weakspot,"weakspot|alpha=0.5,sigma=0.1",0.6922716913992638,,,
california,real,real,3008,0.7252561499560262,,,0.335,0.4305954167123902,0.3269710853967169,,weakspot,"weakspot|alpha=0.5,sigma=0.2",0.6937760161396691,,,
california,real,real,3008,0.7252561499560262,,,0.335,0.4305954167123902,0.3269710853967169,,weakspot,"weakspot|alpha=0.8,sigma=0.05",0.7026608632179236,,,
california,real,real,3008,0.7252561499560262,,,0.335,0.4305954167123902,0.3269710853967169,,weakspot,"weakspot|alpha=0.8,sigma=0.1",0.6842841837887099,,,
california,real,real,3008,0.7252561499560262,,,0.335,0.4305954167123902,0.3269710853967169,,weakspot,"weakspot|alpha=0.8,sigma=0.2",0.6922109863762814,,,
california,real,real,3008,0.7252561499560262,,,0.335,0.4305954167123902,0.3269710853967169,,weakspot,"weakspot|alpha=1.0,sigma=0.05",0.916136610589548,,,
california,real,real,3008,0.7252561499560262,,,0.335,0.4305954167123902,0.3269710853967169,,weakspot,"weakspot|alpha=1.0,sigma=0.1",0.7026368856764875,,,
california,real,real,3008,0.7252561499560262,,,0.335,0.4305954167123902,0.3269710853967169,,weakspot,"weakspot|alpha=1.0,sigma=0.2",0.6927331984051402,,,
california,real,real,3008,0.7252561499560262,,,0.335,0.4305954167123902,0.3269710853967169,,loss,loss|alpha=0.2,0.7105677225108442,,,
california,real,real,3008,0.7252561499560262,,,0.335,0.4305954167123902,0.3269710853967169,,loss,loss|alpha=0.5,0.7463676009742921,,,
california,real,real,3008,0.7252561499560262,,,0.335,0.4305954167123902,0.3269710853967169,,loss,loss|alpha=0.8,0.788105262031911,,,
california,real,real,3008,0.7252561499560262,,,0.335,0.4305954167123902,0.3269710853967169,,loss,loss|alpha=1.0,0.8283106094157971,,,
california,real,real,3008,0.7252561499560262,,,0.335,0.4305954167123902,0.3269710853967169,,jtt,"jtt|q=0.1,lam=2",0.7329187207000533,,,
california,real,real,3008,0.7252561499560262,,,0.335,0.4305954167123902,0.3269710853967169,,jtt,"jtt|q=0.1,lam=5",0.868872585581087,,,
california,real,real,3008,0.7252561499560262,,,0.335,0.4305954167123902,0.3269710853967169,,jtt,"jtt|q=0.1,lam=10",1.0270372566201191,,,
california,real,real,3008,0.7252561499560262,,,0.335,0.4305954167123902,0.3269710853967169,,jtt,"jtt|q=0.1,lam=20",1.2071678910548416,,,
california,real,real,3008,0.7252561499560262,,,0.335,0.4305954167123902,0.3269710853967169,,jtt,"jtt|q=0.2,lam=2",0.7288872958315334,,,
california,real,real,3008,0.7252561499560262,,,0.335,0.4305954167123902,0.3269710853967169,,jtt,"jtt|q=0.2,lam=5",0.8097454214816606,,,
california,real,real,3008,0.7252561499560262,,,0.335,0.4305954167123902,0.3269710853967169,,jtt,"jtt|q=0.2,lam=10",0.9024826347090992,,,
california,real,real,3008,0.7252561499560262,,,0.335,0.4305954167123902,0.3269710853967169,,jtt,"jtt|q=0.2,lam=20",1.0050945700512093,,,
california,real,real,3008,0.7252561499560262,,,0.335,0.4305954167123902,0.3269710853967169,,density,density|alpha=0.2,0.6976955162172678,,,
california,real,real,3008,0.7252561499560262,,,0.335,0.4305954167123902,0.3269710853967169,,density,density|alpha=0.5,0.6981681615682432,,,
california,real,real,3008,0.7252561499560262,,,0.335,0.4305954167123902,0.3269710853967169,,density,density|alpha=0.8,0.7028749958026761,,,
california,real,real,3008,0.7252561499560262,,,0.335,0.4305954167123902,0.3269710853967169,,density,density|alpha=1.0,0.7113083730283228,,,
california,real,real,3009,0.7392901572707699,,,0.63,0.4247815750718821,0.2999207090509347,,weakspot,"weakspot|alpha=0.2,sigma=0.05",0.6755493111405749,,,
california,real,real,3009,0.7392901572707699,,,0.63,0.4247815750718821,0.2999207090509347,,weakspot,"weakspot|alpha=0.2,sigma=0.1",0.6744077805289239,,,
california,real,real,3009,0.7392901572707699,,,0.63,0.4247815750718821,0.2999207090509347,,weakspot,"weakspot|alpha=0.2,sigma=0.2",0.6752804515295285,,,
california,real,real,3009,0.7392901572707699,,,0.63,0.4247815750718821,0.2999207090509347,,weakspot,"weakspot|alpha=0.5,sigma=0.05",0.6836758906907342,,,
california,real,real,3009,0.7392901572707699,,,0.63,0.4247815750718821,0.2999207090509347,,weakspot,"weakspot|alpha=0.5,sigma=0.1",0.6760133453234792,,,
california,real,real,3009,0.7392901572707699,,,0.63,0.4247815750718821,0.2999207090509347,,weakspot,"weakspot|alpha=0.5,sigma=0.2",0.6735333021753234,,,
california,real,real,3009,0.7392901572707699,,,0.63,0.4247815750718821,0.2999207090509347,,weakspot,"weakspot|alpha=0.8,sigma=0.05",0.6873488962847093,,,
california,real,real,3009,0.7392901572707699,,,0.63,0.4247815750718821,0.2999207090509347,,weakspot,"weakspot|alpha=0.8,sigma=0.1",0.6802796087962328,,,
california,real,real,3009,0.7392901572707699,,,0.63,0.4247815750718821,0.2999207090509347,,weakspot,"weakspot|alpha=0.8,sigma=0.2",0.6760044609356124,,,
california,real,real,3009,0.7392901572707699,,,0.63,0.4247815750718821,0.2999207090509347,,weakspot,"weakspot|alpha=1.0,sigma=0.05",0.9486632764605178,,,
california,real,real,3009,0.7392901572707699,,,0.63,0.4247815750718821,0.2999207090509347,,weakspot,"weakspot|alpha=1.0,sigma=0.1",0.700908902679205,,,
california,real,real,3009,0.7392901572707699,,,0.63,0.4247815750718821,0.2999207090509347,,weakspot,"weakspot|alpha=1.0,sigma=0.2",0.6765186492411616,,,
california,real,real,3009,0.7392901572707699,,,0.63,0.4247815750718821,0.2999207090509347,,loss,loss|alpha=0.2,0.6903317535331708,,,
california,real,real,3009,0.7392901572707699,,,0.63,0.4247815750718821,0.2999207090509347,,loss,loss|alpha=0.5,0.7214689746874532,,,
california,real,real,3009,0.7392901572707699,,,0.63,0.4247815750718821,0.2999207090509347,,loss,loss|alpha=0.8,0.7617801336744062,,,
california,real,real,3009,0.7392901572707699,,,0.63,0.4247815750718821,0.2999207090509347,,loss,loss|alpha=1.0,0.7962509245304982,,,
california,real,real,3009,0.7392901572707699,,,0.63,0.4247815750718821,0.2999207090509347,,jtt,"jtt|q=0.1,lam=2",0.7088117857113343,,,
california,real,real,3009,0.7392901572707699,,,0.63,0.4247815750718821,0.2999207090509347,,jtt,"jtt|q=0.1,lam=5",0.8164504483075345,,,
california,real,real,3009,0.7392901572707699,,,0.63,0.4247815750718821,0.2999207090509347,,jtt,"jtt|q=0.1,lam=10",0.9650068008237438,,,
california,real,real,3009,0.7392901572707699,,,0.63,0.4247815750718821,0.2999207090509347,,jtt,"jtt|q=0.1,lam=20",1.141382226990068,,,
california,real,real,3009,0.7392901572707699,,,0.63,0.4247815750718821,0.2999207090509347,,jtt,"jtt|q=0.2,lam=2",0.7036861732469016,,,
california,real,real,3009,0.7392901572707699,,,0.63,0.4247815750718821,0.2999207090509347,,jtt,"jtt|q=0.2,lam=5",0.7885133878122444,,,
california,real,real,3009,0.7392901572707699,,,0.63,0.4247815750718821,0.2999207090509347,,jtt,"jtt|q=0.2,lam=10",0.8879741770267575,,,
california,real,real,3009,0.7392901572707699,,,0.63,0.4247815750718821,0.2999207090509347,,jtt,"jtt|q=0.2,lam=20",0.9673586066919084,,,
california,real,real,3009,0.7392901572707699,,,0.63,0.4247815750718821,0.2999207090509347,,density,density|alpha=0.2,0.676271987370891,,,
california,real,real,3009,0.7392901572707699,,,0.63,0.4247815750718821,0.2999207090509347,,density,density|alpha=0.5,0.6794549514663037,,,
california,real,real,3009,0.7392901572707699,,,0.63,0.4247815750718821,0.2999207090509347,,density,density|alpha=0.8,0.6889868911078043,,,
california,real,real,3009,0.7392901572707699,,,0.63,0.4247815750718821,0.2999207090509347,,density,density|alpha=1.0,0.7014586543483212,,,
california,real,real,3010,0.7282950442939022,,,0.1,0.4304516124187783,0.2807349799858538,,weakspot,"weakspot|alpha=0.2,sigma=0.05",0.6880851976396629,,,
california,real,real,3010,0.7282950442939022,,,0.1,0.4304516124187783,0.2807349799858538,,weakspot,"weakspot|alpha=0.2,sigma=0.1",0.6842538699813078,,,
california,real,real,3010,0.7282950442939022,,,0.1,0.4304516124187783,0.2807349799858538,,weakspot,"weakspot|alpha=0.2,sigma=0.2",0.683925974095126,,,
california,real,real,3010,0.7282950442939022,,,0.1,0.4304516124187783,0.2807349799858538,,weakspot,"weakspot|alpha=0.5,sigma=0.05",0.6930819638481082,,,
california,real,real,3010,0.7282950442939022,,,0.1,0.4304516124187783,0.2807349799858538,,weakspot,"weakspot|alpha=0.5,sigma=0.1",0.68123603594775,,,
california,real,real,3010,0.7282950442939022,,,0.1,0.4304516124187783,0.2807349799858538,,weakspot,"weakspot|alpha=0.5,sigma=0.2",0.6817585940137902,,,
california,real,real,3010,0.7282950442939022,,,0.1,0.4304516124187783,0.2807349799858538,,weakspot,"weakspot|alpha=0.8,sigma=0.05",0.6980666381135608,,,
california,real,real,3010,0.7282950442939022,,,0.1,0.4304516124187783,0.2807349799858538,,weakspot,"weakspot|alpha=0.8,sigma=0.1",0.6799990644887426,,,
california,real,real,3010,0.7282950442939022,,,0.1,0.4304516124187783,0.2807349799858538,,weakspot,"weakspot|alpha=0.8,sigma=0.2",0.6816791473321531,,,
california,real,real,3010,0.7282950442939022,,,0.1,0.4304516124187783,0.2807349799858538,,weakspot,"weakspot|alpha=1.0,sigma=0.05",0.7871739118205608,,,
california,real,real,3010,0.7282950442939022,,,0.1,0.4304516124187783,0.2807349799858538,,weakspot,"weakspot|alpha=1.0,sigma=0.1",0.721941117405248,,,
california,real,real,3010,0.7282950442939022,,,0.1,0.4304516124187783,0.2807349799858538,,weakspot,"weakspot|alpha=1.0,sigma=0.2",0.6875399185646748,,,
california,real,real,3010,0.7282950442939022,,,0.1,0.4304516124187783,0.2807349799858538,,loss,loss|alpha=0.2,0.7024460979122595,,,
california,real,real,3010,0.7282950442939022,,,0.1,0.4304516124187783,0.2807349799858538,,loss,loss|alpha=0.5,0.7363641019839435,,,
california,real,real,3010,0.7282950442939022,,,0.1,0.4304516124187783,0.2807349799858538,,loss,loss|alpha=0.8,0.774311751987194,,,
california,real,real,3010,0.7282950442939022,,,0.1,0.4304516124187783,0.2807349799858538,,loss,loss|alpha=1.0,0.8036201797193021,,,
california,real,real,3010,0.7282950442939022,,,0.1,0.4304516124187783,0.2807349799858538,,jtt,"jtt|q=0.1,lam=2",0.7265803109220232,,,
california,real,real,3010,0.7282950442939022,,,0.1,0.4304516124187783,0.2807349799858538,,jtt,"jtt|q=0.1,lam=5",0.8501867321269173,,,
california,real,real,3010,0.7282950442939022,,,0.1,0.4304516124187783,0.2807349799858538,,jtt,"jtt|q=0.1,lam=10",1.0009617485923112,,,
california,real,real,3010,0.7282950442939022,,,0.1,0.4304516124187783,0.2807349799858538,,jtt,"jtt|q=0.1,lam=20",1.1601645093659458,,,
california,real,real,3010,0.7282950442939022,,,0.1,0.4304516124187783,0.2807349799858538,,jtt,"jtt|q=0.2,lam=2",0.7200906520107151,,,
california,real,real,3010,0.7282950442939022,,,0.1,0.4304516124187783,0.2807349799858538,,jtt,"jtt|q=0.2,lam=5",0.8003052516535508,,,
california,real,real,3010,0.7282950442939022,,,0.1,0.4304516124187783,0.2807349799858538,,jtt,"jtt|q=0.2,lam=10",0.8830822965450997,,,
california,real,real,3010,0.7282950442939022,,,0.1,0.4304516124187783,0.2807349799858538,,jtt,"jtt|q=0.2,lam=20",0.9481545597871276,,,
california,real,real,3010,0.7282950442939022,,,0.1,0.4304516124187783,0.2807349799858538,,density,density|alpha=0.2,0.6871149225999791,,,
california,real,real,3010,0.7282950442939022,,,0.1,0.4304516124187783,0.2807349799858538,,density,density|alpha=0.5,0.6990471287807727,,,
california,real,real,3010,0.7282950442939022,,,0.1,0.4304516124187783,0.2807349799858538,,density,density|alpha=0.8,0.7104276953611335,,,
california,real,real,3010,0.7282950442939022,,,0.1,0.4304516124187783,0.2807349799858538,,density,density|alpha=1.0,0.7255926229571287,,,
california,real,real,3011,0.7546588343877154,,,0.095,0.4391367919392652,0.3213354018988054,,weakspot,"weakspot|alpha=0.2,sigma=0.05",0.6737757557977697,,,
california,real,real,3011,0.7546588343877154,,,0.095,0.4391367919392652,0.3213354018988054,,weakspot,"weakspot|alpha=0.2,sigma=0.1",0.6749914217092822,,,
california,real,real,3011,0.7546588343877154,,,0.095,0.4391367919392652,0.3213354018988054,,weakspot,"weakspot|alpha=0.2,sigma=0.2",0.671673194958187,,,
california,real,real,3011,0.7546588343877154,,,0.095,0.4391367919392652,0.3213354018988054,,weakspot,"weakspot|alpha=0.5,sigma=0.05",0.682648957798142,,,
california,real,real,3011,0.7546588343877154,,,0.095,0.4391367919392652,0.3213354018988054,,weakspot,"weakspot|alpha=0.5,sigma=0.1",0.6767822530868512,,,
california,real,real,3011,0.7546588343877154,,,0.095,0.4391367919392652,0.3213354018988054,,weakspot,"weakspot|alpha=0.5,sigma=0.2",0.6729651297175646,,,
california,real,real,3011,0.7546588343877154,,,0.095,0.4391367919392652,0.3213354018988054,,weakspot,"weakspot|alpha=0.8,sigma=0.05",0.6799541647561902,,,
california,real,real,3011,0.7546588343877154,,,0.095,0.4391367919392652,0.3213354018988054,,weakspot,"weakspot|alpha=0.8,sigma=0.1",0.6692189397651296,,,
california,real,real,3011,0.7546588343877154,,,0.095,0.4391367919392652,0.3213354018988054,,weakspot,"weakspot|alpha=0.8,sigma=0.2",0.6713102403688058,,,
california,real,real,3011,0.7546588343877154,,,0.095,0.4391367919392652,0.3213354018988054,,weakspot,"weakspot|alpha=1.0,sigma=0.05",0.8732073019257877,,,
california,real,real,3011,0.7546588343877154,,,0.095,0.4391367919392652,0.3213354018988054,,weakspot,"weakspot|alpha=1.0,sigma=0.1",0.775498838289032,,,
california,real,real,3011,0.7546588343877154,,,0.095,0.4391367919392652,0.3213354018988054,,weakspot,"weakspot|alpha=1.0,sigma=0.2",0.6727372987435144,,,
california,real,real,3011,0.7546588343877154,,,0.095,0.4391367919392652,0.3213354018988054,,loss,loss|alpha=0.2,0.7017069150896664,,,
california,real,real,3011,0.7546588343877154,,,0.095,0.4391367919392652,0.3213354018988054,,loss,loss|alpha=0.5,0.7535335212210961,,,
california,real,real,3011,0.7546588343877154,,,0.095,0.4391367919392652,0.3213354018988054,,loss,loss|alpha=0.8,0.8145624127443425,,,
california,real,real,3011,0.7546588343877154,,,0.095,0.4391367919392652,0.3213354018988054,,loss,loss|alpha=1.0,0.8540018311849488,,,
california,real,real,3011,0.7546588343877154,,,0.095,0.4391367919392652,0.3213354018988054,,jtt,"jtt|q=0.1,lam=2",0.7398087315100101,,,
california,real,real,3011,0.7546588343877154,,,0.095,0.4391367919392652,0.3213354018988054,,jtt,"jtt|q=0.1,lam=5",0.910854788038331,,,
california,real,real,3011,0.7546588343877154,,,0.095,0.4391367919392652,0.3213354018988054,,jtt,"jtt|q=0.1,lam=10",1.108551121939317,,,
california,real,real,3011,0.7546588343877154,,,0.095,0.4391367919392652,0.3213354018988054,,jtt,"jtt|q=0.1,lam=20",1.3330074829475724,,,
california,real,real,3011,0.7546588343877154,,,0.095,0.4391367919392652,0.3213354018988054,,jtt,"jtt|q=0.2,lam=2",0.7240328667101582,,,
california,real,real,3011,0.7546588343877154,,,0.095,0.4391367919392652,0.3213354018988054,,jtt,"jtt|q=0.2,lam=5",0.8198550371160787,,,
california,real,real,3011,0.7546588343877154,,,0.095,0.4391367919392652,0.3213354018988054,,jtt,"jtt|q=0.2,lam=10",0.9124841905980984,,,
california,real,real,3011,0.7546588343877154,,,0.095,0.4391367919392652,0.3213354018988054,,jtt,"jtt|q=0.2,lam=20",1.0027109943357622,,,
california,real,real,3011,0.7546588343877154,,,0.095,0.4391367919392652,0.3213354018988054,,density,density|alpha=0.2,0.6723553395506233,,,
california,real,real,3011,0.7546588343877154,,,0.095,0.4391367919392652,0.3213354018988054,,density,density|alpha=0.5,0.6763362131692314,,,
california,real,real,3011,0.7546588343877154,,,0.095,0.4391367919392652,0.3213354018988054,,density,density|alpha=0.8,0.6824890571312556,,,
california,real,real,3011,0.7546588343877154,,,0.095,0.4391367919392652,0.3213354018988054,,density,density|alpha=1.0,0.6931501270477349,,,
california,real,real,3012,0.7111330332359775,,,0.325,0.3853902217482628,0.3380824527308537,,weakspot,"weakspot|alpha=0.2,sigma=0.05",0.673612314646315,,,
california,real,real,3012,0.7111330332359775,,,0.325,0.3853902217482628,0.3380824527308537,,weakspot,"weakspot|alpha=0.2,sigma=0.1",0.6760173168416185,,,
california,real,real,3012,0.7111330332359775,,,0.325,0.3853902217482628,0.3380824527308537,,weakspot,"weakspot|alpha=0.2,sigma=0.2",0.6751416226036852,,,
california,real,real,3012,0.7111330332359775,,,0.325,0.3853902217482628,0.3380824527308537,,weakspot,"weakspot|alpha=0.5,sigma=0.05",0.6742258925776761,,,
california,real,real,3012,0.7111330332359775,,,0.325,0.3853902217482628,0.3380824527308537,,weakspot,"weakspot|alpha=0.5,sigma=0.1",0.6771084408260456,,,
california,real,real,3012,0.7111330332359775,,,0.325,0.3853902217482628,0.3380824527308537,,weakspot,"weakspot|alpha=0.5,sigma=0.2",0.6730427270781201,,,
california,real,real,3012,0.7111330332359775,,,0.325,0.3853902217482628,0.3380824527308537,,weakspot,"weakspot|alpha=0.8,sigma=0.05",0.6722738834166867,,,
california,real,real,3012,0.7111330332359775,,,0.325,0.3853902217482628,0.3380824527308537,,weakspot,"weakspot|alpha=0.8,sigma=0.1",0.6798673207628133,,,
california,real,real,3012,0.7111330332359775,,,0.325,0.3853902217482628,0.3380824527308537,,weakspot,"weakspot|alpha=0.8,sigma=0.2",0.6724714742199982,,,
california,real,real,3012,0.7111330332359775,,,0.325,0.3853902217482628,0.3380824527308537,,weakspot,"weakspot|alpha=1.0,sigma=0.05",1.1977829626359011,,,
california,real,real,3012,0.7111330332359775,,,0.325,0.3853902217482628,0.3380824527308537,,weakspot,"weakspot|alpha=1.0,sigma=0.1",0.7918066985182343,,,
california,real,real,3012,0.7111330332359775,,,0.325,0.3853902217482628,0.3380824527308537,,weakspot,"weakspot|alpha=1.0,sigma=0.2",0.6759881782797446,,,
california,real,real,3012,0.7111330332359775,,,0.325,0.3853902217482628,0.3380824527308537,,loss,loss|alpha=0.2,0.6859305625487402,,,
california,real,real,3012,0.7111330332359775,,,0.325,0.3853902217482628,0.3380824527308537,,loss,loss|alpha=0.5,0.7100229436758202,,,
california,real,real,3012,0.7111330332359775,,,0.325,0.3853902217482628,0.3380824527308537,,loss,loss|alpha=0.8,0.7419091396998756,,,
california,real,real,3012,0.7111330332359775,,,0.325,0.3853902217482628,0.3380824527308537,,loss,loss|alpha=1.0,0.7676408163362559,,,
california,real,real,3012,0.7111330332359775,,,0.325,0.3853902217482628,0.3380824527308537,,jtt,"jtt|q=0.1,lam=2",0.6992763312761013,,,
california,real,real,3012,0.7111330332359775,,,0.325,0.3853902217482628,0.3380824527308537,,jtt,"jtt|q=0.1,lam=5",0.7867975396985428,,,
california,real,real,3012,0.7111330332359775,,,0.325,0.3853902217482628,0.3380824527308537,,jtt,"jtt|q=0.1,lam=10",0.911607370639711,,,
california,real,real,3012,0.7111330332359775,,,0.325,0.3853902217482628,0.3380824527308537,,jtt,"jtt|q=0.1,lam=20",1.0599400187775827,,,
california,real,real,3012,0.7111330332359775,,,0.325,0.3853902217482628,0.3380824527308537,,jtt,"jtt|q=0.2,lam=2",0.6924034399647915,,,
california,real,real,3012,0.7111330332359775,,,0.325,0.3853902217482628,0.3380824527308537,,jtt,"jtt|q=0.2,lam=5",0.7394784244582232,,,
california,real,real,3012,0.7111330332359775,,,0.325,0.3853902217482628,0.3380824527308537,,jtt,"jtt|q=0.2,lam=10",0.7993650056958006,,,
california,real,real,3012,0.7111330332359775,,,0.325,0.3853902217482628,0.3380824527308537,,jtt,"jtt|q=0.2,lam=20",0.8529515454704397,,,
california,real,real,3012,0.7111330332359775,,,0.325,0.3853902217482628,0.3380824527308537,,density,density|alpha=0.2,0.6777154880792782,,,
california,real,real,3012,0.7111330332359775,,,0.325,0.3853902217482628,0.3380824527308537,,density,density|alpha=0.5,0.6823345272187742,,,
california,real,real,3012,0.7111330332359775,,,0.325,0.3853902217482628,0.3380824527308537,,density,density|alpha=0.8,0.6852375661425352,,,
california,real,real,3012,0.7111330332359775,,,0.325,0.3853902217482628,0.3380824527308537,,density,density|alpha=1.0,0.6935249722689006,,,
california,real,real,3013,0.7043624038343181,,,0.135,0.5439416752552855,0.1816672722350326,,weakspot,"weakspot|alpha=0.2,sigma=0.05",0.6756750228545119,,,
california,real,real,3013,0.7043624038343181,,,0.135,0.5439416752552855,0.1816672722350326,,weakspot,"weakspot|alpha=0.2,sigma=0.1",0.6781792053205201,,,
california,real,real,3013,0.7043624038343181,,,0.135,0.5439416752552855,0.1816672722350326,,weakspot,"weakspot|alpha=0.2,sigma=0.2",0.6778120973303221,,,
california,real,real,3013,0.7043624038343181,,,0.135,0.5439416752552855,0.1816672722350326,,weakspot,"weakspot|alpha=0.5,sigma=0.05",0.6720058787274259,,,
california,real,real,3013,0.7043624038343181,,,0.135,0.5439416752552855,0.1816672722350326,,weakspot,"weakspot|alpha=0.5,sigma=0.1",0.676263372982219,,,
california,real,real,3013,0.7043624038343181,,,0.135,0.5439416752552855,0.1816672722350326,,weakspot,"weakspot|alpha=0.5,sigma=0.2",0.6778611952858542,,,
california,real,real,3013,0.7043624038343181,,,0.135,0.5439416752552855,0.1816672722350326,,weakspot,"weakspot|alpha=0.8,sigma=0.05",0.6685517553975246,,,
california,real,real,3013,0.7043624038343181,,,0.135,0.5439416752552855,0.1816672722350326,,weakspot,"weakspot|alpha=0.8,sigma=0.1",0.6751963863756872,,,
california,real,real,3013,0.7043624038343181,,,0.135,0.5439416752552855,0.1816672722350326,,weakspot,"weakspot|alpha=0.8,sigma=0.2",0.6771135396390856,,,
california,real,real,3013,0.7043624038343181,,,0.135,0.5439416752552855,0.1816672722350326,,weakspot,"weakspot|alpha=1.0,sigma=0.05",1.790367623338128,,,
california,real,real,3013,0.7043624038343181,,,0.135,0.5439416752552855,0.1816672722350326,,weakspot,"weakspot|alpha=1.0,sigma=0.1",0.6991040944815756,,,
california,real,real,3013,0.7043624038343181,,,0.135,0.5439416752552855,0.1816672722350326,,weakspot,"weakspot|alpha=1.0,sigma=0.2",0.6758167176030005,,,
california,real,real,3013,0.7043624038343181,,,0.135,0.5439416752552855,0.1816672722350326,,loss,loss|alpha=0.2,0.6960319411822601,,,
california,real,real,3013,0.7043624038343181,,,0.135,0.5439416752552855,0.1816672722350326,,loss,loss|alpha=0.5,0.7256903755620511,,,
california,real,real,3013,0.7043624038343181,,,0.135,0.5439416752552855,0.1816672722350326,,loss,loss|alpha=0.8,0.7596963816681821,,,
california,real,real,3013,0.7043624038343181,,,0.135,0.5439416752552855,0.1816672722350326,,loss,loss|alpha=1.0,0.7861735099178823,,,
california,real,real,3013,0.7043624038343181,,,0.135,0.5439416752552855,0.1816672722350326,,jtt,"jtt|q=0.1,lam=2",0.7122349330815443,,,
california,real,real,3013,0.7043624038343181,,,0.135,0.5439416752552855,0.1816672722350326,,jtt,"jtt|q=0.1,lam=5",0.811440497732915,,,
california,real,real,3013,0.7043624038343181,,,0.135,0.5439416752552855,0.1816672722350326,,jtt,"jtt|q=0.1,lam=10",0.930838604918547,,,
california,real,real,3013,0.7043624038343181,,,0.135,0.5439416752552855,0.1816672722350326,,jtt,"jtt|q=0.1,lam=20",1.0718660085782865,,,
california,real,real,3013,0.7043624038343181,,,0.135,0.5439416752552855,0.1816672722350326,,jtt,"jtt|q=0.2,lam=2",0.7032844511681514,,,
california,real,real,3013,0.7043624038343181,,,0.135,0.5439416752552855,0.1816672722350326,,jtt,"jtt|q=0.2,lam=5",0.7649037634136222,,,
california,real,real,3013,0.7043624038343181,,,0.135,0.5439416752552855,0.1816672722350326,,jtt,"jtt|q=0.2,lam=10",0.8299622877687439,,,
california,real,real,3013,0.7043624038343181,,,0.135,0.5439416752552855,0.1816672722350326,,jtt,"jtt|q=0.2,lam=20",0.8864048899822861,,,
california,real,real,3013,0.7043624038343181,,,0.135,0.5439416752552855,0.1816672722350326,,density,density|alpha=0.2,0.6807555247308751,,,
california,real,real,3013,0.7043624038343181,,,0.135,0.5439416752552855,0.1816672722350326,,density,density|alpha=0.5,0.685409054014839,,,
california,real,real,3013,0.7043624038343181,,,0.135,0.5439416752552855,0.1816672722350326,,density,density|alpha=0.8,0.6941125262950095,,,
california,real,real,3013,0.7043624038343181,,,0.135,0.5439416752552855,0.1816672722350326,,density,density|alpha=1.0,0.7041412315431365,,,
california,real,real,3014,0.708542871251769,,,0.3,0.453349017978682,0.2577347862618607,,weakspot,"weakspot|alpha=0.2,sigma=0.05",0.6647692682206657,,,
california,real,real,3014,0.708542871251769,,,0.3,0.453349017978682,0.2577347862618607,,weakspot,"weakspot|alpha=0.2,sigma=0.1",0.6586419351945686,,,
california,real,real,3014,0.708542871251769,,,0.3,0.453349017978682,0.2577347862618607,,weakspot,"weakspot|alpha=0.2,sigma=0.2",0.6568038335511858,,,
california,real,real,3014,0.708542871251769,,,0.3,0.453349017978682,0.2577347862618607,,weakspot,"weakspot|alpha=0.5,sigma=0.05",0.6808738409524155,,,
california,real,real,3014,0.708542871251769,,,0.3,0.453349017978682,0.2577347862618607,,weakspot,"weakspot|alpha=0.5,sigma=0.1",0.660125343954225,,,
california,real,real,3014,0.708542871251769,,,0.3,0.453349017978682,0.2577347862618607,,weakspot,"weakspot|alpha=0.5,sigma=0.2",0.6579416640416071,,,
california,real,real,3014,0.708542871251769,,,0.3,0.453349017978682,0.2577347862618607,,weakspot,"weakspot|alpha=0.8,sigma=0.05",0.6899676718218859,,,
california,real,real,3014,0.708542871251769,,,0.3,0.453349017978682,0.2577347862618607,,weakspot,"weakspot|alpha=0.8,sigma=0.1",0.6617312869370808,,,
california,real,real,3014,0.708542871251769,,,0.3,0.453349017978682,0.2577347862618607,,weakspot,"weakspot|alpha=0.8,sigma=0.2",0.6594502067655958,,,
california,real,real,3014,0.708542871251769,,,0.3,0.453349017978682,0.2577347862618607,,weakspot,"weakspot|alpha=1.0,sigma=0.05",1.1032256200978967,,,
california,real,real,3014,0.708542871251769,,,0.3,0.453349017978682,0.2577347862618607,,weakspot,"weakspot|alpha=1.0,sigma=0.1",0.68067209671505,,,
california,real,real,3014,0.708542871251769,,,0.3,0.453349017978682,0.2577347862618607,,weakspot,"weakspot|alpha=1.0,sigma=0.2",0.6607611817802423,,,
california,real,real,3014,0.708542871251769,,,0.3,0.453349017978682,0.2577347862618607,,loss,loss|alpha=0.2,0.6777134208706651,,,
california,real,real,3014,0.708542871251769,,,0.3,0.453349017978682,0.2577347862618607,,loss,loss|alpha=0.5,0.7229737804648386,,,
california,real,real,3014,0.708542871251769,,,0.3,0.453349017978682,0.2577347862618607,,loss,loss|alpha=0.8,0.7736132023585617,,,
california,real,real,3014,0.708542871251769,,,0.3,0.453349017978682,0.2577347862618607,,loss,loss|alpha=1.0,0.8111103510422926,,,
california,real,real,3014,0.708542871251769,,,0.3,0.453349017978682,0.2577347862618607,,jtt,"jtt|q=0.1,lam=2",0.710166768004253,,,
california,real,real,3014,0.708542871251769,,,0.3,0.453349017978682,0.2577347862618607,,jtt,"jtt|q=0.1,lam=5",0.8541637940049295,,,
california,real,real,3014,0.708542871251769,,,0.3,0.453349017978682,0.2577347862618607,,jtt,"jtt|q=0.1,lam=10",1.0240921156434406,,,
california,real,real,3014,0.708542871251769,,,0.3,0.453349017978682,0.2577347862618607,,jtt,"jtt|q=0.1,lam=20",1.2066316484086557,,,
california,real,real,3014,0.708542871251769,,,0.3,0.453349017978682,0.2577347862618607,,jtt,"jtt|q=0.2,lam=2",0.6911829945443175,,,
california,real,real,3014,0.708542871251769,,,0.3,0.453349017978682,0.2577347862618607,,jtt,"jtt|q=0.2,lam=5",0.7671825164222327,,,
california,real,real,3014,0.708542871251769,,,0.3,0.453349017978682,0.2577347862618607,,jtt,"jtt|q=0.2,lam=10",0.846776196764629,,,
california,real,real,3014,0.708542871251769,,,0.3,0.453349017978682,0.2577347862618607,,jtt,"jtt|q=0.2,lam=20",0.9228405629743426,,,
california,real,real,3014,0.708542871251769,,,0.3,0.453349017978682,0.2577347862618607,,density,density|alpha=0.2,0.6579726588790835,,,
california,real,real,3014,0.708542871251769,,,0.3,0.453349017978682,0.2577347862618607,,density,density|alpha=0.5,0.6584059622155781,,,
california,real,real,3014,0.708542871251769,,,0.3,0.453349017978682,0.2577347862618607,,density,density|alpha=0.8,0.6655951709080448,,,
california,real,real,3014,0.708542871251769,,,0.3,0.453349017978682,0.2577347862618607,,density,density|alpha=1.0,0.6742925094800273,,,
california,real,real,3015,0.7002892577089306,,,0.53,0.4591571830235543,0.2925960566795332,,weakspot,"weakspot|alpha=0.2,sigma=0.05",0.6851534578283522,,,
california,real,real,3015,0.7002892577089306,,,0.53,0.4591571830235543,0.2925960566795332,,weakspot,"weakspot|alpha=0.2,sigma=0.1",0.6836459538196487,,,
california,real,real,3015,0.7002892577089306,,,0.53,0.4591571830235543,0.2925960566795332,,weakspot,"weakspot|alpha=0.2,sigma=0.2",0.6823506873418936,,,
california,real,real,3015,0.7002892577089306,,,0.53,0.4591571830235543,0.2925960566795332,,weakspot,"weakspot|alpha=0.5,sigma=0.05",0.6839306622390825,,,
california,real,real,3015,0.7002892577089306,,,0.53,0.4591571830235543,0.2925960566795332,,weakspot,"weakspot|alpha=0.5,sigma=0.1",0.6805395732684423,,,
california,real,real,3015,0.7002892577089306,,,0.53,0.4591571830235543,0.2925960566795332,,weakspot,"weakspot|alpha=0.5,sigma=0.2",0.6822769182745615,,,
california,real,real,3015,0.7002892577089306,,,0.53,0.4591571830235543,0.2925960566795332,,weakspot,"weakspot|alpha=0.8,sigma=0.05",0.6843703805391083,,,
california,real,real,3015,0.7002892577089306,,,0.53,0.4591571830235543,0.2925960566795332,,weakspot,"weakspot|alpha=0.8,sigma=0.1",0.6777226358654107,,,
california,real,real,3015,0.7002892577089306,,,0.53,0.4591571830235543,0.2925960566795332,,weakspot,"weakspot|alpha=0.8,sigma=0.2",0.6804552022569835,,,
california,real,real,3015,0.7002892577089306,,,0.53,0.4591571830235543,0.2925960566795332,,weakspot,"weakspot|alpha=1.0,sigma=0.05",0.9097337911519208,,,
california,real,real,3015,0.7002892577089306,,,0.53,0.4591571830235543,0.2925960566795332,,weakspot,"weakspot|alpha=1.0,sigma=0.1",0.7013434499941725,,,
california,real,real,3015,0.7002892577089306,,,0.53,0.4591571830235543,0.2925960566795332,,weakspot,"weakspot|alpha=1.0,sigma=0.2",0.6787514301847175,,,
california,real,real,3015,0.7002892577089306,,,0.53,0.4591571830235543,0.2925960566795332,,loss,loss|alpha=0.2,0.6949463641450916,,,
california,real,real,3015,0.7002892577089306,,,0.53,0.4591571830235543,0.2925960566795332,,loss,loss|alpha=0.5,0.7172849728796818,,,
california,real,real,3015,0.7002892577089306,,,0.53,0.4591571830235543,0.2925960566795332,,loss,loss|alpha=0.8,0.7482258637063505,,,
california,real,real,3015,0.7002892577089306,,,0.53,0.4591571830235543,0.2925960566795332,,loss,loss|alpha=1.0,0.7681638667577877,,,
california,real,real,3015,0.7002892577089306,,,0.53,0.4591571830235543,0.2925960566795332,,jtt,"jtt|q=0.1,lam=2",0.7213070942921914,,,
california,real,real,3015,0.7002892577089306,,,0.53,0.4591571830235543,0.2925960566795332,,jtt,"jtt|q=0.1,lam=5",0.8306024389490926,,,
california,real,real,3015,0.7002892577089306,,,0.53,0.4591571830235543,0.2925960566795332,,jtt,"jtt|q=0.1,lam=10",0.9546066658067864,,,
california,real,real,3015,0.7002892577089306,,,0.53,0.4591571830235543,0.2925960566795332,,jtt,"jtt|q=0.1,lam=20",1.0985442137007906,,,
california,real,real,3015,0.7002892577089306,,,0.53,0.4591571830235543,0.2925960566795332,,jtt,"jtt|q=0.2,lam=2",0.7025584719405679,,,
california,real,real,3015,0.7002892577089306,,,0.53,0.4591571830235543,0.2925960566795332,,jtt,"jtt|q=0.2,lam=5",0.7477735174852082,,,
california,real,real,3015,0.7002892577089306,,,0.53,0.4591571830235543,0.2925960566795332,,jtt,"jtt|q=0.2,lam=10",0.7875382128935152,,,
california,real,real,3015,0.7002892577089306,,,0.53,0.4591571830235543,0.2925960566795332,,jtt,"jtt|q=0.2,lam=20",0.8331844727284853,,,
california,real,real,3015,0.7002892577089306,,,0.53,0.4591571830235543,0.2925960566795332,,density,density|alpha=0.2,0.6833282746658156,,,
california,real,real,3015,0.7002892577089306,,,0.53,0.4591571830235543,0.2925960566795332,,density,density|alpha=0.5,0.6861451705133214,,,
california,real,real,3015,0.7002892577089306,,,0.53,0.4591571830235543,0.2925960566795332,,density,density|alpha=0.8,0.692167515846701,,,
california,real,real,3015,0.7002892577089306,,,0.53,0.4591571830235543,0.2925960566795332,,density,density|alpha=1.0,0.7004904789462798,,,
california,real,real,3016,0.6973493467548296,,,0.315,0.5705946649379525,0.1506034809067638,,weakspot,"weakspot|alpha=0.2,sigma=0.05",0.6883660166419677,,,
california,real,real,3016,0.6973493467548296,,,0.315,0.5705946649379525,0.1506034809067638,,weakspot,"weakspot|alpha=0.2,sigma=0.1",0.6911812347772974,,,
california,real,real,3016,0.6973493467548296,,,0.315,0.5705946649379525,0.1506034809067638,,weakspot,"weakspot|alpha=0.2,sigma=0.2",0.6921901405053522,,,
california,real,real,3016,0.6973493467548296,,,0.315,0.5705946649379525,0.1506034809067638,,weakspot,"weakspot|alpha=0.5,sigma=0.05",0.6831901041102811,,,
california,real,real,3016,0.6973493467548296,,,0.315,0.5705946649379525,0.1506034809067638,,weakspot,"weakspot|alpha=0.5,sigma=0.1",0.6917882496589404,,,
california,real,real,3016,0.6973493467548296,,,0.315,0.5705946649379525,0.1506034809067638,,weakspot,"weakspot|alpha=0.5,sigma=0.2",0.6933730184046853,,,
california,real,real,3016,0.6973493467548296,,,0.315,0.5705946649379525,0.1506034809067638,,weakspot,"weakspot|alpha=0.8,sigma=0.05",0.6809398287486748,,,
california,real,real,3016,0.6973493467548296,,,0.315,0.5705946649379525,0.1506034809067638,,weakspot,"weakspot|alpha=0.8,sigma=0.1",0.6932223194402345,,,
california,real,real,3016,0.6973493467548296,,,0.315,0.5705946649379525,0.1506034809067638,,weakspot,"weakspot|alpha=0.8,sigma=0.2",0.6950111909281873,,,
california,real,real,3016,0.6973493467548296,,,0.315,0.5705946649379525,0.1506034809067638,,weakspot,"weakspot|alpha=1.0,sigma=0.05",1.1341535775877178,,,
california,real,real,3016,0.6973493467548296,,,0.315,0.5705946649379525,0.1506034809067638,,weakspot,"weakspot|alpha=1.0,sigma=0.1",0.7571103570812255,,,
california,real,real,3016,0.6973493467548296,,,0.315,0.5705946649379525,0.1506034809067638,,weakspot,"weakspot|alpha=1.0,sigma=0.2",0.7011258740134785,,,
california,real,real,3016,0.6973493467548296,,,0.315,0.5705946649379525,0.1506034809067638,,loss,loss|alpha=0.2,0.7071626775285239,,,
california,real,real,3016,0.6973493467548296,,,0.315,0.5705946649379525,0.1506034809067638,,loss,loss|alpha=0.5,0.7333582687909006,,,
california,real,real,3016,0.6973493467548296,,,0.315,0.5705946649379525,0.1506034809067638,,loss,loss|alpha=0.8,0.7638241661650049,,,
california,real,real,3016,0.6973493467548296,,,0.315,0.5705946649379525,0.1506034809067638,,loss,loss|alpha=1.0,0.7928760972603108,,,
california,real,real,3016,0.6973493467548296,,,0.315,0.5705946649379525,0.1506034809067638,,jtt,"jtt|q=0.1,lam=2",0.7254923908393183,,,
california,real,real,3016,0.6973493467548296,,,0.315,0.5705946649379525,0.1506034809067638,,jtt,"jtt|q=0.1,lam=5",0.815445494501127,,,
california,real,real,3016,0.6973493467548296,,,0.315,0.5705946649379525,0.1506034809067638,,jtt,"jtt|q=0.1,lam=10",0.9241709599885988,,,
california,real,real,3016,0.6973493467548296,,,0.315,0.5705946649379525,0.1506034809067638,,jtt,"jtt|q=0.1,lam=20",1.0417418450033733,,,
california,real,real,3016,0.6973493467548296,,,0.315,0.5705946649379525,0.1506034809067638,,jtt,"jtt|q=0.2,lam=2",0.7199243877053468,,,
california,real,real,3016,0.6973493467548296,,,0.315,0.5705946649379525,0.1506034809067638,,jtt,"jtt|q=0.2,lam=5",0.786667070479459,,,
california,real,real,3016,0.6973493467548296,,,0.315,0.5705946649379525,0.1506034809067638,,jtt,"jtt|q=0.2,lam=10",0.8499147299876249,,,
california,real,real,3016,0.6973493467548296,,,0.315,0.5705946649379525,0.1506034809067638,,jtt,"jtt|q=0.2,lam=20",0.930657145746104,,,
california,real,real,3016,0.6973493467548296,,,0.315,0.5705946649379525,0.1506034809067638,,density,density|alpha=0.2,0.6951579102996375,,,
california,real,real,3016,0.6973493467548296,,,0.315,0.5705946649379525,0.1506034809067638,,density,density|alpha=0.5,0.6998535107861683,,,
california,real,real,3016,0.6973493467548296,,,0.315,0.5705946649379525,0.1506034809067638,,density,density|alpha=0.8,0.7050432902077962,,,
california,real,real,3016,0.6973493467548296,,,0.315,0.5705946649379525,0.1506034809067638,,density,density|alpha=1.0,0.7119148548000037,,,
california,real,real,3017,0.7140430310639215,,,0.06,0.5506154842270121,0.1643464345839651,,weakspot,"weakspot|alpha=0.2,sigma=0.05",0.6779317834501075,,,
california,real,real,3017,0.7140430310639215,,,0.06,0.5506154842270121,0.1643464345839651,,weakspot,"weakspot|alpha=0.2,sigma=0.1",0.6789766003714439,,,
california,real,real,3017,0.7140430310639215,,,0.06,0.5506154842270121,0.1643464345839651,,weakspot,"weakspot|alpha=0.2,sigma=0.2",0.6802272124774936,,,
california,real,real,3017,0.7140430310639215,,,0.06,0.5506154842270121,0.1643464345839651,,weakspot,"weakspot|alpha=0.5,sigma=0.05",0.6712840834159486,,,
california,real,real,3017,0.7140430310639215,,,0.06,0.5506154842270121,0.1643464345839651,,weakspot,"weakspot|alpha=0.5,sigma=0.1",0.6774386890791356,,,
california,real,real,3017,0.7140430310639215,,,0.06,0.5506154842270121,0.1643464345839651,,weakspot,"weakspot|alpha=0.5,sigma=0.2",0.6792770639048091,,,
california,real,real,3017,0.7140430310639215,,,0.06,0.5506154842270121,0.1643464345839651,,weakspot,"weakspot|alpha=0.8,sigma=0.05",0.6689834229636369,,,
california,real,real,3017,0.7140430310639215,,,0.06,0.5506154842270121,0.1643464345839651,,weakspot,"weakspot|alpha=0.8,sigma=0.1",0.6790475572483786,,,
california,real,real,3017,0.7140430310639215,,,0.06,0.5506154842270121,0.1643464345839651,,weakspot,"weakspot|alpha=0.8,sigma=0.2",0.67873773501148,,,
california,real,real,3017,0.7140430310639215,,,0.06,0.5506154842270121,0.1643464345839651,,weakspot,"weakspot|alpha=1.0,sigma=0.05",1.7952804181963915,,,
california,real,real,3017,0.7140430310639215,,,0.06,0.5506154842270121,0.1643464345839651,,weakspot,"weakspot|alpha=1.0,sigma=0.1",0.7424147038044603,,,
california,real,real,3017,0.7140430310639215,,,0.06,0.5506154842270121,0.1643464345839651,,weakspot,"weakspot|alpha=1.0,sigma=0.2",0.6826930533493487,,,
california,real,real,3017,0.7140430310639215,,,0.06,0.5506154842270121,0.1643464345839651,,loss,loss|alpha=0.2,0.6884798986125467,,,
california,real,real,3017,0.7140430310639215,,,0.06,0.5506154842270121,0.1643464345839651,,loss,loss|alpha=0.5,0.7117197497279457,,,
california,real,real,3017,0.7140430310639215,,,0.06,0.5506154842270121,0.1643464345839651,,loss,loss|alpha=0.8,0.7421772466081382,,,
california,real,real,3017,0.7140430310639215,,,0.06,0.5506154842270121,0.1643464345839651,,loss,loss|alpha=1.0,0.7672687183071325,,,
california,real,real,3017,0.7140430310639215,,,0.06,0.5506154842270121,0.1643464345839651,,jtt,"jtt|q=0.1,lam=2",0.7046238021147715,,,
california,real,real,3017,0.7140430310639215,,,0.06,0.5506154842270121,0.1643464345839651,,jtt,"jtt|q=0.1,lam=5",0.8071072394981307,,,
california,real,real,3017,0.7140430310639215,,,0.06,0.5506154842270121,0.1643464345839651,,jtt,"jtt|q=0.1,lam=10",0.9327935541745546,,,
california,real,real,3017,0.7140430310639215,,,0.06,0.5506154842270121,0.1643464345839651,,jtt,"jtt|q=0.1,lam=20",1.078960737050887,,,
california,real,real,3017,0.7140430310639215,,,0.06,0.5506154842270121,0.1643464345839651,,jtt,"jtt|q=0.2,lam=2",0.6985506207785223,,,
california,real,real,3017,0.7140430310639215,,,0.06,0.5506154842270121,0.1643464345839651,,jtt,"jtt|q=0.2,lam=5",0.7536313952916721,,,
california,real,real,3017,0.7140430310639215,,,0.06,0.5506154842270121,0.1643464345839651,,jtt,"jtt|q=0.2,lam=10",0.8235818482865698,,,
california,real,real,3017,0.7140430310639215,,,0.06,0.5506154842270121,0.1643464345839651,,jtt,"jtt|q=0.2,lam=20",0.8852584247822757,,,
california,real,real,3017,0.7140430310639215,,,0.06,0.5506154842270121,0.1643464345839651,,density,density|alpha=0.2,0.6821016931154962,,,
california,real,real,3017,0.7140430310639215,,,0.06,0.5506154842270121,0.1643464345839651,,density,density|alpha=0.5,0.6866951152557381,,,
california,real,real,3017,0.7140430310639215,,,0.06,0.5506154842270121,0.1643464345839651,,density,density|alpha=0.8,0.6935719980663996,,,
california,real,real,3017,0.7140430310639215,,,0.06,0.5506154842270121,0.1643464345839651,,density,density|alpha=1.0,0.6998247234444475,,,
california,real,real,3018,0.7321972742388984,,,0.39,0.4842640727997612,0.22875554048758,,weakspot,"weakspot|alpha=0.2,sigma=0.05",0.69085502316509,,,
california,real,real,3018,0.7321972742388984,,,0.39,0.4842640727997612,0.22875554048758,,weakspot,"weakspot|alpha=0.2,sigma=0.1",0.6917415210881173,,,
california,real,real,3018,0.7321972742388984,,,0.39,0.4842640727997612,0.22875554048758,,weakspot,"weakspot|alpha=0.2,sigma=0.2",0.6917225979543195,,,
california,real,real,3018,0.7321972742388984,,,0.39,0.4842640727997612,0.22875554048758,,weakspot,"weakspot|alpha=0.5,sigma=0.05",0.6941148333922004,,,
california,real,real,3018,0.7321972742388984,,,0.39,0.4842640727997612,0.22875554048758,,weakspot,"weakspot|alpha=0.5,sigma=0.1",0.6910653425029598,,,
california,real,real,3018,0.7321972742388984,,,0.39,0.4842640727997612,0.22875554048758,,weakspot,"weakspot|alpha=0.5,sigma=0.2",0.6935111457021723,,,
california,real,real,3018,0.7321972742388984,,,0.39,0.4842640727997612,0.22875554048758,,weakspot,"weakspot|alpha=0.8,sigma=0.05",0.6858935554716815,,,
california,real,real,3018,0.7321972742388984,,,0.39,0.4842640727997612,0.22875554048758,,weakspot,"weakspot|alpha=0.8,sigma=0.1",0.6860238535145882,,,
california,real,real,3018,0.7321972742388984,,,0.39,0.4842640727997612,0.22875554048758,,weakspot,"weakspot|alpha=0.8,sigma=0.2",0.6951145362703967,,,
california,real,real,3018,0.7321972742388984,,,0.39,0.4842640727997612,0.22875554048758,,weakspot,"weakspot|alpha=1.0,sigma=0.05",0.9444525121745404,,,
california,real,real,3018,0.7321972742388984,,,0.39,0.4842640727997612,0.22875554048758,,weakspot,"weakspot|alpha=1.0,sigma=0.1",0.7677844932611765,,,
california,real,real,3018,0.7321972742388984,,,0.39,0.4842640727997612,0.22875554048758,,weakspot,"weakspot|alpha=1.0,sigma=0.2",0.7054968012779089,,,
california,real,real,3018,0.7321972742388984,,,0.39,0.4842640727997612,0.22875554048758,,loss,loss|alpha=0.2,0.7122995008840385,,,
california,real,real,3018,0.7321972742388984,,,0.39,0.4842640727997612,0.22875554048758,,loss,loss|alpha=0.5,0.7614072770575199,,,
california,real,real,3018,0.7321972742388984,,,0.39,0.4842640727997612,0.22875554048758,,loss,loss|alpha=0.8,0.8171031097681214,,,
california,real,real,3018,0.7321972742388984,,,0.39,0.4842640727997612,0.22875554048758,,loss,loss|alpha=1.0,0.8628817679269357,,,
california,real,real,3018,0.7321972742388984,,,0.39,0.4842640727997612,0.22875554048758,,jtt,"jtt|q=0.1,lam=2",0.7338925408850354,,,
california,real,real,3018,0.7321972742388984,,,0.39,0.4842640727997612,0.22875554048758,,jtt,"jtt|q=0.1,lam=5",0.890124538132545,,,
california,real,real,3018,0.7321972742388984,,,0.39,0.4842640727997612,0.22875554048758,,jtt,"jtt|q=0.1,lam=10",1.0652101221606518,,,
california,real,real,3018,0.7321972742388984,,,0.39,0.4842640727997612,0.22875554048758,,jtt,"jtt|q=0.1,lam=20",1.2496115551681684,,,
california,real,real,3018,0.7321972742388984,,,0.39,0.4842640727997612,0.22875554048758,,jtt,"jtt|q=0.2,lam=2",0.7205144301845134,,,
california,real,real,3018,0.7321972742388984,,,0.39,0.4842640727997612,0.22875554048758,,jtt,"jtt|q=0.2,lam=5",0.8199304619540059,,,
california,real,real,3018,0.7321972742388984,,,0.39,0.4842640727997612,0.22875554048758,,jtt,"jtt|q=0.2,lam=10",0.8961634795448905,,,
california,real,real,3018,0.7321972742388984,,,0.39,0.4842640727997612,0.22875554048758,,jtt,"jtt|q=0.2,lam=20",0.976917826046714,,,
california,real,real,3018,0.7321972742388984,,,0.39,0.4842640727997612,0.22875554048758,,density,density|alpha=0.2,0.6907686542481588,,,
california,real,real,3018,0.7321972742388984,,,0.39,0.4842640727997612,0.22875554048758,,density,density|alpha=0.5,0.6945632020230018,,,
california,real,real,3018,0.7321972742388984,,,0.39,0.4842640727997612,0.22875554048758,,density,density|alpha=0.8,0.7019376325727567,,,
california,real,real,3018,0.7321972742388984,,,0.39,0.4842640727997612,0.22875554048758,,density,density|alpha=1.0,0.7155430779676217,,,
california,real,real,3019,0.7044986866619282,,,0.4,0.526670678883021,0.1855197982199321,,weakspot,"weakspot|alpha=0.2,sigma=0.05",0.6616587190646224,,,
california,real,real,3019,0.7044986866619282,,,0.4,0.526670678883021,0.1855197982199321,,weakspot,"weakspot|alpha=0.2,sigma=0.1",0.664519722216954,,,
california,real,real,3019,0.7044986866619282,,,0.4,0.526670678883021,0.1855197982199321,,weakspot,"weakspot|alpha=0.2,sigma=0.2",0.6642517490419619,,,
california,real,real,3019,0.7044986866619282,,,0.4,0.526670678883021,0.1855197982199321,,weakspot,"weakspot|alpha=0.5,sigma=0.05",0.6604491816177133,,,
california,real,real,3019,0.7044986866619282,,,0.4,0.526670678883021,0.1855197982199321,,weakspot,"weakspot|alpha=0.5,sigma=0.1",0.6591215297897547,,,
california,real,real,3019,0.7044986866619282,,,0.4,0.526670678883021,0.1855197982199321,,weakspot,"weakspot|alpha=0.5,sigma=0.2",0.6640459033162156,,,
california,real,real,3019,0.7044986866619282,,,0.4,0.526670678883021,0.1855197982199321,,weakspot,"weakspot|alpha=0.8,sigma=0.05",0.6620469214201082,,,
california,real,real,3019,0.7044986866619282,,,0.4,0.526670678883021,0.1855197982199321,,weakspot,"weakspot|alpha=0.8,sigma=0.1",0.6581119485962019,,,
california,real,real,3019,0.7044986866619282,,,0.4,0.526670678883021,0.1855197982199321,,weakspot,"weakspot|alpha=0.8,sigma=0.2",0.6651315377584239,,,
california,real,real,3019,0.7044986866619282,,,0.4,0.526670678883021,0.1855197982199321,,weakspot,"weakspot|alpha=1.0,sigma=0.05",1.7726110184212067,,,
california,real,real,3019,0.7044986866619282,,,0.4,0.526670678883021,0.1855197982199321,,weakspot,"weakspot|alpha=1.0,sigma=0.1",0.7791822946758363,,,
california,real,real,3019,0.7044986866619282,,,0.4,0.526670678883021,0.1855197982199321,,weakspot,"weakspot|alpha=1.0,sigma=0.2",0.6627097384530649,,,
california,real,real,3019,0.7044986866619282,,,0.4,0.526670678883021,0.1855197982199321,,loss,loss|alpha=0.2,0.6728255044577255,,,
california,real,real,3019,0.7044986866619282,,,0.4,0.526670678883021,0.1855197982199321,,loss,loss|alpha=0.5,0.7058948577448066,,,
california,real,real,3019,0.7044986866619282,,,0.4,0.526670678883021,0.1855197982199321,,loss,loss|alpha=0.8,0.7478072275510592,,,
california,real,real,3019,0.7044986866619282,,,0.4,0.526670678883021,0.1855197982199321,,loss,loss|alpha=1.0,0.7785865325708188,,,
california,real,real,3019,0.7044986866619282,,,0.4,0.526670678883021,0.1855197982199321,,jtt,"jtt|q=0.1,lam=2",0.696694576332022,,,
california,real,real,3019,0.7044986866619282,,,0.4,0.526670678883021,0.1855197982199321,,jtt,"jtt|q=0.1,lam=5",0.8177872401263288,,,
california,real,real,3019,0.7044986866619282,,,0.4,0.526670678883021,0.1855197982199321,,jtt,"jtt|q=0.1,lam=10",0.955779806707672,,,
california,real,real,3019,0.7044986866619282,,,0.4,0.526670678883021,0.1855197982199321,,jtt,"jtt|q=0.1,lam=20",1.1108699112065727,,,
california,real,real,3019,0.7044986866619282,,,0.4,0.526670678883021,0.1855197982199321,,jtt,"jtt|q=0.2,lam=2",0.6913190832300792,,,
california,real,real,3019,0.7044986866619282,,,0.4,0.526670678883021,0.1855197982199321,,jtt,"jtt|q=0.2,lam=5",0.7839308506984357,,,
california,real,real,3019,0.7044986866619282,,,0.4,0.526670678883021,0.1855197982199321,,jtt,"jtt|q=0.2,lam=10",0.886353413154814,,,
california,real,real,3019,0.7044986866619282,,,0.4,0.526670678883021,0.1855197982199321,,jtt,"jtt|q=0.2,lam=20",0.9831534246340508,,,
california,real,real,3019,0.7044986866619282,,,0.4,0.526670678883021,0.1855197982199321,,density,density|alpha=0.2,0.6596902391257323,,,
california,real,real,3019,0.7044986866619282,,,0.4,0.526670678883021,0.1855197982199321,,density,density|alpha=0.5,0.6665451338812989,,,
california,real,real,3019,0.7044986866619282,,,0.4,0.526670678883021,0.1855197982199321,,density,density|alpha=0.8,0.6761570618117286,,,
california,real,real,3019,0.7044986866619282,,,0.4,0.526670678883021,0.1855197982199321,,density,density|alpha=1.0,0.6899219649434599,,,
synthetic,hard,gauss,3000,0.16439763005254338,0.4077284812054536,0.13066517217851342,0.005,0.23420005656811543,0.7444774072830562,0.01673730094035453,uniform,uniform,0.11768467188432354,0.3310398732773246,0.08810767698583463,1.0
synthetic,hard,gauss,3000,0.16439763005254338,0.4077284812054536,0.13066517217851342,0.005,0.23420005656811543,0.7444774072830562,0.01673730094035453,smoothed_loss,smoothed_loss|alpha=0.2,0.1244894320726909,0.31721818367871707,0.09777183969235081,0.9699872682281521
synthetic,hard,gauss,3000,0.16439763005254338,0.4077284812054536,0.13066517217851342,0.005,0.23420005656811543,0.7444774072830562,0.01673730094035453,smoothed_loss,smoothed_loss|alpha=0.5,0.1365351486792589,0.304191762231871,0.11329325548252615,0.8379535705411111
synthetic,hard,gauss,3000,0.16439763005254338,0.4077284812054536,0.13066517217851342,0.005,0.23420005656811543,0.7444774072830562,0.01673730094035453,smoothed_loss,smoothed_loss|alpha=0.8,0.13494391766618688,0.28243451937658487,0.11449759741769162,0.6688686413683314
synthetic,hard,gauss,3000,0.16439763005254338,0.4077284812054536,0.13066517217851342,0.005,0.23420005656811543,0.7444774072830562,0.01673730094035453,smoothed_loss,smoothed_loss|alpha=1.0,0.13430115982947,0.27948761433320424,0.1141742587923739,0.5638459174687597
synthetic,hard,gauss,3001,0.13041279835480998,0.38938258751650906,0.09459625950091535,0.04,0.25362364855831065,0.7390589288736991,0.011525531062164683,uniform,uniform,0.09438337370734602,0.30610704548059614,0.0651011584307952,1.0
synthetic,hard,gauss,3001,0.13041279835480998,0.38938258751650906,0.09459625950091535,0.04,0.25362364855831065,0.7390589288736991,0.011525531062164683,smoothed_loss,smoothed_loss|alpha=0.2,0.09881904615465524,0.2890951618448518,0.0725031121121295,0.9620524125148989
synthetic,hard,gauss,3001,0.13041279835480998,0.38938258751650906,0.09459625950091535,0.04,0.25362364855831065,0.7390589288736991,0.011525531062164683,smoothed_loss,smoothed_loss|alpha=0.5,0.10290079773689427,0.2818183376482785,0.07815579933139266,0.8022285604842753
synthetic,hard,gauss,3001,0.13041279835480998,0.38938258751650906,0.09459625950091535,0.04,0.25362364855831065,0.7390589288736991,0.011525531062164683,smoothed_loss,smoothed_loss|alpha=0.8,0.10410268814804506,0.26084245553758284,0.08242496277772196,0.6130792406926474
synthetic,hard,gauss,3001,0.13041279835480998,0.38938258751650906,0.09459625950091535,0.04,0.25362364855831065,0.7390589288736991,0.011525531062164683,smoothed_loss,smoothed_loss|alpha=1.0,0.1097280826594994,0.2581774301324753,0.08919695492134737,0.5034967370504577
synthetic,hard,gauss,3002,0.24428218744704056,0.46864184553191585,0.21075718106654193,0.01,0.2871870690842145,0.720199552664234,0.04765443073299591,uniform,uniform,0.12222149907948841,0.37415961220089744,0.08457557413031236,1.0
synthetic,hard,gauss,3002,0.24428218744704056,0.46864184553191585,0.21075718106654193,0.01,0.2871870690842145,0.720199552664234,0.04765443073299591,smoothed_loss,smoothed_loss|alpha=0.2,0.1253598423480077,0.36406808670468177,0.08969079434068859,0.9745308015112615
synthetic,hard,gauss,3002,0.24428218744704056,0.46864184553191585,0.21075718106654193,0.01,0.2871870690842145,0.720199552664234,0.04765443073299591,smoothed_loss,smoothed_loss|alpha=0.5,0.11766608783183227,0.35574768320528966,0.08209067702890185,0.8595919341612819
synthetic,hard,gauss,3002,0.24428218744704056,0.46864184553191585,0.21075718106654193,0.01,0.2871870690842145,0.720199552664234,0.04765443073299591,smoothed_loss,smoothed_loss|alpha=0.8,0.11969694739316201,0.3481355238121064,0.08556244746849218,0.705140392301829
synthetic,hard,gauss,3002,0.24428218744704056,0.46864184553191585,0.21075718106654193,0.01,0.2871870690842145,0.720199552664234,0.04765443073299591,smoothed_loss,smoothed_loss|alpha=1.0,0.12874598244835214,0.33627462186081436,0.0977359558694785,0.6048250062612038
synthetic,hard,gauss,3003,0.1723978846462633,0.4119708720287729,0.13941912301567894,0.02,0.24400017100785604,0.7388230498873615,0.012685509913100917,uniform,uniform,0.10391905654537874,0.3506588410413056,0.06995373922568912,1.0
synthetic,hard,gauss,3003,0.1723978846462633,0.4119708720287729,0.13941912301567894,0.02,0.24400017100785604,0.7388230498873615,0.012685509913100917,smoothed_loss,smoothed_loss|alpha=0.2,0.1024738826214016,0.3352826995663156,0.07042625253000842,0.9726284627682983
synthetic,hard,gauss,3003,0.1723978846462633,0.4119708720287729,0.13941912301567894,0.02,0.24400017100785604,0.7388230498873615,0.012685509913100917,smoothed_loss,smoothed_loss|alpha=0.5,0.10097173497041687,0.3288497930283651,0.06960285553354342,0.8504222939852452
synthetic,hard,gauss,3003,0.1723978846462633,0.4119708720287729,0.13941912301567894,0.02,0.24400017100785604,0.7388230498873615,0.012685509913100917,smoothed_loss,smoothed_loss|alpha=0.8,0.10312313908082861,0.2998390223727871,0.07604393330343728,0.6895271796977782
synthetic,hard,gauss,3003,0.1723978846462633,0.4119708720287729,0.13941912301567894,0.02,0.24400017100785604,0.7388230498873615,0.012685509913100917,smoothed_loss,smoothed_loss|alpha=1.0,0.10389434068629717,0.29873562969953477,0.07707318486081169,0.5870110121685377
synthetic,hard,gauss,3004,0.18270645350791645,0.4759805364688238,0.14290378126052472,0.01,0.24130294891382614,0.7231809598591209,0.028193964100026843,uniform,uniform,0.10906914812072435,0.40932008478948567,0.06831958885676412,1.0
synthetic,hard,gauss,3004,0.18270645350791645,0.4759805364688238,0.14290378126052472,0.01,0.24130294891382614,0.7231809598591209,0.028193964100026843,smoothed_loss,smoothed_loss|alpha=0.2,0.11491871399244452,0.41302847776049334,0.07445975116418577,0.9589930408148057
synthetic,hard,gauss,3004,0.18270645350791645,0.4759805364688238,0.14290378126052472,0.01,0.24130294891382614,0.7231809598591209,0.028193964100026843,smoothed_loss,smoothed_loss|alpha=0.5,0.1251591045355679,0.4150468699474113,0.08581601769091676,0.7891085868443829
synthetic,hard,gauss,3004,0.18270645350791645,0.4759805364688238,0.14290378126052472,0.01,0.24130294891382614,0.7231809598591209,0.028193964100026843,smoothed_loss,smoothed_loss|alpha=0.8,0.1334763835151996,0.4211373466768284,0.09443551457957823,0.5937653615901596
synthetic,hard,gauss,3004,0.18270645350791645,0.4759805364688238,0.14290378126052472,0.01,0.24130294891382614,0.7231809598591209,0.028193964100026843,smoothed_loss,smoothed_loss|alpha=1.0,0.14033497417586482,0.4260522915527562,0.10155789362329408,0.4833227399374331
synthetic,hard,gauss,3005,0.16738389964585587,0.4273628104580877,0.13049851035847954,0.065,0.2783092269116645,0.7091289222233356,0.04971777677010771,uniform,uniform,0.11341545408698504,0.3500775300458935,0.0798382197873626,1.0
synthetic,hard,gauss,3005,0.16738389964585587,0.4273628104580877,0.13049851035847954,0.065,0.2783092269116645,0.7091289222233356,0.04971777677010771,smoothed_loss,smoothed_loss|alpha=0.2,0.1131503461028062,0.33915555344426523,0.08108509116455181,0.9728812188359013
synthetic,hard,gauss,3005,0.16738389964585587,0.4273628104580877,0.13049851035847954,0.065,0.2783092269116645,0.7091289222233356,0.04971777677010771,smoothed_loss,smoothed_loss|alpha=0.5,0.11145368294587348,0.32480562557727344,0.08118365283231203,0.851631390894623
synthetic,hard,gauss,3005,0.16738389964585587,0.4273628104580877,0.13049851035847954,0.065,0.2783092269116645,0.7091289222233356,0.04971777677010771,smoothed_loss,smoothed_loss|alpha=0.8,0.11730338677031742,0.3249958066645793,0.08783632063059485,0.6915651566694038
synthetic,hard,gauss,3005,0.16738389964585587,0.4273628104580877,0.13049851035847954,0.065,0.2783092269116645,0.7091289222233356,0.04971777677010771,smoothed_loss,smoothed_loss|alpha=1.0,0.12178051440047717,0.321683493707253,0.09341860154992977,0.5893211243056736
synthetic,hard,gauss,3006,0.22714565450846047,0.4743202858055503,0.19183499289459047,0.035,0.2740474555759571,0.7063015788251793,0.04987817291009815,uniform,uniform,0.12495225299722705,0.3840707747884829,0.08793532131276195,1.0
synthetic,hard,gauss,3006,0.22714565450846047,0.4743202858055503,0.19183499289459047,0.035,0.2740474555759571,0.7063015788251793,0.04987817291009815,smoothed_loss,smoothed_loss|alpha=0.2,0.1265651500923567,0.368118680779064,0.0920575028513985,0.9750007950160132
synthetic,hard,gauss,3006,0.22714565450846047,0.4743202858055503,0.19183499289459047,0.035,0.2740474555759571,0.7063015788251793,0.04987817291009815,smoothed_loss,smoothed_loss|alpha=0.5,0.12735604659259614,0.36284211977859465,0.09371517899459632,0.8618823357965708
synthetic,hard,gauss,3006,0.22714565450846047,0.4743202858055503,0.19183499289459047,0.035,0.2740474555759571,0.7063015788251793,0.04987817291009815,smoothed_loss,smoothed_loss|alpha=0.8,0.13555903989163945,0.3666888591361841,0.10254049428527592,0.7090976372186634
synthetic,hard,gauss,3006,0.22714565450846047,0.4743202858055503,0.19183499289459047,0.035,0.2740474555759571,0.7063015788251793,0.04987817291009815,smoothed_loss,smoothed_loss|alpha=1.0,0.1421242966542595,0.36739043047032655,0.10994342039482133,0.6093827639208419
synthetic,hard,gauss,3007,0.2523358939275181,0.46434272619519446,0.2205165821265615,0.025,0.27792230924624806,0.7149169673024945,0.04483831550022087,uniform,uniform,0.1324920505925536,0.3908689328787868,0.09371323157202059,1.0
synthetic,hard,gauss,3007,0.2523358939275181,0.46434272619519446,0.2205165821265615,0.025,0.27792230924624806,0.7149169673024945,0.04483831550022087,smoothed_loss,smoothed_loss|alpha=0.2,0.12640969682298142,0.3689483864857864,0.09000797284253743,0.9758426799331347
synthetic,hard,gauss,3007,0.2523358939275181,0.46434272619519446,0.2205165821265615,0.025,0.27792230924624806,0.7149169673024945,0.04483831550022087,smoothed_loss,smoothed_loss|alpha=0.5,0.1348196982902605,0.37506773365681145,0.09876177003800642,0.8660101384329414
synthetic,hard,gauss,3007,0.2523358939275181,0.46434272619519446,0.2205165821265615,0.025,0.27792230924624806,0.7149169673024945,0.04483831550022087,smoothed_loss,smoothed_loss|alpha=0.8,0.14776620944688118,0.3749615414434843,0.11366731258022598,0.7162885158639527
synthetic,hard,gauss,3007,0.2523358939275181,0.46434272619519446,0.2205165821265615,0.025,0.27792230924624806,0.7149169673024945,0.04483831550022087,smoothed_loss,smoothed_loss|alpha=1.0,0.15435544517174968,0.36304011154911414,0.12303474481263975,0.6177096478291486
synthetic,hard,gauss,3008,0.14305058947416519,0.4297398880796401,0.10125028784420623,0.005,0.2236365157432437,0.7383768350447398,0.028811998641771204,uniform,uniform,0.098970300625996,0.32053400574483515,0.066665538120843,1.0
synthetic,hard,gauss,3008,0.14305058947416519,0.4297398880796401,0.10125028784420623,0.005,0.2236365157432437,0.7383768350447398,0.028811998641771204,smoothed_loss,smoothed_loss|alpha=0.2,0.10565476753823409,0.3235381490432182,0.07388660907761051,0.9683139027626997
synthetic,hard,gauss,3008,0.14305058947416519,0.4297398880796401,0.10125028784420623,0.005,0.2236365157432437,0.7383768350447398,0.028811998641771204,smoothed_loss,smoothed_loss|alpha=0.5,0.10873086204213292,0.3068944368315347,0.07983792031546277,0.8302072565134612
synthetic,hard,gauss,3008,0.14305058947416519,0.4297398880796401,0.10125028784420623,0.005,0.2236365157432437,0.7383768350447398,0.028811998641771204,smoothed_loss,smoothed_loss|alpha=0.8,0.11220431882299535,0.2883380963496077,0.08652339852478691,0.6563543069029729
synthetic,hard,gauss,3008,0.14305058947416519,0.4297398880796401,0.10125028784420623,0.005,0.2236365157432437,0.7383768350447398,0.028811998641771204,smoothed_loss,smoothed_loss|alpha=1.0,0.11412373641743025,0.276504725963259,0.09044802066869728,0.5500326159207005
synthetic,hard,gauss,3009,0.2853088387610625,0.4857671020857234,0.2579736210349724,0.04,0.35181646686929724,0.6887373108949202,0.11882638596764764,uniform,uniform,0.14050423622440467,0.38148640120757754,0.1076430319085175,1.0
synthetic,hard,gauss,3009,0.2853088387610625,0.4857671020857234,0.2579736210349724,0.04,0.35181646686929724,0.6887373108949202,0.11882638596764764,smoothed_loss,smoothed_loss|alpha=0.2,0.13902279021110356,0.3635333423885021,0.10840771491418556,0.9749489749993056
synthetic,hard,gauss,3009,0.2853088387610625,0.4857671020857234,0.2579736210349724,0.04,0.35181646686929724,0.6887373108949202,0.11882638596764764,smoothed_loss,smoothed_loss|alpha=0.5,0.14377064663369726,0.36249438787266325,0.1139446819192928,0.8616293132894444
synthetic,hard,gauss,3009,0.2853088387610625,0.4857671020857234,0.2579736210349724,0.04,0.35181646686929724,0.6887373108949202,0.11882638596764764,smoothed_loss,smoothed_loss|alpha=0.8,0.14515051178241412,0.3609810847132889,0.11571907001911302,0.7086593344391477
synthetic,hard,gauss,3009,0.2853088387610625,0.4857671020857234,0.2579736210349724,0.04,0.35181646686929724,0.6887373108949202,0.11882638596764764,smoothed_loss,smoothed_loss|alpha=1.0,0.1540616819533855,0.360132943851114,0.12596105533096796,0.6088770900654151
synthetic,hard,gauss,3010,0.13836427534342652,0.41442926547872966,0.0977501830178141,0.02,0.2601648097827093,0.7250628764100082,0.02692923115986023,uniform,uniform,0.10403944800805608,0.37085787101191764,0.06478569090998294,1.0
synthetic,hard,gauss,3010,0.13836427534342652,0.41442926547872966,0.0977501830178141,0.02,0.2601648097827093,0.7250628764100082,0.02692923115986023,smoothed_loss,smoothed_loss|alpha=0.2,0.10559093536678262,0.36076126576577716,0.06805082079991016,0.9687889826432748
synthetic,hard,gauss,3010,0.13836427534342652,0.41442926547872966,0.0977501830178141,0.02,0.2601648097827093,0.7250628764100082,0.02692923115986023,smoothed_loss,smoothed_loss|alpha=0.5,0.1051857379412379,0.3499106875825795,0.06918232550475717,0.8323946004510789
synthetic,hard,gauss,3010,0.13836427534342652,0.41442926547872966,0.0977501830178141,0.02,0.2601648097827093,0.7250628764100082,0.02692923115986023,smoothed_loss,smoothed_loss|alpha=0.8,0.10599564358390438,0.3428977589185155,0.07114310983952368,0.6598637148053365
synthetic,hard,gauss,3010,0.13836427534342652,0.41442926547872966,0.0977501830178141,0.02,0.2601648097827093,0.7250628764100082,0.02692923115986023,smoothed_loss,smoothed_loss|alpha=1.0,0.10722013196316965,0.34058564748169434,0.07288789523790346,0.5538898244513357
synthetic,hard,gauss,3011,0.15652290906411104,0.4379809932702719,0.11668181038652664,0.01,0.2800315982201428,0.7154069487147791,0.04581021817103701,uniform,uniform,0.10395586746038227,0.3795849559959151,0.06493987775900548,1.0
synthetic,hard,gauss,3011,0.15652290906411104,0.4379809932702719,0.11668181038652664,0.01,0.2800315982201428,0.7154069487147791,0.04581021817103701,smoothed_loss,smoothed_loss|alpha=0.2,0.10779273584874886,0.36068684761150926,0.07199493920653163,0.9656537892829019
synthetic,hard,gauss,3011,0.15652290906411104,0.4379809932702719,0.11668181038652664,0.01,0.2800315982201428,0.7154069487147791,0.04581021817103701,smoothed_loss,smoothed_loss|alpha=0.5,0.112478229023879,0.3406060752404148,0.08018615946811365,0.8181304626462471
synthetic,hard,gauss,3011,0.15652290906411104,0.4379809932702719,0.11668181038652664,0.01,0.2800315982201428,0.7154069487147791,0.04581021817103701,smoothed_loss,smoothed_loss|alpha=0.8,0.11916242097151666,0.32519143240538717,0.08999849697859434,0.6373139836512954
synthetic,hard,gauss,3011,0.15652290906411104,0.4379809932702719,0.11668181038652664,0.01,0.2800315982201428,0.7154069487147791,0.04581021817103701,smoothed_loss,smoothed_loss|alpha=1.0,0.11858980149907213,0.31827939254735704,0.09032323838264823,0.529325766084578
synthetic,hard,gauss,3012,0.24230073813406786,0.4390424840312538,0.2147075400207795,0.03,0.11959651615951766,0.11598382035625932,0.6472878684540434,uniform,uniform,0.13561806335397905,0.35100837837183135,0.10540938747348208,1.0
synthetic,hard,gauss,3012,0.24230073813406786,0.4390424840312538,0.2147075400207795,0.03,0.11959651615951766,0.11598382035625932,0.6472878684540434,smoothed_loss,smoothed_loss|alpha=0.2,0.1354207540013774,0.3332775208597233,0.10767117324473369,0.9747544339244469
synthetic,hard,gauss,3012,0.24230073813406786,0.4390424840312538,0.2147075400207795,0.03,0.11959651615951766,0.11598382035625932,0.6472878684540434,smoothed_loss,smoothed_loss|alpha=0.5,0.1397387795559176,0.33239241549448795,0.11271894236042825,0.8606805089646561
synthetic,hard,gauss,3012,0.24230073813406786,0.4390424840312538,0.2147075400207795,0.03,0.11959651615951766,0.11598382035625932,0.6472878684540434,smoothed_loss,smoothed_loss|alpha=0.8,0.14670854086080423,0.3208115169629247,0.12229044957168127,0.7070182824363744
synthetic,hard,gauss,3012,0.24230073813406786,0.4390424840312538,0.2147075400207795,0.03,0.11959651615951766,0.11598382035625932,0.6472878684540434,smoothed_loss,smoothed_loss|alpha=1.0,0.14676142897352837,0.31791817674380346,0.12275654872752631,0.6069856947780274
synthetic,hard,gauss,3013,0.15140630611787412,0.4179364535224347,0.1114037940577302,0.035,0.2692804620844614,0.7334077970005114,0.02543693021114363,uniform,uniform,0.10201211667605953,0.37701560846908655,0.06073787207687606,1.0
synthetic,hard,gauss,3013,0.15140630611787412,0.4179364535224347,0.1114037940577302,0.035,0.2692804620844614,0.7334077970005114,0.02543693021114363,smoothed_loss,smoothed_loss|alpha=0.2,0.10880419585058747,0.38194425568767804,0.06780962677785564,0.9550520923252527
synthetic,hard,gauss,3013,0.15140630611787412,0.4179364535224347,0.1114037940577302,0.035,0.2692804620844614,0.7334077970005114,0.02543693021114363,smoothed_loss,smoothed_loss|alpha=0.5,0.11893624259693832,0.3920765785589786,0.07794163208164648,0.7727105495198623
synthetic,hard,gauss,3013,0.15140630611787412,0.4179364535224347,0.1114037940577302,0.035,0.2692804620844614,0.7334077970005114,0.02543693021114363,smoothed_loss,smoothed_loss|alpha=0.8,0.12363377125444196,0.3951591351364145,0.08288154585294982,0.5704464660107182
synthetic,hard,gauss,3013,0.15140630611787412,0.4179364535224347,0.1114037940577302,0.035,0.2692804620844614,0.7334077970005114,0.02543693021114363,smoothed_loss,smoothed_loss|alpha=1.0,0.12703139477318126,0.39256692333017035,0.08717816133248307,0.45943581069117856
synthetic,hard,gauss,3014,0.17673556864541617,0.46331132395792735,0.13551520692903268,0.03,0.27459245911796315,0.710279979705642,0.04671690333972165,uniform,uniform,0.11808687657753537,0.39334314333924564,0.07849468264526765,1.0
synthetic,hard,gauss,3014,0.17673556864541617,0.46331132395792735,0.13551520692903268,0.03,0.27459245911796315,0.710279979705642,0.04671690333972165,smoothed_loss,smoothed_loss|alpha=0.2,0.12502282488461702,0.38718718865767776,0.08731373853121424,0.9661356692969649
synthetic,hard,gauss,3014,0.17673556864541617,0.46331132395792735,0.13551520692903268,0.03,0.27459245911796315,0.710279979705642,0.04671690333972165,smoothed_loss,smoothed_loss|alpha=0.5,0.12406431892126199,0.37806811824089726,0.0875290283699962,0.820296934336853
synthetic,hard,gauss,3014,0.17673556864541617,0.46331132395792735,0.13551520692903268,0.03,0.27459245911796315,0.710279979705642,0.04671690333972165,smoothed_loss,smoothed_loss|alpha=0.8,0.13677555538145078,0.3758457869841554,0.10238827299764738,0.6406884076056076
synthetic,hard,gauss,3014,0.17673556864541617,0.46331132395792735,0.13551520692903268,0.03,0.27459245911796315,0.710279979705642,0.04671690333972165,smoothed_loss,smoothed_loss|alpha=1.0,0.136830376012256,0.36104775979790543,0.10457949124125752,0.5329686392241607
synthetic,hard,gauss,3015,0.14988224078214063,0.39675857088324684,0.11233883574372357,0.005,0.25768373305976866,0.7258447366239985,0.025347909233263813,uniform,uniform,0.10113730783643422,0.329017459394959,0.06648272257638205,1.0
synthetic,hard,gauss,3015,0.14988224078214063,0.39675857088324684,0.11233883574372357,0.005,0.25768373305976866,0.7258447366239985,0.025347909233263813,smoothed_loss,smoothed_loss|alpha=0.2,0.10091749087601834,0.31897282313368014,0.06775700256033704,0.9704048591106974
synthetic,hard,gauss,3015,0.14988224078214063,0.39675857088324684,0.11233883574372357,0.005,0.25768373305976866,0.7258447366239985,0.025347909233263813,smoothed_loss,smoothed_loss|alpha=0.5,0.10445603006800436,0.30898441054036163,0.07335263580262284,0.8399050418612253
synthetic,hard,gauss,3015,0.14988224078214063,0.39675857088324684,0.11233883574372357,0.005,0.25768373305976866,0.7258447366239985,0.025347909233263813,smoothed_loss,smoothed_loss|alpha=0.8,0.10766724134204421,0.3027972091370245,0.077993098774144,0.67205944825451
synthetic,hard,gauss,3015,0.14988224078214063,0.39675857088324684,0.11233883574372357,0.005,0.25768373305976866,0.7258447366239985,0.025347909233263813,smoothed_loss,smoothed_loss|alpha=1.0,0.11314998968548269,0.30060223301255184,0.0846434273362049,0.5673941930889482
synthetic,hard,gauss,3016,0.3223804907745632,0.4877428465509218,0.29799831898195045,0.01,0.25192511242656973,0.7367014182379019,0.01343719966131861,uniform,uniform,0.1618078888881969,0.422387073490295,0.12338628794571883,1.0
synthetic,hard,gauss,3016,0.3223804907745632,0.4877428465509218,0.29799831898195045,0.01,0.25192511242656973,0.7367014182379019,0.01343719966131861,smoothed_loss,smoothed_loss|alpha=0.2,0.14993844930954747,0.41801119088961863,0.11041194639154502,0.9806691585086522
synthetic,hard,gauss,3016,0.3223804907745632,0.4877428465509218,0.29799831898195045,0.01,0.25192511242656973,0.7367014182379019,0.01343719966131861,smoothed_loss,smoothed_loss|alpha=0.5,0.15476022599463168,0.424421583970159,0.11499948646525106,0.8903139407601968
synthetic,hard,gauss,3016,0.3223804907745632,0.4877428465509218,0.29799831898195045,0.01,0.25192511242656973,0.7367014182379019,0.01343719966131861,smoothed_loss,smoothed_loss|alpha=0.8,0.15934353976973176,0.42929601723462857,0.1195398755652117,0.7602306776197448
synthetic,hard,gauss,3016,0.3223804907745632,0.4877428465509218,0.29799831898195045,0.01,0.25192511242656973,0.7367014182379019,0.01343719966131861,smoothed_loss,smoothed_loss|alpha=1.0,0.16071309803870656,0.4345559799884048,0.12033580563418997,0.6698833472346001
synthetic,hard,gauss,3017,0.18520631167484258,0.38381945385948646,0.15500246977579538,0.005,0.26253137381911285,0.7430674371129106,0.014321164686497974,uniform,uniform,0.10964806863235724,0.30165175964522645,0.08044935064422505,1.0
synthetic,hard,gauss,3017,0.18520631167484258,0.38381945385948646,0.15500246977579538,0.005,0.26253137381911285,0.7430674371129106,0.014321164686497974,smoothed_loss,smoothed_loss|alpha=0.2,0.10890006297346186,0.2945056176458907,0.08067433346106484,0.9716821818337342
synthetic,hard,gauss,3017,0.18520631167484258,0.38381945385948646,0.15500246977579538,0.005,0.26253137381911285,0.7430674371129106,0.014321164686497974,smoothed_loss,smoothed_loss|alpha=0.5,0.11116221310811636,0.2862542271879724,0.08453531695772351,0.8459204230392627
synthetic,hard,gauss,3017,0.18520631167484258,0.38381945385948646,0.15500246977579538,0.005,0.26253137381911285,0.7430674371129106,0.014321164686497974,smoothed_loss,smoothed_loss|alpha=0.8,0.11676906571068202,0.2807201591879922,0.09183641094224315,0.6819936143906868
synthetic,hard,gauss,3017,0.18520631167484258,0.38381945385948646,0.15500246977579538,0.005,0.26253137381911285,0.7430674371129106,0.014321164686497974,smoothed_loss,smoothed_loss|alpha=1.0,0.11824114378095982,0.28000603552571823,0.0936409528704666,0.5785104751868352
synthetic,hard,gauss,3018,0.17468285066901598,0.42389478062089514,0.1388368109876333,0.005,0.2588385362744869,0.7250762497861498,0.026444527755243002,uniform,uniform,0.12734673325091544,0.36532959837638923,0.09311585502440321,1.0
synthetic,hard,gauss,3018,0.17468285066901598,0.42389478062089514,0.1388368109876333,0.005,0.2588385362744869,0.7250762497861498,0.026444527755243002,smoothed_loss,smoothed_loss|alpha=0.2,0.12301991394567993,0.34800722108065246,0.0906582852671294,0.9725929562417033
synthetic,hard,gauss,3018,0.17468285066901598,0.42389478062089514,0.1388368109876333,0.005,0.2588385362744869,0.7250762497861498,0.026444527755243002,smoothed_loss,smoothed_loss|alpha=0.5,0.12429914860649978,0.33891568985851456,0.0934292257441139,0.8502526678556765
synthetic,hard,gauss,3018,0.17468285066901598,0.42389478062089514,0.1388368109876333,0.005,0.2588385362744869,0.7250762497861498,0.026444527755243002,smoothed_loss,smoothed_loss|alpha=0.8,0.1309262175224513,0.3309017804876014,0.10216221747341767,0.6892417671548317
synthetic,hard,gauss,3018,0.17468285066901598,0.42389478062089514,0.1388368109876333,0.005,0.2588385362744869,0.7250762497861498,0.026444527755243002,smoothed_loss,smoothed_loss|alpha=1.0,0.13248808868165002,0.32726673020860125,0.10447160121008685,0.5866878478186595
synthetic,hard,gauss,3019,0.15122446385762037,0.43263063238593186,0.11157396549681439,0.015,0.2665382098114522,0.7242743720384934,0.030583007010126763,uniform,uniform,0.10045004672549232,0.3786103919462021,0.061256889127366085,1.0
synthetic,hard,gauss,3019,0.15122446385762037,0.43263063238593186,0.11157396549681439,0.015,0.2665382098114522,0.7242743720384934,0.030583007010126763,smoothed_loss,smoothed_loss|alpha=0.2,0.10130886215468374,0.36621308509373063,0.06398350957856018,0.9724220100817516
synthetic,hard,gauss,3019,0.15122446385762037,0.43263063238593186,0.11157396549681439,0.015,0.2665382098114522,0.7242743720384934,0.030583007010126763,smoothed_loss,smoothed_loss|alpha=0.5,0.10204501365134104,0.35579280891086107,0.06629161637290326,0.8494367761283959
synthetic,hard,gauss,3019,0.15122446385762037,0.43263063238593186,0.11157396549681439,0.015,0.2665382098114522,0.7242743720384934,0.030583007010126763,smoothed_loss,smoothed_loss|alpha=0.8,0.11702874754483503,0.3487060130394454,0.08438511686761384,0.6878706587151664
synthetic,hard,gauss,3019,0.15122446385762037,0.43263063238593186,0.11157396549681439,0.015,0.2665382098114522,0.7242743720384934,0.030583007010126763,smoothed_loss,smoothed_loss|alpha=1.0,0.12355607771096101,0.34469801907753156,0.0923968880261105,0.5851366120029702
california,real,real,3000,0.7251182707347228,0.5776156895532379,0.7441911623725321,0.71,0.40080568626306445,0.3373639083672077,,uniform,uniform,0.6899397535536986,0.4096759784118841,0.7261793947211045,1.0
california,real,real,3000,0.7251182707347228,0.5776156895532379,0.7441911623725321,0.71,0.40080568626306445,0.3373639083672077,,smoothed_loss,smoothed_loss|alpha=0.2,0.6916004174396806,0.4124250891407162,0.7276993164687391,0.9919918293415212
california,real,real,3000,0.7251182707347228,0.5776156895532379,0.7441911623725321,0.71,0.40080568626306445,0.3373639083672077,,smoothed_loss,smoothed_loss|alpha=0.5,0.6967264182901481,0.414850774083147,0.7331744829561013,0.9519683241355198
california,real,real,3000,0.7251182707347228,0.5776156895532379,0.7441911623725321,0.71,0.40080568626306445,0.3373639083672077,,smoothed_loss,smoothed_loss|alpha=0.8,0.7036909926430289,0.42448611428715494,0.7397937126562956,0.8856100795347721
california,real,real,3000,0.7251182707347228,0.5776156895532379,0.7441911623725321,0.71,0.40080568626306445,0.3373639083672077,,smoothed_loss,smoothed_loss|alpha=1.0,0.7071737741809254,0.433533252036154,0.7425569924593854,0.8320710265981567
california,real,real,3001,0.6982118155749354,0.7761877014870199,0.6186606592403847,0.295,0.5697887278937954,0.1687436904015067,,uniform,uniform,0.6641733154525822,0.7356758709322071,0.5912262639026619,1.0
california,real,real,3001,0.6982118155749354,0.7761877014870199,0.6186606592403847,0.295,0.5697887278937954,0.1687436904015067,,smoothed_loss,smoothed_loss|alpha=0.2,0.6686405307106729,0.7427839329288494,0.5929992819830383,0.9918675444688103
california,real,real,3001,0.6982118155749354,0.7761877014870199,0.6186606592403847,0.295,0.5697887278937954,0.1687436904015067,,smoothed_loss,smoothed_loss|alpha=0.5,0.6717299499449466,0.7442027988154043,0.59779300311751,0.9512534077714438
california,real,real,3001,0.6982118155749354,0.7761877014870199,0.6186606592403847,0.295,0.5697887278937954,0.1687436904015067,,smoothed_loss,smoothed_loss|alpha=0.8,0.6782521537962957,0.754766384024058,0.6001921815437303,0.8840277936641701
california,real,real,3001,0.6982118155749354,0.7761877014870199,0.6186606592403847,0.295,0.5697887278937954,0.1687436904015067,,smoothed_loss,smoothed_loss|alpha=1.0,0.6780280908362184,0.7521218930124245,0.6024374441716042,0.8298904183224
california,real,real,3002,0.7405523324013533,0.6964893095419239,0.7462639752967156,0.165,0.4186244025782159,0.3259190545909622,,uniform,uniform,0.6938676876866079,0.5090668945180108,0.7178223795997356,1.0
california,real,real,3002,0.7405523324013533,0.6964893095419239,0.7462639752967156,0.165,0.4186244025782159,0.3259190545909622,,smoothed_loss,smoothed_loss|alpha=0.2,0.6942006700811889,0.5121658200793912,0.717796828271199,0.9924845770805875
california,real,real,3002,0.7405523324013533,0.6964893095419239,0.7462639752967156,0.165,0.4186244025782159,0.3259190545909622,,smoothed_loss,smoothed_loss|alpha=0.5,0.6962012863467459,0.5139781505658884,0.7198218509678738,0.9548115604823973
california,real,real,3002,0.7405523324013533,0.6964893095419239,0.7462639752967156,0.165,0.4186244025782159,0.3259190545909622,,smoothed_loss,smoothed_loss|alpha=0.8,0.698563099208546,0.5169447762541762,0.7221052653299963,0.8919354906451106
california,real,real,3002,0.7405523324013533,0.6964893095419239,0.7462639752967156,0.165,0.4186244025782159,0.3259190545909622,,smoothed_loss,smoothed_loss|alpha=1.0,0.6981120492432713,0.5166052740084411,0.7216397560585174,0.8408248692371414
california,real,real,3003,0.7316501999593565,0.778523439703699,0.6885987591390134,0.18,0.5290732208230874,0.17854549295196234,,uniform,uniform,0.6821444821756725,0.7577325174266688,0.6127195001585705,1.0
california,real,real,3003,0.7316501999593565,0.778523439703699,0.6885987591390134,0.18,0.5290732208230874,0.17854549295196234,,smoothed_loss,smoothed_loss|alpha=0.2,0.683463962080038,0.7607529061015517,0.6124767545015253,0.9902653213393492
california,real,real,3003,0.7316501999593565,0.778523439703699,0.6885987591390134,0.18,0.5290732208230874,0.17854549295196234,,smoothed_loss,smoothed_loss|alpha=0.5,0.6869971730657226,0.7658569838113838,0.6145671790235443,0.9421165133671113
california,real,real,3003,0.7316501999593565,0.778523439703699,0.6885987591390134,0.18,0.5290732208230874,0.17854549295196234,,smoothed_loss,smoothed_loss|alpha=0.8,0.6951321910279751,0.7768315857515864,0.6200941378405814,0.8640906492740154
california,real,real,3003,0.7316501999593565,0.778523439703699,0.6885987591390134,0.18,0.5290732208230874,0.17854549295196234,,smoothed_loss,smoothed_loss|alpha=1.0,0.7007887623690574,0.7846375860764683,0.6237765334003801,0.8027232515620156
california,real,real,3004,0.6786318180353519,0.5392665694363614,0.6998256116010969,0.545,0.4272101577980288,0.2935503325526182,,uniform,uniform,0.6717694923118369,0.5256890416771233,0.693984491717116,1.0
california,real,real,3004,0.6786318180353519,0.5392665694363614,0.6998256116010969,0.545,0.4272101577980288,0.2935503325526182,,smoothed_loss,smoothed_loss|alpha=0.2,0.6735239288063259,0.5374301062440049,0.6942202244033608,0.9875435589411322
california,real,real,3004,0.6786318180353519,0.5392665694363614,0.6998256116010969,0.545,0.4272101577980288,0.2935503325526182,,smoothed_loss,smoothed_loss|alpha=0.5,0.6814266208381473,0.553018832884728,0.7009540724623999,0.9269260129015277
california,real,real,3004,0.6786318180353519,0.5392665694363614,0.6998256116010969,0.545,0.4272101577980288,0.2935503325526182,,smoothed_loss,smoothed_loss|alpha=0.8,0.687130074983055,0.5564589941349384,0.7070017140060405,0.8320734505413743
california,real,real,3004,0.6786318180353519,0.5392665694363614,0.6998256116010969,0.545,0.4272101577980288,0.2935503325526182,,smoothed_loss,smoothed_loss|alpha=1.0,0.6889662907562681,0.5643278167443142,0.7079205287396528,0.7602602662411638
california,real,real,3005,0.7063382330841566,0.7694023810513365,0.6424488874082966,0.065,0.577037411150908,0.17166194464220477,,uniform,uniform,0.6718740683038678,0.7586849699406061,0.5839272414318222,1.0
california,real,real,3005,0.7063382330841566,0.7694023810513365,0.6424488874082966,0.065,0.577037411150908,0.17166194464220477,,smoothed_loss,smoothed_loss|alpha=0.2,0.674515034100235,0.7618561454838647,0.5860310596587419,0.9928031362767435
california,real,real,3005,0.7063382330841566,0.7694023810513365,0.6424488874082966,0.065,0.577037411150908,0.17166194464220477,,smoothed_loss,smoothed_loss|alpha=0.5,0.6770501763554369,0.764425980588546,0.5885310551066955,0.9566572442392985
california,real,real,3005,0.7063382330841566,0.7694023810513365,0.6424488874082966,0.065,0.577037411150908,0.17166194464220477,,smoothed_loss,smoothed_loss|alpha=0.8,0.6805485692465179,0.7690557173630777,0.590883300419827,0.8960697573265817
california,real,real,3005,0.7063382330841566,0.7694023810513365,0.6424488874082966,0.065,0.577037411150908,0.17166194464220477,,smoothed_loss,smoothed_loss|alpha=1.0,0.6824016511628899,0.7716276296952932,0.5920081459863785,0.846578153783896
california,real,real,3006,0.7026924948976734,0.8304387367212962,0.6525191798638827,0.17,0.4624000901348124,0.2849274518992543,,uniform,uniform,0.6783909030321115,0.7851045674637711,0.6364782938820724,1.0
california,real,real,3006,0.7026924948976734,0.8304387367212962,0.6525191798638827,0.17,0.4624000901348124,0.2849274518992543,,smoothed_loss,smoothed_loss|alpha=0.2,0.6818273737130967,0.7837553075090818,0.6417943969297153,0.9912820389648676
california,real,real,3006,0.7026924948976734,0.8304387367212962,0.6525191798638827,0.17,0.4624000901348124,0.2849274518992543,,smoothed_loss,smoothed_loss|alpha=0.5,0.6875396429360535,0.7865645074708929,0.6486468688429827,0.9478974409485386
california,real,real,3006,0.7026924948976734,0.8304387367212962,0.6525191798638827,0.17,0.4624000901348124,0.2849274518992543,,smoothed_loss,smoothed_loss|alpha=0.8,0.689733251473275,0.7813134200340797,0.6537644387516218,0.8766438368010568
california,real,real,3006,0.7026924948976734,0.8304387367212962,0.6525191798638827,0.17,0.4624000901348124,0.2849274518992543,,smoothed_loss,smoothed_loss|alpha=1.0,0.6932047698552216,0.7760801414665376,0.6606548328156795,0.8197623000145313
california,real,real,3007,0.7268523314582821,0.7904146583947232,0.7094693200484116,0.05,0.4472112845854911,0.28293047467506144,,uniform,uniform,0.6778068612328895,0.7382715978394853,0.6612709781558229,1.0
california,real,real,3007,0.7268523314582821,0.7904146583947232,0.7094693200484116,0.05,0.4472112845854911,0.28293047467506144,,smoothed_loss,smoothed_loss|alpha=0.2,0.6808438544081903,0.7362239189777058,0.6656985263390359,0.9917007427811424
california,real,real,3007,0.7268523314582821,0.7904146583947232,0.7094693200484116,0.05,0.4472112845854911,0.28293047467506144,,smoothed_loss,smoothed_loss|alpha=0.5,0.6872059578408996,0.7325160747614008,0.6748145568747392,0.9502953295678397
california,real,real,3007,0.7268523314582821,0.7904146583947232,0.7094693200484116,0.05,0.4472112845854911,0.28293047467506144,,smoothed_loss,smoothed_loss|alpha=0.8,0.6946068974570853,0.7306631449312528,0.6847462427037233,0.8819124666966536
california,real,real,3007,0.7268523314582821,0.7904146583947232,0.7094693200484116,0.05,0.4472112845854911,0.28293047467506144,,smoothed_loss,smoothed_loss|alpha=1.0,0.7056354706353175,0.7341935463234703,0.6978254142787039,0.8269808915615562
california,real,real,3008,0.7252561499560262,0.5532556213901286,0.7467864552195492,0.335,0.43059541671239027,0.3269710853967169,,uniform,uniform,0.69544203569523,0.4756931003892333,0.7229492863875417,1.0
california,real,real,3008,0.7252561499560262,0.5532556213901286,0.7467864552195492,0.335,0.43059541671239027,0.3269710853967169,,smoothed_loss,smoothed_loss|alpha=0.2,0.694910015072633,0.4753529291960491,0.7223932508574656,0.9918869244097608
california,real,real,3008,0.7252561499560262,0.5532556213901286,0.7467864552195492,0.335,0.43059541671239027,0.3269710853967169,,smoothed_loss,smoothed_loss|alpha=0.5,0.6941209466430837,0.47449450756621064,0.7216128637708498,0.9513648269464753
california,real,real,3008,0.7252561499560262,0.5532556213901286,0.7467864552195492,0.335,0.43059541671239027,0.3269710853967169,,smoothed_loss,smoothed_loss|alpha=0.8,0.6930336268793649,0.4767966562736591,0.7201012645501212,0.8842741759322401
california,real,real,3008,0.7252561499560262,0.5532556213901286,0.7467864552195492,0.335,0.43059541671239027,0.3269710853967169,,smoothed_loss,smoothed_loss|alpha=1.0,0.6913910755957042,0.47729490280269093,0.7181907371689508,0.8302297275288378
california,real,real,3009,0.7392901572707699,0.722768025390935,0.7417317348656379,0.63,0.42478157507188213,0.2999207090509347,,uniform,uniform,0.6755705876752067,0.5219326189116568,0.6982746203619293,1.0
california,real,real,3009,0.7392901572707699,0.722768025390935,0.7417317348656379,0.63,0.42478157507188213,0.2999207090509347,,smoothed_loss,smoothed_loss|alpha=0.2,0.6773883006764918,0.5262386294579133,0.6997246222482473,0.9926002136599072
california,real,real,3009,0.7392901572707699,0.722768025390935,0.7417317348656379,0.63,0.42478157507188213,0.2999207090509347,,smoothed_loss,smoothed_loss|alpha=0.5,0.6793024587789477,0.5274934478309583,0.7017362150596406,0.9554808542490729
california,real,real,3009,0.7392901572707699,0.722768025390935,0.7417317348656379,0.63,0.42478157507188213,0.2999207090509347,,smoothed_loss,smoothed_loss|alpha=0.8,0.6831648098839921,0.5374263635774311,0.7047014812894093,0.8934321125285722
california,real,real,3009,0.7392901572707699,0.722768025390935,0.7417317348656379,0.63,0.42478157507188213,0.2999207090509347,,smoothed_loss,smoothed_loss|alpha=1.0,0.6888308254332212,0.5463077839249233,0.7098923365886799,0.8429046670671726
california,real,real,3010,0.7282950442939022,0.697244199664816,0.7343863583120486,0.1,0.43045161241877833,0.2807349799858538,,uniform,uniform,0.6847617827927881,0.5740120018035871,0.7064878163839711,1.0
california,real,real,3010,0.7282950442939022,0.697244199664816,0.7343863583120486,0.1,0.43045161241877833,0.2807349799858538,,smoothed_loss,smoothed_loss|alpha=0.2,0.6885143531097355,0.574685375877951,0.7108444395523343,0.9926940551360055
california,real,real,3010,0.7282950442939022,0.697244199664816,0.7343863583120486,0.1,0.43045161241877833,0.2807349799858538,,smoothed_loss,smoothed_loss|alpha=0.5,0.6926774031484354,0.569143330221348,0.7169113600384383,0.9560245752501493
california,real,real,3010,0.7282950442939022,0.697244199664816,0.7343863583120486,0.1,0.43045161241877833,0.2807349799858538,,smoothed_loss,smoothed_loss|alpha=0.8,0.7010678992363797,0.5755976813786811,0.7256816740314306,0.8946500915180321
california,real,real,3010,0.7282950442939022,0.697244199664816,0.7343863583120486,0.1,0.43045161241877833,0.2807349799858538,,smoothed_loss,smoothed_loss|alpha=1.0,0.7065331989700352,0.5730580869192834,0.7327173118603739,0.8445996855086496
california,real,real,3011,0.7546588343877154,0.7482011689411489,0.7556216405832824,0.095,0.4391367919392652,0.3213354018988054,,uniform,uniform,0.6719472062414391,0.47123195375277965,0.7018728643976051,1.0
california,real,real,3011,0.7546588343877154,0.7482011689411489,0.7556216405832824,0.095,0.4391367919392652,0.3213354018988054,,smoothed_loss,smoothed_loss|alpha=0.2,0.6787994610472735,0.4807820028310653,0.7083228913300118,0.9922530936646663
california,real,real,3011,0.7546588343877154,0.7482011689411489,0.7556216405832824,0.095,0.4391367919392652,0.3213354018988054,,smoothed_loss,smoothed_loss|alpha=0.5,0.690314840904252,0.4883168527943113,0.7204317486402645,0.9534741022090237
california,real,real,3011,0.7546588343877154,0.7482011689411489,0.7556216405832824,0.095,0.4391367919392652,0.3213354018988054,,smoothed_loss,smoothed_loss|alpha=0.8,0.7100176985970125,0.5028135886436276,0.7409108135254258,0.8889535010304236
california,real,real,3011,0.7546588343877154,0.7482011689411489,0.7556216405832824,0.095,0.4391367919392652,0.3213354018988054,,smoothed_loss,smoothed_loss|alpha=1.0,0.7187582119840514,0.5105164065286684,0.7498060422142564,0.8366907388182772
california,real,real,3012,0.7111330332359775,0.6831850548167512,0.714863126133528,0.325,0.3853902217482628,0.3380824527308537,,uniform,uniform,0.6750021317950404,0.4566619072919011,0.7041430345269698,1.0
california,real,real,3012,0.7111330332359775,0.6831850548167512,0.714863126133528,0.325,0.3853902217482628,0.3380824527308537,,smoothed_loss,smoothed_loss|alpha=0.2,0.6763090152065406,0.4567812137576347,0.7056084185736234,0.989745678738699
california,real,real,3012,0.7111330332359775,0.6831850548167512,0.714863126133528,0.325,0.3853902217482628,0.3380824527308537,,smoothed_loss,smoothed_loss|alpha=0.5,0.67833213199318,0.4535040304758134,0.7083389429352825,0.9391845056070146
california,real,real,3012,0.7111330332359775,0.6831850548167512,0.714863126133528,0.325,0.3853902217482628,0.3380824527308537,,smoothed_loss,smoothed_loss|alpha=0.8,0.6800666113573136,0.46021338978980825,0.7094094471063347,0.8578028835385761
california,real,real,3012,0.7111330332359775,0.6831850548167512,0.714863126133528,0.325,0.3853902217482628,0.3380824527308537,,smoothed_loss,smoothed_loss|alpha=1.0,0.6814164382518024,0.45957159536275816,0.7110250868776851,0.794272315041318
california,real,real,3013,0.7043624038343181,0.7769062911011615,0.6393171260621033,0.135,0.5439416752552855,0.18166727223503268,,uniform,uniform,0.6788991590424805,0.7625008163526307,0.6039391144841616,1.0
california,real,real,3013,0.7043624038343181,0.7769062911011615,0.6393171260621033,0.135,0.5439416752552855,0.18166727223503268,,smoothed_loss,smoothed_loss|alpha=0.2,0.6825968893383659,0.7680654253306058,0.6059629388588375,0.9908657466252045
california,real,real,3013,0.7043624038343181,0.7769062911011615,0.6393171260621033,0.135,0.5439416752552855,0.18166727223503268,,smoothed_loss,smoothed_loss|alpha=0.5,0.688321724633106,0.7775308321034448,0.608333852548511,0.9455233355996726
california,real,real,3013,0.7043624038343181,0.7769062911011615,0.6393171260621033,0.135,0.5439416752552855,0.18166727223503268,,smoothed_loss,smoothed_loss|alpha=0.8,0.6923031917438655,0.7840105436116382,0.6100753101023492,0.8714632540811877
california,real,real,3013,0.7043624038343181,0.7769062911011615,0.6393171260621033,0.135,0.5439416752552855,0.18166727223503268,,smoothed_loss,smoothed_loss|alpha=1.0,0.6948574636577566,0.7902886698371102,0.6092906495822906,0.8127032491213538
california,real,real,3014,0.708542871251769,0.8310647701806078,0.6515455043508073,0.3,0.453349017978682,0.2577347862618607,,uniform,uniform,0.6589806244696116,0.7771106008602057,0.6040263863684927,1.0
california,real,real,3014,0.708542871251769,0.8310647701806078,0.6515455043508073,0.3,0.453349017978682,0.2577347862618607,,smoothed_loss,smoothed_loss|alpha=0.2,0.6611667534427718,0.7780090773257495,0.6068115331748662,0.9908725906367778
california,real,real,3014,0.708542871251769,0.8310647701806078,0.6515455043508073,0.3,0.453349017978682,0.2577347862618607,,smoothed_loss,smoothed_loss|alpha=0.5,0.6667060441995184,0.7825971459898506,0.6127933338428436,0.9455622867704426
california,real,real,3014,0.708542871251769,0.8310647701806078,0.6515455043508073,0.3,0.453349017978682,0.2577347862618607,,smoothed_loss,smoothed_loss|alpha=0.8,0.675019396095856,0.790362833478945,0.6213614600238696,0.8715479648181095
california,real,real,3014,0.708542871251769,0.8310647701806078,0.6515455043508073,0.3,0.453349017978682,0.2577347862618607,,smoothed_loss,smoothed_loss|alpha=1.0,0.6802751226890106,0.7932102101703905,0.627737554520017,0.8128183672226861
california,real,real,3015,0.7002892577089306,0.7560232797867723,0.6834056614443075,0.53,0.4591571830235543,0.2925960566795332,,uniform,uniform,0.6824202219215163,0.7140716424246637,0.6728320065899439,1.0
california,real,real,3015,0.7002892577089306,0.7560232797867723,0.6834056614443075,0.53,0.4591571830235543,0.2925960566795332,,smoothed_loss,smoothed_loss|alpha=0.2,0.6837096093283029,0.7129163746092002,0.6748619573050995,0.989731035048286
california,real,real,3015,0.7002892577089306,0.7560232797867723,0.6834056614443075,0.53,0.4591571830235543,0.2925960566795332,,smoothed_loss,smoothed_loss|alpha=0.5,0.6864029689565302,0.7175327637971927,0.6769727705194566,0.939102100622097
california,real,real,3015,0.7002892577089306,0.7560232797867723,0.6834056614443075,0.53,0.4591571830235543,0.2925960566795332,,smoothed_loss,smoothed_loss|alpha=0.8,0.690315520408953,0.7198345634737148,0.6813732695782599,0.8576269228607373
california,real,real,3015,0.7002892577089306,0.7560232797867723,0.6834056614443075,0.53,0.4591571830235543,0.2925960566795332,,smoothed_loss,smoothed_loss|alpha=1.0,0.6882687784134496,0.7205854067367716,0.6784790506151792,0.7940366149781644
california,real,real,3016,0.6973493467548296,0.8062465628606518,0.5832107899864641,0.315,0.5705946649379525,0.15060348090676384,,uniform,uniform,0.6919347455093601,0.8076657282332852,0.5706335055524347,1.0
california,real,real,3016,0.6973493467548296,0.8062465628606518,0.5832107899864641,0.315,0.5705946649379525,0.15060348090676384,,smoothed_loss,smoothed_loss|alpha=0.2,0.6948997741942935,0.8130070203877532,0.5711078986397561,0.9891388440064919
california,real,real,3016,0.6973493467548296,0.8062465628606518,0.5832107899864641,0.315,0.5705946649379525,0.15060348090676384,,smoothed_loss,smoothed_loss|alpha=0.5,0.7003809054676338,0.8215069997021436,0.5734248814542995,0.9357796859944945
california,real,real,3016,0.6973493467548296,0.8062465628606518,0.5832107899864641,0.315,0.5705946649379525,0.15060348090676384,,smoothed_loss,smoothed_loss|alpha=0.8,0.7055848166506653,0.8299506039054801,0.5752331696918296,0.850566768648679
california,real,real,3016,0.6973493467548296,0.8062465628606518,0.5832107899864641,0.315,0.5705946649379525,0.15060348090676384,,smoothed_loss,smoothed_loss|alpha=1.0,0.7097218687187699,0.8367055259551733,0.5766263508678137,0.7846150175860588
california,real,real,3017,0.7140430310639215,0.7884183023081841,0.6421542487304799,0.06,0.5506154842270121,0.1643464345839651,,uniform,uniform,0.6798774957385126,0.7571070746423799,0.605229829993673,1.0
california,real,real,3017,0.7140430310639215,0.7884183023081841,0.6421542487304799,0.06,0.5506154842270121,0.1643464345839651,,smoothed_loss,smoothed_loss|alpha=0.2,0.6820806928334853,0.7612843285453395,0.6055249662801394,0.9904587904741984
california,real,real,3017,0.7140430310639215,0.7884183023081841,0.6421542487304799,0.06,0.5506154842270121,0.1643464345839651,,smoothed_loss,smoothed_loss|alpha=0.5,0.6849349072498793,0.7655194301185161,0.6070444588920917,0.9432120267101857
california,real,real,3017,0.7140430310639215,0.7884183023081841,0.6421542487304799,0.06,0.5506154842270121,0.1643464345839651,,smoothed_loss,smoothed_loss|alpha=0.8,0.6893708293411364,0.7710738224422649,0.6103993030693473,0.8664535653092938
california,real,real,3017,0.7140430310639215,0.7884183023081841,0.6421542487304799,0.06,0.5506154842270121,0.1643464345839651,,smoothed_loss,smoothed_loss|alpha=1.0,0.6940131309544751,0.7735671779057673,0.6171187079917215,0.8059134519589455
california,real,real,3018,0.7321972742388984,0.8231192843904198,0.6649252693377509,0.39,0.4842640727997612,0.22875554048758004,,uniform,uniform,0.6920973728803365,0.7982951279076397,0.6135230443455635,1.0
california,real,real,3018,0.7321972742388984,0.8231192843904198,0.6649252693377509,0.39,0.4842640727997612,0.22875554048758004,,smoothed_loss,smoothed_loss|alpha=0.2,0.6933222757769448,0.8003520210163731,0.6141323685771765,0.9914514452868373
california,real,real,3018,0.7321972742388984,0.8231192843904198,0.6649252693377509,0.39,0.4842640727997612,0.22875554048758004,,smoothed_loss,smoothed_loss|alpha=0.5,0.697065445417475,0.8064687486336383,0.6161193737468816,0.9488664043291657
california,real,real,3018,0.7321972742388984,0.8231192843904198,0.6649252693377509,0.39,0.4842640727997612,0.22875554048758004,,smoothed_loss,smoothed_loss|alpha=0.8,0.7005558504018101,0.8073081030046672,0.6215712563707272,0.8787684434955052
california,real,real,3018,0.7321972742388984,0.8231192843904198,0.6649252693377509,0.39,0.4842640727997612,0.22875554048758004,,smoothed_loss,smoothed_loss|alpha=1.0,0.7026886527645148,0.798460419366828,0.6318283765615852,0.8226684210844744
california,real,real,3019,0.7044986866619282,0.772592140895602,0.6445367497650448,0.4,0.526670678883021,0.18551979821993217,,uniform,uniform,0.6631102581946726,0.7437070043542433,0.5921381352248203,1.0
california,real,real,3019,0.7044986866619282,0.772592140895602,0.6445367497650448,0.4,0.526670678883021,0.18551979821993217,,smoothed_loss,smoothed_loss|alpha=0.2,0.6651427926838276,0.7456456667000423,0.5942533319257786,0.991550338622965
california,real,real,3019,0.7044986866619282,0.772592140895602,0.6445367497650448,0.4,0.526670678883021,0.18551979821993217,,smoothed_loss,smoothed_loss|alpha=0.5,0.6678095353214902,0.7524713196302201,0.5932578089414945,0.9494328133159472
california,real,real,3019,0.7044986866619282,0.772592140895602,0.6445367497650448,0.4,0.526670678883021,0.18551979821993217,,smoothed_loss,smoothed_loss|alpha=0.8,0.6716250576476142,0.7586928819138502,0.5949546134300964,0.8800131426783764
california,real,real,3019,0.7044986866619282,0.772592140895602,0.6445367497650448,0.4,0.526670678883021,0.18551979821993217,,smoothed_loss,smoothed_loss|alpha=1.0,0.6743041437703942,0.7627767557020946,0.5963966674431376,0.824373992575775
