task,region,noise,seed,dim,emb_dim,init_mae,init_in,init_out,const_mae,detect_dist,detect_dist_emb,arm,hp,mae,err_in,err_out,err_in_emb,ess
cal8,real,real,3009,8,62,0.4705149710564033,0.5815245018805172,0.45818057874261287,0.93332666375,,,uniform,uniform,0.5062753543763346,0.6286649732764051,0.4926765078318824,0.6303134608144186,1.0
cal8,real,real,3009,8,62,0.4705149710564033,0.5815245018805172,0.45818057874261287,0.93332666375,,,weakspot,"weakspot|alpha=0.2,q=0.03",0.5087750344341673,0.6306754846149171,0.4952305399696395,0.6294752039032423,0.978684846012656
cal8,real,real,3009,8,62,0.4705149710564033,0.5815245018805172,0.45818057874261287,0.93332666375,,,weakspot,"weakspot|alpha=0.2,q=0.1",0.5077166619384219,0.6292050872197192,0.4942179480182778,0.6285531953913973,0.9898536620081954
cal8,real,real,3009,8,62,0.4705149710564033,0.5815245018805172,0.45818057874261287,0.93332666375,,,weakspot,"weakspot|alpha=0.2,q=0.3",0.5084168041376179,0.6304606697389386,0.49485637462636,0.6301559351602507,0.9953512604578414
cal8,real,real,3009,8,62,0.4705149710564033,0.5815245018805172,0.45818057874261287,0.93332666375,,,weakspot,"weakspot|alpha=0.5,q=0.03",0.5142872021530726,0.6333133081871705,0.5010620792603951,0.633297585346585,0.8801878170114003
cal8,real,real,3009,8,62,0.4705149710564033,0.5815245018805172,0.45818057874261287,0.93332666375,,,weakspot,"weakspot|alpha=0.5,q=0.1",0.5124206160099939,0.6314859877692119,0.49919113025896955,0.6308824327435082,0.9397925353049557
cal8,real,real,3009,8,62,0.4705149710564033,0.5815245018805172,0.45818057874261287,0.93332666375,,,weakspot,"weakspot|alpha=0.5,q=0.3",0.5114231961047151,0.630364111682881,0.49820753881825225,0.6307440137034322,0.9716375875694393
cal8,real,real,3009,8,62,0.4705149710564033,0.5815245018805172,0.45818057874261287,0.93332666375,,,weakspot,"weakspot|alpha=0.8,q=0.03",0.5205500997018618,0.6415906728271478,0.5071011471323856,0.6454026363079589,0.7415811120506702
cal8,real,real,3009,8,62,0.4705149710564033,0.5815245018805172,0.45818057874261287,0.93332666375,,,weakspot,"weakspot|alpha=0.8,q=0.1",0.5179044617840763,0.6358706076653999,0.5047971122417072,0.6365643964419968,0.859102497386841
cal8,real,real,3009,8,62,0.4705149710564033,0.5815245018805172,0.45818057874261287,0.93332666375,,,weakspot,"weakspot|alpha=0.8,q=0.3",0.5157088272921247,0.6323808807385006,0.5027452657980829,0.6370969813734867,0.9304686634313524
cal8,real,real,3009,8,62,0.4705149710564033,0.5815245018805172,0.45818057874261287,0.93332666375,,,weakspot,"weakspot|alpha=1.0,q=0.03",0.5336261277362229,0.6522030430288968,0.5204509149259258,0.6590910416934318,0.6474651705377567
cal8,real,real,3009,8,62,0.4705149710564033,0.5815245018805172,0.45818057874261287,0.93332666375,,,weakspot,"weakspot|alpha=1.0,q=0.1",0.5245526947897338,0.6414038708102133,0.5115692307874584,0.6402741053426414,0.796014492028336
cal8,real,real,3009,8,62,0.4705149710564033,0.5815245018805172,0.45818057874261287,0.93332666375,,,weakspot,"weakspot|alpha=1.0,q=0.3",0.5186402070270151,0.6340315232479823,0.5058189496691298,0.6362947490964292,0.8954465172722815
cal8,real,real,3009,8,62,0.4705149710564033,0.5815245018805172,0.45818057874261287,0.93332666375,,,weakspot_emb,"weakspot_emb|alpha=0.2,q=0.03",0.5092651555388304,0.631275801783117,0.495708417067243,0.6351128475776349,0.9918623983699579
cal8,real,real,3009,8,62,0.4705149710564033,0.5815245018805172,0.45818057874261287,0.93332666375,,,weakspot_emb,"weakspot_emb|alpha=0.2,q=0.1",0.5101632542990131,0.6323087244205353,0.49659153539662176,0.6363169777661227,0.9940193963870216
cal8,real,real,3009,8,62,0.4705149710564033,0.5815245018805172,0.45818057874261287,0.93332666375,,,weakspot_emb,"weakspot_emb|alpha=0.2,q=0.3",0.5080465350430695,0.6317426463401072,0.494302522676732,0.6334314468458243,0.9960401084946522
cal8,real,real,3009,8,62,0.4705149710564033,0.5815245018805172,0.45818057874261287,0.93332666375,,,weakspot_emb,"weakspot_emb|alpha=0.5,q=0.03",0.5149959959997225,0.638234643986892,0.5013028128900369,0.6398265793205324,0.9512238254684566
cal8,real,real,3009,8,62,0.4705149710564033,0.5815245018805172,0.45818057874261287,0.93332666375,,,weakspot_emb,"weakspot_emb|alpha=0.5,q=0.1",0.5140130362217807,0.6374607211872035,0.5002966267811783,0.6381327580370386,0.9637591245498236
cal8,real,real,3009,8,62,0.4705149710564033,0.5815245018805172,0.45818057874261287,0.93332666375,,,weakspot_emb,"weakspot_emb|alpha=0.5,q=0.3",0.5121551598865556,0.6338113888178211,0.4986378011164149,0.6354044703947358,0.9757547235783482
cal8,real,real,3009,8,62,0.4705149710564033,0.5815245018805172,0.45818057874261287,0.93332666375,,,weakspot_emb,"weakspot_emb|alpha=0.8,q=0.03",0.5236315539799038,0.6476731990876132,0.5098491489679361,0.6512311154437813,0.8839623914112922
cal8,real,real,3009,8,62,0.4705149710564033,0.5815245018805172,0.45818057874261287,0.93332666375,,,weakspot_emb,"weakspot_emb|alpha=0.8,q=0.1",0.5198267566614884,0.6432820032946366,0.5061095070355831,0.647691149538949,0.9121878840601452
cal8,real,real,3009,8,62,0.4705149710564033,0.5815245018805172,0.45818057874261287,0.93332666375,,,weakspot_emb,"weakspot_emb|alpha=0.8,q=0.3",0.517678726324259,0.6400503340499161,0.5040818810214084,0.6418936495479426,0.9401941085379893
cal8,real,real,3009,8,62,0.4705149710564033,0.5815245018805172,0.45818057874261287,0.93332666375,,,weakspot_emb,"weakspot_emb|alpha=1.0,q=0.03",0.5299701075877173,0.6510228278797706,0.516519805333045,0.6574810726645021,0.8298003634120796
cal8,real,real,3009,8,62,0.4705149710564033,0.5815245018805172,0.45818057874261287,0.93332666375,,,weakspot_emb,"weakspot_emb|alpha=1.0,q=0.1",0.5292538936580871,0.6491907243130233,0.5159275791408718,0.6532651543681941,0.8692517872771595
cal8,real,real,3009,8,62,0.4705149710564033,0.5815245018805172,0.45818057874261287,0.93332666375,,,weakspot_emb,"weakspot_emb|alpha=1.0,q=0.3",0.520551987711676,0.6428527116334521,0.5069630183870343,0.6458877716271926,0.909594605642044
cal8,real,real,3009,8,62,0.4705149710564033,0.5815245018805172,0.45818057874261287,0.93332666375,,,loss,loss|alpha=0.2,0.5207910960848474,0.6429915243124164,0.5072132707262287,0.6469042802903732,0.9643139028036287
cal8,real,real,3009,8,62,0.4705149710564033,0.5815245018805172,0.45818057874261287,0.93332666375,,,loss,loss|alpha=0.5,0.5351930458939188,0.6432030710801019,0.5231919319843429,0.6556327084125658,0.8121550260191626
cal8,real,real,3009,8,62,0.4705149710564033,0.5815245018805172,0.45818057874261287,0.93332666375,,,loss,loss|alpha=0.8,0.5490095643283449,0.6561915223560635,0.5371004578808206,0.6716115000484139,0.6280982661715674
cal8,real,real,3009,8,62,0.4705149710564033,0.5815245018805172,0.45818057874261287,0.93332666375,,,loss,loss|alpha=1.0,0.5634386638819716,0.6673369566503085,0.5518944091299341,0.687920332275113,0.5194351687458014
cal8,real,real,3009,8,62,0.4705149710564033,0.5815245018805172,0.45818057874261287,0.93332666375,,,smoothed_loss,smoothed_loss|alpha=0.2,0.50889774607075,0.6291047456017445,0.4955414127895284,0.6324022857273418,0.9928322075074064
cal8,real,real,3009,8,62,0.4705149710564033,0.5815245018805172,0.45818057874261287,0.93332666375,,,smoothed_loss,smoothed_loss|alpha=0.5,0.5145367241024542,0.6339390399496961,0.5012698001194273,0.6390278998244693,0.9568259748031175
cal8,real,real,3009,8,62,0.4705149710564033,0.5815245018805172,0.45818057874261287,0.93332666375,,,smoothed_loss,smoothed_loss|alpha=0.8,0.5190974521100901,0.6334202095459165,0.5063949235061094,0.6419845952361363,0.8964488206117764
cal8,real,real,3009,8,62,0.4705149710564033,0.5815245018805172,0.45818057874261287,0.93332666375,,,smoothed_loss,smoothed_loss|alpha=1.0,0.5233113635251234,0.6353367381765591,0.5108640996749638,0.6486113624126532,0.8471069273283358
cal8,real,real,3009,8,62,0.4705149710564033,0.5815245018805172,0.45818057874261287,0.93332666375,,,jtt,"jtt|q=0.1,lam=2",0.5218631045363583,0.64920520085621,0.5077139827230415,0.6516013582804515,0.9307692307692305
cal8,real,real,3009,8,62,0.4705149710564033,0.5815245018805172,0.45818057874261287,0.93332666375,,,jtt,"jtt|q=0.1,lam=5",0.5432368705089894,0.6713254349894499,0.5290048077889382,0.6765747691864783,0.576470588235294
cal8,real,real,3009,8,62,0.4705149710564033,0.5815245018805172,0.45818057874261287,0.93332666375,,,jtt,"jtt|q=0.1,lam=10",0.5654622883325915,0.6993371399820084,0.5505873048159896,0.6965640598186537,0.3311926605504589
cal8,real,real,3009,8,62,0.4705149710564033,0.5815245018805172,0.45818057874261287,0.93332666375,,,jtt,"jtt|q=0.1,lam=20",0.5931870647170088,0.7392916547291464,0.5769532213823266,0.745365500426265,0.20562347188264066
cal8,real,real,3009,8,62,0.4705149710564033,0.5815245018805172,0.45818057874261287,0.93332666375,,,jtt,"jtt|q=0.2,lam=2",0.5238291832203537,0.6460259122446986,0.5102517688843153,0.6435759317034442,0.8999999999999998
cal8,real,real,3009,8,62,0.4705149710564033,0.5815245018805172,0.45818057874261287,0.93332666375,,,jtt,"jtt|q=0.2,lam=5",0.5498858173438643,0.6673104956588547,0.5368386308644209,0.6691367681429863,0.5586206896551724
cal8,real,real,3009,8,62,0.4705149710564033,0.5815245018805172,0.45818057874261287,0.93332666375,,,jtt,"jtt|q=0.2,lam=10",0.5756751242511886,0.6824252458663858,0.5638139996272779,0.6951780674434836,0.37692307692307686
cal8,real,real,3009,8,62,0.4705149710564033,0.5815245018805172,0.45818057874261287,0.93332666375,,,jtt,"jtt|q=0.2,lam=20",0.597853293445482,0.6918782135710001,0.5874060800982022,0.7170521553645525,0.2851485148514852
cal8,real,real,3009,8,62,0.4705149710564033,0.5815245018805172,0.45818057874261287,0.93332666375,,,density,density|alpha=0.2,0.5040769225182437,0.6258153796290234,0.4905504272837127,0.6242991748262068,0.9876203866410409
cal8,real,real,3009,8,62,0.4705149710564033,0.5815245018805172,0.45818057874261287,0.93332666375,,,density,density|alpha=0.5,0.49971133036590415,0.620971533111662,0.4862379745052643,0.6180947621463637,0.9273492073062988
cal8,real,real,3009,8,62,0.4705149710564033,0.5815245018805172,0.45818057874261287,0.93332666375,,,density,density|alpha=0.8,0.4948513285510046,0.6172110120790097,0.481255808159004,0.6088198995064477,0.8329469658541552
cal8,real,real,3009,8,62,0.4705149710564033,0.5815245018805172,0.45818057874261287,0.93332666375,,,density,density|alpha=1.0,0.4950910306019454,0.6163717120342583,0.48161539933168845,0.610016259323946,0.7614002189209949
cal8,real,real,3008,8,59,0.4811442246327874,0.3208382886295088,0.4989559952998184,0.9292888959999999,,,uniform,uniform,0.496965606767882,0.34737514413951986,0.5135867692821444,0.6459229371827131,1.0
cal8,real,real,3008,8,59,0.4811442246327874,0.3208382886295088,0.4989559952998184,0.9292888959999999,,,weakspot,"weakspot|alpha=0.2,q=0.03",0.49699429260232975,0.3476316710147103,0.5135901394453984,0.6460428917389831,0.9970263109519156
cal8,real,real,3008,8,59,0.4811442246327874,0.3208382886295088,0.4989559952998184,0.9292888959999999,,,weakspot,"weakspot|alpha=0.2,q=0.1",0.4968431497991004,0.34726719607051115,0.5134627002133881,0.6462512179284279,0.9980641799139905
cal8,real,real,3008,8,59,0.4811442246327874,0.3208382886295088,0.4989559952998184,0.9292888959999999,,,weakspot,"weakspot|alpha=0.2,q=0.3",0.4970536102301396,0.34718153396517304,0.5137060631484692,0.6458679687732523,0.9988792998321009
cal8,real,real,3008,8,59,0.4811442246327874,0.3208382886295088,0.4989559952998184,0.9292888959999999,,,weakspot,"weakspot|alpha=0.5,q=0.03",0.49709869904999837,0.34823871637888115,0.5136386971245669,0.6463708488479059,0.981700138463101
cal8,real,real,3008,8,59,0.4811442246327874,0.3208382886295088,0.4989559952998184,0.9292888959999999,,,weakspot,"weakspot|alpha=0.5,q=0.1",0.4971730417238524,0.3480315806140991,0.5137443151804917,0.6451426291624478,0.9880228489130893
cal8,real,real,3008,8,59,0.4811442246327874,0.3208382886295088,0.4989559952998184,0.9292888959999999,,,weakspot,"weakspot|alpha=0.5,q=0.3",0.4967758214320264,0.34675510914831476,0.51344478946355,0.6462068748362749,0.993036594372374
cal8,real,real,3008,8,59,0.4811442246327874,0.3208382886295088,0.4989559952998184,0.9292888959999999,,,weakspot,"weakspot|alpha=0.8,q=0.03",0.49885050391157437,0.3499303881302215,0.5153971834428358,0.6490052273905156,0.9544526309197006
cal8,real,real,3008,8,59,0.4811442246327874,0.3208382886295088,0.4989559952998184,0.9292888959999999,,,weakspot,"weakspot|alpha=0.8,q=0.1",0.49869260540043353,0.34993514884960775,0.5152212116838587,0.648554544519248,0.9699008759572489
cal8,real,real,3008,8,59,0.4811442246327874,0.3208382886295088,0.4989559952998184,0.9292888959999999,,,weakspot,"weakspot|alpha=0.8,q=0.3",0.4979394126021173,0.34723561170076706,0.514684279368934,0.6468247827728691,0.9823652463836926
cal8,real,real,3008,8,59,0.4811442246327874,0.3208382886295088,0.4989559952998184,0.9292888959999999,,,weakspot,"weakspot|alpha=1.0,q=0.03",0.5019537197178505,0.34807921769969197,0.519050886608757,0.6537559500888684,0.9306100341535263
cal8,real,real,3008,8,59,0.4811442246327874,0.3208382886295088,0.4989559952998184,0.9292888959999999,,,weakspot,"weakspot|alpha=1.0,q=0.1",0.4999614009976933,0.3498573110094208,0.5166396332186124,0.6504210894238014,0.9537531134933263
cal8,real,real,3008,8,59,0.4811442246327874,0.3208382886295088,0.4989559952998184,0.9292888959999999,,,weakspot,"weakspot|alpha=1.0,q=0.3",0.49889569094037034,0.3498397241284914,0.5154574650305791,0.6480902863391163,0.9727163390834033
cal8,real,real,3008,8,59,0.4811442246327874,0.3208382886295088,0.4989559952998184,0.9292888959999999,,,weakspot_emb,"weakspot_emb|alpha=0.2,q=0.03",0.4990033504040433,0.34830209204520457,0.5157479346661366,0.6496853230325645,0.988052956889021
cal8,real,real,3008,8,59,0.4811442246327874,0.3208382886295088,0.4989559952998184,0.9292888959999999,,,weakspot_emb,"weakspot_emb|alpha=0.2,q=0.1",0.4986826391365093,0.3488692534768957,0.5153285708764663,0.6486583906743294,0.9931544340489554
cal8,real,real,3008,8,59,0.4811442246327874,0.3208382886295088,0.4989559952998184,0.9292888959999999,,,weakspot_emb,"weakspot_emb|alpha=0.2,q=0.3",0.4981412075684966,0.3474616868218833,0.5148833765403426,0.6470757455664342,0.9963330859354971
cal8,real,real,3008,8,59,0.4811442246327874,0.3208382886295088,0.4989559952998184,0.9292888959999999,,,weakspot_emb,"weakspot_emb|alpha=0.5,q=0.03",0.5036557721612074,0.35234628901959913,0.5204679369547195,0.6520499412433078,0.9297379548870396
cal8,real,real,3008,8,59,0.4811442246327874,0.3208382886295088,0.4989559952998184,0.9292888959999999,,,weakspot_emb,"weakspot_emb|alpha=0.5,q=0.1",0.502490285046959,0.35264240218706183,0.5191400498091698,0.6511907275889738,0.9586995198978059
cal8,real,real,3008,8,59,0.4811442246327874,0.3208382886295088,0.4989559952998184,0.9292888959999999,,,weakspot_emb,"weakspot_emb|alpha=0.5,q=0.3",0.5004003764936527,0.3499463449045045,0.5171174911146692,0.6483901130265081,0.9775146591137471
cal8,real,real,3008,8,59,0.4811442246327874,0.3208382886295088,0.4989559952998184,0.9292888959999999,,,weakspot_emb,"weakspot_emb|alpha=0.8,q=0.03",0.5097797281839546,0.35984737316604354,0.5264388787415003,0.6585143724526336,0.8378970705268182
cal8,real,real,3008,8,59,0.4811442246327874,0.3208382886295088,0.4989559952998184,0.9292888959999999,,,weakspot_emb,"weakspot_emb|alpha=0.8,q=0.1",0.5057380576878492,0.3562753692645917,0.5223450230682112,0.6546965638395957,0.9006704496050327
cal8,real,real,3008,8,59,0.4811442246327874,0.3208382886295088,0.4989559952998184,0.9292888959999999,,,weakspot_emb,"weakspot_emb|alpha=0.8,q=0.3",0.5031755069568862,0.35345254610617266,0.5198113914958544,0.6514664749644862,0.9443882287596521
cal8,real,real,3008,8,59,0.4811442246327874,0.3208382886295088,0.4989559952998184,0.9292888959999999,,,weakspot_emb,"weakspot_emb|alpha=1.0,q=0.03",0.5211777527193246,0.3671847885178361,0.5382880820750456,0.6628046425247903,0.7678795848011752
cal8,real,real,3008,8,59,0.4811442246327874,0.3208382886295088,0.4989559952998184,0.9292888959999999,,,weakspot_emb,"weakspot_emb|alpha=1.0,q=0.1",0.5120603146853204,0.3597388118918011,0.5289849261068226,0.6544911749943464,0.85301031346333
cal8,real,real,3008,8,59,0.4811442246327874,0.3208382886295088,0.4989559952998184,0.9292888959999999,,,weakspot_emb,"weakspot_emb|alpha=1.0,q=0.3",0.507704135121024,0.35632913238618796,0.5245235798693391,0.653187192360244,0.9157423241465347
cal8,real,real,3008,8,59,0.4811442246327874,0.3208382886295088,0.4989559952998184,0.9292888959999999,,,loss,loss|alpha=0.2,0.5093206794928526,0.3587627279994487,0.5260493407698975,0.6636707700295668,0.9675483657462034
cal8,real,real,3008,8,59,0.4811442246327874,0.3208382886295088,0.4989559952998184,0.9292888959999999,,,loss,loss|alpha=0.5,0.52302469509306,0.370310837155983,0.539992901530513,0.6819736682760529,0.8267022164326997
cal8,real,real,3008,8,59,0.4811442246327874,0.3208382886295088,0.4989559952998184,0.9292888959999999,,,loss,loss|alpha=0.8,0.537561646465186,0.3824815507560366,0.5547927682106469,0.7083638662567511,0.6507700776150346
cal8,real,real,3008,8,59,0.4811442246327874,0.3208382886295088,0.4989559952998184,0.9292888959999999,,,loss,loss|alpha=1.0,0.5485260353785467,0.39831999705415533,0.5652155951923681,0.7184742533791908,0.5439212008203865
cal8,real,real,3008,8,59,0.4811442246327874,0.3208382886295088,0.4989559952998184,0.9292888959999999,,,smoothed_loss,smoothed_loss|alpha=0.2,0.49948819773055086,0.34727946169265506,0.5164002795125392,0.654910752983775,0.9937356294601748
cal8,real,real,3008,8,59,0.4811442246327874,0.3208382886295088,0.4989559952998184,0.9292888959999999,,,smoothed_loss,smoothed_loss|alpha=0.5,0.502539295553839,0.3490145788894058,0.5195975974054426,0.6567076649831216,0.9620943239285807
cal8,real,real,3008,8,59,0.4811442246327874,0.3208382886295088,0.4989559952998184,0.9292888959999999,,,smoothed_loss,smoothed_loss|alpha=0.8,0.5066810759095466,0.35433204301811266,0.5236087462308171,0.656320663210053,0.9083792648723577
cal8,real,real,3008,8,59,0.4811442246327874,0.3208382886295088,0.4989559952998184,0.9292888959999999,,,smoothed_loss,smoothed_loss|alpha=1.0,0.5098713511283669,0.3584471075638364,0.5266962670799814,0.658135594994064,0.8638588614122297
cal8,real,real,3008,8,59,0.4811442246327874,0.3208382886295088,0.4989559952998184,0.9292888959999999,,,jtt,"jtt|q=0.1,lam=2",0.5121088584316674,0.357609374838038,0.5292754677198483,0.6653825706002511,0.9307692307692305
cal8,real,real,3008,8,59,0.4811442246327874,0.3208382886295088,0.4989559952998184,0.9292888959999999,,,jtt,"jtt|q=0.1,lam=5",0.5344554518144021,0.37435447465876764,0.5522444492761394,0.6962471687754744,0.5764705882352938
cal8,real,real,3008,8,59,0.4811442246327874,0.3208382886295088,0.4989559952998184,0.9292888959999999,,,jtt,"jtt|q=0.1,lam=10",0.5552848379090721,0.3882168102963003,0.573847952088269,0.7154440745636935,0.3311926605504589
cal8,real,real,3008,8,59,0.4811442246327874,0.3208382886295088,0.4989559952998184,0.9292888959999999,,,jtt,"jtt|q=0.1,lam=20",0.5760374150114326,0.40563121017810533,0.5949714377706913,0.7281935067921175,0.20562347188264063
cal8,real,real,3008,8,59,0.4811442246327874,0.3208382886295088,0.4989559952998184,0.9292888959999999,,,jtt,"jtt|q=0.2,lam=2",0.509037957188655,0.35771907190470364,0.5258511666646496,0.6611284383130205,0.9
cal8,real,real,3008,8,59,0.4811442246327874,0.3208382886295088,0.4989559952998184,0.9292888959999999,,,jtt,"jtt|q=0.2,lam=5",0.528037296051785,0.3771426139244335,0.5448033718437129,0.6776651826925503,0.5586206896551722
cal8,real,real,3008,8,59,0.4811442246327874,0.3208382886295088,0.4989559952998184,0.9292888959999999,,,jtt,"jtt|q=0.2,lam=10",0.5463256033246059,0.4009828107370103,0.5624748025010056,0.6995070981379871,0.3769230769230771
cal8,real,real,3008,8,59,0.4811442246327874,0.3208382886295088,0.4989559952998184,0.9292888959999999,,,jtt,"jtt|q=0.2,lam=20",0.5683677860897012,0.4180797865772149,0.5850664527021998,0.7100726380145035,0.2851485148514852
cal8,real,real,3008,8,59,0.4811442246327874,0.3208382886295088,0.4989559952998184,0.9292888959999999,,,density,density|alpha=0.2,0.4948870481877892,0.3424584693636512,0.5118235569460267,0.6437747545138722,0.9887257140680397
cal8,real,real,3008,8,59,0.4811442246327874,0.3208382886295088,0.4989559952998184,0.9292888959999999,,,density,density|alpha=0.5,0.494135892626284,0.3381025607005546,0.5114729295069205,0.6441761449488925,0.9334734212004214
cal8,real,real,3008,8,59,0.4811442246327874,0.3208382886295088,0.4989559952998184,0.9292888959999999,,,density,density|alpha=0.8,0.49292363539331574,0.3331602606724094,0.5106751214734164,0.6416863257162139,0.8457049267023867
cal8,real,real,3008,8,59,0.4811442246327874,0.3208382886295088,0.4989559952998184,0.9292888959999999,,,density,density|alpha=1.0,0.4932120344141898,0.3343771842593556,0.5108603510980603,0.644567191809476,0.7781670470716743
cal8,real,real,3007,8,62,0.4478526052251906,0.4274496180167076,0.45011960380391086,0.9124643719374999,,,uniform,uniform,0.4862744138944628,0.4659327829318486,0.488534595112531,0.4458475485367613,1.0
cal8,real,real,3007,8,62,0.4478526052251906,0.4274496180167076,0.45011960380391086,0.9124643719374999,,,weakspot,"weakspot|alpha=0.2,q=0.03",0.49598607907359626,0.47388658496096925,0.49844157841944364,0.4530108236477094,0.9182741089853957
cal8,real,real,3007,8,62,0.4478526052251906,0.4274496180167076,0.45011960380391086,0.9124643719374999,,,weakspot,"weakspot|alpha=0.2,q=0.1",0.49236531433142205,0.4702159060412096,0.4948263596970012,0.44995955751315314,0.9678431993613431
cal8,real,real,3007,8,62,0.4478526052251906,0.4274496180167076,0.45011960380391086,0.9124643719374999,,,weakspot,"weakspot|alpha=0.2,q=0.3",0.4896707510734077,0.46624084050092257,0.49227407447035054,0.4456192280119886,0.9900134901204712
cal8,real,real,3007,8,62,0.4478526052251906,0.4274496180167076,0.45011960380391086,0.9124643719374999,,,weakspot,"weakspot|alpha=0.5,q=0.03",0.5099073224316684,0.4822827348699195,0.5129767210496404,0.4503431496548025,0.6425716994319581
cal8,real,real,3007,8,62,0.4478526052251906,0.4274496180167076,0.45011960380391086,0.9124643719374999,,,weakspot,"weakspot|alpha=0.5,q=0.1",0.5016121780464189,0.47576567111938345,0.5044840121494228,0.4533546140492764,0.8280492692007968
cal8,real,real,3007,8,62,0.4478526052251906,0.4274496180167076,0.45011960380391086,0.9124643719374999,,,weakspot,"weakspot|alpha=0.5,q=0.3",0.495863345427319,0.4706194034652677,0.498668227867547,0.45099444566516267,0.9406936940566113
cal8,real,real,3007,8,62,0.4478526052251906,0.4274496180167076,0.45011960380391086,0.9124643719374999,,,weakspot,"weakspot|alpha=0.8,q=0.03",0.5242956670402157,0.4931306759393563,0.5277584438291999,0.4592618505223058,0.41254275072102387
cal8,real,real,3007,8,62,0.4478526052251906,0.4274496180167076,0.45011960380391086,0.9124643719374999,,,weakspot,"weakspot|alpha=0.8,q=0.1",0.5140867677237643,0.4789821394242763,0.5179872819792629,0.4543926514424084,0.6529105051341091
cal8,real,real,3007,8,62,0.4478526052251906,0.4274496180167076,0.45011960380391086,0.9124643719374999,,,weakspot,"weakspot|alpha=0.8,q=0.3",0.5011196853283068,0.47369018004373264,0.5041674081377038,0.4524195939866171,0.8610328014467746
cal8,real,real,3007,8,62,0.4478526052251906,0.4274496180167076,0.45011960380391086,0.9124643719374999,,,weakspot,"weakspot|alpha=1.0,q=0.03",0.5850499888645101,0.5060672176593602,0.593825852331749,0.466244994405187,0.31007884046423584
cal8,real,real,3007,8,62,0.4478526052251906,0.4274496180167076,0.45011960380391086,0.9124643719374999,,,weakspot,"weakspot|alpha=1.0,q=0.1",0.5332643761581567,0.4826575461800428,0.538887357266836,0.4545366530451517,0.5462599014294914
cal8,real,real,3007,8,62,0.4478526052251906,0.4274496180167076,0.45011960380391086,0.9124643719374999,,,weakspot,"weakspot|alpha=1.0,q=0.3",0.5070774478250891,0.47718060247309424,0.5103993195308663,0.4544710589342767,0.7986064913444593
cal8,real,real,3007,8,62,0.4478526052251906,0.4274496180167076,0.45011960380391086,0.9124643719374999,,,weakspot_emb,"weakspot_emb|alpha=0.2,q=0.03",0.49263158917143757,0.4680670225548716,0.4953609854621671,0.4475551018763737,0.9746516963717949
cal8,real,real,3007,8,62,0.4478526052251906,0.4274496180167076,0.45011960380391086,0.9124643719374999,,,weakspot_emb,"weakspot_emb|alpha=0.2,q=0.1",0.4902275112167537,0.4675861205929693,0.4927432212860631,0.4459943420653647,0.9873670255204232
cal8,real,real,3007,8,62,0.4478526052251906,0.4274496180167076,0.45011960380391086,0.9124643719374999,,,weakspot_emb,"weakspot_emb|alpha=0.2,q=0.3",0.48906057332892955,0.4675383051312253,0.49145193646200774,0.4459659375260054,0.9942561782269038
cal8,real,real,3007,8,62,0.4478526052251906,0.4274496180167076,0.45011960380391086,0.9124643719374999,,,weakspot_emb,"weakspot_emb|alpha=0.5,q=0.03",0.503533040195217,0.47686865195299755,0.5064957499999081,0.4543274205719419,0.8601801335684237
cal8,real,real,3007,8,62,0.4478526052251906,0.4274496180167076,0.45011960380391086,0.9124643719374999,,,weakspot_emb,"weakspot_emb|alpha=0.5,q=0.1",0.49847101442997527,0.4713725530100501,0.5014819545877447,0.44967056911009995,0.9259548167799088
cal8,real,real,3007,8,62,0.4478526052251906,0.4274496180167076,0.45011960380391086,0.9124643719374999,,,weakspot_emb,"weakspot_emb|alpha=0.5,q=0.3",0.49420911823289393,0.4691849859209891,0.4969895773786612,0.4456493003938729,0.965151958840352
cal8,real,real,3007,8,62,0.4478526052251906,0.4274496180167076,0.45011960380391086,0.9124643719374999,,,weakspot_emb,"weakspot_emb|alpha=0.8,q=0.03",0.5182203035475925,0.4841683688256006,0.5220038518500361,0.4500044374740091,0.7061544393254148
cal8,real,real,3007,8,62,0.4478526052251906,0.4274496180167076,0.45011960380391086,0.9124643719374999,,,weakspot_emb,"weakspot_emb|alpha=0.8,q=0.1",0.5074074255640055,0.47667851482605855,0.5108217489793329,0.45264613137258763,0.8300727142842361
cal8,real,real,3007,8,62,0.4478526052251906,0.4274496180167076,0.45011960380391086,0.9124643719374999,,,weakspot_emb,"weakspot_emb|alpha=0.8,q=0.3",0.500126235041667,0.4724789165677945,0.5031981593165418,0.44975117507707535,0.9153887322589641
cal8,real,real,3007,8,62,0.4478526052251906,0.4274496180167076,0.45011960380391086,0.9124643719374999,,,weakspot_emb,"weakspot_emb|alpha=1.0,q=0.03",0.5383526655564722,0.49786254061961005,0.5428515683272347,0.4535920969438688,0.6059912758318814
cal8,real,real,3007,8,62,0.4478526052251906,0.4274496180167076,0.45011960380391086,0.9124643719374999,,,weakspot_emb,"weakspot_emb|alpha=1.0,q=0.1",0.5196557149485315,0.48221595564524106,0.5238156882044526,0.4505591177584467,0.7576531236958974
cal8,real,real,3007,8,62,0.4478526052251906,0.4274496180167076,0.45011960380391086,0.9124643719374999,,,weakspot_emb,"weakspot_emb|alpha=1.0,q=0.3",0.5074206297559208,0.47702776359417326,0.5107976148850039,0.45208857567193617,0.8738011803461925
cal8,real,real,3007,8,62,0.4478526052251906,0.4274496180167076,0.45011960380391086,0.9124643719374999,,,loss,loss|alpha=0.2,0.5049055838706296,0.48469648969610496,0.50715103877891,0.4603097840982606,0.9644618802673276
cal8,real,real,3007,8,62,0.4478526052251906,0.4274496180167076,0.45011960380391086,0.9124643719374999,,,loss,loss|alpha=0.5,0.5219825790194752,0.5020663940989745,0.5241954884550863,0.468974762614437,0.8128114748267847
cal8,real,real,3007,8,62,0.4478526052251906,0.4274496180167076,0.45011960380391086,0.9124643719374999,,,loss,loss|alpha=0.8,0.5370055837356665,0.513407937538142,0.5396275444242803,0.47379179918622666,0.629104183372221
cal8,real,real,3007,8,62,0.4478526052251906,0.4274496180167076,0.45011960380391086,0.9124643719374999,,,loss,loss|alpha=1.0,0.553128812627182,0.5204148537308373,0.5567636969489982,0.47894572582509254,0.5205106257265588
cal8,real,real,3007,8,62,0.4478526052251906,0.4274496180167076,0.45011960380391086,0.9124643719374999,,,smoothed_loss,smoothed_loss|alpha=0.2,0.49057013280191236,0.4694234078949549,0.4929197689026854,0.44901062582708007,0.9933879898599168
cal8,real,real,3007,8,62,0.4478526052251906,0.4274496180167076,0.45011960380391086,0.9124643719374999,,,smoothed_loss,smoothed_loss|alpha=0.5,0.4964336769577455,0.4758392727502563,0.498721944091911,0.4532435053876959,0.9600613298089741
cal8,real,real,3007,8,62,0.4478526052251906,0.4274496180167076,0.45011960380391086,0.9124643719374999,,,smoothed_loss,smoothed_loss|alpha=0.8,0.5026755666278587,0.4794068402226974,0.5052609806728767,0.45277099754303224,0.9037535730252295
cal8,real,real,3007,8,62,0.4478526052251906,0.4274496180167076,0.45011960380391086,0.9124643719374999,,,smoothed_loss,smoothed_loss|alpha=1.0,0.5053458635868022,0.48112120211577364,0.5080374926391387,0.4524903378340966,0.8573384562680545
cal8,real,real,3007,8,62,0.4478526052251906,0.4274496180167076,0.45011960380391086,0.9124643719374999,,,jtt,"jtt|q=0.1,lam=2",0.5038532729083847,0.47963658871998194,0.5065440155959849,0.45609490477085984,0.9307692307692305
cal8,real,real,3007,8,62,0.4478526052251906,0.4274496180167076,0.45011960380391086,0.9124643719374999,,,jtt,"jtt|q=0.1,lam=5",0.526099276445671,0.5055153431635911,0.5283863801436798,0.47371820460042896,0.576470588235294
cal8,real,real,3007,8,62,0.4478526052251906,0.4274496180167076,0.45011960380391086,0.9124643719374999,,,jtt,"jtt|q=0.1,lam=10",0.5448012142668925,0.5252499018679865,0.5469735823112155,0.48961648781835615,0.3311926605504588
cal8,real,real,3007,8,62,0.4478526052251906,0.4274496180167076,0.45011960380391086,0.9124643719374999,,,jtt,"jtt|q=0.1,lam=20",0.5678899971555494,0.5500600236996399,0.5698711053173171,0.5115030340209082,0.20562347188264066
cal8,real,real,3007,8,62,0.4478526052251906,0.4274496180167076,0.45011960380391086,0.9124643719374999,,,jtt,"jtt|q=0.2,lam=2",0.5056128893932308,0.48131469355077344,0.5083126889312817,0.45710465116624105,0.8999999999999998
cal8,real,real,3007,8,62,0.4478526052251906,0.4274496180167076,0.45011960380391086,0.9124643719374999,,,jtt,"jtt|q=0.2,lam=5",0.5343080831038802,0.5042162242026574,0.5376516229817938,0.47176278343524297,0.5586206896551722
cal8,real,real,3007,8,62,0.4478526052251906,0.4274496180167076,0.45011960380391086,0.9124643719374999,,,jtt,"jtt|q=0.2,lam=10",0.5602950589193246,0.5200097526483858,0.5647712040605403,0.4797066924641994,0.3769230769230771
cal8,real,real,3007,8,62,0.4478526052251906,0.4274496180167076,0.45011960380391086,0.9124643719374999,,,jtt,"jtt|q=0.2,lam=20",0.5910169790978346,0.528878131784724,0.597921295465958,0.49394360176669044,0.28514851485148507
cal8,real,real,3007,8,62,0.4478526052251906,0.4274496180167076,0.45011960380391086,0.9124643719374999,,,density,density|alpha=0.2,0.4851795556896738,0.4666266825669615,0.48724098603664184,0.4505526146341928,0.9875852047233986
cal8,real,real,3007,8,62,0.4478526052251906,0.4274496180167076,0.45011960380391086,0.9124643719374999,,,density,density|alpha=0.5,0.48208582493321706,0.46314075929472304,0.4841908322263831,0.4501204308893426,0.9271553729625132
cal8,real,real,3007,8,62,0.4478526052251906,0.4274496180167076,0.45011960380391086,0.9124643719374999,,,density,density|alpha=0.8,0.48176448428716595,0.4643598863104765,0.48369832850679806,0.45402824068990355,0.8325467439569926
cal8,real,real,3007,8,62,0.4478526052251906,0.4274496180167076,0.45011960380391086,0.9124643719374999,,,density,density|alpha=1.0,0.4817089146309589,0.4632247831749789,0.48376270701495666,0.45417168323504326,0.7608777953027184
cal8,real,real,3006,8,60,0.45971083078370484,0.5498692986330771,0.4496932232448857,0.9132775155499998,,,uniform,uniform,0.4976747998143376,0.573137153099748,0.48929009389373646,0.6111663188633624,1.0
cal8,real,real,3006,8,60,0.45971083078370484,0.5498692986330771,0.4496932232448857,0.9132775155499998,,,weakspot,"weakspot|alpha=0.2,q=0.03",0.4990441776083111,0.5738952839146944,0.4907273880187129,0.611477185678418,0.9867296446624833
cal8,real,real,3006,8,60,0.45971083078370484,0.5498692986330771,0.4496932232448857,0.9132775155499998,,,weakspot,"weakspot|alpha=0.2,q=0.1",0.4987309395874471,0.573863476049823,0.4903828799805164,0.6109815475115133,0.9923916344321123
cal8,real,real,3006,8,60,0.45971083078370484,0.5498692986330771,0.4496932232448857,0.9132775155499998,,,weakspot,"weakspot|alpha=0.2,q=0.3",0.4984641226027142,0.5748365376543204,0.4899782987080913,0.6115275386269505,0.9964687592900676
cal8,real,real,3006,8,60,0.45971083078370484,0.5498692986330771,0.4496932232448857,0.9132775155499998,,,weakspot,"weakspot|alpha=0.5,q=0.03",0.503214018049355,0.5767210852170686,0.4950465661418313,0.6134931326497185,0.9224622827082575
cal8,real,real,3006,8,60,0.45971083078370484,0.5498692986330771,0.4496932232448857,0.9132775155499998,,,weakspot,"weakspot|alpha=0.5,q=0.1",0.5016781065689964,0.5774024277104369,0.4932642931088362,0.6129524213673013,0.9542741835209331
cal8,real,real,3006,8,60,0.45971083078370484,0.5498692986330771,0.4496932232448857,0.9132775155499998,,,weakspot,"weakspot|alpha=0.5,q=0.3",0.5001846381449015,0.5763558636578695,0.4917211686434606,0.6120168337980703,0.978331458943025
cal8,real,real,3006,8,60,0.45971083078370484,0.5498692986330771,0.4496932232448857,0.9132775155499998,,,weakspot,"weakspot|alpha=0.8,q=0.03",0.508091618171176,0.57455038643436,0.5007073105863777,0.6119922863670089,0.8229225290302856
cal8,real,real,3006,8,60,0.45971083078370484,0.5498692986330771,0.4496932232448857,0.9132775155499998,,,weakspot,"weakspot|alpha=0.8,q=0.1",0.5059841324311204,0.5787506010301314,0.4978989692534525,0.6135266637649303,0.8907359620733418
cal8,real,real,3006,8,60,0.45971083078370484,0.5498692986330771,0.4496932232448857,0.9132775155499998,,,weakspot,"weakspot|alpha=0.8,q=0.3",0.5030344247538265,0.5775270349028291,0.494757468070604,0.6138954191391691,0.9463423213308371
cal8,real,real,3006,8,60,0.45971083078370484,0.5498692986330771,0.4496932232448857,0.9132775155499998,,,weakspot,"weakspot|alpha=1.0,q=0.03",0.5091919397791949,0.5770117102099294,0.5016564097313354,0.6125780181157238,0.7483793932466769
cal8,real,real,3006,8,60,0.45971083078370484,0.5498692986330771,0.4496932232448857,0.9132775155499998,,,weakspot,"weakspot|alpha=1.0,q=0.1",0.5079429076763436,0.5786999796983613,0.5000810107850083,0.6139419491126749,0.8391603122214659
cal8,real,real,3006,8,60,0.45971083078370484,0.5498692986330771,0.4496932232448857,0.9132775155499998,,,weakspot,"weakspot|alpha=1.0,q=0.3",0.5048083443501211,0.5794463996766037,0.4965152270916231,0.6153525981830559,0.9186162379407558
cal8,real,real,3006,8,60,0.45971083078370484,0.5498692986330771,0.4496932232448857,0.9132775155499998,,,weakspot_emb,"weakspot_emb|alpha=0.2,q=0.03",0.49982645428279726,0.5744154628562097,0.4915387866635293,0.6101226076282145,0.9946620529533404
cal8,real,real,3006,8,60,0.45971083078370484,0.5498692986330771,0.4496932232448857,0.9132775155499998,,,weakspot_emb,"weakspot_emb|alpha=0.2,q=0.1",0.4993952354053098,0.5742954424176029,0.4910729901817217,0.6102562055068937,0.997544619284146
cal8,real,real,3006,8,60,0.45971083078370484,0.5498692986330771,0.4496932232448857,0.9132775155499998,,,weakspot_emb,"weakspot_emb|alpha=0.2,q=0.3",0.4993752778097341,0.5747562610661598,0.4909996130034645,0.6111001454431113,0.9984846166602062
cal8,real,real,3006,8,60,0.45971083078370484,0.5498692986330771,0.4496932232448857,0.9132775155499998,,,weakspot_emb,"weakspot_emb|alpha=0.5,q=0.03",0.5035435624645812,0.575039952585182,0.4955995191178478,0.6124827428330646,0.967547292828491
cal8,real,real,3006,8,60,0.45971083078370484,0.5498692986330771,0.4496932232448857,0.9132775155499998,,,weakspot_emb,"weakspot_emb|alpha=0.5,q=0.1",0.5016360994785544,0.576222389269965,0.4933487339461754,0.6103991358653874,0.9848491759916849
cal8,real,real,3006,8,60,0.45971083078370484,0.5498692986330771,0.4496932232448857,0.9132775155499998,,,weakspot_emb,"weakspot_emb|alpha=0.5,q=0.3",0.500826389708922,0.576273055399417,0.4924434268544226,0.6108136106124565,0.9906036095771684
cal8,real,real,3006,8,60,0.45971083078370484,0.5498692986330771,0.4496932232448857,0.9132775155499998,,,weakspot_emb,"weakspot_emb|alpha=0.8,q=0.03",0.5070724369214962,0.5752698021542793,0.4994949518956315,0.61271284605732,0.9209243701275556
cal8,real,real,3006,8,60,0.45971083078370484,0.5498692986330771,0.4496932232448857,0.9132775155499998,,,weakspot_emb,"weakspot_emb|alpha=0.8,q=0.1",0.5037731979058079,0.5747510066852891,0.49588677470808773,0.6110640566087189,0.9621094446308349
cal8,real,real,3006,8,60,0.45971083078370484,0.5498692986330771,0.4496932232448857,0.9132775155499998,,,weakspot_emb,"weakspot_emb|alpha=0.8,q=0.3",0.5029843491679822,0.5775092853698519,0.4947038007011077,0.610580444499688,0.9762927501354544
cal8,real,real,3006,8,60,0.45971083078370484,0.5498692986330771,0.4496932232448857,0.9132775155499998,,,weakspot_emb,"weakspot_emb|alpha=1.0,q=0.03",0.5096911282262437,0.5784368964086751,0.5020527095393069,0.6172675134601078,0.8817060482435061
cal8,real,real,3006,8,60,0.45971083078370484,0.5498692986330771,0.4496932232448857,0.9132775155499998,,,weakspot_emb,"weakspot_emb|alpha=1.0,q=0.1",0.5078080084416232,0.5761126528494739,0.5002186035074176,0.6119082626492451,0.9420315149134637
cal8,real,real,3006,8,60,0.45971083078370484,0.5498692986330771,0.4496932232448857,0.9132775155499998,,,weakspot_emb,"weakspot_emb|alpha=1.0,q=0.3",0.5052162115371026,0.5757539037109918,0.49737869018444825,0.6113994975348984,0.9634448963852084
cal8,real,real,3006,8,60,0.45971083078370484,0.5498692986330771,0.4496932232448857,0.9132775155499998,,,loss,loss|alpha=0.2,0.5124267775172898,0.5710259195305121,0.505915761738043,0.614745533749613,0.9621702733778804
cal8,real,real,3006,8,60,0.45971083078370484,0.5498692986330771,0.4496932232448857,0.9132775155499998,,,loss,loss|alpha=0.5,0.5191147790247665,0.5772018464740746,0.5126606604192879,0.6250314338999929,0.8027410353255804
cal8,real,real,3006,8,60,0.45971083078370484,0.5498692986330771,0.4496932232448857,0.9132775155499998,,,loss,loss|alpha=0.8,0.5290433458028025,0.5840860461465244,0.5229274902090556,0.6297445446064632,0.6138459220749227
cal8,real,real,3006,8,60,0.45971083078370484,0.5498692986330771,0.4496932232448857,0.9132775155499998,,,loss,loss|alpha=1.0,0.5378457874903215,0.5877896137937612,0.532296473456606,0.6365333882908104,0.5043049929545279
cal8,real,real,3006,8,60,0.45971083078370484,0.5498692986330771,0.4496932232448857,0.9132775155499998,,,smoothed_loss,smoothed_loss|alpha=0.2,0.5014265732691272,0.5737352666771303,0.4933922740015713,0.6117779925368647,0.9934056668279269
cal8,real,real,3006,8,60,0.45971083078370484,0.5498692986330771,0.4496932232448857,0.9132775155499998,,,smoothed_loss,smoothed_loss|alpha=0.5,0.5071928131013382,0.5726790786691442,0.49991656137158214,0.6113473635055251,0.9601645315185141
cal8,real,real,3006,8,60,0.45971083078370484,0.5498692986330771,0.4496932232448857,0.9132775155499998,,,smoothed_loss,smoothed_loss|alpha=0.8,0.5106576520834821,0.5738927027408756,0.5036315353437718,0.6113479266861017,0.9039877233585739
cal8,real,real,3006,8,60,0.45971083078370484,0.5498692986330771,0.4496932232448857,0.9132775155499998,,,smoothed_loss,smoothed_loss|alpha=1.0,0.5139756323840509,0.575471745328187,0.5071427309458136,0.6126490981053486,0.8576677425416948
cal8,real,real,3006,8,60,0.45971083078370484,0.5498692986330771,0.4496932232448857,0.9132775155499998,,,jtt,"jtt|q=0.1,lam=2",0.5112074197605684,0.5738971748961005,0.504241891412176,0.617533930936678,0.9307692307692305
cal8,real,real,3006,8,60,0.45971083078370484,0.5498692986330771,0.4496932232448857,0.9132775155499998,,,jtt,"jtt|q=0.1,lam=5",0.5284641587173334,0.5872489548078308,0.5219325147072782,0.6323750578464304,0.576470588235294
cal8,real,real,3006,8,60,0.45971083078370484,0.5498692986330771,0.4496932232448857,0.9132775155499998,,,jtt,"jtt|q=0.1,lam=10",0.5428677884097801,0.5993451971332417,0.5365925207738399,0.6503364682036231,0.3311926605504588
cal8,real,real,3006,8,60,0.45971083078370484,0.5498692986330771,0.4496932232448857,0.9132775155499998,,,jtt,"jtt|q=0.1,lam=20",0.5648011963271085,0.6129046501901878,0.5594563681200996,0.6759645929534832,0.20562347188264063
cal8,real,real,3006,8,60,0.45971083078370484,0.5498692986330771,0.4496932232448857,0.9132775155499998,,,jtt,"jtt|q=0.2,lam=2",0.5124585622689297,0.5789199784112724,0.505073960475336,0.6159097182459528,0.9000000000000001
cal8,real,real,3006,8,60,0.45971083078370484,0.5498692986330771,0.4496932232448857,0.9132775155499998,,,jtt,"jtt|q=0.2,lam=5",0.5280187133162217,0.5929009451725759,0.5208095764432935,0.6338363020945001,0.5586206896551722
cal8,real,real,3006,8,60,0.45971083078370484,0.5498692986330771,0.4496932232448857,0.9132775155499998,,,jtt,"jtt|q=0.2,lam=10",0.547547897385935,0.6033614670798815,0.5413463896421632,0.6455789118664689,0.3769230769230769
cal8,real,real,3006,8,60,0.45971083078370484,0.5498692986330771,0.4496932232448857,0.9132775155499998,,,jtt,"jtt|q=0.2,lam=20",0.5664775043024886,0.610343874191802,0.5616034632036758,0.6557869682046547,0.2851485148514852
cal8,real,real,3006,8,60,0.45971083078370484,0.5498692986330771,0.4496932232448857,0.9132775155499998,,,density,density|alpha=0.2,0.49452528122886974,0.5710341806959081,0.4860242923991988,0.6105376063860425,0.990180858987748
cal8,real,real,3006,8,60,0.45971083078370484,0.5498692986330771,0.4496932232448857,0.9132775155499998,,,density,density|alpha=0.5,0.4906688740607325,0.5681699390187537,0.48205764462095235,0.6081261524450366,0.9416389114057375
cal8,real,real,3006,8,60,0.45971083078370484,0.5498692986330771,0.4496932232448857,0.9132775155499998,,,density,density|alpha=0.8,0.48855633133091836,0.5686134003320416,0.47966110144190466,0.6081896428956898,0.8630628252363276
cal8,real,real,3006,8,60,0.45971083078370484,0.5498692986330771,0.4496932232448857,0.9132775155499998,,,density,density|alpha=1.0,0.4877857357420511,0.5661046447889126,0.47908363473684423,0.6066142230773081,0.8013380318019084
cal8,real,real,3005,8,61,0.4707727872276645,0.5880274962054799,0.4577444862301295,0.9006415821687499,,,uniform,uniform,0.4967259486622136,0.6347117070955354,0.4813941977251778,0.5307892001672954,1.0
cal8,real,real,3005,8,61,0.4707727872276645,0.5880274962054799,0.4577444862301295,0.9006415821687499,,,weakspot,"weakspot|alpha=0.2,q=0.03",0.4993271230473283,0.6401909506566495,0.4836755866462926,0.5344500659768225,0.9889628491833967
cal8,real,real,3005,8,61,0.4707727872276645,0.5880274962054799,0.4577444862301295,0.9006415821687499,,,weakspot,"weakspot|alpha=0.2,q=0.1",0.49926624389892416,0.6404710607491897,0.4835768198044502,0.5329233936013432,0.9943951922216508
cal8,real,real,3005,8,61,0.4707727872276645,0.5880274962054799,0.4577444862301295,0.9006415821687499,,,weakspot,"weakspot|alpha=0.2,q=0.3",0.49884121665205217,0.6392500674107714,0.48324023323441667,0.5321766604554283,0.997123322466373
cal8,real,real,3005,8,61,0.4707727872276645,0.5880274962054799,0.4577444862301295,0.9006415821687499,,,weakspot,"weakspot|alpha=0.5,q=0.03",0.5028663393663596,0.6484876764817674,0.48668619079798103,0.5386775487818888,0.9347960528391525
cal8,real,real,3005,8,61,0.4707727872276645,0.5880274962054799,0.4577444862301295,0.9006415821687499,,,weakspot,"weakspot|alpha=0.5,q=0.1",0.5015313646832262,0.6452638052301729,0.4855610935113432,0.536584683332078,0.965971255390802
cal8,real,real,3005,8,61,0.4707727872276645,0.5880274962054799,0.4577444862301295,0.9006415821687499,,,weakspot,"weakspot|alpha=0.5,q=0.3",0.5001453174976146,0.642539638354616,0.48432372629128106,0.535707424393543,0.9822882580087366
cal8,real,real,3005,8,61,0.4707727872276645,0.5880274962054799,0.4577444862301295,0.9006415821687499,,,weakspot,"weakspot|alpha=0.8,q=0.03",0.5060835277134214,0.6574208698639649,0.4892682674744722,0.5429985297969728,0.8484892859533144
cal8,real,real,3005,8,61,0.4707727872276645,0.5880274962054799,0.4577444862301295,0.9006415821687499,,,weakspot,"weakspot|alpha=0.8,q=0.1",0.5041435533161545,0.6519179966836438,0.4877241707197668,0.5392649506337647,0.9172777132866242
cal8,real,real,3005,8,61,0.4707727872276645,0.5880274962054799,0.4577444862301295,0.9006415821687499,,,weakspot,"weakspot|alpha=0.8,q=0.3",0.5020260725456509,0.648092002457911,0.4857965247776221,0.5363093638701499,0.9558770710388723
cal8,real,real,3005,8,61,0.4707727872276645,0.5880274962054799,0.4577444862301295,0.9006415821687499,,,weakspot,"weakspot|alpha=1.0,q=0.03",0.5090990525595653,0.6660448611813784,0.4916606293793637,0.5465310144722548,0.7818558000228725
cal8,real,real,3005,8,61,0.4707727872276645,0.5880274962054799,0.4577444862301295,0.9006415821687499,,,weakspot,"weakspot|alpha=1.0,q=0.1",0.5066595085104032,0.655925531590392,0.4900743948348488,0.5410216416472091,0.8764933502852508
cal8,real,real,3005,8,61,0.4707727872276645,0.5880274962054799,0.4577444862301295,0.9006415821687499,,,weakspot,"weakspot|alpha=1.0,q=0.3",0.5033748735265985,0.6518766438147462,0.48687467682791535,0.5399034393395628,0.9327275679155593
cal8,real,real,3005,8,61,0.4707727872276645,0.5880274962054799,0.4577444862301295,0.9006415821687499,,,weakspot_emb,"weakspot_emb|alpha=0.2,q=0.03",0.5002312219538451,0.635981858058326,0.4851478179422361,0.5311755359629,0.9804076559078113
cal8,real,real,3005,8,61,0.4707727872276645,0.5880274962054799,0.4577444862301295,0.9006415821687499,,,weakspot_emb,"weakspot_emb|alpha=0.2,q=0.1",0.4988493579742085,0.6395919659385703,0.48321129042261274,0.5317525176142539,0.9912967837433629
cal8,real,real,3005,8,61,0.4707727872276645,0.5880274962054799,0.4577444862301295,0.9006415821687499,,,weakspot_emb,"weakspot_emb|alpha=0.2,q=0.3",0.4981989465832863,0.63913572197826,0.4825393048727336,0.5315576218727314,0.9958756145292306
cal8,real,real,3005,8,61,0.4707727872276645,0.5880274962054799,0.4577444862301295,0.9006415821687499,,,weakspot_emb,"weakspot_emb|alpha=0.5,q=0.03",0.5038094811370868,0.6438846545906857,0.48824557297557575,0.5351866965246524,0.888968525413429
cal8,real,real,3005,8,61,0.4707727872276645,0.5880274962054799,0.4577444862301295,0.9006415821687499,,,weakspot_emb,"weakspot_emb|alpha=0.5,q=0.1",0.5024648922283169,0.6392118722041212,0.4872707833421163,0.5343713699733276,0.9479817120452145
cal8,real,real,3005,8,61,0.4707727872276645,0.5880274962054799,0.4577444862301295,0.9006415821687499,,,weakspot_emb,"weakspot_emb|alpha=0.5,q=0.3",0.500187580743713,0.6395910898774976,0.48469830195107017,0.5341439402159878,0.9747689199818446
cal8,real,real,3005,8,61,0.4707727872276645,0.5880274962054799,0.4577444862301295,0.9006415821687499,,,weakspot_emb,"weakspot_emb|alpha=0.8,q=0.03",0.5058656480999727,0.6498398058651139,0.48986851945940146,0.5401285666180585,0.757723857703114
cal8,real,real,3005,8,61,0.4707727872276645,0.5880274962054799,0.4577444862301295,0.9006415821687499,,,weakspot_emb,"weakspot_emb|alpha=0.8,q=0.1",0.5056379467309551,0.6473590955685793,0.4898911524156634,0.5366734230708787,0.8768283787412428
cal8,real,real,3005,8,61,0.4707727872276645,0.5880274962054799,0.4577444862301295,0.9006415821687499,,,weakspot_emb,"weakspot_emb|alpha=0.8,q=0.3",0.5025251337623551,0.6420528760684866,0.48702205128389603,0.5378856796339397,0.9378545117027931
cal8,real,real,3005,8,61,0.4707727872276645,0.5880274962054799,0.4577444862301295,0.9006415821687499,,,weakspot_emb,"weakspot_emb|alpha=1.0,q=0.03",0.5149496494462892,0.6581139796868547,0.49904250164178204,0.5457977225483236,0.6668458809588894
cal8,real,real,3005,8,61,0.4707727872276645,0.5880274962054799,0.4577444862301295,0.9006415821687499,,,weakspot_emb,"weakspot_emb|alpha=1.0,q=0.1",0.5090381056802256,0.6522754220078604,0.4931228483104884,0.5399214659504181,0.8200144661615683
cal8,real,real,3005,8,61,0.4707727872276645,0.5880274962054799,0.4577444862301295,0.9006415821687499,,,weakspot_emb,"weakspot_emb|alpha=1.0,q=0.3",0.5053588327731872,0.6439885576856531,0.48995553000513536,0.5368732011644362,0.906177415349834
cal8,real,real,3005,8,61,0.4707727872276645,0.5880274962054799,0.4577444862301295,0.9006415821687499,,,loss,loss|alpha=0.2,0.5081804065877665,0.6488980491667512,0.49254511296787945,0.546714923485105,0.9686731449630657
cal8,real,real,3005,8,61,0.4707727872276645,0.5880274962054799,0.4577444862301295,0.9006415821687499,,,loss,loss|alpha=0.5,0.5185337871269261,0.6653685059823516,0.5022188183652121,0.5636874860284063,0.8318604013858658
cal8,real,real,3005,8,61,0.4707727872276645,0.5880274962054799,0.4577444862301295,0.9006415821687499,,,loss,loss|alpha=0.8,0.5251017293874529,0.6767756575902013,0.5082490706982586,0.5689695340961967,0.6590048866651903
cal8,real,real,3005,8,61,0.4707727872276645,0.5880274962054799,0.4577444862301295,0.9006415821687499,,,loss,loss|alpha=1.0,0.5293368854848861,0.6751431305441596,0.5131361915894113,0.5707914853033235,0.5529447010930646
cal8,real,real,3005,8,61,0.4707727872276645,0.5880274962054799,0.4577444862301295,0.9006415821687499,,,smoothed_loss,smoothed_loss|alpha=0.2,0.499427595688302,0.6393078686358384,0.4838853431385756,0.5330970995375763,0.993353400457153
cal8,real,real,3005,8,61,0.4707727872276645,0.5880274962054799,0.4577444862301295,0.9006415821687499,,,smoothed_loss,smoothed_loss|alpha=0.5,0.5031872030911174,0.644136808088792,0.48752613586915367,0.5364237258580151,0.959859443433075
cal8,real,real,3005,8,61,0.4707727872276645,0.5880274962054799,0.4577444862301295,0.9006415821687499,,,smoothed_loss,smoothed_loss|alpha=0.8,0.5072418354162859,0.649895636501925,0.4913914130734371,0.5401559362699644,0.9032957260589658
cal8,real,real,3005,8,61,0.4707727872276645,0.5880274962054799,0.4577444862301295,0.9006415821687499,,,smoothed_loss,smoothed_loss|alpha=1.0,0.5082491547641489,0.6503002704523095,0.4924656974654644,0.542375380622046,0.8566948224853767
cal8,real,real,3005,8,61,0.4707727872276645,0.5880274962054799,0.4577444862301295,0.9006415821687499,,,jtt,"jtt|q=0.1,lam=2",0.5093112894546507,0.6472179848352012,0.49398832330125614,0.543545514189284,0.9307692307692305
cal8,real,real,3005,8,61,0.4707727872276645,0.5880274962054799,0.4577444862301295,0.9006415821687499,,,jtt,"jtt|q=0.1,lam=5",0.5297993479287866,0.6778724907926081,0.513346776499473,0.5636539940853881,0.576470588235294
cal8,real,real,3005,8,61,0.4707727872276645,0.5880274962054799,0.4577444862301295,0.9006415821687499,,,jtt,"jtt|q=0.1,lam=10",0.539807607470279,0.675356980376403,0.5247465660362651,0.5773349097389849,0.33119266055045876
cal8,real,real,3005,8,61,0.4707727872276645,0.5880274962054799,0.4577444862301295,0.9006415821687499,,,jtt,"jtt|q=0.1,lam=20",0.5556362684782009,0.6829883451149069,0.5414860377407892,0.5884960126030964,0.20562347188264063
cal8,real,real,3005,8,61,0.4707727872276645,0.5880274962054799,0.4577444862301295,0.9006415821687499,,,jtt,"jtt|q=0.2,lam=2",0.5074432581955683,0.6440581605778388,0.4922638245975383,0.547563638258676,0.9
cal8,real,real,3005,8,61,0.4707727872276645,0.5880274962054799,0.4577444862301295,0.9006415821687499,,,jtt,"jtt|q=0.2,lam=5",0.5235608229759985,0.6624022189392064,0.5081340012023087,0.5691863725937399,0.5586206896551724
cal8,real,real,3005,8,61,0.4707727872276645,0.5880274962054799,0.4577444862301295,0.9006415821687499,,,jtt,"jtt|q=0.2,lam=10",0.5359193119396698,0.672679606220086,0.5207237236862902,0.5879406433318366,0.3769230769230769
cal8,real,real,3005,8,61,0.4707727872276645,0.5880274962054799,0.4577444862301295,0.9006415821687499,,,jtt,"jtt|q=0.2,lam=20",0.5508933492267754,0.6843016900965324,0.5360702002412469,0.6058058035078102,0.2851485148514851
cal8,real,real,3005,8,61,0.4707727872276645,0.5880274962054799,0.4577444862301295,0.9006415821687499,,,density,density|alpha=0.2,0.4943963650968135,0.6300049083087927,0.47932874918437135,0.5288313282111355,0.9899743579466626
cal8,real,real,3005,8,61,0.4707727872276645,0.5880274962054799,0.4577444862301295,0.9006415821687499,,,density,density|alpha=0.5,0.4898170444743212,0.6213267407607934,0.47520485599804646,0.5231729249828156,0.9404729223261483
cal8,real,real,3005,8,61,0.4707727872276645,0.5880274962054799,0.4577444862301295,0.9006415821687499,,,density,density|alpha=0.8,0.48752113338258185,0.6160077411781294,0.47324484362752106,0.5201294974991797,0.860559443721153
cal8,real,real,3005,8,61,0.4707727872276645,0.5880274962054799,0.4577444862301295,0.9006415821687499,,,density,density|alpha=1.0,0.48623544284490877,0.614562227201582,0.47197691124972285,0.5203783621484217,0.7979703867463053
cal8,real,real,3004,8,62,0.45113517253198565,0.4904133824700084,0.44677092698331644,0.9084816702124999,,,uniform,uniform,0.48155459821072233,0.5353079314773646,0.4755820056255398,0.7283544884720392,1.0
cal8,real,real,3004,8,62,0.45113517253198565,0.4904133824700084,0.44677092698331644,0.9084816702124999,,,weakspot,"weakspot|alpha=0.2,q=0.03",0.4837695399747445,0.536965087883244,0.4778589235404668,0.7293465864634076,0.9591683672344998
cal8,real,real,3004,8,62,0.45113517253198565,0.4904133824700084,0.44677092698331644,0.9084816702124999,,,weakspot,"weakspot|alpha=0.2,q=0.1",0.4825661702739955,0.5371733596392678,0.4764987047889653,0.7276661485783522,0.9843245917309391
cal8,real,real,3004,8,62,0.45113517253198565,0.4904133824700084,0.44677092698331644,0.9084816702124999,,,weakspot,"weakspot|alpha=0.2,q=0.3",0.48243500609858736,0.5368717894804743,0.476386474611711,0.7268401043004085,0.9950451722347556
cal8,real,real,3004,8,62,0.45113517253198565,0.4904133824700084,0.44677092698331644,0.9084816702124999,,,weakspot,"weakspot|alpha=0.5,q=0.03",0.48854695374023527,0.5359358988712859,0.48328151539234077,0.7289235707107338,0.7898510913104554
cal8,real,real,3004,8,62,0.45113517253198565,0.4904133824700084,0.44677092698331644,0.9084816702124999,,,weakspot,"weakspot|alpha=0.5,q=0.1",0.48652119385094267,0.5381597949093359,0.4807835715111212,0.7286436466425384,0.9094782653450539
cal8,real,real,3004,8,62,0.45113517253198565,0.4904133824700084,0.44677092698331644,0.9084816702124999,,,weakspot,"weakspot|alpha=0.5,q=0.3",0.48342253393176454,0.5374593061148274,0.47741844813364637,0.7263152768704128,0.969817460219409
cal8,real,real,3004,8,62,0.45113517253198565,0.4904133824700084,0.44677092698331644,0.9084816702124999,,,weakspot,"weakspot|alpha=0.8,q=0.03",0.4942228442482213,0.5330769956157692,0.48990571631849383,0.7294727011248179,0.59484250591316
cal8,real,real,3004,8,62,0.45113517253198565,0.4904133824700084,0.44677092698331644,0.9084816702124999,,,weakspot,"weakspot|alpha=0.8,q=0.1",0.48884184922538954,0.5351050850223232,0.48370148969239696,0.7239217359013511,0.7969393472286256
cal8,real,real,3004,8,62,0.45113517253198565,0.4904133824700084,0.44677092698331644,0.9084816702124999,,,weakspot,"weakspot|alpha=0.8,q=0.3",0.48597652341984016,0.5369139717672923,0.4803168069367899,0.7256098910230565,0.9262072139351276
cal8,real,real,3004,8,62,0.45113517253198565,0.4904133824700084,0.44677092698331644,0.9084816702124999,,,weakspot,"weakspot|alpha=1.0,q=0.03",0.5119210557699813,0.5281284619666726,0.5101202328592379,0.7416330799479468,0.4844384540027018
cal8,real,real,3004,8,62,0.45113517253198565,0.4904133824700084,0.44677092698331644,0.9084816702124999,,,weakspot,"weakspot|alpha=1.0,q=0.1",0.49759831385477127,0.5314302096790119,0.49383921431874445,0.735476081370378,0.7152431212408381
cal8,real,real,3004,8,62,0.45113517253198565,0.4904133824700084,0.44677092698331644,0.9084816702124999,,,weakspot,"weakspot|alpha=1.0,q=0.3",0.48828806981660755,0.5341570338406988,0.4831915182583752,0.7280004540868742,0.8892940051574877
cal8,real,real,3004,8,62,0.45113517253198565,0.4904133824700084,0.44677092698331644,0.9084816702124999,,,weakspot_emb,"weakspot_emb|alpha=0.2,q=0.03",0.48290673019491204,0.5367255676322034,0.4769268593685463,0.7288681280999768,0.9977368270419595
cal8,real,real,3004,8,62,0.45113517253198565,0.4904133824700084,0.44677092698331644,0.9084816702124999,,,weakspot_emb,"weakspot_emb|alpha=0.2,q=0.1",0.4826222158224662,0.5362650954091515,0.4766618958683901,0.7289380352039793,0.9982841069126668
cal8,real,real,3004,8,62,0.45113517253198565,0.4904133824700084,0.44677092698331644,0.9084816702124999,,,weakspot_emb,"weakspot_emb|alpha=0.2,q=0.3",0.4823254146884473,0.5356812349767819,0.4763969902119657,0.7282245379117009,0.9987484676430053
cal8,real,real,3004,8,62,0.45113517253198565,0.4904133824700084,0.44677092698331644,0.9084816702124999,,,weakspot_emb,"weakspot_emb|alpha=0.5,q=0.03",0.48459879876680023,0.5369208990155062,0.4787852320724995,0.7289860943031976,0.9860212596250687
cal8,real,real,3004,8,62,0.45113517253198565,0.4904133824700084,0.44677092698331644,0.9084816702124999,,,weakspot_emb,"weakspot_emb|alpha=0.5,q=0.1",0.4841276381238033,0.536170381332953,0.47834511110056444,0.7287631069132707,0.9893714151592635
cal8,real,real,3004,8,62,0.45113517253198565,0.4904133824700084,0.44677092698331644,0.9084816702124999,,,weakspot_emb,"weakspot_emb|alpha=0.5,q=0.3",0.48356852950541884,0.5357078188873728,0.4777752751296461,0.7279515972170142,0.9922289825874108
cal8,real,real,3004,8,62,0.45113517253198565,0.4904133824700084,0.44677092698331644,0.9084816702124999,,,weakspot_emb,"weakspot_emb|alpha=0.8,q=0.03",0.48631023349604513,0.5371272963851613,0.4806638931750322,0.7316890369031135,0.9649781405500648
cal8,real,real,3004,8,62,0.45113517253198565,0.4904133824700084,0.44677092698331644,0.9084816702124999,,,weakspot_emb,"weakspot_emb|alpha=0.8,q=0.1",0.48556803236809387,0.5365917831630487,0.47989872672420997,0.7298621121248481,0.9732346088475435
cal8,real,real,3004,8,62,0.45113517253198565,0.4904133824700084,0.44677092698331644,0.9084816702124999,,,weakspot_emb,"weakspot_emb|alpha=0.8,q=0.3",0.485337835330068,0.5375167611310037,0.4795401769077418,0.7300687358788962,0.9803444751679008
cal8,real,real,3004,8,62,0.45113517253198565,0.4904133824700084,0.44677092698331644,0.9084816702124999,,,weakspot_emb,"weakspot_emb|alpha=1.0,q=0.03",0.49016949549061617,0.5376883026077388,0.4848896280331581,0.7329553377915559,0.9463355238391046
cal8,real,real,3004,8,62,0.45113517253198565,0.4904133824700084,0.44677092698331644,0.9084816702124999,,,weakspot_emb,"weakspot_emb|alpha=1.0,q=0.1",0.4887886363910478,0.5375682025664509,0.48336868459378074,0.7319008008968109,0.9587993736936207
cal8,real,real,3004,8,62,0.45113517253198565,0.4904133824700084,0.44677092698331644,0.9084816702124999,,,weakspot_emb,"weakspot_emb|alpha=1.0,q=0.3",0.48683845169634127,0.5370240842904914,0.48126227029699115,0.7303103876229735,0.9696240856281639
cal8,real,real,3004,8,62,0.45113517253198565,0.4904133824700084,0.44677092698331644,0.9084816702124999,,,loss,loss|alpha=0.2,0.4923551820378396,0.5494466688519415,0.48601168350293933,0.7386902779022005,0.9662943747316997
cal8,real,real,3004,8,62,0.45113517253198565,0.4904133824700084,0.44677092698331644,0.9084816702124999,,,loss,loss|alpha=0.5,0.5025726134732921,0.5546278714971532,0.4967886959150854,0.7476500059111746,0.8210124927672234
cal8,real,real,3004,8,62,0.45113517253198565,0.4904133824700084,0.44677092698331644,0.9084816702124999,,,loss,loss|alpha=0.8,0.5119039189133646,0.5615525448862559,0.5063874049163768,0.7468698724778136,0.6418068546631578
cal8,real,real,3004,8,62,0.45113517253198565,0.4904133824700084,0.44677092698331644,0.9084816702124999,,,loss,loss|alpha=1.0,0.520517033377607,0.5671656686936507,0.5153338516758245,0.7463160937770138,0.5341786030410239
cal8,real,real,3004,8,62,0.45113517253198565,0.4904133824700084,0.44677092698331644,0.9084816702124999,,,smoothed_loss,smoothed_loss|alpha=0.2,0.48328912704342747,0.5392664156740181,0.47706942830669513,0.7303641551319872,0.9938845498900081
cal8,real,real,3004,8,62,0.45113517253198565,0.4904133824700084,0.44677092698331644,0.9084816702124999,,,smoothed_loss,smoothed_loss|alpha=0.5,0.48592019324172947,0.5372042692207297,0.48022196257739613,0.732366431294439,0.9629674093553408
cal8,real,real,3004,8,62,0.45113517253198565,0.4904133824700084,0.44677092698331644,0.9084816702124999,,,smoothed_loss,smoothed_loss|alpha=0.8,0.4885241984113694,0.5337068755909531,0.48350390094697115,0.7325304933692601,0.9103743189551871
cal8,real,real,3004,8,62,0.45113517253198565,0.4904133824700084,0.44677092698331644,0.9084816702124999,,,smoothed_loss,smoothed_loss|alpha=1.0,0.490566467662613,0.5345628133322833,0.4856779848104275,0.7349082415961705,0.866681073150924
cal8,real,real,3004,8,62,0.45113517253198565,0.4904133824700084,0.44677092698331644,0.9084816702124999,,,jtt,"jtt|q=0.1,lam=2",0.49289967084048464,0.5487731706186656,0.4866915041984646,0.7376831196655073,0.9307692307692302
cal8,real,real,3004,8,62,0.45113517253198565,0.4904133824700084,0.44677092698331644,0.9084816702124999,,,jtt,"jtt|q=0.1,lam=5",0.5154177549348624,0.5703395084452509,0.5093153378781525,0.7544266271767048,0.576470588235294
cal8,real,real,3004,8,62,0.45113517253198565,0.4904133824700084,0.44677092698331644,0.9084816702124999,,,jtt,"jtt|q=0.1,lam=10",0.5381813442403698,0.5892148481763329,0.5325109549141516,0.762122148911998,0.3311926605504589
cal8,real,real,3004,8,62,0.45113517253198565,0.4904133824700084,0.44677092698331644,0.9084816702124999,,,jtt,"jtt|q=0.1,lam=20",0.5578133037893899,0.6078550967001077,0.5522531045770879,0.7993173439641776,0.20562347188264063
cal8,real,real,3004,8,62,0.45113517253198565,0.4904133824700084,0.44677092698331644,0.9084816702124999,,,jtt,"jtt|q=0.2,lam=2",0.4923107274942913,0.5417117156571244,0.486821728809532,0.7372860553206333,0.9
cal8,real,real,3004,8,62,0.45113517253198565,0.4904133824700084,0.44677092698331644,0.9084816702124999,,,jtt,"jtt|q=0.2,lam=5",0.5122650485871156,0.5477321623041693,0.5083242581741096,0.7473571497011576,0.5586206896551722
cal8,real,real,3004,8,62,0.45113517253198565,0.4904133824700084,0.44677092698331644,0.9084816702124999,,,jtt,"jtt|q=0.2,lam=10",0.5276605740133445,0.5534917295427276,0.5247904456211908,0.7608076486048051,0.376923076923077
cal8,real,real,3004,8,62,0.45113517253198565,0.4904133824700084,0.44677092698331644,0.9084816702124999,,,jtt,"jtt|q=0.2,lam=20",0.5493639389050159,0.5685711129750065,0.5472298084527948,0.7828398564192591,0.2851485148514852
cal8,real,real,3004,8,62,0.45113517253198565,0.4904133824700084,0.44677092698331644,0.9084816702124999,,,density,density|alpha=0.2,0.4792904494400092,0.534106767164214,0.4731997474706531,0.7284772039615148,0.9808941949119625
cal8,real,real,3004,8,62,0.45113517253198565,0.4904133824700084,0.44677092698331644,0.9084816702124999,,,density,density|alpha=0.5,0.4740130021959893,0.5194461955858602,0.46896486959711475,0.7157030783503048,0.8914744274862244
cal8,real,real,3004,8,62,0.45113517253198565,0.4904133824700084,0.44677092698331644,0.9084816702124999,,,density,density|alpha=0.8,0.4725299793766762,0.5104494720408352,0.46831670241399187,0.7061128686604005,0.7624001616098675
cal8,real,real,3004,8,62,0.45113517253198565,0.4904133824700084,0.44677092698331644,0.9084816702124999,,,density,density|alpha=1.0,0.47152476360828427,0.5099396467250399,0.46725644326197807,0.7065840414542146,0.6725181694045793
cal8,real,real,3003,8,61,0.45166692553117793,0.46284330705560445,0.45042510536179714,0.9159855807374999,,,uniform,uniform,0.47887762847080473,0.49949860050212,0.47658640935621405,0.5678182451872449,1.0
cal8,real,real,3003,8,61,0.45166692553117793,0.46284330705560445,0.45042510536179714,0.9159855807374999,,,weakspot,"weakspot|alpha=0.2,q=0.03",0.47763239153286186,0.5002411857103927,0.47512030329091404,0.5674669694918394,0.9923079482556099
cal8,real,real,3003,8,61,0.45166692553117793,0.46284330705560445,0.45042510536179714,0.9159855807374999,,,weakspot,"weakspot|alpha=0.2,q=0.1",0.4780553695173295,0.5007664634941679,0.47553191463101413,0.5671934706968367,0.9949642160481449
cal8,real,real,3003,8,61,0.45166692553117793,0.46284330705560445,0.45042510536179714,0.9159855807374999,,,weakspot,"weakspot|alpha=0.2,q=0.3",0.4781153181860881,0.502060757621715,0.4754547138043517,0.5681487453736286,0.9970081875260782
cal8,real,real,3003,8,61,0.45166692553117793,0.46284330705560445,0.45042510536179714,0.9159855807374999,,,weakspot,"weakspot|alpha=0.5,q=0.03",0.47800376238359404,0.5016056236624707,0.47538133335260774,0.5657391916227446,0.9537907570103265
cal8,real,real,3003,8,61,0.45166692553117793,0.46284330705560445,0.45042510536179714,0.9159855807374999,,,weakspot,"weakspot|alpha=0.5,q=0.1",0.4787725596563369,0.4996081099860099,0.47645749850859553,0.5661253789157298,0.9693370142028224
cal8,real,real,3003,8,61,0.45166692553117793,0.46284330705560445,0.45042510536179714,0.9159855807374999,,,weakspot,"weakspot|alpha=0.5,q=0.3",0.4784554337270222,0.49903318282101183,0.47616901716102333,0.5671117692291702,0.9815903329632671
cal8,real,real,3003,8,61,0.45166692553117793,0.46284330705560445,0.45042510536179714,0.9159855807374999,,,weakspot,"weakspot|alpha=0.8,q=0.03",0.47961511598678047,0.5019591872059711,0.4771324414068704,0.5679895881092744,0.8896584641405532
cal8,real,real,3003,8,61,0.45166692553117793,0.46284330705560445,0.45042510536179714,0.9159855807374999,,,weakspot,"weakspot|alpha=0.8,q=0.1",0.47810829750118644,0.5015670197672999,0.47550177280495154,0.5666595727414202,0.9250862022756164
cal8,real,real,3003,8,61,0.45166692553117793,0.46284330705560445,0.45042510536179714,0.9159855807374999,,,weakspot,"weakspot|alpha=0.8,q=0.3",0.4788290977571681,0.49935571394581,0.47654836262509676,0.5667333318608553,0.9541869607516292
cal8,real,real,3003,8,61,0.45166692553117793,0.46284330705560445,0.45042510536179714,0.9159855807374999,,,weakspot,"weakspot|alpha=1.0,q=0.03",0.4798598590462151,0.5005233654509658,0.47756391389013175,0.5656504786518071,0.8376668973923055
cal8,real,real,3003,8,61,0.45166692553117793,0.46284330705560445,0.45042510536179714,0.9159855807374999,,,weakspot,"weakspot|alpha=1.0,q=0.1",0.4793020725711666,0.5024992201386902,0.4767246117303307,0.5687943924952359,0.8876802348975272
cal8,real,real,3003,8,61,0.45166692553117793,0.46284330705560445,0.45042510536179714,0.9159855807374999,,,weakspot,"weakspot|alpha=1.0,q=0.3",0.47850758941094285,0.49992293054036496,0.4761281070632293,0.5670382977417157,0.930215462170338
cal8,real,real,3003,8,61,0.45166692553117793,0.46284330705560445,0.45042510536179714,0.9159855807374999,,,weakspot_emb,"weakspot_emb|alpha=0.2,q=0.03",0.4799126492184456,0.4989085300390578,0.4778019957939331,0.5694932122652202,0.9909683793245853
cal8,real,real,3003,8,61,0.45166692553117793,0.46284330705560445,0.45042510536179714,0.9159855807374999,,,weakspot_emb,"weakspot_emb|alpha=0.2,q=0.1",0.4779252010891871,0.49986097998938767,0.4754878923224982,0.5667972497221921,0.9940875517461238
cal8,real,real,3003,8,61,0.45166692553117793,0.46284330705560445,0.45042510536179714,0.9159855807374999,,,weakspot_emb,"weakspot_emb|alpha=0.2,q=0.3",0.47891654294444325,0.5016473362907915,0.47639089923929345,0.5681878919766936,0.9962508199377501
cal8,real,real,3003,8,61,0.45166692553117793,0.46284330705560445,0.45042510536179714,0.9159855807374999,,,weakspot_emb,"weakspot_emb|alpha=0.5,q=0.03",0.481455831217343,0.49920683003125477,0.47948349801579726,0.5727987400655504,0.9461077272442066
cal8,real,real,3003,8,61,0.45166692553117793,0.46284330705560445,0.45042510536179714,0.9159855807374999,,,weakspot_emb,"weakspot_emb|alpha=0.5,q=0.1",0.4811306732250771,0.49929277582605897,0.4791126618249679,0.5715286445592268,0.9641596941698014
cal8,real,real,3003,8,61,0.45166692553117793,0.46284330705560445,0.45042510536179714,0.9159855807374999,,,weakspot_emb,"weakspot_emb|alpha=0.5,q=0.3",0.48086311351031574,0.5013037120749841,0.47859193589201926,0.569067622572635,0.9770199455120449
cal8,real,real,3003,8,61,0.45166692553117793,0.46284330705560445,0.45042510536179714,0.9159855807374999,,,weakspot_emb,"weakspot_emb|alpha=0.8,q=0.03",0.4835146935702694,0.49731145304528523,0.4819817202952676,0.5764239918044776,0.8727351825424083
cal8,real,real,3003,8,61,0.45166692553117793,0.46284330705560445,0.45042510536179714,0.9159855807374999,,,weakspot_emb,"weakspot_emb|alpha=0.8,q=0.1",0.48327060364053476,0.49800127410956674,0.48163386247730905,0.5746429897246829,0.9131070766334725
cal8,real,real,3003,8,61,0.45166692553117793,0.46284330705560445,0.45042510536179714,0.9159855807374999,,,weakspot_emb,"weakspot_emb|alpha=0.8,q=0.3",0.4820999551372913,0.49912411607632384,0.480208381699621,0.5714450287459123,0.9432070253287028
cal8,real,real,3003,8,61,0.45166692553117793,0.46284330705560445,0.45042510536179714,0.9159855807374999,,,weakspot_emb,"weakspot_emb|alpha=1.0,q=0.03",0.48667258916363265,0.4980296264107129,0.4854106961361794,0.5807838836714381,0.8144328201842822
cal8,real,real,3003,8,61,0.45166692553117793,0.46284330705560445,0.45042510536179714,0.9159855807374999,,,weakspot_emb,"weakspot_emb|alpha=1.0,q=0.1",0.4844868313681261,0.49623813704019,0.4831811307378967,0.5782417665444161,0.8705566449745976
cal8,real,real,3003,8,61,0.45166692553117793,0.46284330705560445,0.45042510536179714,0.9159855807374999,,,weakspot_emb,"weakspot_emb|alpha=1.0,q=0.3",0.482220911355151,0.49708812990903206,0.48056899818249754,0.574595715543311,0.9140080791295595
cal8,real,real,3003,8,61,0.45166692553117793,0.46284330705560445,0.45042510536179714,0.9159855807374999,,,loss,loss|alpha=0.2,0.48340893037000626,0.5051652148873198,0.480991565423638,0.5814723161343265,0.9665520818380781
cal8,real,real,3003,8,61,0.45166692553117793,0.46284330705560445,0.45042510536179714,0.9159855807374999,,,loss,loss|alpha=0.5,0.4935021874883902,0.5162379989388868,0.4909759862161128,0.6036192568404227,0.8221765827943246
cal8,real,real,3003,8,61,0.45166692553117793,0.46284330705560445,0.45042510536179714,0.9159855807374999,,,loss,loss|alpha=0.8,0.5038300923418141,0.5295066773376731,0.5009771384533853,0.6172163335087844,0.6436305515944312
cal8,real,real,3003,8,61,0.45166692553117793,0.46284330705560445,0.45042510536179714,0.9159855807374999,,,loss,loss|alpha=1.0,0.5124003603426381,0.5386062743953521,0.5094885921145588,0.621278053581587,0.5361542435709782
cal8,real,real,3003,8,61,0.45166692553117793,0.46284330705560445,0.45042510536179714,0.9159855807374999,,,smoothed_loss,smoothed_loss|alpha=0.2,0.4779596943966556,0.5000663430240264,0.4755034001047256,0.5663179853288847,0.9948173202602519
cal8,real,real,3003,8,61,0.45166692553117793,0.46284330705560445,0.45042510536179714,0.9159855807374999,,,smoothed_loss,smoothed_loss|alpha=0.5,0.47853468916222996,0.5015727538906745,0.47597490419240274,0.5655100011126132,0.9684662554464106
cal8,real,real,3003,8,61,0.45166692553117793,0.46284330705560445,0.45042510536179714,0.9159855807374999,,,smoothed_loss,smoothed_loss|alpha=0.8,0.4814032403490212,0.5042976969145512,0.47885941184174013,0.5680924013907436,0.9230585663072328
cal8,real,real,3003,8,61,0.45166692553117793,0.46284330705560445,0.45042510536179714,0.9159855807374999,,,smoothed_loss,smoothed_loss|alpha=1.0,0.48407895591646954,0.506359894667821,0.4816032960552083,0.5725073021191929,0.8847662743878763
cal8,real,real,3003,8,61,0.45166692553117793,0.46284330705560445,0.45042510536179714,0.9159855807374999,,,jtt,"jtt|q=0.1,lam=2",0.48353898430062203,0.5102005059165101,0.48057659300996775,0.5844481586954814,0.9307692307692305
cal8,real,real,3003,8,61,0.45166692553117793,0.46284330705560445,0.45042510536179714,0.9159855807374999,,,jtt,"jtt|q=0.1,lam=5",0.5076538888829484,0.5289991871229597,0.5052821890785028,0.6265647089559626,0.576470588235294
cal8,real,real,3003,8,61,0.45166692553117793,0.46284330705560445,0.45042510536179714,0.9159855807374999,,,jtt,"jtt|q=0.1,lam=10",0.5308685136432505,0.5411240868269587,0.5297290055117274,0.6629383211318691,0.3311926605504589
cal8,real,real,3003,8,61,0.45166692553117793,0.46284330705560445,0.45042510536179714,0.9159855807374999,,,jtt,"jtt|q=0.1,lam=20",0.5589336486703728,0.5682523546586802,0.5578982368938941,0.6955750526641722,0.20562347188264063
cal8,real,real,3003,8,61,0.45166692553117793,0.46284330705560445,0.45042510536179714,0.9159855807374999,,,jtt,"jtt|q=0.2,lam=2",0.48621110709113646,0.5112647415364155,0.4834273699305499,0.5856293032463907,0.9
cal8,real,real,3003,8,61,0.45166692553117793,0.46284330705560445,0.45042510536179714,0.9159855807374999,,,jtt,"jtt|q=0.2,lam=5",0.5108081511257188,0.5330773682237921,0.5083337936703773,0.628792292642082,0.5586206896551722
cal8,real,real,3003,8,61,0.45166692553117793,0.46284330705560445,0.45042510536179714,0.9159855807374999,,,jtt,"jtt|q=0.2,lam=10",0.5306963565533694,0.5580462745883834,0.5276574767717013,0.6597841355456674,0.3769230769230771
cal8,real,real,3003,8,61,0.45166692553117793,0.46284330705560445,0.45042510536179714,0.9159855807374999,,,jtt,"jtt|q=0.2,lam=20",0.5544776200721374,0.5821857845536316,0.5513989351297491,0.6863723780680558,0.2851485148514851
cal8,real,real,3003,8,61,0.45166692553117793,0.46284330705560445,0.45042510536179714,0.9159855807374999,,,density,density|alpha=0.2,0.4764940040447832,0.4980381413054633,0.47410021101581873,0.5654039060081021,0.9900136595009382
cal8,real,real,3003,8,61,0.45166692553117793,0.46284330705560445,0.45042510536179714,0.9159855807374999,,,density,density|alpha=0.5,0.4742903410990004,0.49534308537742594,0.4719511472902865,0.5613489706402048,0.940694649836638
cal8,real,real,3003,8,61,0.45166692553117793,0.46284330705560445,0.45042510536179714,0.9159855807374999,,,density,density|alpha=0.8,0.4729909290294464,0.49547973530887846,0.47049217277617617,0.560596261846052,0.8610348513881251
cal8,real,real,3003,8,61,0.45166692553117793,0.46284330705560445,0.45042510536179714,0.9159855807374999,,,density,density|alpha=1.0,0.4725491396941414,0.49612947446411026,0.4699291024974782,0.5596763443913012,0.7986092467669915
cal8,real,real,3002,8,62,0.44089050361445353,0.42446638062999414,0.44271540616828237,0.9175997284249999,,,uniform,uniform,0.46905393532461526,0.46388306622125824,0.46962847633609933,0.46711581724705226,1.0
cal8,real,real,3002,8,62,0.44089050361445353,0.42446638062999414,0.44271540616828237,0.9175997284249999,,,weakspot,"weakspot|alpha=0.2,q=0.03",0.46888070111231167,0.46400227226379387,0.46942274876214696,0.46843629985044233,0.9758626204106602
cal8,real,real,3002,8,62,0.44089050361445353,0.42446638062999414,0.44271540616828237,0.9175997284249999,,,weakspot,"weakspot|alpha=0.2,q=0.1",0.46921597560955974,0.4645804175772177,0.46973103761315327,0.46796137498882395,0.9902398275626448
cal8,real,real,3002,8,62,0.44089050361445353,0.42446638062999414,0.44271540616828237,0.9175997284249999,,,weakspot,"weakspot|alpha=0.2,q=0.3",0.4691222518647319,0.46496641130910127,0.46958401192646865,0.46824241517284576,0.9952048064455513
cal8,real,real,3002,8,62,0.44089050361445353,0.42446638062999414,0.44271540616828237,0.9175997284249999,,,weakspot,"weakspot|alpha=0.5,q=0.03",0.4710135275076329,0.47181517981767757,0.4709244550287392,0.4759189856579523,0.8661083001749567
cal8,real,real,3002,8,62,0.44089050361445353,0.42446638062999414,0.44271540616828237,0.9175997284249999,,,weakspot,"weakspot|alpha=0.5,q=0.1",0.47037487188023624,0.4721477979969484,0.4701778800894905,0.4761642597248155,0.9419723134572218
cal8,real,real,3002,8,62,0.44089050361445353,0.42446638062999414,0.44271540616828237,0.9175997284249999,,,weakspot,"weakspot|alpha=0.5,q=0.3",0.4699101816142916,0.46751148820734856,0.470176703103952,0.471749552386568,0.9707659994134102
cal8,real,real,3002,8,62,0.44089050361445353,0.42446638062999414,0.44271540616828237,0.9175997284249999,,,weakspot,"weakspot|alpha=0.8,q=0.03",0.4733831868235699,0.472487393219851,0.4734827194462053,0.47962193258679053,0.7164604520371143
cal8,real,real,3002,8,62,0.44089050361445353,0.42446638062999414,0.44271540616828237,0.9175997284249999,,,weakspot,"weakspot|alpha=0.8,q=0.1",0.47246922504342354,0.4719544629498638,0.47252642083159685,0.4769379764140524,0.8637801756307674
cal8,real,real,3002,8,62,0.44089050361445353,0.42446638062999414,0.44271540616828237,0.9175997284249999,,,weakspot,"weakspot|alpha=0.8,q=0.3",0.47040024674812186,0.4716788433744488,0.47025818045630774,0.47556908887464727,0.9284251332260474
cal8,real,real,3002,8,62,0.44089050361445353,0.42446638062999414,0.44271540616828237,0.9175997284249999,,,weakspot,"weakspot|alpha=1.0,q=0.03",0.48131613622049796,0.4739699472134962,0.48213237944349824,0.4822690336562502,0.617909457405128
cal8,real,real,3002,8,62,0.44089050361445353,0.42446638062999414,0.44271540616828237,0.9175997284249999,,,weakspot,"weakspot|alpha=1.0,q=0.1",0.473779507193269,0.4733561216661709,0.47382655002961327,0.47944192454769874,0.8023046629728311
cal8,real,real,3002,8,62,0.44089050361445353,0.42446638062999414,0.44271540616828237,0.9175997284249999,,,weakspot,"weakspot|alpha=1.0,q=0.3",0.47151034116517077,0.4727860563470508,0.4713685950338507,0.47674624182594827,0.8924926108831542
cal8,real,real,3002,8,62,0.44089050361445353,0.42446638062999414,0.44271540616828237,0.9175997284249999,,,weakspot_emb,"weakspot_emb|alpha=0.2,q=0.03",0.4698636301169432,0.4638378846383292,0.47053315739234475,0.46697555482129927,0.9910622507443172
cal8,real,real,3002,8,62,0.44089050361445353,0.42446638062999414,0.44271540616828237,0.9175997284249999,,,weakspot_emb,"weakspot_emb|alpha=0.2,q=0.1",0.46985450661487654,0.4635138216839911,0.4705590271627527,0.4666415248207592,0.9951890784369765
cal8,real,real,3002,8,62,0.44089050361445353,0.42446638062999414,0.44271540616828237,0.9175997284249999,,,weakspot_emb,"weakspot_emb|alpha=0.2,q=0.3",0.4699784591499911,0.46479810452742626,0.4705540541080539,0.4681122762912364,0.9973031129185062
cal8,real,real,3002,8,62,0.44089050361445353,0.42446638062999414,0.44271540616828237,0.9175997284249999,,,weakspot_emb,"weakspot_emb|alpha=0.5,q=0.03",0.4708493387329986,0.4688997908232072,0.4710659551674198,0.4730465052956717,0.9466427587778315
cal8,real,real,3002,8,62,0.44089050361445353,0.42446638062999414,0.44271540616828237,0.9175997284249999,,,weakspot_emb,"weakspot_emb|alpha=0.5,q=0.1",0.47028797449982007,0.4644217576909619,0.47093977636747086,0.4683436399405197,0.9706724754377146
cal8,real,real,3002,8,62,0.44089050361445353,0.42446638062999414,0.44271540616828237,0.9175997284249999,,,weakspot_emb,"weakspot_emb|alpha=0.5,q=0.3",0.47035528868394855,0.4648822981328852,0.47096339874517784,0.468619969524582,0.9833797757973677
cal8,real,real,3002,8,62,0.44089050361445353,0.42446638062999414,0.44271540616828237,0.9175997284249999,,,weakspot_emb,"weakspot_emb|alpha=0.8,q=0.03",0.47159332651372815,0.47205472799397,0.47154205968259005,0.4756501557350824,0.8739015560168715
cal8,real,real,3002,8,62,0.44089050361445353,0.42446638062999414,0.44271540616828237,0.9175997284249999,,,weakspot_emb,"weakspot_emb|alpha=0.8,q=0.1",0.4713677643521449,0.46866686196424057,0.4716678646174676,0.47288438998103677,0.9282061721118149
cal8,real,real,3002,8,62,0.44089050361445353,0.42446638062999414,0.44271540616828237,0.9175997284249999,,,weakspot_emb,"weakspot_emb|alpha=0.8,q=0.3",0.4711974236684274,0.4648732001564399,0.47190011516975927,0.46890325829589896,0.9585275061880794
cal8,real,real,3002,8,62,0.44089050361445353,0.42446638062999414,0.44271540616828237,0.9175997284249999,,,weakspot_emb,"weakspot_emb|alpha=1.0,q=0.03",0.47208290995545066,0.4732519736656469,0.47195301398765094,0.4783928852191807,0.8160208885928937
cal8,real,real,3002,8,62,0.44089050361445353,0.42446638062999414,0.44271540616828237,0.9175997284249999,,,weakspot_emb,"weakspot_emb|alpha=1.0,q=0.1",0.470803036217558,0.4726305293944856,0.47059998142012155,0.4765577648744933,0.8921764915299962
cal8,real,real,3002,8,62,0.44089050361445353,0.42446638062999414,0.44271540616828237,0.9175997284249999,,,weakspot_emb,"weakspot_emb|alpha=1.0,q=0.3",0.47114600332437256,0.46812411604810267,0.47148176857729146,0.4723250073722245,0.9366764576051901
cal8,real,real,3002,8,62,0.44089050361445353,0.42446638062999414,0.44271540616828237,0.9175997284249999,,,loss,loss|alpha=0.2,0.4771816269547259,0.467282018755606,0.47828158342129473,0.4708260959303688,0.9666498451879165
cal8,real,real,3002,8,62,0.44089050361445353,0.42446638062999414,0.44271540616828237,0.9175997284249999,,,loss,loss|alpha=0.5,0.4876706642534182,0.45740660949139517,0.4910333370047541,0.46459791721748595,0.8226188914386022
cal8,real,real,3002,8,62,0.44089050361445353,0.42446638062999414,0.44271540616828237,0.9175997284249999,,,loss,loss|alpha=0.8,0.49681475536207587,0.457187698211674,0.5012177617121205,0.4660203101669022,0.6443248451583681
cal8,real,real,3002,8,62,0.44089050361445353,0.42446638062999414,0.44271540616828237,0.9175997284249999,,,loss,loss|alpha=1.0,0.5060081791236568,0.46535208438349296,0.5105255229836749,0.4779298090962519,0.5369072707811153
cal8,real,real,3002,8,62,0.44089050361445353,0.42446638062999414,0.44271540616828237,0.9175997284249999,,,smoothed_loss,smoothed_loss|alpha=0.2,0.4707171376250491,0.4695779846254809,0.4708437101805567,0.4729410183999,0.992743517187651
cal8,real,real,3002,8,62,0.44089050361445353,0.42446638062999414,0.44271540616828237,0.9175997284249999,,,smoothed_loss,smoothed_loss|alpha=0.5,0.4747560266328435,0.4698058872173812,0.47530604212345046,0.4747548971638953,0.9563113679139149
cal8,real,real,3002,8,62,0.44089050361445353,0.42446638062999414,0.44271540616828237,0.9175997284249999,,,smoothed_loss,smoothed_loss|alpha=0.8,0.47800357046720787,0.4697619229132951,0.4789193090843093,0.47554580323540874,0.8952933095015199
cal8,real,real,3002,8,62,0.44089050361445353,0.42446638062999414,0.44271540616828237,0.9175997284249999,,,smoothed_loss,smoothed_loss|alpha=1.0,0.4809943156254806,0.4702229925061141,0.48219112930541025,0.4762528018311892,0.845495714332422
cal8,real,real,3002,8,62,0.44089050361445353,0.42446638062999414,0.44271540616828237,0.9175997284249999,,,jtt,"jtt|q=0.1,lam=2",0.4799291817634814,0.46772041476884396,0.48128571142955223,0.4743966496181058,0.9307692307692305
cal8,real,real,3002,8,62,0.44089050361445353,0.42446638062999414,0.44271540616828237,0.9175997284249999,,,jtt,"jtt|q=0.1,lam=5",0.4942593284922283,0.46137368824917036,0.49791328851923483,0.4678507067416476,0.5764705882352938
cal8,real,real,3002,8,62,0.44089050361445353,0.42446638062999414,0.44271540616828237,0.9175997284249999,,,jtt,"jtt|q=0.1,lam=10",0.508250565664919,0.47539518351379667,0.5119011636817103,0.4814749573277142,0.3311926605504589
cal8,real,real,3002,8,62,0.44089050361445353,0.42446638062999414,0.44271540616828237,0.9175997284249999,,,jtt,"jtt|q=0.1,lam=20",0.529386471127745,0.5017677108042284,0.5324552222748024,0.5107993056287239,0.20562347188264063
cal8,real,real,3002,8,62,0.44089050361445353,0.42446638062999414,0.44271540616828237,0.9175997284249999,,,jtt,"jtt|q=0.2,lam=2",0.4804128775657367,0.4716574886698717,0.48138569855416613,0.4763915185897068,0.8999999999999998
cal8,real,real,3002,8,62,0.44089050361445353,0.42446638062999414,0.44271540616828237,0.9175997284249999,,,jtt,"jtt|q=0.2,lam=5",0.4954298147849321,0.47240085630370715,0.4979885879495127,0.4790552470016455,0.5586206896551722
cal8,real,real,3002,8,62,0.44089050361445353,0.42446638062999414,0.44271540616828237,0.9175997284249999,,,jtt,"jtt|q=0.2,lam=10",0.5124781738813992,0.48564142789884146,0.5154600345461277,0.4955118531912731,0.3769230769230771
cal8,real,real,3002,8,62,0.44089050361445353,0.42446638062999414,0.44271540616828237,0.9175997284249999,,,jtt,"jtt|q=0.2,lam=20",0.5338824249267647,0.5046949018714312,0.537125483044024,0.5153346154253496,0.2851485148514851
cal8,real,real,3002,8,62,0.44089050361445353,0.42446638062999414,0.44271540616828237,0.9175997284249999,,,density,density|alpha=0.2,0.4682588073777234,0.46292287602998683,0.4688516886385831,0.46601474210093186,0.9917793139807418
cal8,real,real,3002,8,62,0.44089050361445353,0.42446638062999414,0.44271540616828237,0.9175997284249999,,,density,density|alpha=0.5,0.4655736923301388,0.46119398422707875,0.4660603265638122,0.4640626766725782,0.9507464276846275
cal8,real,real,3002,8,62,0.44089050361445353,0.42446638062999414,0.44271540616828237,0.9175997284249999,,,density,density|alpha=0.8,0.4645497645432906,0.46163941008000414,0.4648731372614336,0.46378810227628947,0.8829077081860397
cal8,real,real,3002,8,62,0.44089050361445353,0.42446638062999414,0.44271540616828237,0.9175997284249999,,,density,density|alpha=1.0,0.46370558274100077,0.4623274632474282,0.46385870712917543,0.46423981005771425,0.8283489874216188
cal8,real,real,3001,8,62,0.45283631537977914,0.4615175483792732,0.45187173393539093,0.9216211283250001,,,uniform,uniform,0.48854306057665825,0.48549263646077606,0.488881996589534,0.5228599979574922,1.0
cal8,real,real,3001,8,62,0.45283631537977914,0.4615175483792732,0.45187173393539093,0.9216211283250001,,,weakspot,"weakspot|alpha=0.2,q=0.03",0.4965750232733126,0.4858717398890808,0.49776427698267167,0.5225640044377794,0.8788085114334058
cal8,real,real,3001,8,62,0.45283631537977914,0.4615175483792732,0.45187173393539093,0.9216211283250001,,,weakspot,"weakspot|alpha=0.2,q=0.1",0.4927206690546069,0.48800446201046443,0.4932446920595116,0.5236750415919733,0.9726285352061266
cal8,real,real,3001,8,62,0.45283631537977914,0.4615175483792732,0.45187173393539093,0.9216211283250001,,,weakspot,"weakspot|alpha=0.2,q=0.3",0.49038566604095396,0.48697151400450983,0.4907650162672255,0.5232013086804383,0.9939529473381927
cal8,real,real,3001,8,62,0.45283631537977914,0.4615175483792732,0.45187173393539093,0.9216211283250001,,,weakspot,"weakspot|alpha=0.5,q=0.03",0.5031434264499811,0.48839669989787227,0.5047819516224377,0.5242557005277975,0.5370851989849993
cal8,real,real,3001,8,62,0.45283631537977914,0.4615175483792732,0.45187173393539093,0.9216211283250001,,,weakspot,"weakspot|alpha=0.5,q=0.1",0.4995752673365002,0.48905193188041424,0.5007445268316209,0.5250073461961224,0.8504226401006333
cal8,real,real,3001,8,62,0.45283631537977914,0.4615175483792732,0.45187173393539093,0.9216211283250001,,,weakspot,"weakspot|alpha=0.5,q=0.3",0.4932002520036703,0.48766049517337406,0.49381578054036984,0.5246387592166962,0.9633688509232355
cal8,real,real,3001,8,62,0.45283631537977914,0.4615175483792732,0.45187173393539093,0.9216211283250001,,,weakspot,"weakspot|alpha=0.8,q=0.03",0.5122868121853729,0.4987412056033939,0.5137918795833705,0.536763533422838,0.3118695274251652
cal8,real,real,3001,8,62,0.45283631537977914,0.4615175483792732,0.45187173393539093,0.9216211283250001,,,weakspot,"weakspot|alpha=0.8,q=0.1",0.5061030522476394,0.4894167903345158,0.5079570813490976,0.5262519455740029,0.6895277621959541
cal8,real,real,3001,8,62,0.45283631537977914,0.4615175483792732,0.45187173393539093,0.9216211283250001,,,weakspot,"weakspot|alpha=0.8,q=0.3",0.49661530259847936,0.48865044270022223,0.497500287031619,0.5247583317746651,0.9112933629926161
cal8,real,real,3001,8,62,0.45283631537977914,0.4615175483792732,0.45187173393539093,0.9216211283250001,,,weakspot,"weakspot|alpha=1.0,q=0.03",0.5461647626412764,0.516407195692466,0.549471158968922,0.5512744971807826,0.22483996123669028
cal8,real,real,3001,8,62,0.45283631537977914,0.4615175483792732,0.45187173393539093,0.9216211283250001,,,weakspot,"weakspot|alpha=1.0,q=0.1",0.5125053199446703,0.49428284655857047,0.5145300392097925,0.5309681582658613,0.5870116718046667
cal8,real,real,3001,8,62,0.45283631537977914,0.4615175483792732,0.45187173393539093,0.9216211283250001,,,weakspot,"weakspot|alpha=1.0,q=0.3",0.5039404417827342,0.48876774563551867,0.5056262969102026,0.526281461239026,0.8679831864286566
cal8,real,real,3001,8,62,0.45283631537977914,0.4615175483792732,0.45187173393539093,0.9216211283250001,,,weakspot_emb,"weakspot_emb|alpha=0.2,q=0.03",0.49535488650626963,0.48942462072227605,0.4960138049267133,0.5267313451244068,0.9501709347928735
cal8,real,real,3001,8,62,0.45283631537977914,0.4615175483792732,0.45187173393539093,0.9216211283250001,,,weakspot_emb,"weakspot_emb|alpha=0.2,q=0.1",0.49276179219672583,0.48928501121831347,0.49314810119432717,0.52496281194371,0.987281496397694
cal8,real,real,3001,8,62,0.45283631537977914,0.4615175483792732,0.45187173393539093,0.9216211283250001,,,weakspot_emb,"weakspot_emb|alpha=0.2,q=0.3",0.4911339025894633,0.4872508343750402,0.4915653546132881,0.5239386736001582,0.9958556389938293
cal8,real,real,3001,8,62,0.45283631537977914,0.4615175483792732,0.45187173393539093,0.9216211283250001,,,weakspot_emb,"weakspot_emb|alpha=0.5,q=0.03",0.503646473870228,0.49292372279281194,0.5048378906566076,0.52900754499427,0.7531459911099738
cal8,real,real,3001,8,62,0.45283631537977914,0.4615175483792732,0.45187173393539093,0.9216211283250001,,,weakspot_emb,"weakspot_emb|alpha=0.5,q=0.1",0.49757499737934757,0.49084471349413233,0.498322806699927,0.5272314480904207,0.9254848863761098
cal8,real,real,3001,8,62,0.45283631537977914,0.4615175483792732,0.45187173393539093,0.9216211283250001,,,weakspot_emb,"weakspot_emb|alpha=0.5,q=0.3",0.493328545433963,0.4919788189545606,0.4934785150427855,0.5274232175254613,0.9746493211276763
cal8,real,real,3001,8,62,0.45283631537977914,0.4615175483792732,0.45187173393539093,0.9216211283250001,,,weakspot_emb,"weakspot_emb|alpha=0.8,q=0.03",0.5075342789453463,0.49091218628276173,0.5093811781300779,0.5278089186696258,0.5437515003109022
cal8,real,real,3001,8,62,0.45283631537977914,0.4615175483792732,0.45187173393539093,0.9216211283250001,,,weakspot_emb,"weakspot_emb|alpha=0.8,q=0.1",0.5039697055309816,0.49251515191768463,0.5052424337102368,0.5295935054743951,0.8291065724682087
cal8,real,real,3001,8,62,0.45283631537977914,0.4615175483792732,0.45187173393539093,0.9216211283250001,,,weakspot_emb,"weakspot_emb|alpha=0.8,q=0.3",0.4963400327691703,0.4917490048323883,0.4968501469843683,0.5283979843388544,0.9375711399029598
cal8,real,real,3001,8,62,0.45283631537977914,0.4615175483792732,0.45187173393539093,0.9216211283250001,,,weakspot_emb,"weakspot_emb|alpha=1.0,q=0.03",0.5281292935944683,0.49604663291402473,0.5316940336700731,0.5318658638636167,0.4327027589765589
cal8,real,real,3001,8,62,0.45283631537977914,0.4615175483792732,0.45187173393539093,0.9216211283250001,,,weakspot_emb,"weakspot_emb|alpha=1.0,q=0.1",0.5110303880155845,0.49251952113652353,0.5130871510021469,0.5273929282268994,0.7563960692431564
cal8,real,real,3001,8,62,0.45283631537977914,0.4615175483792732,0.45187173393539093,0.9216211283250001,,,weakspot_emb,"weakspot_emb|alpha=1.0,q=0.3",0.5010719981651225,0.4912133336177212,0.502167405337056,0.5276776896746516,0.9057641154529121
cal8,real,real,3001,8,62,0.45283631537977914,0.4615175483792732,0.45187173393539093,0.9216211283250001,,,loss,loss|alpha=0.2,0.4999947286115314,0.49496185982270774,0.5005539362547341,0.5315371141842865,0.9682634303648454
cal8,real,real,3001,8,62,0.45283631537977914,0.4615175483792732,0.45187173393539093,0.9216211283250001,,,loss,loss|alpha=0.5,0.5131346550417221,0.5004652179731152,0.5145423702715674,0.5380482841936157,0.8299754231075225
cal8,real,real,3001,8,62,0.45283631537977914,0.4615175483792732,0.45187173393539093,0.9216211283250001,,,loss,loss|alpha=0.8,0.5259462474085753,0.5161250846641977,0.5270374877135061,0.5506061089183835,0.6559834593210603
cal8,real,real,3001,8,62,0.45283631537977914,0.4615175483792732,0.45187173393539093,0.9216211283250001,,,loss,loss|alpha=1.0,0.5350503958917869,0.5195821031866078,0.5367690950812513,0.5572439290471057,0.5496257608131413
cal8,real,real,3001,8,62,0.45283631537977914,0.4615175483792732,0.45187173393539093,0.9216211283250001,,,smoothed_loss,smoothed_loss|alpha=0.2,0.49300209191250455,0.4894323173737646,0.4933987335279201,0.5247117110188532,0.991733259654734
cal8,real,real,3001,8,62,0.45283631537977914,0.4615175483792732,0.45187173393539093,0.9216211283250001,,,smoothed_loss,smoothed_loss|alpha=0.5,0.4988171378069312,0.4929660815381801,0.49946725517012575,0.5267081787296944,0.9504819743111815
cal8,real,real,3001,8,62,0.45283631537977914,0.4615175483792732,0.45187173393539093,0.9216211283250001,,,smoothed_loss,smoothed_loss|alpha=0.8,0.5036368161410694,0.49449203292561406,0.5046529031650089,0.5276689883629033,0.8823240965557667
cal8,real,real,3001,8,62,0.45283631537977914,0.4615175483792732,0.45187173393539093,0.9216211283250001,,,smoothed_loss,smoothed_loss|alpha=1.0,0.5070935416852598,0.4955829642700882,0.5083724947313899,0.5287894929919434,0.8275465590081982
cal8,real,real,3001,8,62,0.45283631537977914,0.4615175483792732,0.45187173393539093,0.9216211283250001,,,jtt,"jtt|q=0.1,lam=2",0.5047259226498447,0.4933226054157968,0.5059929578980722,0.5309466332367003,0.9307692307692305
cal8,real,real,3001,8,62,0.45283631537977914,0.4615175483792732,0.45187173393539093,0.9216211283250001,,,jtt,"jtt|q=0.1,lam=5",0.5250088464188025,0.5097888450551649,0.5266999576814289,0.5453532426308083,0.5764705882352938
cal8,real,real,3001,8,62,0.45283631537977914,0.4615175483792732,0.45187173393539093,0.9216211283250001,,,jtt,"jtt|q=0.1,lam=10",0.5399244284931867,0.5289210694599892,0.5411470239413199,0.5705450633991634,0.3311926605504589
cal8,real,real,3001,8,62,0.45283631537977914,0.4615175483792732,0.45187173393539093,0.9216211283250001,,,jtt,"jtt|q=0.1,lam=20",0.5563483677221223,0.5484277007205494,0.5572284418334083,0.5896554832345028,0.20562347188264055
cal8,real,real,3001,8,62,0.45283631537977914,0.4615175483792732,0.45187173393539093,0.9216211283250001,,,jtt,"jtt|q=0.2,lam=2",0.5051247653185009,0.49694778813173757,0.5060333183392525,0.5318215375491723,0.9
cal8,real,real,3001,8,62,0.45283631537977914,0.4615175483792732,0.45187173393539093,0.9216211283250001,,,jtt,"jtt|q=0.2,lam=5",0.5298069026580136,0.5097728347894741,0.5320329101989624,0.5450211424240355,0.5586206896551724
cal8,real,real,3001,8,62,0.45283631537977914,0.4615175483792732,0.45187173393539093,0.9216211283250001,,,jtt,"jtt|q=0.2,lam=10",0.550110656771554,0.5287387056152925,0.5524853180111385,0.5605306655147128,0.3769230769230769
cal8,real,real,3001,8,62,0.45283631537977914,0.4615175483792732,0.45187173393539093,0.9216211283250001,,,jtt,"jtt|q=0.2,lam=20",0.575612543639863,0.5557418297787549,0.5778204007355418,0.5804605646878735,0.28514851485148507
cal8,real,real,3001,8,62,0.45283631537977914,0.4615175483792732,0.45187173393539093,0.9216211283250001,,,density,density|alpha=0.2,0.485278891775494,0.4827792672317759,0.4855566278359072,0.5210354892549891,0.9913629890580502
cal8,real,real,3001,8,62,0.45283631537977914,0.4615175483792732,0.45187173393539093,0.9216211283250001,,,density,density|alpha=0.5,0.4813249128104778,0.47976742692975705,0.48149796679722456,0.5173312696579427,0.9483602502996208
cal8,real,real,3001,8,62,0.45283631537977914,0.4615175483792732,0.45187173393539093,0.9216211283250001,,,density,density|alpha=0.8,0.4784081978247176,0.47716354742447775,0.47854649231363316,0.5156191976880149,0.8776578785528099
cal8,real,real,3001,8,62,0.45283631537977914,0.4615175483792732,0.45187173393539093,0.9216211283250001,,,density,density|alpha=1.0,0.4771036935492146,0.47613008847983807,0.47721187189025643,0.5153775628251884,0.8211485357419759
cal8,real,real,3000,8,62,0.46860849084843403,0.5639714008958561,0.458012611954276,0.9165125062249999,,,uniform,uniform,0.5004001200148709,0.5929529002700006,0.49011647776430095,0.5979286969940836,1.0
cal8,real,real,3000,8,62,0.46860849084843403,0.5639714008958561,0.458012611954276,0.9165125062249999,,,weakspot,"weakspot|alpha=0.2,q=0.03",0.500948480539877,0.596831855481221,0.490294772213061,0.5971228570638076,0.9988785657490504
cal8,real,real,3000,8,62,0.46860849084843403,0.5639714008958561,0.458012611954276,0.9165125062249999,,,weakspot,"weakspot|alpha=0.2,q=0.1",0.5005063040724793,0.5941398397360202,0.4901025778876415,0.5982116462002167,0.999261486442282
cal8,real,real,3000,8,62,0.46860849084843403,0.5639714008958561,0.458012611954276,0.9165125062249999,,,weakspot,"weakspot|alpha=0.2,q=0.3",0.4999991821929204,0.5953422697292408,0.4894055057999958,0.595452310583371,0.999441701870152
cal8,real,real,3000,8,62,0.46860849084843403,0.5639714008958561,0.458012611954276,0.9165125062249999,,,weakspot,"weakspot|alpha=0.5,q=0.03",0.5012619090496072,0.5959160475792156,0.4907447825463173,0.5970689101312461,0.9930320598867498
cal8,real,real,3000,8,62,0.46860849084843403,0.5639714008958561,0.458012611954276,0.9165125062249999,,,weakspot,"weakspot|alpha=0.5,q=0.1",0.5006745764381374,0.5935915240477233,0.49035047114818336,0.5972571239815752,0.9954021171580445
cal8,real,real,3000,8,62,0.46860849084843403,0.5639714008958561,0.458012611954276,0.9165125062249999,,,weakspot,"weakspot|alpha=0.5,q=0.3",0.5008462060331235,0.5942243568318387,0.49047085594437734,0.5978925930079511,0.9965208343497489
cal8,real,real,3000,8,62,0.46860849084843403,0.5639714008958561,0.458012611954276,0.9165125062249999,,,weakspot,"weakspot|alpha=0.8,q=0.03",0.5001471060275272,0.5949512298429397,0.4896133144924814,0.5949547362621346,0.9823538863288157
cal8,real,real,3000,8,62,0.46860849084843403,0.5639714008958561,0.458012611954276,0.9165125062249999,,,weakspot,"weakspot|alpha=0.8,q=0.1",0.49994701423901167,0.5936787774356648,0.4895323738838279,0.5960787543211876,0.9883132454764333
cal8,real,real,3000,8,62,0.46860849084843403,0.5639714008958561,0.458012611954276,0.9165125062249999,,,weakspot,"weakspot|alpha=0.8,q=0.3",0.5002524892893259,0.5935047441468879,0.48989112763848564,0.596245760733444,0.9911414158865866
cal8,real,real,3000,8,62,0.46860849084843403,0.5639714008958561,0.458012611954276,0.9165125062249999,,,weakspot,"weakspot|alpha=1.0,q=0.03",0.5006294101867552,0.5945215760242311,0.4901969473159246,0.5964414418183857,0.9726989360822206
cal8,real,real,3000,8,62,0.46860849084843403,0.5639714008958561,0.458012611954276,0.9165125062249999,,,weakspot,"weakspot|alpha=1.0,q=0.1",0.4998273075562135,0.5934493312321865,0.48942486048110545,0.5946359966878141,0.9818587033026254
cal8,real,real,3000,8,62,0.46860849084843403,0.5639714008958561,0.458012611954276,0.9165125062249999,,,weakspot,"weakspot|alpha=1.0,q=0.3",0.5003393895751985,0.5915917915389531,0.49020023380144795,0.5969579126630438,0.9862270920833782
cal8,real,real,3000,8,62,0.46860849084843403,0.5639714008958561,0.458012611954276,0.9165125062249999,,,weakspot_emb,"weakspot_emb|alpha=0.2,q=0.03",0.503816372738053,0.5927957870240942,0.4939297711507151,0.5978039440646155,0.9733985399986932
cal8,real,real,3000,8,62,0.46860849084843403,0.5639714008958561,0.458012611954276,0.9165125062249999,,,weakspot_emb,"weakspot_emb|alpha=0.2,q=0.1",0.5014545034925815,0.592364141145708,0.4913534326422341,0.5980050586854202,0.9939974180367591
cal8,real,real,3000,8,62,0.46860849084843403,0.5639714008958561,0.458012611954276,0.9165125062249999,,,weakspot_emb,"weakspot_emb|alpha=0.2,q=0.3",0.5018713533043313,0.5975655025038996,0.49123867005993477,0.5983963109073481,0.99686471871159
cal8,real,real,3000,8,62,0.46860849084843403,0.5639714008958561,0.458012611954276,0.9165125062249999,,,weakspot_emb,"weakspot_emb|alpha=0.5,q=0.03",0.5093576802022907,0.6227264636134308,0.4967611487121639,0.5942491582260123,0.8541148538608154
cal8,real,real,3000,8,62,0.46860849084843403,0.5639714008958561,0.458012611954276,0.9165125062249999,,,weakspot_emb,"weakspot_emb|alpha=0.5,q=0.1",0.5045085278618456,0.5969208862414973,0.49424048804188425,0.599215821642173,0.9636300104082595
cal8,real,real,3000,8,62,0.46860849084843403,0.5639714008958561,0.458012611954276,0.9165125062249999,,,weakspot_emb,"weakspot_emb|alpha=0.5,q=0.3",0.5039707184569638,0.5996946402758523,0.493334727143754,0.6009606444820644,0.9807218152401854
cal8,real,real,3000,8,62,0.46860849084843403,0.5639714008958561,0.458012611954276,0.9165125062249999,,,weakspot_emb,"weakspot_emb|alpha=0.8,q=0.03",0.5173094382190903,0.623269985986331,0.5055360440227301,0.6053645670956704,0.6957707666942554
cal8,real,real,3000,8,62,0.46860849084843403,0.5639714008958561,0.458012611954276,0.9165125062249999,,,weakspot_emb,"weakspot_emb|alpha=0.8,q=0.1",0.5087946074980852,0.6084314312504499,0.497723849303378,0.6021750385263336,0.9118918357511611
cal8,real,real,3000,8,62,0.46860849084843403,0.5639714008958561,0.458012611954276,0.9165125062249999,,,weakspot_emb,"weakspot_emb|alpha=0.8,q=0.3",0.5070710639867356,0.6084736259568553,0.4958041126567223,0.6035277966220951,0.952088729054912
cal8,real,real,3000,8,62,0.46860849084843403,0.5639714008958561,0.458012611954276,0.9165125062249999,,,weakspot_emb,"weakspot_emb|alpha=1.0,q=0.03",0.5307546329682827,0.6481910358698546,0.517706143756997,0.6130573564112233,0.5941026139065357
cal8,real,real,3000,8,62,0.46860849084843403,0.5639714008958561,0.458012611954276,0.9165125062249999,,,weakspot_emb,"weakspot_emb|alpha=1.0,q=0.1",0.5164664380113231,0.6470431136813142,0.5019579184924352,0.6048932212417878,0.8688317998551447
cal8,real,real,3000,8,62,0.46860849084843403,0.5639714008958561,0.458012611954276,0.9165125062249999,,,weakspot_emb,"weakspot_emb|alpha=1.0,q=0.3",0.512958987548007,0.6303272279399377,0.4999180719489035,0.6029610672767892,0.9271032140826746
cal8,real,real,3000,8,62,0.46860849084843403,0.5639714008958561,0.458012611954276,0.9165125062249999,,,loss,loss|alpha=0.2,0.5082422573412277,0.6163988351686114,0.49622485980485187,0.6020320511413629,0.9628809748648857
cal8,real,real,3000,8,62,0.46860849084843403,0.5639714008958561,0.458012611954276,0.9165125062249999,,,loss,loss|alpha=0.5,0.5201213085898027,0.6494088217876722,0.5057560293455949,0.6148931519195131,0.8058425107120485
cal8,real,real,3000,8,62,0.46860849084843403,0.5639714008958561,0.458012611954276,0.9165125062249999,,,loss,loss|alpha=0.8,0.5294337775499636,0.6637010005981785,0.514515197211273,0.6316006656351212,0.6185059219298936
cal8,real,real,3000,8,62,0.46860849084843403,0.5639714008958561,0.458012611954276,0.9165125062249999,,,loss,loss|alpha=1.0,0.534105737094399,0.6748461332739835,0.5184679152966675,0.6371504469636308,0.5092300353255674
cal8,real,real,3000,8,62,0.46860849084843403,0.5639714008958561,0.458012611954276,0.9165125062249999,,,smoothed_loss,smoothed_loss|alpha=0.2,0.5017787493544378,0.5940850983255661,0.4915224883576458,0.5992893305612701,0.9920328871677802
cal8,real,real,3000,8,62,0.46860849084843403,0.5639714008958561,0.458012611954276,0.9165125062249999,,,smoothed_loss,smoothed_loss|alpha=0.5,0.5040162452572842,0.6042869994170655,0.4928750503506418,0.6008731039037691,0.9522046953690623
cal8,real,real,3000,8,62,0.46860849084843403,0.5639714008958561,0.458012611954276,0.9165125062249999,,,smoothed_loss,smoothed_loss|alpha=0.8,0.5046685410040819,0.6115950207828023,0.49278782102866836,0.6014225939327836,0.886133949737492
cal8,real,real,3000,8,62,0.46860849084843403,0.5639714008958561,0.458012611954276,0.9165125062249999,,,smoothed_loss,smoothed_loss|alpha=1.0,0.5071097083169491,0.6186818455635117,0.49471280417844204,0.6043061260263566,0.8327937958647328
cal8,real,real,3000,8,62,0.46860849084843403,0.5639714008958561,0.458012611954276,0.9165125062249999,,,jtt,"jtt|q=0.1,lam=2",0.5077028847673571,0.6185801962608042,0.4953831834903074,0.6019283768718625,0.9307692307692305
cal8,real,real,3000,8,62,0.46860849084843403,0.5639714008958561,0.458012611954276,0.9165125062249999,,,jtt,"jtt|q=0.1,lam=5",0.5310996416673477,0.6565374358958377,0.5171621089752932,0.6321011146336748,0.5764705882352938
cal8,real,real,3000,8,62,0.46860849084843403,0.5639714008958561,0.458012611954276,0.9165125062249999,,,jtt,"jtt|q=0.1,lam=10",0.5522246094459073,0.6754694517535182,0.5385307380783951,0.6581768105406277,0.3311926605504589
cal8,real,real,3000,8,62,0.46860849084843403,0.5639714008958561,0.458012611954276,0.9165125062249999,,,jtt,"jtt|q=0.1,lam=20",0.568647394626388,0.7122011050355707,0.5526969823587011,0.6791254423199962,0.20562347188264063
cal8,real,real,3000,8,62,0.46860849084843403,0.5639714008958561,0.458012611954276,0.9165125062249999,,,jtt,"jtt|q=0.2,lam=2",0.5105030532625424,0.6183514720589997,0.4985198956184916,0.6087777170973642,0.9000000000000001
cal8,real,real,3000,8,62,0.46860849084843403,0.5639714008958561,0.458012611954276,0.9165125062249999,,,jtt,"jtt|q=0.2,lam=5",0.5334919544220641,0.6818670833467223,0.517005828985991,0.630634473413485,0.5586206896551724
cal8,real,real,3000,8,62,0.46860849084843403,0.5639714008958561,0.458012611954276,0.9165125062249999,,,jtt,"jtt|q=0.2,lam=10",0.5479243563265301,0.7188805960887089,0.5289292185751772,0.6555581120985464,0.3769230769230771
cal8,real,real,3000,8,62,0.46860849084843403,0.5639714008958561,0.458012611954276,0.9165125062249999,,,jtt,"jtt|q=0.2,lam=20",0.5642698048183585,0.7384925590165504,0.5449117210185596,0.6821279991862629,0.28514851485148507
cal8,real,real,3000,8,62,0.46860849084843403,0.5639714008958561,0.458012611954276,0.9165125062249999,,,density,density|alpha=0.2,0.49709431832832635,0.591526372497094,0.48660186786513,0.5949355724249336,0.9855949153306274
cal8,real,real,3000,8,62,0.46860849084843403,0.5639714008958561,0.458012611954276,0.9165125062249999,,,density,density|alpha=0.5,0.49150601253240384,0.5880208830847781,0.4807821380265845,0.5873068591470162,0.9162983034516082
cal8,real,real,3000,8,62,0.46860849084843403,0.5639714008958561,0.458012611954276,0.9165125062249999,,,density,density|alpha=0.8,0.49003148507902755,0.5887047236374193,0.47906779190587295,0.5806566164857393,0.8104712998780358
cal8,real,real,3000,8,62,0.46860849084843403,0.5639714008958561,0.458012611954276,0.9165125062249999,,,density,density|alpha=1.0,0.4886035387865653,0.5863734804397815,0.47774021193620797,0.5806152646561794,0.7323911564547136
synth20,hard,gauss,3009,20,64,0.1656637069213308,0.3617484856884328,0.13752346708682958,0.965199605526677,0.19665385373729777,0.06192347847950608,uniform,uniform,0.15457220092629756,0.31159604466322954,0.1320376184346052,0.22544442345258595,1.0
synth20,hard,gauss,3009,20,64,0.1656637069213308,0.3617484856884328,0.13752346708682958,0.965199605526677,0.19665385373729777,0.06192347847950608,weakspot,"weakspot|alpha=0.2,q=0.03",0.15448436730694373,0.31392755418757745,0.1316025834835938,0.22855931275125152,0.9982051129056044
synth20,hard,gauss,3009,20,64,0.1656637069213308,0.3617484856884328,0.13752346708682958,0.965199605526677,0.19665385373729777,0.06192347847950608,weakspot,"weakspot|alpha=0.2,q=0.1",0.1566527661655048,0.3166778504522401,0.13368747390937524,0.23373694668406395,0.9987897235987231
synth20,hard,gauss,3009,20,64,0.1656637069213308,0.3617484856884328,0.13752346708682958,0.965199605526677,0.19665385373729777,0.06192347847950608,weakspot,"weakspot|alpha=0.2,q=0.3",0.15383824655940662,0.31380169599745306,0.1308817995560049,0.23027104643344887,0.9992237376794016
synth20,hard,gauss,3009,20,64,0.1656637069213308,0.3617484856884328,0.13752346708682958,0.965199605526677,0.19665385373729777,0.06192347847950608,weakspot,"weakspot|alpha=0.5,q=0.03",0.1547639093686067,0.3164382395217785,0.13156193288579018,0.23123741584036833,0.9888866782385062
synth20,hard,gauss,3009,20,64,0.1656637069213308,0.3617484856884328,0.13752346708682958,0.965199605526677,0.19665385373729777,0.06192347847950608,weakspot,"weakspot|alpha=0.5,q=0.1",0.15375410270279474,0.30855411899221136,0.13153866297229527,0.22905517105220938,0.9924835317636885
synth20,hard,gauss,3009,20,64,0.1656637069213308,0.3617484856884328,0.13752346708682958,0.965199605526677,0.19665385373729777,0.06192347847950608,weakspot,"weakspot|alpha=0.5,q=0.3",0.15547674527307676,0.3145623055431715,0.13264628465112488,0.22931760157776757,0.9951680525048331
synth20,hard,gauss,3009,20,64,0.1656637069213308,0.3617484856884328,0.13752346708682958,0.965199605526677,0.19665385373729777,0.06192347847950608,weakspot,"weakspot|alpha=0.8,q=0.03",0.15592804001678492,0.3165156527166882,0.1328820189832368,0.23169793976210798,0.9720347241795878
synth20,hard,gauss,3009,20,64,0.1656637069213308,0.3617484856884328,0.13752346708682958,0.965199605526677,0.19665385373729777,0.06192347847950608,weakspot,"weakspot|alpha=0.8,q=0.1",0.15517288790738293,0.3162208613603478,0.13206080023631703,0.2299294752931174,0.9809808539344058
synth20,hard,gauss,3009,20,64,0.1656637069213308,0.3617484856884328,0.13752346708682958,0.965199605526677,0.19665385373729777,0.06192347847950608,weakspot,"weakspot|alpha=0.8,q=0.3",0.15549898770560275,0.31821777437206744,0.1321471206654183,0.23302868397456236,0.9877227582727349
synth20,hard,gauss,3009,20,64,0.1656637069213308,0.3617484856884328,0.13752346708682958,0.965199605526677,0.19665385373729777,0.06192347847950608,weakspot,"weakspot|alpha=1.0,q=0.03",0.15412595931595838,0.31396038572352375,0.13118802848216826,0.23044542581301497,0.956980966052409
synth20,hard,gauss,3009,20,64,0.1656637069213308,0.3617484856884328,0.13752346708682958,0.965199605526677,0.19665385373729777,0.06192347847950608,weakspot,"weakspot|alpha=1.0,q=0.1",0.15530073362893942,0.31594201365416935,0.1322470107665422,0.2329439475060742,0.970597143955305
synth20,hard,gauss,3009,20,64,0.1656637069213308,0.3617484856884328,0.13752346708682958,0.965199605526677,0.19665385373729777,0.06192347847950608,weakspot,"weakspot|alpha=1.0,q=0.3",0.15448010392729566,0.31660575293132664,0.13121335841556792,0.23567537340461844,0.9809483793119202
synth20,hard,gauss,3009,20,64,0.1656637069213308,0.3617484856884328,0.13752346708682958,0.965199605526677,0.19665385373729777,0.06192347847950608,weakspot_emb,"weakspot_emb|alpha=0.2,q=0.03",0.15530075509606592,0.30887700744309643,0.13326093843562872,0.2220337132400168,0.9946052461083402
synth20,hard,gauss,3009,20,64,0.1656637069213308,0.3617484856884328,0.13752346708682958,0.965199605526677,0.19665385373729777,0.06192347847950608,weakspot_emb,"weakspot_emb|alpha=0.2,q=0.1",0.156914457781903,0.3132656023871723,0.13447641473106103,0.22633710469692084,0.9967267121744177
synth20,hard,gauss,3009,20,64,0.1656637069213308,0.3617484856884328,0.13752346708682958,0.965199605526677,0.19665385373729777,0.06192347847950608,weakspot_emb,"weakspot_emb|alpha=0.2,q=0.3",0.1551963717789981,0.31275349107615535,0.13258525860370565,0.22686935502182876,0.9980842790332812
synth20,hard,gauss,3009,20,64,0.1656637069213308,0.3617484856884328,0.13752346708682958,0.965199605526677,0.19665385373729777,0.06192347847950608,weakspot_emb,"weakspot_emb|alpha=0.5,q=0.03",0.15571598053367472,0.30518780190676936,0.13426519313250448,0.2234846042753049,0.967211440766639
synth20,hard,gauss,3009,20,64,0.1656637069213308,0.3617484856884328,0.13752346708682958,0.965199605526677,0.19665385373729777,0.06192347847950608,weakspot_emb,"weakspot_emb|alpha=0.5,q=0.1",0.15493698094009664,0.3079386196184307,0.13297962741907787,0.22269914524316345,0.9798875782526651
synth20,hard,gauss,3009,20,64,0.1656637069213308,0.3617484856884328,0.13752346708682958,0.965199605526677,0.19665385373729777,0.06192347847950608,weakspot_emb,"weakspot_emb|alpha=0.5,q=0.3",0.1548659171015597,0.3099884540189492,0.1326041922494929,0.22373003051933182,0.9881459663175538
synth20,hard,gauss,3009,20,64,0.1656637069213308,0.3617484856884328,0.13752346708682958,0.965199605526677,0.19665385373729777,0.06192347847950608,weakspot_emb,"weakspot_emb|alpha=0.8,q=0.03",0.1573913572434208,0.30812671192626667,0.135759239447312,0.22325550780351755,0.9201458407769517
synth20,hard,gauss,3009,20,64,0.1656637069213308,0.3617484856884328,0.13752346708682958,0.965199605526677,0.19665385373729777,0.06192347847950608,weakspot_emb,"weakspot_emb|alpha=0.8,q=0.1",0.15652772202447485,0.30654990033797064,0.13499795258097144,0.22556437907650342,0.9500785060656365
synth20,hard,gauss,3009,20,64,0.1656637069213308,0.3617484856884328,0.13752346708682958,0.965199605526677,0.19665385373729777,0.06192347847950608,weakspot_emb,"weakspot_emb|alpha=0.8,q=0.3",0.1545491162367058,0.3073208878308305,0.1326247510736839,0.2249190958719053,0.9702046579545092
synth20,hard,gauss,3009,20,64,0.1656637069213308,0.3617484856884328,0.13752346708682958,0.965199605526677,0.19665385373729777,0.06192347847950608,weakspot_emb,"weakspot_emb|alpha=1.0,q=0.03",0.15876015266263044,0.30953306801617353,0.1371226445129796,0.22478208701890515,0.8805914645766487
synth20,hard,gauss,3009,20,64,0.1656637069213308,0.3617484856884328,0.13752346708682958,0.965199605526677,0.19665385373729777,0.06192347847950608,weakspot_emb,"weakspot_emb|alpha=1.0,q=0.1",0.15815823645583899,0.31100079102049805,0.1362237131878405,0.22316777295110363,0.9241282093665003
synth20,hard,gauss,3009,20,64,0.1656637069213308,0.3617484856884328,0.13752346708682958,0.965199605526677,0.19665385373729777,0.06192347847950608,weakspot_emb,"weakspot_emb|alpha=1.0,q=0.3",0.15550495152713922,0.3099216414266592,0.13334452318821438,0.22582027722224943,0.9542121764770747
synth20,hard,gauss,3009,20,64,0.1656637069213308,0.3617484856884328,0.13752346708682958,0.965199605526677,0.19665385373729777,0.06192347847950608,loss,loss|alpha=0.2,0.15561940991724707,0.30712409832824183,0.13387688459354233,0.22503716707879334,0.9709096546275169
synth20,hard,gauss,3009,20,64,0.1656637069213308,0.3617484856884328,0.13752346708682958,0.965199605526677,0.19665385373729777,0.06192347847950608,loss,loss|alpha=0.5,0.1601164540847234,0.31089854746170975,0.13847762879162812,0.22491165789673104,0.8422739448668154
synth20,hard,gauss,3009,20,64,0.1656637069213308,0.3617484856884328,0.13752346708682958,0.965199605526677,0.19665385373729777,0.06192347847950608,loss,loss|alpha=0.8,0.16505006368009095,0.3061023611431034,0.144807567017303,0.23088572182656286,0.6759537388451281
synth20,hard,gauss,3009,20,64,0.1656637069213308,0.3617484856884328,0.13752346708682958,0.965199605526677,0.19665385373729777,0.06192347847950608,loss,loss|alpha=1.0,0.16906594217454893,0.31254217860560507,0.14847558463069807,0.23973944696843127,0.5717393623183217
synth20,hard,gauss,3009,20,64,0.1656637069213308,0.3617484856884328,0.13752346708682958,0.965199605526677,0.19665385373729777,0.06192347847950608,smoothed_loss,smoothed_loss|alpha=0.2,0.15614343072449505,0.3133134747507309,0.13358786694485797,0.22813203627597523,0.9961711536492104
synth20,hard,gauss,3009,20,64,0.1656637069213308,0.3617484856884328,0.13752346708682958,0.965199605526677,0.19665385373729777,0.06192347847950608,smoothed_loss,smoothed_loss|alpha=0.5,0.1551303213202752,0.3142410992347499,0.13229624169961587,0.2286157700968704,0.9765412647451577
synth20,hard,gauss,3009,20,64,0.1656637069213308,0.3617484856884328,0.13752346708682958,0.965199605526677,0.19665385373729777,0.06192347847950608,smoothed_loss,smoothed_loss|alpha=0.8,0.1560788310707215,0.31748096151479316,0.13291591812534587,0.23208210515806332,0.9420657769642145
synth20,hard,gauss,3009,20,64,0.1656637069213308,0.3617484856884328,0.13752346708682958,0.965199605526677,0.19665385373729777,0.06192347847950608,smoothed_loss,smoothed_loss|alpha=1.0,0.15745742331525645,0.3114438512407507,0.13535874212068866,0.22972333588559468,0.9123346160779549
synth20,hard,gauss,3009,20,64,0.1656637069213308,0.3617484856884328,0.13752346708682958,0.965199605526677,0.19665385373729777,0.06192347847950608,jtt,"jtt|q=0.1,lam=2",0.16002787336607674,0.29835468639059304,0.1401765125489506,0.22062462905019686,0.9307692307692305
synth20,hard,gauss,3009,20,64,0.1656637069213308,0.3617484856884328,0.13752346708682958,0.965199605526677,0.19665385373729777,0.06192347847950608,jtt,"jtt|q=0.1,lam=5",0.1656073087013657,0.298665471728867,0.1465120548878135,0.23301103898401837,0.5764705882352937
synth20,hard,gauss,3009,20,64,0.1656637069213308,0.3617484856884328,0.13752346708682958,0.965199605526677,0.19665385373729777,0.06192347847950608,jtt,"jtt|q=0.1,lam=10",0.1733255365207513,0.3139759758615945,0.15314071074913804,0.24244683167767694,0.3311926605504589
synth20,hard,gauss,3009,20,64,0.1656637069213308,0.3617484856884328,0.13752346708682958,0.965199605526677,0.19665385373729777,0.06192347847950608,jtt,"jtt|q=0.1,lam=20",0.19331145067425642,0.32970924934691787,0.17373692382071837,0.2695170784330145,0.20562347188264063
synth20,hard,gauss,3009,20,64,0.1656637069213308,0.3617484856884328,0.13752346708682958,0.965199605526677,0.19665385373729777,0.06192347847950608,jtt,"jtt|q=0.2,lam=2",0.15572068250140864,0.3022792341474783,0.1346879801210979,0.2204816021805421,0.9
synth20,hard,gauss,3009,20,64,0.1656637069213308,0.3617484856884328,0.13752346708682958,0.965199605526677,0.19665385373729777,0.06192347847950608,jtt,"jtt|q=0.2,lam=5",0.17274937939711868,0.3109090490042218,0.1529220054283463,0.2310680122951405,0.5586206896551724
synth20,hard,gauss,3009,20,64,0.1656637069213308,0.3617484856884328,0.13752346708682958,0.965199605526677,0.19665385373729777,0.06192347847950608,jtt,"jtt|q=0.2,lam=10",0.18898311124930764,0.3241569567492833,0.16958423462238142,0.24885043908231946,0.3769230769230769
synth20,hard,gauss,3009,20,64,0.1656637069213308,0.3617484856884328,0.13752346708682958,0.965199605526677,0.19665385373729777,0.06192347847950608,jtt,"jtt|q=0.2,lam=20",0.21749636523760799,0.350744320970304,0.19837387416333316,0.2770090023555457,0.285148514851485
synth20,hard,gauss,3009,20,64,0.1656637069213308,0.3617484856884328,0.13752346708682958,0.965199605526677,0.19665385373729777,0.06192347847950608,density,density|alpha=0.2,0.1545284800815458,0.3127208341199371,0.13182620400170802,0.22784248154369216,0.999835143840663
synth20,hard,gauss,3009,20,64,0.1656637069213308,0.3617484856884328,0.13752346708682958,0.965199605526677,0.19665385373729777,0.06192347847950608,density,density|alpha=0.5,0.1545602887021064,0.3119302940800875,0.13197602835340813,0.225142950272945,0.9989705399964625
synth20,hard,gauss,3009,20,64,0.1656637069213308,0.3617484856884328,0.13752346708682958,0.965199605526677,0.19665385373729777,0.06192347847950608,density,density|alpha=0.8,0.15404187387115645,0.30937112431644925,0.13175048344132884,0.22634379337736704,0.9973688079737898
synth20,hard,gauss,3009,20,64,0.1656637069213308,0.3617484856884328,0.13752346708682958,0.965199605526677,0.19665385373729777,0.06192347847950608,density,density|alpha=1.0,0.156016318993352,0.3171220375380255,0.13289594429082882,0.22918037579168954,0.9958948382852298
synth20,hard,gauss,3008,20,64,0.16701121129778262,0.322193503042701,0.14519630686942656,0.9490598550699811,0.33582937911182614,0.0996796823409035,uniform,uniform,0.15375318931777435,0.2902385564411926,0.13456662359440816,0.22646054290250064,1.0
synth20,hard,gauss,3008,20,64,0.16701121129778262,0.322193503042701,0.14519630686942656,0.9490598550699811,0.33582937911182614,0.0996796823409035,weakspot,"weakspot|alpha=0.2,q=0.03",0.15366949191118162,0.29220683143722775,0.13419446813406705,0.2242664262598205,0.9982914370196635
synth20,hard,gauss,3008,20,64,0.16701121129778262,0.322193503042701,0.14519630686942656,0.9490598550699811,0.33582937911182614,0.0996796823409035,weakspot,"weakspot|alpha=0.2,q=0.1",0.152650946618569,0.2902985792921426,0.1333009942638294,0.22210347663401958,0.9988487859810679
synth20,hard,gauss,3008,20,64,0.16701121129778262,0.322193503042701,0.14519630686942656,0.9490598550699811,0.33582937911182614,0.0996796823409035,weakspot,"weakspot|alpha=0.2,q=0.3",0.15268337642307034,0.2930896971585922,0.13294561876050626,0.2249691016424945,0.9992559808827489
synth20,hard,gauss,3008,20,64,0.16701121129778262,0.322193503042701,0.14519630686942656,0.9490598550699811,0.33582937911182614,0.0996796823409035,weakspot,"weakspot|alpha=0.5,q=0.03",0.15190213927753046,0.2956072446648055,0.13170065169386166,0.22261306408054324,0.9894164156550553
synth20,hard,gauss,3008,20,64,0.16701121129778262,0.322193503042701,0.14519630686942656,0.9490598550699811,0.33582937911182614,0.0996796823409035,weakspot,"weakspot|alpha=0.5,q=0.1",0.15330552827306382,0.29279594480140797,0.1336965247519707,0.22411752418860395,0.9928481373356154
synth20,hard,gauss,3008,20,64,0.16701121129778262,0.322193503042701,0.14519630686942656,0.9490598550699811,0.33582937911182614,0.0996796823409035,weakspot,"weakspot|alpha=0.5,q=0.3",0.1534864452953564,0.2934598534521776,0.1338095447475056,0.22464018092252921,0.9953679736768966
synth20,hard,gauss,3008,20,64,0.16701121129778262,0.322193503042701,0.14519630686942656,0.9490598550699811,0.33582937911182614,0.0996796823409035,weakspot,"weakspot|alpha=0.8,q=0.03",0.1527230218152373,0.2932633770264326,0.13296642212344395,0.2276966740216565,0.9733460905589018
synth20,hard,gauss,3008,20,64,0.16701121129778262,0.322193503042701,0.14519630686942656,0.9490598550699811,0.33582937911182614,0.0996796823409035,weakspot,"weakspot|alpha=0.8,q=0.1",0.15335013505344147,0.2940236129502737,0.1335748215082067,0.2258294338249749,0.9818932469168787
synth20,hard,gauss,3008,20,64,0.16701121129778262,0.322193503042701,0.14519630686942656,0.9490598550699811,0.33582937911182614,0.0996796823409035,weakspot,"weakspot|alpha=0.8,q=0.3",0.15247128546825975,0.2940714135332917,0.13256570715743546,0.22483802740047992,0.9882270832508948
synth20,hard,gauss,3008,20,64,0.16701121129778262,0.322193503042701,0.14519630686942656,0.9490598550699811,0.33582937911182614,0.0996796823409035,weakspot,"weakspot|alpha=1.0,q=0.03",0.15358568378126158,0.2913934982595728,0.1342132137106008,0.22846139820942044,0.95896844537767
synth20,hard,gauss,3008,20,64,0.16701121129778262,0.322193503042701,0.14519630686942656,0.9490598550699811,0.33582937911182614,0.0996796823409035,weakspot,"weakspot|alpha=1.0,q=0.1",0.15296990603871513,0.29552856763664287,0.1329295809267167,0.22471477925832903,0.9719934464172414
synth20,hard,gauss,3008,20,64,0.16701121129778262,0.322193503042701,0.14519630686942656,0.9490598550699811,0.33582937911182614,0.0996796823409035,weakspot,"weakspot|alpha=1.0,q=0.3",0.15267777214553518,0.29503910448448883,0.1326651867896458,0.22797201322621305,0.98172583396195
synth20,hard,gauss,3008,20,64,0.16701121129778262,0.322193503042701,0.14519630686942656,0.9490598550699811,0.33582937911182614,0.0996796823409035,weakspot_emb,"weakspot_emb|alpha=0.2,q=0.03",0.1536672092485615,0.29230127694927927,0.1341785878124469,0.22592069324659406,0.9998733893787618
synth20,hard,gauss,3008,20,64,0.16701121129778262,0.322193503042701,0.14519630686942656,0.9490598550699811,0.33582937911182614,0.0996796823409035,weakspot_emb,"weakspot_emb|alpha=0.2,q=0.1",0.15337036303604076,0.2897322327452817,0.1342011580840431,0.2229829885974256,0.9998830688387921
synth20,hard,gauss,3008,20,64,0.16701121129778262,0.322193503042701,0.14519630686942656,0.9490598550699811,0.33582937911182614,0.0996796823409035,weakspot_emb,"weakspot_emb|alpha=0.2,q=0.3",0.15226507122612548,0.29199348756041577,0.1326226106464833,0.22455622714086185,0.9998912079868324
synth20,hard,gauss,3008,20,64,0.16701121129778262,0.322193503042701,0.14519630686942656,0.9490598550699811,0.33582937911182614,0.0996796823409035,weakspot_emb,"weakspot_emb|alpha=0.5,q=0.03",0.15284705794794756,0.29176836955410973,0.1333180569152022,0.22243828947579128,0.9992092092604236
synth20,hard,gauss,3008,20,64,0.16701121129778262,0.322193503042701,0.14519630686942656,0.9490598550699811,0.33582937911182614,0.0996796823409035,weakspot_emb,"weakspot_emb|alpha=0.5,q=0.1",0.1546191435541707,0.29433993995979707,0.13497775415355084,0.22691449709860043,0.999269628609119
synth20,hard,gauss,3008,20,64,0.16701121129778262,0.322193503042701,0.14519630686942656,0.9490598550699811,0.33582937911182614,0.0996796823409035,weakspot_emb,"weakspot_emb|alpha=0.5,q=0.3",0.153117399184301,0.28990200210054456,0.13388876809285305,0.2214329550725262,0.9993204380549912
synth20,hard,gauss,3008,20,64,0.16701121129778262,0.322193503042701,0.14519630686942656,0.9490598550699811,0.33582937911182614,0.0996796823409035,weakspot_emb,"weakspot_emb|alpha=0.8,q=0.03",0.15424701100395533,0.29254303354388383,0.13480591060127936,0.225502079662105,0.9979780700273417
synth20,hard,gauss,3008,20,64,0.16701121129778262,0.322193503042701,0.14519630686942656,0.9490598550699811,0.33582937911182614,0.0996796823409035,weakspot_emb,"weakspot_emb|alpha=0.8,q=0.1",0.15406706707890966,0.2959886949543359,0.13411629361367297,0.22427699814535423,0.9981323771702675
synth20,hard,gauss,3008,20,64,0.16701121129778262,0.322193503042701,0.14519630686942656,0.9490598550699811,0.33582937911182614,0.0996796823409035,weakspot_emb,"weakspot_emb|alpha=0.8,q=0.3",0.15351288650625372,0.2947797774495241,0.13365415333401753,0.22472356778687674,0.9982621637299147
synth20,hard,gauss,3008,20,64,0.16701121129778262,0.322193503042701,0.14519630686942656,0.9490598550699811,0.33582937911182614,0.0996796823409035,weakspot_emb,"weakspot_emb|alpha=1.0,q=0.03",0.15298301054275168,0.29283150792061013,0.13332366945142451,0.22302006229829743,0.9968443234809993
synth20,hard,gauss,3008,20,64,0.16701121129778262,0.322193503042701,0.14519630686942656,0.9490598550699811,0.33582937911182614,0.0996796823409035,weakspot_emb,"weakspot_emb|alpha=1.0,q=0.1",0.1526346269654653,0.29240773298049677,0.13298588408967102,0.22238811273661707,0.9970849017495672
synth20,hard,gauss,3008,20,64,0.16701121129778262,0.322193503042701,0.14519630686942656,0.9490598550699811,0.33582937911182614,0.0996796823409035,weakspot_emb,"weakspot_emb|alpha=1.0,q=0.3",0.15308424039835963,0.29123433877790533,0.13366365342912212,0.22272912511279683,0.9972872825985056
synth20,hard,gauss,3008,20,64,0.16701121129778262,0.322193503042701,0.14519630686942656,0.9490598550699811,0.33582937911182614,0.0996796823409035,loss,loss|alpha=0.2,0.15605772924939296,0.290049664289171,0.13722168021186498,0.218733673927371,0.9747427769753666
synth20,hard,gauss,3008,20,64,0.16701121129778262,0.322193503042701,0.14519630686942656,0.9490598550699811,0.33582937911182614,0.0996796823409035,loss,loss|alpha=0.5,0.15493403118247545,0.27700691007013156,0.13777351527383147,0.21479628372702778,0.8606237107157346
synth20,hard,gauss,3008,20,64,0.16701121129778262,0.322193503042701,0.14519630686942656,0.9490598550699811,0.33582937911182614,0.0996796823409035,loss,loss|alpha=0.8,0.1632536254098373,0.28125679210325316,0.1466652133254763,0.22809324398833858,0.7069201707693631
synth20,hard,gauss,3008,20,64,0.16701121129778262,0.322193503042701,0.14519630686942656,0.9490598550699811,0.33582937911182614,0.0996796823409035,loss,loss|alpha=1.0,0.16653110987228956,0.2903436504448144,0.14912603929850723,0.23896642425862893,0.6068727110948767
synth20,hard,gauss,3008,20,64,0.16701121129778262,0.322193503042701,0.14519630686942656,0.9490598550699811,0.33582937911182614,0.0996796823409035,smoothed_loss,smoothed_loss|alpha=0.2,0.1535931686481859,0.28913752983496327,0.13453888576678263,0.220780020378675,0.997081125286895
synth20,hard,gauss,3008,20,64,0.16701121129778262,0.322193503042701,0.14519630686942656,0.9490598550699811,0.33582937911182614,0.0996796823409035,smoothed_loss,smoothed_loss|alpha=0.5,0.154708092713906,0.29114201650349203,0.13552875868816724,0.22231057871851198,0.9820323706526156
synth20,hard,gauss,3008,20,64,0.16701121129778262,0.322193503042701,0.14519630686942656,0.9490598550699811,0.33582937911182614,0.0996796823409035,smoothed_loss,smoothed_loss|alpha=0.8,0.15428209156297132,0.2888428627166164,0.13536607782509077,0.22249011301684213,0.9552569930633552
synth20,hard,gauss,3008,20,64,0.16701121129778262,0.322193503042701,0.14519630686942656,0.9490598550699811,0.33582937911182614,0.0996796823409035,smoothed_loss,smoothed_loss|alpha=1.0,0.15534099935731546,0.2899616528354374,0.1364165676023357,0.22188557710429305,0.9318053701104737
synth20,hard,gauss,3008,20,64,0.16701121129778262,0.322193503042701,0.14519630686942656,0.9490598550699811,0.33582937911182614,0.0996796823409035,jtt,"jtt|q=0.1,lam=2",0.15765818579421442,0.29417393260259117,0.13846734941653277,0.22009870333934614,0.9307692307692305
synth20,hard,gauss,3008,20,64,0.16701121129778262,0.322193503042701,0.14519630686942656,0.9490598550699811,0.33582937911182614,0.0996796823409035,jtt,"jtt|q=0.1,lam=5",0.16151029663432206,0.2842433252588002,0.1442569795222982,0.22944808844656975,0.5764705882352937
synth20,hard,gauss,3008,20,64,0.16701121129778262,0.322193503042701,0.14519630686942656,0.9490598550699811,0.33582937911182614,0.0996796823409035,jtt,"jtt|q=0.1,lam=10",0.1681015543506454,0.2797217680314957,0.15241043221073688,0.22395278685052933,0.3311926605504588
synth20,hard,gauss,3008,20,64,0.16701121129778262,0.322193503042701,0.14519630686942656,0.9490598550699811,0.33582937911182614,0.0996796823409035,jtt,"jtt|q=0.1,lam=20",0.18223031635253867,0.2968464919703178,0.1661180338947214,0.23973349163975008,0.20562347188264063
synth20,hard,gauss,3008,20,64,0.16701121129778262,0.322193503042701,0.14519630686942656,0.9490598550699811,0.33582937911182614,0.0996796823409035,jtt,"jtt|q=0.2,lam=2",0.15655518384474618,0.29786442659882717,0.13669049702473995,0.22160589991950905,0.8999999999999998
synth20,hard,gauss,3008,20,64,0.16701121129778262,0.322193503042701,0.14519630686942656,0.9490598550699811,0.33582937911182614,0.0996796823409035,jtt,"jtt|q=0.2,lam=5",0.16803014867029514,0.29433393277704284,0.15027486906817752,0.23545099655214152,0.5586206896551722
synth20,hard,gauss,3008,20,64,0.16701121129778262,0.322193503042701,0.14519630686942656,0.9490598550699811,0.33582937911182614,0.0996796823409035,jtt,"jtt|q=0.2,lam=10",0.18826723412665236,0.30647375114384373,0.1716502358690318,0.24383653129762287,0.3769230769230769
synth20,hard,gauss,3008,20,64,0.16701121129778262,0.322193503042701,0.14519630686942656,0.9490598550699811,0.33582937911182614,0.0996796823409035,jtt,"jtt|q=0.2,lam=20",0.18945605819462366,0.31432429691670766,0.1719025818074017,0.2639018798011887,0.2851485148514852
synth20,hard,gauss,3008,20,64,0.16701121129778262,0.322193503042701,0.14519630686942656,0.9490598550699811,0.33582937911182614,0.0996796823409035,density,density|alpha=0.2,0.1531365660988796,0.2923584527205019,0.13356531143550354,0.22289159471099818,0.9998430133824728
synth20,hard,gauss,3008,20,64,0.16701121129778262,0.322193503042701,0.14519630686942656,0.9490598550699811,0.33582937911182614,0.0996796823409035,density,density|alpha=0.5,0.15413429755949812,0.29189945340211276,0.13476782426881975,0.22508447401023626,0.9990196416319614
synth20,hard,gauss,3008,20,64,0.16701121129778262,0.322193503042701,0.14519630686942656,0.9490598550699811,0.33582937911182614,0.0996796823409035,density,density|alpha=0.8,0.1533648108060267,0.2917544488180631,0.13391055031559784,0.22238435906675114,0.9974941149757718
synth20,hard,gauss,3008,20,64,0.16701121129778262,0.322193503042701,0.14519630686942656,0.9490598550699811,0.33582937911182614,0.0996796823409035,density,density|alpha=1.0,0.15298883547109465,0.2913685499253887,0.13353596999462844,0.21974440938164186,0.9960900659375757
synth20,hard,gauss,3007,20,64,0.17918419661372065,0.3671821574774204,0.14978064158993878,0.9300341529547411,0.15247368295781308,0.1039448802185954,uniform,uniform,0.15986963234182067,0.31095369548981544,0.13623954325160234,0.24742140356246695,1.0
synth20,hard,gauss,3007,20,64,0.17918419661372065,0.3671821574774204,0.14978064158993878,0.9300341529547411,0.15247368295781308,0.1039448802185954,weakspot,"weakspot|alpha=0.2,q=0.03",0.1590920463883602,0.3087207723560573,0.13568957725030756,0.2431634932864167,0.998103509749979
synth20,hard,gauss,3007,20,64,0.17918419661372065,0.3671821574774204,0.14978064158993878,0.9300341529547411,0.15247368295781308,0.1039448802185954,weakspot,"weakspot|alpha=0.2,q=0.1",0.15964744354479432,0.3102251710968665,0.13609654715691605,0.2445918977753616,0.998769091661636
synth20,hard,gauss,3007,20,64,0.17918419661372065,0.3671821574774204,0.14978064158993878,0.9300341529547411,0.15247368295781308,0.1039448802185954,weakspot,"weakspot|alpha=0.2,q=0.3",0.15922302599651636,0.3089295164495473,0.1358083942141834,0.24483819599401005,0.999214204428012
synth20,hard,gauss,3007,20,64,0.17918419661372065,0.3671821574774204,0.14978064158993878,0.9300341529547411,0.15247368295781308,0.1039448802185954,weakspot,"weakspot|alpha=0.5,q=0.03",0.15942029444855416,0.3131171135562674,0.13538156095989476,0.24118167745077548,0.9882637883944998
synth20,hard,gauss,3007,20,64,0.17918419661372065,0.3671821574774204,0.14978064158993878,0.9300341529547411,0.15247368295781308,0.1039448802185954,weakspot,"weakspot|alpha=0.5,q=0.1",0.15939769657257974,0.31019337138784886,0.13581271245142895,0.2414269777308688,0.9923562190521782
synth20,hard,gauss,3007,20,64,0.17918419661372065,0.3671821574774204,0.14978064158993878,0.9300341529547411,0.15247368295781308,0.1039448802185954,weakspot,"weakspot|alpha=0.5,q=0.3",0.1593100321775878,0.30731274945507675,0.13616187662768275,0.24249426916544395,0.9951089553216423
synth20,hard,gauss,3007,20,64,0.17918419661372065,0.3671821574774204,0.14978064158993878,0.9300341529547411,0.15247368295781308,0.1039448802185954,weakspot,"weakspot|alpha=0.8,q=0.03",0.16031472386131032,0.31427530205223764,0.13623473750649917,0.2427475065145073,0.970495481475368
synth20,hard,gauss,3007,20,64,0.17918419661372065,0.3671821574774204,0.14978064158993878,0.9300341529547411,0.15247368295781308,0.1039448802185954,weakspot,"weakspot|alpha=0.8,q=0.1",0.16050180577741088,0.31236746863509446,0.13674947169067866,0.24353738614599657,0.9806625068103306
synth20,hard,gauss,3007,20,64,0.17918419661372065,0.3671821574774204,0.14978064158993878,0.9300341529547411,0.15247368295781308,0.1039448802185954,weakspot,"weakspot|alpha=0.8,q=0.3",0.15999040684325455,0.31144859087112264,0.1363018039062564,0.2426155033754757,0.9875737383686892
synth20,hard,gauss,3007,20,64,0.17918419661372065,0.3671821574774204,0.14978064158993878,0.9300341529547411,0.15247368295781308,0.1039448802185954,weakspot,"weakspot|alpha=1.0,q=0.03",0.16117893236914013,0.3158992447057002,0.13698012087041828,0.2466859880311665,0.9546518017304576
synth20,hard,gauss,3007,20,64,0.17918419661372065,0.3671821574774204,0.14978064158993878,0.9300341529547411,0.15247368295781308,0.1039448802185954,weakspot,"weakspot|alpha=1.0,q=0.1",0.16024346495743247,0.3125657848454847,0.13641970807410314,0.24640999816737974,0.970110287454585
synth20,hard,gauss,3007,20,64,0.17918419661372065,0.3671821574774204,0.14978064158993878,0.9300341529547411,0.15247368295781308,0.1039448802185954,weakspot,"weakspot|alpha=1.0,q=0.3",0.15993639194429346,0.31007821463284285,0.13645367263972413,0.24254730898421212,0.9807187378307439
synth20,hard,gauss,3007,20,64,0.17918419661372065,0.3671821574774204,0.14978064158993878,0.9300341529547411,0.15247368295781308,0.1039448802185954,weakspot_emb,"weakspot_emb|alpha=0.2,q=0.03",0.15913621991615268,0.3102996639865173,0.1354937153651069,0.24498346175364216,0.9954814518302008
synth20,hard,gauss,3007,20,64,0.17918419661372065,0.3671821574774204,0.14978064158993878,0.9300341529547411,0.15247368295781308,0.1039448802185954,weakspot_emb,"weakspot_emb|alpha=0.2,q=0.1",0.1594263081604076,0.3080906009860106,0.13617467982312764,0.24503923200815014,0.9976606055838748
synth20,hard,gauss,3007,20,64,0.17918419661372065,0.3671821574774204,0.14978064158993878,0.9300341529547411,0.15247368295781308,0.1039448802185954,weakspot_emb,"weakspot_emb|alpha=0.2,q=0.3",0.15926018844649079,0.3069697011128,0.13615789114886911,0.24437015178315924,0.9987622443070303
synth20,hard,gauss,3007,20,64,0.17918419661372065,0.3671821574774204,0.14978064158993878,0.9300341529547411,0.15247368295781308,0.1039448802185954,weakspot_emb,"weakspot_emb|alpha=0.5,q=0.03",0.161177489698293,0.3143832343691804,0.1372155620119819,0.248643749897761,0.9724134915176789
synth20,hard,gauss,3007,20,64,0.17918419661372065,0.3671821574774204,0.14978064158993878,0.9300341529547411,0.15247368295781308,0.1039448802185954,weakspot_emb,"weakspot_emb|alpha=0.5,q=0.1",0.16173893133593592,0.3146796855578085,0.13781844910580204,0.24966362430306746,0.985556181290609
synth20,hard,gauss,3007,20,64,0.17918419661372065,0.3671821574774204,0.14978064158993878,0.9300341529547411,0.15247368295781308,0.1039448802185954,weakspot_emb,"weakspot_emb|alpha=0.5,q=0.3",0.16135943204370135,0.3120171642115723,0.13779602264710747,0.24701433952760232,0.9923139723971545
synth20,hard,gauss,3007,20,64,0.17918419661372065,0.3671821574774204,0.14978064158993878,0.9300341529547411,0.15247368295781308,0.1039448802185954,weakspot_emb,"weakspot_emb|alpha=0.8,q=0.03",0.1626490168757714,0.313264854229588,0.13909215997828234,0.24404540040451725,0.9322923345033813
synth20,hard,gauss,3007,20,64,0.17918419661372065,0.3671821574774204,0.14978064158993878,0.9300341529547411,0.15247368295781308,0.1039448802185954,weakspot_emb,"weakspot_emb|alpha=0.8,q=0.1",0.1626002065180073,0.3187425628682519,0.13817898223772906,0.24768701232192158,0.963838625119134
synth20,hard,gauss,3007,20,64,0.17918419661372065,0.3671821574774204,0.14978064158993878,0.9300341529547411,0.15247368295781308,0.1039448802185954,weakspot_emb,"weakspot_emb|alpha=0.8,q=0.3",0.1624116660497815,0.30997704154124894,0.1393319123230154,0.24729081917770518,0.9805568961005944
synth20,hard,gauss,3007,20,64,0.17918419661372065,0.3671821574774204,0.14978064158993878,0.9300341529547411,0.15247368295781308,0.1039448802185954,weakspot_emb,"weakspot_emb|alpha=1.0,q=0.03",0.16421741959426503,0.3221480698457332,0.13951649973706806,0.2451778863209341,0.8980881429939547
synth20,hard,gauss,3007,20,64,0.17918419661372065,0.3671821574774204,0.14978064158993878,0.9300341529547411,0.15247368295781308,0.1039448802185954,weakspot_emb,"weakspot_emb|alpha=1.0,q=0.1",0.1658291295155322,0.326525325546888,0.14069566838429096,0.24983809806227406,0.9446242375822057
synth20,hard,gauss,3007,20,64,0.17918419661372065,0.3671821574774204,0.14978064158993878,0.9300341529547411,0.15247368295781308,0.1039448802185954,weakspot_emb,"weakspot_emb|alpha=1.0,q=0.3",0.1630527935092113,0.3140263751067806,0.13943998412953942,0.24896245419939825,0.9699488123616766
synth20,hard,gauss,3007,20,64,0.17918419661372065,0.3671821574774204,0.14978064158993878,0.9300341529547411,0.15247368295781308,0.1039448802185954,loss,loss|alpha=0.2,0.16450024995079207,0.31308011972193156,0.1412618256818743,0.2542739388983273,0.9731938242973016
synth20,hard,gauss,3007,20,64,0.17918419661372065,0.3671821574774204,0.14978064158993878,0.9300341529547411,0.15247368295781308,0.1039448802185954,loss,loss|alpha=0.5,0.16980417297345526,0.30906717718190585,0.14802293987811796,0.256730398850617,0.8531306774084444
synth20,hard,gauss,3007,20,64,0.17918419661372065,0.3671821574774204,0.14978064158993878,0.9300341529547411,0.15247368295781308,0.1039448802185954,loss,loss|alpha=0.8,0.17283914617266113,0.31601704961493626,0.1504456088028228,0.24964143856422935,0.6941009457068845
synth20,hard,gauss,3007,20,64,0.17918419661372065,0.3671821574774204,0.14978064158993878,0.9300341529547411,0.15247368295781308,0.1039448802185954,loss,loss|alpha=1.0,0.18067243316174103,0.32909002637407475,0.1574593895283578,0.2715107371141977,0.5922018317907062
synth20,hard,gauss,3007,20,64,0.17918419661372065,0.3671821574774204,0.14978064158993878,0.9300341529547411,0.15247368295781308,0.1039448802185954,smoothed_loss,smoothed_loss|alpha=0.2,0.15862271976520292,0.3102403894909178,0.13490917269332905,0.24428852194738426,0.996604363555789
synth20,hard,gauss,3007,20,64,0.17918419661372065,0.3671821574774204,0.14978064158993878,0.9300341529547411,0.15247368295781308,0.1039448802185954,smoothed_loss,smoothed_loss|alpha=0.5,0.16112364914091823,0.31135292965684497,0.13762725111862378,0.24370557672554327,0.9791489851694335
synth20,hard,gauss,3007,20,64,0.17918419661372065,0.3671821574774204,0.14978064158993878,0.9300341529547411,0.15247368295781308,0.1039448802185954,smoothed_loss,smoothed_loss|alpha=0.8,0.16331755343614357,0.31389813462631616,0.1397662107290365,0.2492157436320525,0.9483029811134489
synth20,hard,gauss,3007,20,64,0.17918419661372065,0.3671821574774204,0.14978064158993878,0.9300341529547411,0.15247368295781308,0.1039448802185954,smoothed_loss,smoothed_loss|alpha=1.0,0.16484157383509285,0.31399466908682083,0.14151349504608307,0.2528820733835865,0.9215059805676196
synth20,hard,gauss,3007,20,64,0.17918419661372065,0.3671821574774204,0.14978064158993878,0.9300341529547411,0.15247368295781308,0.1039448802185954,jtt,"jtt|q=0.1,lam=2",0.16762623170789162,0.3148508368942555,0.14459977567845456,0.2523493251596303,0.9307692307692305
synth20,hard,gauss,3007,20,64,0.17918419661372065,0.3671821574774204,0.14978064158993878,0.9300341529547411,0.15247368295781308,0.1039448802185954,jtt,"jtt|q=0.1,lam=5",0.17633535753379434,0.3254687019766772,0.15301036784209163,0.2741762918088396,0.5764705882352938
synth20,hard,gauss,3007,20,64,0.17918419661372065,0.3671821574774204,0.14978064158993878,0.9300341529547411,0.15247368295781308,0.1039448802185954,jtt,"jtt|q=0.1,lam=10",0.18837830636978026,0.34314707199291794,0.1641719166033398,0.29215163838143077,0.3311926605504589
synth20,hard,gauss,3007,20,64,0.17918419661372065,0.3671821574774204,0.14978064158993878,0.9300341529547411,0.15247368295781308,0.1039448802185954,jtt,"jtt|q=0.1,lam=20",0.20669412463261425,0.35358403511046416,0.1837200160554194,0.29156060209739115,0.20562347188264066
synth20,hard,gauss,3007,20,64,0.17918419661372065,0.3671821574774204,0.14978064158993878,0.9300341529547411,0.15247368295781308,0.1039448802185954,jtt,"jtt|q=0.2,lam=2",0.16509320076333875,0.31252654735303287,0.14203409683011395,0.2485563724249785,0.9
synth20,hard,gauss,3007,20,64,0.17918419661372065,0.3671821574774204,0.14978064158993878,0.9300341529547411,0.15247368295781308,0.1039448802185954,jtt,"jtt|q=0.2,lam=5",0.17245080675101895,0.3136386865436531,0.15036851621392294,0.2515416255761138,0.5586206896551724
synth20,hard,gauss,3007,20,64,0.17918419661372065,0.3671821574774204,0.14978064158993878,0.9300341529547411,0.15247368295781308,0.1039448802185954,jtt,"jtt|q=0.2,lam=10",0.18832575667382517,0.33652554735270734,0.16514677813746345,0.26683043588522576,0.3769230769230769
synth20,hard,gauss,3007,20,64,0.17918419661372065,0.3671821574774204,0.14978064158993878,0.9300341529547411,0.15247368295781308,0.1039448802185954,jtt,"jtt|q=0.2,lam=20",0.21003837100631229,0.3655775313470226,0.18571148874429314,0.294208614594766,0.285148514851485
synth20,hard,gauss,3007,20,64,0.17918419661372065,0.3671821574774204,0.14978064158993878,0.9300341529547411,0.15247368295781308,0.1039448802185954,density,density|alpha=0.2,0.15854890370948727,0.3062637239197117,0.13544577629297053,0.24358493522511623,0.999841295653205
synth20,hard,gauss,3007,20,64,0.17918419661372065,0.3671821574774204,0.14978064158993878,0.9300341529547411,0.15247368295781308,0.1039448802185954,density,density|alpha=0.5,0.15928665946000709,0.31265812422596373,0.1352988125567453,0.24468362966137952,0.9990089235952327
synth20,hard,gauss,3007,20,64,0.17918419661372065,0.3671821574774204,0.14978064158993878,0.9300341529547411,0.15247368295781308,0.1039448802185954,density,density|alpha=0.8,0.1609254406524886,0.3151089418783123,0.13681058833587378,0.2499311881438635,0.9974667609919132
synth20,hard,gauss,3007,20,64,0.17918419661372065,0.3671821574774204,0.14978064158993878,0.9300341529547411,0.15247368295781308,0.1039448802185954,density,density|alpha=1.0,0.16090455314481006,0.3162507376956013,0.13660785298812372,0.2508410765322111,0.9960474462292735
synth20,hard,gauss,3006,20,64,0.17086432759365627,0.36106989168090614,0.14461974762713672,0.9638405923806388,0.1082040191787567,0.11324972811428981,uniform,uniform,0.15479700856125647,0.30210246007335645,0.1344717897893166,0.26523308839090015,1.0
synth20,hard,gauss,3006,20,64,0.17086432759365627,0.36106989168090614,0.14461974762713672,0.9638405923806388,0.1082040191787567,0.11324972811428981,weakspot,"weakspot|alpha=0.2,q=0.03",0.15419874076946302,0.30048857419099606,0.13401365706834112,0.2611109434064548,0.9982045084963368
synth20,hard,gauss,3006,20,64,0.17086432759365627,0.36106989168090614,0.14461974762713672,0.9638405923806388,0.1082040191787567,0.11324972811428981,weakspot,"weakspot|alpha=0.2,q=0.1",0.15482748389451875,0.30273859540625353,0.13441869610413715,0.26380761764497784,0.9987978267476283
synth20,hard,gauss,3006,20,64,0.17086432759365627,0.36106989168090614,0.14461974762713672,0.9638405923806388,0.1082040191787567,0.11324972811428981,weakspot,"weakspot|alpha=0.2,q=0.3",0.15418449281056093,0.29997647282021556,0.13406810296570104,0.26210279125782066,0.9992235709528979
synth20,hard,gauss,3006,20,64,0.17086432759365627,0.36106989168090614,0.14461974762713672,0.9638405923806388,0.1082040191787567,0.11324972811428981,weakspot,"weakspot|alpha=0.5,q=0.03",0.15571994741021167,0.30019565580927327,0.1357851768345232,0.26220595121076334,0.9888829708914836
synth20,hard,gauss,3006,20,64,0.17086432759365627,0.36106989168090614,0.14461974762713672,0.9638405923806388,0.1082040191787567,0.11324972811428981,weakspot,"weakspot|alpha=0.5,q=0.1",0.15625385748386114,0.3001500668948772,0.13639904622800259,0.26260670482852,0.9925335410531664
synth20,hard,gauss,3006,20,64,0.17086432759365627,0.36106989168090614,0.14461974762713672,0.9638405923806388,0.1082040191787567,0.11324972811428981,weakspot,"weakspot|alpha=0.5,q=0.3",0.15463329594522723,0.3017718673762368,0.13433110330111925,0.26505720118789206,0.9951670189068633
synth20,hard,gauss,3006,20,64,0.17086432759365627,0.36106989168090614,0.14461974762713672,0.9638405923806388,0.1082040191787567,0.11324972811428981,weakspot,"weakspot|alpha=0.8,q=0.03",0.1562548517633621,0.29685175862572005,0.13685527855475796,0.2593924544181327,0.9720255541393253
synth20,hard,gauss,3006,20,64,0.17086432759365627,0.36106989168090614,0.14461974762713672,0.9638405923806388,0.1082040191787567,0.11324972811428981,weakspot,"weakspot|alpha=0.8,q=0.1",0.15636177793520453,0.2990438889319108,0.13667448808217394,0.2619362028427593,0.9811059370192187
synth20,hard,gauss,3006,20,64,0.17086432759365627,0.36106989168090614,0.14461974762713672,0.9638405923806388,0.1082040191787567,0.11324972811428981,weakspot,"weakspot|alpha=0.8,q=0.3",0.15549459305951457,0.3004689969401641,0.13549101243871373,0.265474905726312,0.987720151709966
synth20,hard,gauss,3006,20,64,0.17086432759365627,0.36106989168090614,0.14461974762713672,0.9638405923806388,0.1082040191787567,0.11324972811428981,weakspot,"weakspot|alpha=1.0,q=0.03",0.1563581948364627,0.2965251920934309,0.1370179405919024,0.25904142938852615,0.9569670782955724
synth20,hard,gauss,3006,20,64,0.17086432759365627,0.36106989168090614,0.14461974762713672,0.9638405923806388,0.1082040191787567,0.11324972811428981,weakspot,"weakspot|alpha=1.0,q=0.1",0.15580210531540922,0.29720808183260206,0.13629089660677807,0.25795270958897765,0.9707884839683415
synth20,hard,gauss,3006,20,64,0.17086432759365627,0.36106989168090614,0.14461974762713672,0.9638405923806388,0.1082040191787567,0.11324972811428981,weakspot,"weakspot|alpha=1.0,q=0.3",0.1555253662609325,0.2973030938411077,0.13596286330890264,0.25753046584447914,0.980944362238511
synth20,hard,gauss,3006,20,64,0.17086432759365627,0.36106989168090614,0.14461974762713672,0.9638405923806388,0.1082040191787567,0.11324972811428981,weakspot_emb,"weakspot_emb|alpha=0.2,q=0.03",0.15534888426140184,0.300893661086113,0.13526660353309888,0.26361321171665586,0.9897326327095431
synth20,hard,gauss,3006,20,64,0.17086432759365627,0.36106989168090614,0.14461974762713672,0.9638405923806388,0.1082040191787567,0.11324972811428981,weakspot_emb,"weakspot_emb|alpha=0.2,q=0.1",0.15573232371187246,0.30264308009306673,0.13546156500778161,0.2641531701333371,0.9949021971565248
synth20,hard,gauss,3006,20,64,0.17086432759365627,0.36106989168090614,0.14461974762713672,0.9638405923806388,0.1082040191787567,0.11324972811428981,weakspot_emb,"weakspot_emb|alpha=0.2,q=0.3",0.15622366458949563,0.30118945312273954,0.1362212727150651,0.26333140711525194,0.9975427632259105
synth20,hard,gauss,3006,20,64,0.17086432759365627,0.36106989168090614,0.14461974762713672,0.9638405923806388,0.1082040191787567,0.11324972811428981,weakspot_emb,"weakspot_emb|alpha=0.5,q=0.03",0.16037385004500807,0.2963165606959576,0.1416164632268827,0.2595418096138713,0.9391110906165591
synth20,hard,gauss,3006,20,64,0.17086432759365627,0.36106989168090614,0.14461974762713672,0.9638405923806388,0.1082040191787567,0.11324972811428981,weakspot_emb,"weakspot_emb|alpha=0.5,q=0.1",0.1571169274679283,0.30242749028685084,0.13706696360813383,0.26500971656082756,0.9689692233313472
synth20,hard,gauss,3006,20,64,0.17086432759365627,0.36106989168090614,0.14461974762713672,0.9638405923806388,0.1082040191787567,0.11324972811428981,weakspot_emb,"weakspot_emb|alpha=0.5,q=0.3",0.15594545503792853,0.3009823048752059,0.13593325811870247,0.26254776875554386,0.9848378691261145
synth20,hard,gauss,3006,20,64,0.17086432759365627,0.36106989168090614,0.14461974762713672,0.9638405923806388,0.1082040191787567,0.11324972811428981,weakspot_emb,"weakspot_emb|alpha=0.8,q=0.03",0.16808660192738012,0.3027813716880494,0.14950140609980556,0.2653958793647576,0.8576461173314062
synth20,hard,gauss,3006,20,64,0.17086432759365627,0.36106989168090614,0.14461974762713672,0.9638405923806388,0.1082040191787567,0.11324972811428981,weakspot_emb,"weakspot_emb|alpha=0.8,q=0.1",0.1650130232884437,0.3018849513616407,0.14612742297108935,0.2660450973020273,0.9242291289339891
synth20,hard,gauss,3006,20,64,0.17086432759365627,0.36106989168090614,0.14461974762713672,0.9638405923806388,0.1082040191787567,0.11324972811428981,weakspot_emb,"weakspot_emb|alpha=0.8,q=0.3",0.15823888973932795,0.3009785135828632,0.13854366425878323,0.26481445734024783,0.9620818207803443
synth20,hard,gauss,3006,20,64,0.17086432759365627,0.36106989168090614,0.14461974762713672,0.9638405923806388,0.1082040191787567,0.11324972811428981,weakspot_emb,"weakspot_emb|alpha=1.0,q=0.03",0.1640585729868087,0.2977486256982737,0.14561200810343444,0.2603547626809324,0.7940623239526812
synth20,hard,gauss,3006,20,64,0.17086432759365627,0.36106989168090614,0.14461974762713672,0.9638405923806388,0.1082040191787567,0.11324972811428981,weakspot_emb,"weakspot_emb|alpha=1.0,q=0.1",0.16615147374820582,0.30030426554189826,0.14764106008677177,0.2655013058935144,0.886447737974765
synth20,hard,gauss,3006,20,64,0.17086432759365627,0.36106989168090614,0.14461974762713672,0.9638405923806388,0.1082040191787567,0.11324972811428981,weakspot_emb,"weakspot_emb|alpha=1.0,q=0.3",0.15960952778604137,0.3024697337146573,0.13989766437910578,0.26608424164774347,0.941990135956279
synth20,hard,gauss,3006,20,64,0.17086432759365627,0.36106989168090614,0.14461974762713672,0.9638405923806388,0.1082040191787567,0.11324972811428981,loss,loss|alpha=0.2,0.16181434402643047,0.30050658064454755,0.14267757738068745,0.26443163762181215,0.9712810738323107
synth20,hard,gauss,3006,20,64,0.17086432759365627,0.36106989168090614,0.14461974762713672,0.9638405923806388,0.1082040191787567,0.11324972811428981,loss,loss|alpha=0.5,0.1666143221327681,0.29630637743269705,0.1487194012734607,0.2623117304656906,0.8440239073654917
synth20,hard,gauss,3006,20,64,0.17086432759365627,0.36106989168090614,0.14461974762713672,0.9638405923806388,0.1082040191787567,0.11324972811428981,loss,loss|alpha=0.8,0.16584348973854537,0.2953089554763017,0.1479798337263656,0.26373182227021785,0.6788454069920962
synth20,hard,gauss,3006,20,64,0.17086432759365627,0.36106989168090614,0.14461974762713672,0.9638405923806388,0.1082040191787567,0.11324972811428981,loss,loss|alpha=1.0,0.17258238365901205,0.30161130852844187,0.1547789615931021,0.26213782208042924,0.5749762574033349
synth20,hard,gauss,3006,20,64,0.17086432759365627,0.36106989168090614,0.14461974762713672,0.9638405923806388,0.1082040191787567,0.11324972811428981,smoothed_loss,smoothed_loss|alpha=0.2,0.15745818871786624,0.30333585106753014,0.13732997641641903,0.26574398814203604,0.9956922806120531
synth20,hard,gauss,3006,20,64,0.17086432759365627,0.36106989168090614,0.14461974762713672,0.9638405923806388,0.1082040191787567,0.11324972811428981,smoothed_loss,smoothed_loss|alpha=0.5,0.16081311664241535,0.30653187504368834,0.1407068299213293,0.2682640473596929,0.9736721715352141
synth20,hard,gauss,3006,20,64,0.17086432759365627,0.36106989168090614,0.14461974762713672,0.9638405923806388,0.1082040191787567,0.11324972811428981,smoothed_loss,smoothed_loss|alpha=0.8,0.164370049427192,0.30398554966613417,0.14510589078824837,0.26654458583459567,0.9352597333220906
synth20,hard,gauss,3006,20,64,0.17086432759365627,0.36106989168090614,0.14461974762713672,0.9638405923806388,0.1082040191787567,0.11324972811428981,smoothed_loss,smoothed_loss|alpha=1.0,0.16878708164556877,0.30555212329022025,0.1499162295267477,0.27004437542068443,0.9023976591998967
synth20,hard,gauss,3006,20,64,0.17086432759365627,0.36106989168090614,0.14461974762713672,0.9638405923806388,0.1082040191787567,0.11324972811428981,jtt,"jtt|q=0.1,lam=2",0.1669793850600148,0.2983204373172953,0.1488569354597926,0.27253522132776714,0.9307692307692305
synth20,hard,gauss,3006,20,64,0.17086432759365627,0.36106989168090614,0.14461974762713672,0.9638405923806388,0.1082040191787567,0.11324972811428981,jtt,"jtt|q=0.1,lam=5",0.17364883203158255,0.30879311878513593,0.15500161181096422,0.27916325367308176,0.5764705882352938
synth20,hard,gauss,3006,20,64,0.17086432759365627,0.36106989168090614,0.14461974762713672,0.9638405923806388,0.1082040191787567,0.11324972811428981,jtt,"jtt|q=0.1,lam=10",0.17434704213804625,0.2944659444266863,0.15777302574829083,0.26803506030534535,0.3311926605504588
synth20,hard,gauss,3006,20,64,0.17086432759365627,0.36106989168090614,0.14461974762713672,0.9638405923806388,0.1082040191787567,0.11324972811428981,jtt,"jtt|q=0.1,lam=20",0.1970142657826294,0.31980853121461833,0.1800711025580164,0.2928527206757585,0.20562347188264063
synth20,hard,gauss,3006,20,64,0.17086432759365627,0.36106989168090614,0.14461974762713672,0.9638405923806388,0.1082040191787567,0.11324972811428981,jtt,"jtt|q=0.2,lam=2",0.15849911749205614,0.2940152682858814,0.13980058743942309,0.25764132856115507,0.9
synth20,hard,gauss,3006,20,64,0.17086432759365627,0.36106989168090614,0.14461974762713672,0.9638405923806388,0.1082040191787567,0.11324972811428981,jtt,"jtt|q=0.2,lam=5",0.17174688333977178,0.30846592338699896,0.1528823785252895,0.2623121825353788,0.5586206896551724
synth20,hard,gauss,3006,20,64,0.17086432759365627,0.36106989168090614,0.14461974762713672,0.9638405923806388,0.1082040191787567,0.11324972811428981,jtt,"jtt|q=0.2,lam=10",0.18572450681764552,0.3299058237048438,0.16583035640788985,0.2838217869826956,0.3769230769230772
synth20,hard,gauss,3006,20,64,0.17086432759365627,0.36106989168090614,0.14461974762713672,0.9638405923806388,0.1082040191787567,0.11324972811428981,jtt,"jtt|q=0.2,lam=20",0.20723907612944426,0.341982337167392,0.18864718947129214,0.29544712448802374,0.2851485148514852
synth20,hard,gauss,3006,20,64,0.17086432759365627,0.36106989168090614,0.14461974762713672,0.9638405923806388,0.1082040191787567,0.11324972811428981,density,density|alpha=0.2,0.15504246824388654,0.3044398554179991,0.13442860401075862,0.26548935503701904,0.9998360848943546
synth20,hard,gauss,3006,20,64,0.17086432759365627,0.36106989168090614,0.14461974762713672,0.9638405923806388,0.1082040191787567,0.11324972811428981,density,density|alpha=0.5,0.15480321965043714,0.30536688691256975,0.13402843199122394,0.26554549353260226,0.9989764114432552
synth20,hard,gauss,3006,20,64,0.17086432759365627,0.36106989168090614,0.14461974762713672,0.9638405923806388,0.1082040191787567,0.11324972811428981,density,density|alpha=0.8,0.15523517642555384,0.30488347130530136,0.13458669192578784,0.26560836014926964,0.9973837908526558
synth20,hard,gauss,3006,20,64,0.17086432759365627,0.36106989168090614,0.14461974762713672,0.9638405923806388,0.1082040191787567,0.11324972811428981,density,density|alpha=1.0,0.15467430603195095,0.3052617156313276,0.1338962424030185,0.2659969934362358,0.9959181800854863
synth20,hard,gauss,3005,20,64,0.20286144633484393,0.4300290467980621,0.16966503480583497,0.9685456816441186,0.23802307834684458,0.1440087590257376,uniform,uniform,0.17825323572285987,0.3733657176724098,0.14974109652679385,0.2486661734621922,1.0
synth20,hard,gauss,3005,20,64,0.20286144633484393,0.4300290467980621,0.16966503480583497,0.9685456816441186,0.23802307834684458,0.1440087590257376,weakspot,"weakspot|alpha=0.2,q=0.03",0.17843194378447944,0.37081298846969074,0.150318954446526,0.2521132802735399,0.9983507975628042
synth20,hard,gauss,3005,20,64,0.20286144633484393,0.4300290467980621,0.16966503480583497,0.9685456816441186,0.23802307834684458,0.1440087590257376,weakspot,"weakspot|alpha=0.2,q=0.1",0.17957113032714284,0.3705491272195462,0.15166317089587475,0.25320620441945574,0.9988865123045437
synth20,hard,gauss,3005,20,64,0.20286144633484393,0.4300290467980621,0.16966503480583497,0.9685456816441186,0.23802307834684458,0.1440087590257376,weakspot,"weakspot|alpha=0.2,q=0.3",0.1790537290442933,0.37322133921608985,0.15067966566675284,0.2518635848668722,0.9992694361220195
synth20,hard,gauss,3005,20,64,0.20286144633484393,0.4300290467980621,0.16966503480583497,0.9685456816441186,0.23802307834684458,0.1440087590257376,weakspot,"weakspot|alpha=0.5,q=0.03",0.18006147225774521,0.37279573149769957,0.15189686703929914,0.25656001317127664,0.9897809643744384
synth20,hard,gauss,3005,20,64,0.20286144633484393,0.4300290467980621,0.16966503480583497,0.9685456816441186,0.23802307834684458,0.1440087590257376,weakspot,"weakspot|alpha=0.5,q=0.1",0.17862520184499345,0.3707697471916457,0.15054677258230215,0.2539233970938297,0.993081148199219
synth20,hard,gauss,3005,20,64,0.20286144633484393,0.4300290467980621,0.16966503480583497,0.9685456816441186,0.23802307834684458,0.1440087590257376,weakspot,"weakspot|alpha=0.5,q=0.3",0.17837267678625246,0.36871988015935625,0.15055689635064134,0.251542962177975,0.9954514216545592
synth20,hard,gauss,3005,20,64,0.20286144633484393,0.4300290467980621,0.16966503480583497,0.9685456816441186,0.23802307834684458,0.1440087590257376,weakspot,"weakspot|alpha=0.8,q=0.03",0.17818482546221867,0.3696293020240662,0.15020869851478535,0.2550268699586693,0.9742497711085589
synth20,hard,gauss,3005,20,64,0.20286144633484393,0.4300290467980621,0.16966503480583497,0.9685456816441186,0.23802307834684458,0.1440087590257376,weakspot,"weakspot|alpha=0.8,q=0.1",0.17861100670068053,0.3694512304978794,0.1507231803005168,0.2535365254876466,0.9824768736562443
synth20,hard,gauss,3005,20,64,0.20286144633484393,0.4300290467980621,0.16966503480583497,0.9685456816441186,0.23802307834684458,0.1440087590257376,weakspot,"weakspot|alpha=0.8,q=0.3",0.18000954549852316,0.3714479941705044,0.15203429941751725,0.2582524538685325,0.9884376831182107
synth20,hard,gauss,3005,20,64,0.20286144633484393,0.4300290467980621,0.16966503480583497,0.9685456816441186,0.23802307834684458,0.1440087590257376,weakspot,"weakspot|alpha=1.0,q=0.03",0.17822493894072136,0.36333167980236175,0.15117495675177103,0.25145636405257954,0.9603397267340277
synth20,hard,gauss,3005,20,64,0.20286144633484393,0.4300290467980621,0.16966503480583497,0.9685456816441186,0.23802307834684458,0.1440087590257376,weakspot,"weakspot|alpha=1.0,q=0.1",0.17900025633988514,0.3653784076658508,0.15176448064468667,0.25277831378781296,0.972887357855649
synth20,hard,gauss,3005,20,64,0.20286144633484393,0.4300290467980621,0.16966503480583497,0.9685456816441186,0.23802307834684458,0.1440087590257376,weakspot,"weakspot|alpha=1.0,q=0.3",0.17893676935108682,0.3712545011500645,0.1508330320394884,0.2541661225576869,0.9820506191138753
synth20,hard,gauss,3005,20,64,0.20286144633484393,0.4300290467980621,0.16966503480583497,0.9685456816441186,0.23802307834684458,0.1440087590257376,weakspot_emb,"weakspot_emb|alpha=0.2,q=0.03",0.17826882543459113,0.368453645376808,0.15047677438286314,0.25030020449212925,0.9955748792021294
synth20,hard,gauss,3005,20,64,0.20286144633484393,0.4300290467980621,0.16966503480583497,0.9685456816441186,0.23802307834684458,0.1440087590257376,weakspot_emb,"weakspot_emb|alpha=0.2,q=0.1",0.17845709260110312,0.37443959719976905,0.14981781542479378,0.2510094434301896,0.9970913949730011
synth20,hard,gauss,3005,20,64,0.20286144633484393,0.4300290467980621,0.16966503480583497,0.9685456816441186,0.23802307834684458,0.1440087590257376,weakspot_emb,"weakspot_emb|alpha=0.2,q=0.3",0.17689994193263894,0.37161844677458944,0.14844537532249721,0.24916327880555797,0.9982378713178169
synth20,hard,gauss,3005,20,64,0.20286144633484393,0.4300290467980621,0.16966503480583497,0.9685456816441186,0.23802307834684458,0.1440087590257376,weakspot_emb,"weakspot_emb|alpha=0.5,q=0.03",0.17756965317813825,0.3659532208528912,0.150040822371799,0.24778652585455074,0.9729709312091896
synth20,hard,gauss,3005,20,64,0.20286144633484393,0.4300290467980621,0.16966503480583497,0.9685456816441186,0.23802307834684458,0.1440087590257376,weakspot_emb,"weakspot_emb|alpha=0.5,q=0.1",0.1783338192987558,0.3683547295936847,0.15056572065966875,0.2524770441664929,0.9820946366381514
synth20,hard,gauss,3005,20,64,0.20286144633484393,0.4300290467980621,0.16966503480583497,0.9685456816441186,0.23802307834684458,0.1440087590257376,weakspot_emb,"weakspot_emb|alpha=0.5,q=0.3",0.1779547123930522,0.3697423690937446,0.14992843591243527,0.2538378666075049,0.9890876478223579
synth20,hard,gauss,3005,20,64,0.20286144633484393,0.4300290467980621,0.16966503480583497,0.9685456816441186,0.23802307834684458,0.1440087590257376,weakspot_emb,"weakspot_emb|alpha=0.8,q=0.03",0.17892186273961633,0.36757800246895805,0.15135320048690448,0.24616406826506165,0.9336051459753161
synth20,hard,gauss,3005,20,64,0.20286144633484393,0.4300290467980621,0.16966503480583497,0.9685456816441186,0.23802307834684458,0.1440087590257376,weakspot_emb,"weakspot_emb|alpha=0.8,q=0.1",0.18062317529097427,0.36821624301721584,0.15320986166908798,0.24957338850711366,0.9554078345182928
synth20,hard,gauss,3005,20,64,0.20286144633484393,0.4300290467980621,0.16966503480583497,0.9685456816441186,0.23802307834684458,0.1440087590257376,weakspot_emb,"weakspot_emb|alpha=0.8,q=0.3",0.17863439705856304,0.3648037124453887,0.15142913893613294,0.2475950615771102,0.9725319740311121
synth20,hard,gauss,3005,20,64,0.20286144633484393,0.4300290467980621,0.16966503480583497,0.9685456816441186,0.23802307834684458,0.1440087590257376,weakspot_emb,"weakspot_emb|alpha=1.0,q=0.03",0.18026720738672694,0.36775783460003997,0.15286886358191615,0.2517602325795578,0.8999930121030444
synth20,hard,gauss,3005,20,64,0.20286144633484393,0.4300290467980621,0.16966503480583497,0.9685456816441186,0.23802307834684458,0.1440087590257376,weakspot_emb,"weakspot_emb|alpha=1.0,q=0.1",0.17914664718533596,0.37028606903896355,0.15121509843308664,0.2507938104810078,0.9320296480984934
synth20,hard,gauss,3005,20,64,0.20286144633484393,0.4300290467980621,0.16966503480583497,0.9685456816441186,0.23802307834684458,0.1440087590257376,weakspot_emb,"weakspot_emb|alpha=1.0,q=0.3",0.17996173763879805,0.3631006606718264,0.1531993162213641,0.24905364251317727,0.9577342476146772
synth20,hard,gauss,3005,20,64,0.20286144633484393,0.4300290467980621,0.16966503480583497,0.9685456816441186,0.23802307834684458,0.1440087590257376,loss,loss|alpha=0.2,0.18540660602074488,0.3665235472375074,0.15893966045611768,0.25873157179239153,0.9673352265642384
synth20,hard,gauss,3005,20,64,0.20286144633484393,0.4300290467980621,0.16966503480583497,0.9685456816441186,0.23802307834684458,0.1440087590257376,loss,loss|alpha=0.5,0.19637979018907742,0.3725996626762575,0.17062846211788493,0.2680109496067278,0.8257306307150432
synth20,hard,gauss,3005,20,64,0.20286144633484393,0.4300290467980621,0.16966503480583497,0.9685456816441186,0.23802307834684458,0.1440087590257376,loss,loss|alpha=0.8,0.19885451846737326,0.40380251584088,0.16890509764774903,0.27884173682527197,0.6492306467900096
synth20,hard,gauss,3005,20,64,0.20286144633484393,0.4300290467980621,0.16966503480583497,0.9685456816441186,0.23802307834684458,0.1440087590257376,loss,loss|alpha=1.0,0.21336167294211048,0.41736627641366003,0.18355011197635399,0.29644940223756966,0.5422420766318498
synth20,hard,gauss,3005,20,64,0.20286144633484393,0.4300290467980621,0.16966503480583497,0.9685456816441186,0.23802307834684458,0.1440087590257376,smoothed_loss,smoothed_loss|alpha=0.2,0.17911740647594843,0.3678362591244486,0.15153957987115327,0.2530384044880305,0.9956248688541796
synth20,hard,gauss,3005,20,64,0.20286144633484393,0.4300290467980621,0.16966503480583497,0.9685456816441186,0.23802307834684458,0.1440087590257376,smoothed_loss,smoothed_loss|alpha=0.5,0.18149287502060546,0.36436914761473455,0.15476883518593326,0.2513991107320915,0.9732694168253384
synth20,hard,gauss,3005,20,64,0.20286144633484393,0.4300290467980621,0.16966503480583497,0.9685456816441186,0.23802307834684458,0.1440087590257376,smoothed_loss,smoothed_loss|alpha=0.8,0.18281192869080293,0.36021333193035654,0.15688794139791684,0.24886640835976398,0.9343090025978849
synth20,hard,gauss,3005,20,64,0.20286144633484393,0.4300290467980621,0.16966503480583497,0.9685456816441186,0.23802307834684458,0.1440087590257376,smoothed_loss,smoothed_loss|alpha=1.0,0.1885035303657727,0.3722163174602432,0.16165724915712512,0.25978086788723037,0.901015414396782
synth20,hard,gauss,3005,20,64,0.20286144633484393,0.4300290467980621,0.16966503480583497,0.9685456816441186,0.23802307834684458,0.1440087590257376,jtt,"jtt|q=0.1,lam=2",0.18505276441034363,0.36628991247227627,0.1585682528024394,0.2531862908412253,0.9307692307692302
synth20,hard,gauss,3005,20,64,0.20286144633484393,0.4300290467980621,0.16966503480583497,0.9685456816441186,0.23802307834684458,0.1440087590257376,jtt,"jtt|q=0.1,lam=5",0.206849611396089,0.39982113591303575,0.17865033417441487,0.2738230043871513,0.5764705882352937
synth20,hard,gauss,3005,20,64,0.20286144633484393,0.4300290467980621,0.16966503480583497,0.9685456816441186,0.23802307834684458,0.1440087590257376,jtt,"jtt|q=0.1,lam=10",0.22683206310896722,0.4357523960345647,0.1963021577244243,0.308668555286834,0.3311926605504588
synth20,hard,gauss,3005,20,64,0.20286144633484393,0.4300290467980621,0.16966503480583497,0.9685456816441186,0.23802307834684458,0.1440087590257376,jtt,"jtt|q=0.1,lam=20",0.2477202097581934,0.4634746923433554,0.21619161774718118,0.33326838842278533,0.20562347188264063
synth20,hard,gauss,3005,20,64,0.20286144633484393,0.4300290467980621,0.16966503480583497,0.9685456816441186,0.23802307834684458,0.1440087590257376,jtt,"jtt|q=0.2,lam=2",0.1857637588506605,0.3645240922329954,0.15964118864292676,0.25006085872474393,0.9000000000000004
synth20,hard,gauss,3005,20,64,0.20286144633484393,0.4300290467980621,0.16966503480583497,0.9685456816441186,0.23802307834684458,0.1440087590257376,jtt,"jtt|q=0.2,lam=5",0.21763046809372372,0.3983967293706932,0.19121476802173104,0.2928527095134504,0.5586206896551722
synth20,hard,gauss,3005,20,64,0.20286144633484393,0.4300290467980621,0.16966503480583497,0.9685456816441186,0.23802307834684458,0.1440087590257376,jtt,"jtt|q=0.2,lam=10",0.2392389138957601,0.4204751415722284,0.21275453678544523,0.3171077141941995,0.3769230769230771
synth20,hard,gauss,3005,20,64,0.20286144633484393,0.4300290467980621,0.16966503480583497,0.9685456816441186,0.23802307834684458,0.1440087590257376,jtt,"jtt|q=0.2,lam=20",0.25458046325584377,0.44323979480083087,0.22701133457734995,0.3271301606436403,0.2851485148514852
synth20,hard,gauss,3005,20,64,0.20286144633484393,0.4300290467980621,0.16966503480583497,0.9685456816441186,0.23802307834684458,0.1440087590257376,density,density|alpha=0.2,0.17918052893618033,0.3734627046982057,0.15078972388213077,0.2504885601972284,0.9998400109980988
synth20,hard,gauss,3005,20,64,0.20286144633484393,0.4300290467980621,0.16966503480583497,0.9685456816441186,0.23802307834684458,0.1440087590257376,density,density|alpha=0.5,0.17975548274623845,0.3767911835797075,0.15096230010295209,0.25395193759764484,0.9990009079177791
synth20,hard,gauss,3005,20,64,0.20286144633484393,0.4300290467980621,0.16966503480583497,0.9685456816441186,0.23802307834684458,0.1440087590257376,density,density|alpha=0.8,0.17837443981730314,0.375527779974245,0.14956406632732022,0.25163140868714307,0.9974463044176918
synth20,hard,gauss,3005,20,64,0.20286144633484393,0.4300290467980621,0.16966503480583497,0.9685456816441186,0.23802307834684458,0.1440087590257376,density,density|alpha=1.0,0.17971124698692434,0.37694429253419365,0.15088922600437207,0.25396722966104707,0.9960155740962343
synth20,hard,gauss,3004,20,64,0.17953299813563006,0.383391109765018,0.15107417343523116,0.964750540509533,0.2501014458437023,0.10152308379806484,uniform,uniform,0.16689461844422096,0.35972283857314175,0.1399755791669642,0.22751263226124976,1.0
synth20,hard,gauss,3004,20,64,0.17953299813563006,0.383391109765018,0.15107417343523116,0.964750540509533,0.2501014458437023,0.10152308379806484,weakspot,"weakspot|alpha=0.2,q=0.03",0.16788509578074923,0.36153176674252346,0.14085179983451865,0.2264367561471987,0.9982966845189055
synth20,hard,gauss,3004,20,64,0.17953299813563006,0.383391109765018,0.15107417343523116,0.964750540509533,0.2501014458437023,0.10152308379806484,weakspot,"weakspot|alpha=0.2,q=0.1",0.16759040507528764,0.36198446285662395,0.14045277307732332,0.22627946392593132,0.9988474062231225
synth20,hard,gauss,3004,20,64,0.17953299813563006,0.383391109765018,0.15107417343523116,0.964750540509533,0.2501014458437023,0.10152308379806484,weakspot,"weakspot|alpha=0.2,q=0.3",0.16830317400420117,0.36313155673097386,0.14110490974889672,0.22906488877417172,0.9992461099458878
synth20,hard,gauss,3004,20,64,0.17953299813563006,0.383391109765018,0.15107417343523116,0.964750540509533,0.2501014458437023,0.10152308379806484,weakspot,"weakspot|alpha=0.5,q=0.03",0.167671002894525,0.3594251388420452,0.14090190699301933,0.22854620995150604,0.989448632854936
synth20,hard,gauss,3004,20,64,0.17953299813563006,0.383391109765018,0.15107417343523116,0.964750540509533,0.2501014458437023,0.10152308379806484,weakspot,"weakspot|alpha=0.5,q=0.1",0.16813397793918378,0.3595071963355944,0.1414180585619071,0.22681091002877588,0.992839617210891
synth20,hard,gauss,3004,20,64,0.17953299813563006,0.383391109765018,0.15107417343523116,0.964750540509533,0.2501014458437023,0.10152308379806484,weakspot,"weakspot|alpha=0.5,q=0.3",0.1677244806376028,0.35966930763335064,0.14092876404845286,0.2286874624572057,0.9953067626329054
synth20,hard,gauss,3004,20,64,0.17953299813563006,0.383391109765018,0.15107417343523116,0.964750540509533,0.2501014458437023,0.10152308379806484,weakspot,"weakspot|alpha=0.8,q=0.03",0.16920935205646043,0.3597042314848997,0.14261604980006862,0.23068576730070306,0.9734259131065146
synth20,hard,gauss,3004,20,64,0.17953299813563006,0.383391109765018,0.15107417343523116,0.964750540509533,0.2501014458437023,0.10152308379806484,weakspot,"weakspot|alpha=0.8,q=0.1",0.16908510014324585,0.35963372965933643,0.1424842943133643,0.23141435238788438,0.9818719143505558
synth20,hard,gauss,3004,20,64,0.17953299813563006,0.383391109765018,0.15107417343523116,0.964750540509533,0.2501014458437023,0.10152308379806484,weakspot,"weakspot|alpha=0.8,q=0.3",0.16843665667971858,0.36035744274596365,0.14164429623172423,0.23151232532197583,0.9880726379287647
synth20,hard,gauss,3004,20,64,0.17953299813563006,0.383391109765018,0.15107417343523116,0.964750540509533,0.2501014458437023,0.10152308379806484,weakspot,"weakspot|alpha=1.0,q=0.03",0.16866031042511245,0.35687004675219375,0.14238601674982188,0.23045441479019682,0.9590895160291212
synth20,hard,gauss,3004,20,64,0.17953299813563006,0.383391109765018,0.15107417343523116,0.964750540509533,0.2501014458437023,0.10152308379806484,weakspot,"weakspot|alpha=1.0,q=0.1",0.16983570810464288,0.36050243342533955,0.14321841596585616,0.23444652918747416,0.9719607834151274
synth20,hard,gauss,3004,20,64,0.17953299813563006,0.383391109765018,0.15107417343523116,0.964750540509533,0.2501014458437023,0.10152308379806484,weakspot,"weakspot|alpha=1.0,q=0.3",0.1691061110422301,0.35847475753458125,0.14267003218717256,0.23364727027629853,0.9814876984083634
synth20,hard,gauss,3004,20,64,0.17953299813563006,0.383391109765018,0.15107417343523116,0.964750540509533,0.2501014458437023,0.10152308379806484,weakspot_emb,"weakspot_emb|alpha=0.2,q=0.03",0.1671221410718497,0.36109633101451327,0.1400431231026459,0.22924000252419405,0.9999299808970069
synth20,hard,gauss,3004,20,64,0.17953299813563006,0.383391109765018,0.15107417343523116,0.964750540509533,0.2501014458437023,0.10152308379806484,weakspot_emb,"weakspot_emb|alpha=0.2,q=0.1",0.16786858168677105,0.3602307358743162,0.14101460574605965,0.2280691913385997,0.999933846921982
synth20,hard,gauss,3004,20,64,0.17953299813563006,0.383391109765018,0.15107417343523116,0.964750540509533,0.2501014458437023,0.10152308379806484,weakspot_emb,"weakspot_emb|alpha=0.2,q=0.3",0.16684808825307493,0.35879367239132504,0.14005226596596881,0.22704580802680321,0.9999373686546098
synth20,hard,gauss,3004,20,64,0.17953299813563006,0.383391109765018,0.15107417343523116,0.964750540509533,0.2501014458437023,0.10152308379806484,weakspot_emb,"weakspot_emb|alpha=0.5,q=0.03",0.1666173853698537,0.3582335238706605,0.13986755406917128,0.22702599642416332,0.9995625414161953
synth20,hard,gauss,3004,20,64,0.17953299813563006,0.383391109765018,0.15107417343523116,0.964750540509533,0.2501014458437023,0.10152308379806484,weakspot_emb,"weakspot_emb|alpha=0.5,q=0.1",0.1663579056883535,0.35803538661370565,0.13959951091529865,0.2253594256761546,0.9995866868075727
synth20,hard,gauss,3004,20,64,0.17953299813563006,0.383391109765018,0.15107417343523116,0.964750540509533,0.2501014458437023,0.10152308379806484,weakspot_emb,"weakspot_emb|alpha=0.5,q=0.3",0.1667289604752321,0.35898014956858976,0.1398904753881252,0.22636534033549544,0.9996086827621186
synth20,hard,gauss,3004,20,64,0.17953299813563006,0.383391109765018,0.15107417343523116,0.964750540509533,0.2501014458437023,0.10152308379806484,weakspot_emb,"weakspot_emb|alpha=0.8,q=0.03",0.1665632323013797,0.35779085588456727,0.139867638125949,0.22655901681026383,0.9988808697595428
synth20,hard,gauss,3004,20,64,0.17953299813563006,0.383391109765018,0.15107417343523116,0.964750540509533,0.2501014458437023,0.10152308379806484,weakspot_emb,"weakspot_emb|alpha=0.8,q=0.1",0.16709449799693385,0.35847805957447076,0.14037713469978483,0.22473445408256876,0.9989426000056791
synth20,hard,gauss,3004,20,64,0.17953299813563006,0.383391109765018,0.15107417343523116,0.964750540509533,0.2501014458437023,0.10152308379806484,weakspot_emb,"weakspot_emb|alpha=0.8,q=0.3",0.16718787952723296,0.3591679651118354,0.14038724079889814,0.22647462181138883,0.9989988390346318
synth20,hard,gauss,3004,20,64,0.17953299813563006,0.383391109765018,0.15107417343523116,0.964750540509533,0.2501014458437023,0.10152308379806484,weakspot_emb,"weakspot_emb|alpha=1.0,q=0.03",0.1660551308726239,0.3548919258699027,0.13969329909237702,0.2261770025680395,0.9982524590950892
synth20,hard,gauss,3004,20,64,0.17953299813563006,0.383391109765018,0.15107417343523116,0.964750540509533,0.2501014458437023,0.10152308379806484,weakspot_emb,"weakspot_emb|alpha=1.0,q=0.1",0.16659120583919462,0.3554733271223378,0.14022304645778716,0.22660570869915259,0.9983487946251849
synth20,hard,gauss,3004,20,64,0.17953299813563006,0.383391109765018,0.15107417343523116,0.964750540509533,0.2501014458437023,0.10152308379806484,weakspot_emb,"weakspot_emb|alpha=1.0,q=0.3",0.1662936069137201,0.3552680969832216,0.13991255274447342,0.22434771435619297,0.9984365664439768
synth20,hard,gauss,3004,20,64,0.17953299813563006,0.383391109765018,0.15107417343523116,0.964750540509533,0.2501014458437023,0.10152308379806484,loss,loss|alpha=0.2,0.1681842369248725,0.3488191173101904,0.14296740177136658,0.22266151127865627,0.9749217128796331
synth20,hard,gauss,3004,20,64,0.17953299813563006,0.383391109765018,0.15107417343523116,0.964750540509533,0.2501014458437023,0.10152308379806484,loss,loss|alpha=0.5,0.16511381273202533,0.34492145815599307,0.1400124605218418,0.22327491920459902,0.8614962488944412
synth20,hard,gauss,3004,20,64,0.17953299813563006,0.383391109765018,0.15107417343523116,0.964750540509533,0.2501014458437023,0.10152308379806484,loss,loss|alpha=0.8,0.17478683855358929,0.36429016101664474,0.1483319587795445,0.24104695089597328,0.7084289454165934
synth20,hard,gauss,3004,20,64,0.17953299813563006,0.383391109765018,0.15107417343523116,0.964750540509533,0.2501014458437023,0.10152308379806484,loss,loss|alpha=1.0,0.1736393360271123,0.3702689467019294,0.1461896182975794,0.23177071331965343,0.608611374071293
synth20,hard,gauss,3004,20,64,0.17953299813563006,0.383391109765018,0.15107417343523116,0.964750540509533,0.2501014458437023,0.10152308379806484,smoothed_loss,smoothed_loss|alpha=0.2,0.16680533881476034,0.35713126319718264,0.14023562287533387,0.2219297068573896,0.9970909759897333
synth20,hard,gauss,3004,20,64,0.17953299813563006,0.383391109765018,0.15107417343523116,0.964750540509533,0.2501014458437023,0.10152308379806484,smoothed_loss,smoothed_loss|alpha=0.5,0.1678898775365739,0.3529462103936138,0.1420558025793233,0.2256224212896761,0.9820920961773496
synth20,hard,gauss,3004,20,64,0.17953299813563006,0.383391109765018,0.15107417343523116,0.964750540509533,0.2501014458437023,0.10152308379806484,smoothed_loss,smoothed_loss|alpha=0.8,0.16844516966218606,0.357240666309056,0.14208910317871987,0.22931101490677577,0.9554016796082885
synth20,hard,gauss,3004,20,64,0.17953299813563006,0.383391109765018,0.15107417343523116,0.964750540509533,0.2501014458437023,0.10152308379806484,smoothed_loss,smoothed_loss|alpha=1.0,0.16849094145498195,0.3555044338550531,0.14238364479514293,0.22858328558052918,0.9320204959696592
synth20,hard,gauss,3004,20,64,0.17953299813563006,0.383391109765018,0.15107417343523116,0.964750540509533,0.2501014458437023,0.10152308379806484,jtt,"jtt|q=0.1,lam=2",0.1673442050612419,0.35001578065686034,0.14184304493535785,0.22432033356567374,0.9307692307692305
synth20,hard,gauss,3004,20,64,0.17953299813563006,0.383391109765018,0.15107417343523116,0.964750540509533,0.2501014458437023,0.10152308379806484,jtt,"jtt|q=0.1,lam=5",0.17482859884986038,0.36443306101584305,0.14835959985802805,0.2255792748851398,0.576470588235294
synth20,hard,gauss,3004,20,64,0.17953299813563006,0.383391109765018,0.15107417343523116,0.964750540509533,0.2501014458437023,0.10152308379806484,jtt,"jtt|q=0.1,lam=10",0.18837774198975374,0.3779946435128577,0.16190700644949138,0.23334101423139217,0.3311926605504588
synth20,hard,gauss,3004,20,64,0.17953299813563006,0.383391109765018,0.15107417343523116,0.964750540509533,0.2501014458437023,0.10152308379806484,jtt,"jtt|q=0.1,lam=20",0.20116084483137772,0.39984767566179935,0.17342393682371204,0.2649119500408538,0.20562347188264055
synth20,hard,gauss,3004,20,64,0.17953299813563006,0.383391109765018,0.15107417343523116,0.964750540509533,0.2501014458437023,0.10152308379806484,jtt,"jtt|q=0.2,lam=2",0.16768990050784272,0.35426759886708903,0.14164344119273423,0.22647392192805607,0.8999999999999998
synth20,hard,gauss,3004,20,64,0.17953299813563006,0.383391109765018,0.15107417343523116,0.964750540509533,0.2501014458437023,0.10152308379806484,jtt,"jtt|q=0.2,lam=5",0.17597939546551625,0.3667559408695624,0.1493467723179428,0.2339147413486144,0.5586206896551722
synth20,hard,gauss,3004,20,64,0.17953299813563006,0.383391109765018,0.15107417343523116,0.964750540509533,0.2501014458437023,0.10152308379806484,jtt,"jtt|q=0.2,lam=10",0.18076277516827793,0.3729348121854798,0.15393533980120414,0.23054674680647438,0.37692307692307686
synth20,hard,gauss,3004,20,64,0.17953299813563006,0.383391109765018,0.15107417343523116,0.964750540509533,0.2501014458437023,0.10152308379806484,jtt,"jtt|q=0.2,lam=20",0.19691210222558042,0.3973513080432468,0.16893056067268677,0.2573919059118292,0.28514851485148507
synth20,hard,gauss,3004,20,64,0.17953299813563006,0.383391109765018,0.15107417343523116,0.964750540509533,0.2501014458437023,0.10152308379806484,density,density|alpha=0.2,0.1664780569700676,0.35929699279560495,0.13956031379214356,0.22700319381448122,0.9998390078726586
synth20,hard,gauss,3004,20,64,0.17953299813563006,0.383391109765018,0.15107417343523116,0.964750540509533,0.2501014458437023,0.10152308379806484,density,density|alpha=0.5,0.16701843836668626,0.3589457610492546,0.14022516539960408,0.22723933604743432,0.9989946489355517
synth20,hard,gauss,3004,20,64,0.17953299813563006,0.383391109765018,0.15107417343523116,0.964750540509533,0.2501014458437023,0.10152308379806484,density,density|alpha=0.8,0.1672160596202743,0.3575501811929278,0.14064519934375003,0.22830946090831675,0.9974303314087363
synth20,hard,gauss,3004,20,64,0.17953299813563006,0.383391109765018,0.15107417343523116,0.964750540509533,0.2501014458437023,0.10152308379806484,density,density|alpha=1.0,0.16676161658427294,0.3586156598367221,0.13997857350914472,0.2290600906183454,0.9959906880403465
synth20,hard,gauss,3003,20,64,0.16493191928670678,0.3215138265893629,0.14148288976538345,0.946140282538485,0.045514145060650144,0.09541003638970649,uniform,uniform,0.15662815627372118,0.30041167086337894,0.13509575871660368,0.2384529813394816,1.0
synth20,hard,gauss,3003,20,64,0.16493191928670678,0.3215138265893629,0.14148288976538345,0.946140282538485,0.045514145060650144,0.09541003638970649,weakspot,"weakspot|alpha=0.2,q=0.03",0.15603182615728248,0.2970704699956235,0.13491048857758262,0.23572754399676704,0.998026188284021
synth20,hard,gauss,3003,20,64,0.16493191928670678,0.3215138265893629,0.14148288976538345,0.946140282538485,0.045514145060650144,0.09541003638970649,weakspot,"weakspot|alpha=0.2,q=0.1",0.15643796930051596,0.3007519473258216,0.13482613183251246,0.23826061102492616,0.9987214868254448
synth20,hard,gauss,3003,20,64,0.16493191928670678,0.3215138265893629,0.14148288976538345,0.946140282538485,0.045514145060650144,0.09541003638970649,weakspot,"weakspot|alpha=0.2,q=0.3",0.1556807644768386,0.2971171431552474,0.13449986384693027,0.23691465502466955,0.9991858008633828
synth20,hard,gauss,3003,20,64,0.16493191928670678,0.3215138265893629,0.14148288976538345,0.946140282538485,0.045514145060650144,0.09541003638970649,weakspot,"weakspot|alpha=0.5,q=0.03",0.15518705430780472,0.2967658944407635,0.13398481926633543,0.23353193865410266,0.987790200958224
synth20,hard,gauss,3003,20,64,0.16493191928670678,0.3215138265893629,0.14148288976538345,0.946140282538485,0.045514145060650144,0.09541003638970649,weakspot,"weakspot|alpha=0.5,q=0.1",0.15601161554450804,0.29935042363154835,0.13454581531072018,0.23585714427538393,0.9920625702288371
synth20,hard,gauss,3003,20,64,0.16493191928670678,0.3215138265893629,0.14148288976538345,0.946140282538485,0.045514145060650144,0.09541003638970649,weakspot,"weakspot|alpha=0.5,q=0.3",0.15591189746683062,0.29809982453821726,0.13461844819859475,0.23645681108406563,0.9949329148818676
synth20,hard,gauss,3003,20,64,0.16493191928670678,0.3215138265893629,0.14148288976538345,0.946140282538485,0.045514145060650144,0.09541003638970649,weakspot,"weakspot|alpha=0.8,q=0.03",0.15449473331197536,0.296769715068594,0.13318824711042365,0.23198632024064775,0.9693271490333462
synth20,hard,gauss,3003,20,64,0.16493191928670678,0.3215138265893629,0.14148288976538345,0.946140282538485,0.045514145060650144,0.09541003638970649,weakspot,"weakspot|alpha=0.8,q=0.1",0.15562139231075697,0.2979369541830425,0.13430882900651414,0.23272043350356864,0.9799287103311969
synth20,hard,gauss,3003,20,64,0.16493191928670678,0.3215138265893629,0.14148288976538345,0.946140282538485,0.045514145060650144,0.09541003638970649,weakspot,"weakspot|alpha=0.8,q=0.3",0.15524093136647815,0.2981881994009709,0.13383376647830028,0.23520657436534734,0.9871299950182933
synth20,hard,gauss,3003,20,64,0.16493191928670678,0.3215138265893629,0.14148288976538345,0.946140282538485,0.045514145060650144,0.09541003638970649,weakspot,"weakspot|alpha=1.0,q=0.03",0.15674648485976891,0.2988019251990134,0.13547287623178778,0.23399284292592384,0.9528865414172718
synth20,hard,gauss,3003,20,64,0.16493191928670678,0.3215138265893629,0.14148288976538345,0.946140282538485,0.045514145060650144,0.09541003638970649,weakspot,"weakspot|alpha=1.0,q=0.1",0.15522855895704987,0.2970752068574029,0.13398621818209042,0.2328633611831639,0.9689887302427859
synth20,hard,gauss,3003,20,64,0.16493191928670678,0.3215138265893629,0.14148288976538345,0.946140282538485,0.045514145060650144,0.09541003638970649,weakspot,"weakspot|alpha=1.0,q=0.3",0.15610506747016573,0.29915532191671457,0.13468247978213702,0.23325156580272086,0.9800351503057843
synth20,hard,gauss,3003,20,64,0.16493191928670678,0.3215138265893629,0.14148288976538345,0.946140282538485,0.045514145060650144,0.09541003638970649,weakspot_emb,"weakspot_emb|alpha=0.2,q=0.03",0.15590821421994203,0.2979214182142971,0.13464093072438038,0.2391361395796451,0.9948124190783554
synth20,hard,gauss,3003,20,64,0.16493191928670678,0.3215138265893629,0.14148288976538345,0.946140282538485,0.045514145060650144,0.09541003638970649,weakspot_emb,"weakspot_emb|alpha=0.2,q=0.1",0.15597168013096183,0.2962756584884008,0.13496036287766328,0.23471474619313556,0.9969137388142871
synth20,hard,gauss,3003,20,64,0.16493191928670678,0.3215138265893629,0.14148288976538345,0.946140282538485,0.045514145060650144,0.09541003638970649,weakspot_emb,"weakspot_emb|alpha=0.2,q=0.3",0.15666465929511897,0.2986948030627121,0.13539483897234922,0.2382623136740292,0.9981718850897231
synth20,hard,gauss,3003,20,64,0.16493191928670678,0.3215138265893629,0.14148288976538345,0.946140282538485,0.045514145060650144,0.09541003638970649,weakspot_emb,"weakspot_emb|alpha=0.5,q=0.03",0.15710459471437324,0.30306765792279533,0.13524579737847559,0.24071647784817923,0.9684372250965683
synth20,hard,gauss,3003,20,64,0.16493191928670678,0.3215138265893629,0.14148288976538345,0.946140282538485,0.045514145060650144,0.09541003638970649,weakspot_emb,"weakspot_emb|alpha=0.5,q=0.1",0.15550524920172007,0.299204889593048,0.1339854122819495,0.2370292908084636,0.9810184236269157
synth20,hard,gauss,3003,20,64,0.16493191928670678,0.3215138265893629,0.14148288976538345,0.946140282538485,0.045514145060650144,0.09541003638970649,weakspot_emb,"weakspot_emb|alpha=0.5,q=0.3",0.155797980146073,0.300285236155677,0.1341601933162358,0.23742970166764438,0.9886828988578004
synth20,hard,gauss,3003,20,64,0.16493191928670678,0.3215138265893629,0.14148288976538345,0.946140282538485,0.045514145060650144,0.09541003638970649,weakspot_emb,"weakspot_emb|alpha=0.8,q=0.03",0.15812070780607354,0.30652798958128014,0.13589587486416993,0.24421215844457578,0.9229910570985599
synth20,hard,gauss,3003,20,64,0.16493191928670678,0.3215138265893629,0.14148288976538345,0.946140282538485,0.045514145060650144,0.09541003638970649,weakspot_emb,"weakspot_emb|alpha=0.8,q=0.1",0.1569691336715322,0.30368594619296013,0.1349974580970384,0.2395912541761444,0.9528046774123384
synth20,hard,gauss,3003,20,64,0.16493191928670678,0.3215138265893629,0.14148288976538345,0.946140282538485,0.045514145060650144,0.09541003638970649,weakspot_emb,"weakspot_emb|alpha=0.8,q=0.3",0.15625084473621584,0.298927538787893,0.1348841998379911,0.23769352969520235,0.9715308350105748
synth20,hard,gauss,3003,20,64,0.16493191928670678,0.3215138265893629,0.14148288976538345,0.946140282538485,0.045514145060650144,0.09541003638970649,weakspot_emb,"weakspot_emb|alpha=1.0,q=0.03",0.1587692662164892,0.3106146596689397,0.13602955653303797,0.24521892463102674,0.8846693650020077
synth20,hard,gauss,3003,20,64,0.16493191928670678,0.3215138265893629,0.14148288976538345,0.946140282538485,0.045514145060650144,0.09541003638970649,weakspot_emb,"weakspot_emb|alpha=1.0,q=0.1",0.15751994149225906,0.3062156789968309,0.1352519106673433,0.24330257438185762,0.9281643558073219
synth20,hard,gauss,3003,20,64,0.16493191928670678,0.3215138265893629,0.14148288976538345,0.946140282538485,0.045514145060650144,0.09541003638970649,weakspot_emb,"weakspot_emb|alpha=1.0,q=0.3",0.15633471227542417,0.3040678992986829,0.13421082884940583,0.2421118197865189,0.9562180497101018
synth20,hard,gauss,3003,20,64,0.16493191928670678,0.3215138265893629,0.14148288976538345,0.946140282538485,0.045514145060650144,0.09541003638970649,loss,loss|alpha=0.2,0.15839407762658725,0.30276121497306185,0.13677427924845756,0.2397122529115997,0.9741964025378111
synth20,hard,gauss,3003,20,64,0.16493191928670678,0.3215138265893629,0.14148288976538345,0.946140282538485,0.045514145060650144,0.09541003638970649,loss,loss|alpha=0.5,0.15899897522173584,0.3150228209688142,0.13563351858643036,0.2433022242777521,0.8579683811410077
synth20,hard,gauss,3003,20,64,0.16493191928670678,0.3215138265893629,0.14148288976538345,0.946140282538485,0.045514145060650144,0.09541003638970649,loss,loss|alpha=0.8,0.16505085040648573,0.30896411411863556,0.14349902218169985,0.24752663332162655,0.7023493168068875
synth20,hard,gauss,3003,20,64,0.16493191928670678,0.3215138265893629,0.14148288976538345,0.946140282538485,0.045514145060650144,0.09541003638970649,loss,loss|alpha=1.0,0.17041492064971323,0.3178687171873067,0.14833287753500035,0.24635611985350778,0.6016208369199012
synth20,hard,gauss,3003,20,64,0.16493191928670678,0.3215138265893629,0.14148288976538345,0.946140282538485,0.045514145060650144,0.09541003638970649,smoothed_loss,smoothed_loss|alpha=0.2,0.15689967132720473,0.3001960202385521,0.13544022959601418,0.23896899095721552,0.9967642898302423
synth20,hard,gauss,3003,20,64,0.16493191928670678,0.3215138265893629,0.14148288976538345,0.946140282538485,0.045514145060650144,0.09541003638970649,smoothed_loss,smoothed_loss|alpha=0.5,0.15669988566479062,0.30026722064753897,0.13519986223104186,0.23940107267775457,0.9801146140039236
synth20,hard,gauss,3003,20,64,0.16493191928670678,0.3215138265893629,0.14148288976538345,0.946140282538485,0.045514145060650144,0.09541003638970649,smoothed_loss,smoothed_loss|alpha=0.8,0.15694480092378954,0.30333232039250935,0.13502243885330864,0.2404870714814949,0.950625081187847
synth20,hard,gauss,3003,20,64,0.16493191928670678,0.3215138265893629,0.14148288976538345,0.946140282538485,0.045514145060650144,0.09541003638970649,smoothed_loss,smoothed_loss|alpha=1.0,0.15948440036214315,0.30337010745249277,0.13793669889790855,0.2395554611423853,0.924936458506204
synth20,hard,gauss,3003,20,64,0.16493191928670678,0.3215138265893629,0.14148288976538345,0.946140282538485,0.045514145060650144,0.09541003638970649,jtt,"jtt|q=0.1,lam=2",0.1603869018455456,0.30763189316247674,0.1383361284979971,0.24184611414415344,0.9307692307692305
synth20,hard,gauss,3003,20,64,0.16493191928670678,0.3215138265893629,0.14148288976538345,0.946140282538485,0.045514145060650144,0.09541003638970649,jtt,"jtt|q=0.1,lam=5",0.1643449762783559,0.3080711935478924,0.14282115932019876,0.23248059702029408,0.576470588235294
synth20,hard,gauss,3003,20,64,0.16493191928670678,0.3215138265893629,0.14148288976538345,0.946140282538485,0.045514145060650144,0.09541003638970649,jtt,"jtt|q=0.1,lam=10",0.17335057661807413,0.3109359315349826,0.1527463886583991,0.2360351387060696,0.3311926605504588
synth20,hard,gauss,3003,20,64,0.16493191928670678,0.3215138265893629,0.14148288976538345,0.946140282538485,0.045514145060650144,0.09541003638970649,jtt,"jtt|q=0.1,lam=20",0.18831396496445538,0.3145147498217766,0.16941468100048174,0.2418437322546474,0.20562347188264063
synth20,hard,gauss,3003,20,64,0.16493191928670678,0.3215138265893629,0.14148288976538345,0.946140282538485,0.045514145060650144,0.09541003638970649,jtt,"jtt|q=0.2,lam=2",0.16148626571991737,0.29978622699658974,0.14077506140110554,0.2343022927175383,0.9
synth20,hard,gauss,3003,20,64,0.16493191928670678,0.3215138265893629,0.14148288976538345,0.946140282538485,0.045514145060650144,0.09541003638970649,jtt,"jtt|q=0.2,lam=5",0.1663179644133531,0.3081009464434955,0.1450851579638836,0.23289437120801593,0.5586206896551724
synth20,hard,gauss,3003,20,64,0.16493191928670678,0.3215138265893629,0.14148288976538345,0.946140282538485,0.045514145060650144,0.09541003638970649,jtt,"jtt|q=0.2,lam=10",0.18407850382578464,0.32690210440959755,0.16268985884039616,0.25233433466640476,0.3769230769230769
synth20,hard,gauss,3003,20,64,0.16493191928670678,0.3215138265893629,0.14148288976538345,0.946140282538485,0.045514145060650144,0.09541003638970649,jtt,"jtt|q=0.2,lam=20",0.1942921452527681,0.3534980777144569,0.17045015306750227,0.26588688505084535,0.2851485148514851
synth20,hard,gauss,3003,20,64,0.16493191928670678,0.3215138265893629,0.14148288976538345,0.946140282538485,0.045514145060650144,0.09541003638970649,density,density|alpha=0.2,0.15753479775893617,0.3009358990649424,0.1360596687619746,0.23862842876523727,0.999837562289396
synth20,hard,gauss,3003,20,64,0.16493191928670678,0.3215138265893629,0.14148288976538345,0.946140282538485,0.045514145060650144,0.09541003638970649,density,density|alpha=0.5,0.15696956827561592,0.2989155624258498,0.13571234983575625,0.2371553192124114,0.9989856293619576
synth20,hard,gauss,3003,20,64,0.16493191928670678,0.3215138265893629,0.14148288976538345,0.946140282538485,0.045514145060650144,0.09541003638970649,density,density|alpha=0.8,0.157699227413994,0.30301644401493266,0.13593714927398565,0.24022724600421813,0.997407313880302
synth20,hard,gauss,3003,20,64,0.16493191928670678,0.3215138265893629,0.14148288976538345,0.946140282538485,0.045514145060650144,0.09541003638970649,density,density|alpha=1.0,0.15691611625328766,0.30066704284147705,0.1353885989343895,0.23937864294497502,0.9959548273608827
synth20,hard,gauss,3002,20,64,0.15346154632263848,0.3163363327876708,0.13224502285262432,0.941915572904426,0.18986685450151525,0.024549781890604666,uniform,uniform,0.14447653759372736,0.3021384111372479,0.12393906268455446,0.21949902279468336,1.0
synth20,hard,gauss,3002,20,64,0.15346154632263848,0.3163363327876708,0.13224502285262432,0.941915572904426,0.18986685450151525,0.024549781890604666,weakspot,"weakspot|alpha=0.2,q=0.03",0.14423223262951534,0.3009936496953161,0.12381205368988996,0.22002930779741878,0.9980417503969055
synth20,hard,gauss,3002,20,64,0.15346154632263848,0.3163363327876708,0.13224502285262432,0.941915572904426,0.18986685450151525,0.024549781890604666,weakspot,"weakspot|alpha=0.2,q=0.1",0.14482871065853659,0.3022024386120248,0.12432877039672305,0.22032952490189892,0.9986738364734412
synth20,hard,gauss,3002,20,64,0.15346154632263848,0.3163363327876708,0.13224502285262432,0.941915572904426,0.18986685450151525,0.024549781890604666,weakspot,"weakspot|alpha=0.2,q=0.3",0.14516473697685053,0.3025592315603049,0.12466209159595977,0.21968715830133245,0.9991690783229674
synth20,hard,gauss,3002,20,64,0.15346154632263848,0.3163363327876708,0.13224502285262432,0.941915572904426,0.18986685450151525,0.024549781890604666,weakspot,"weakspot|alpha=0.5,q=0.03",0.1442042968496604,0.3037811799145793,0.12341736746482641,0.22310420858052432,0.9878854869921786
synth20,hard,gauss,3002,20,64,0.15346154632263848,0.3163363327876708,0.13224502285262432,0.941915572904426,0.18986685450151525,0.024549781890604666,weakspot,"weakspot|alpha=0.5,q=0.1",0.143908811696775,0.3000126142814328,0.12357429545164154,0.21915022239336948,0.9917687866175852
synth20,hard,gauss,3002,20,64,0.15346154632263848,0.3163363327876708,0.13224502285262432,0.941915572904426,0.18986685450151525,0.024549781890604666,weakspot,"weakspot|alpha=0.5,q=0.3",0.14408207866528422,0.30002257680227595,0.12376883491248591,0.2200937644519626,0.9948292958817685
synth20,hard,gauss,3002,20,64,0.15346154632263848,0.3163363327876708,0.13224502285262432,0.941915572904426,0.18986685450151525,0.024549781890604666,weakspot,"weakspot|alpha=0.8,q=0.03",0.14463246139137123,0.3014324884257397,0.12420725300966907,0.22084778236006153,0.9695620819641799
synth20,hard,gauss,3002,20,64,0.15346154632263848,0.3163363327876708,0.13224502285262432,0.941915572904426,0.18986685450151525,0.024549781890604666,weakspot,"weakspot|alpha=0.8,q=0.1",0.1440158596628928,0.29982465880255404,0.12371977138841303,0.21992612084467106,0.9791952412583906
synth20,hard,gauss,3002,20,64,0.15346154632263848,0.3163363327876708,0.13224502285262432,0.941915572904426,0.18986685450151525,0.024549781890604666,weakspot,"weakspot|alpha=0.8,q=0.3",0.14367035826674948,0.30095701012652143,0.12318176077950595,0.22055494523808022,0.9868689166939106
synth20,hard,gauss,3002,20,64,0.15346154632263848,0.3163363327876708,0.13224502285262432,0.941915572904426,0.18986685450151525,0.024549781890604666,weakspot,"weakspot|alpha=1.0,q=0.03",0.14498937621850155,0.30293246281182135,0.12441526971397475,0.2189144575402264,0.9532413237439137
synth20,hard,gauss,3002,20,64,0.15346154632263848,0.3163363327876708,0.13224502285262432,0.941915572904426,0.18986685450151525,0.024549781890604666,weakspot,"weakspot|alpha=1.0,q=0.1",0.14510446361517365,0.2999575507168732,0.12493286905346596,0.22082750171968804,0.9678685879957958
synth20,hard,gauss,3002,20,64,0.15346154632263848,0.3163363327876708,0.13224502285262432,0.941915572904426,0.18986685450151525,0.024549781890604666,weakspot,"weakspot|alpha=1.0,q=0.3",0.14438865489077507,0.29955695048920006,0.12417600039208221,0.21980480931025595,0.9796331169059441
synth20,hard,gauss,3002,20,64,0.15346154632263848,0.3163363327876708,0.13224502285262432,0.941915572904426,0.18986685450151525,0.024549781890604666,weakspot_emb,"weakspot_emb|alpha=0.2,q=0.03",0.14371382977978367,0.29448787158109346,0.1240735830235238,0.21831834160270824,0.9898501698082017
synth20,hard,gauss,3002,20,64,0.15346154632263848,0.3163363327876708,0.13224502285262432,0.941915572904426,0.18986685450151525,0.024549781890604666,weakspot_emb,"weakspot_emb|alpha=0.2,q=0.1",0.14456439356906703,0.2988115904320779,0.1244717239579204,0.2185462247519257,0.9946262654613918
synth20,hard,gauss,3002,20,64,0.15346154632263848,0.3163363327876708,0.13224502285262432,0.941915572904426,0.18986685450151525,0.024549781890604666,weakspot_emb,"weakspot_emb|alpha=0.2,q=0.3",0.14507317513141726,0.30054481028286256,0.12482100677741434,0.2173653699550369,0.9975602433123517
synth20,hard,gauss,3002,20,64,0.15346154632263848,0.3163363327876708,0.13224502285262432,0.941915572904426,0.18986685450151525,0.024549781890604666,weakspot_emb,"weakspot_emb|alpha=0.5,q=0.03",0.1445986405849566,0.2970410143018935,0.12474107226523126,0.21855595547143022,0.9397728612645505
synth20,hard,gauss,3002,20,64,0.15346154632263848,0.3163363327876708,0.13224502285262432,0.941915572904426,0.18986685450151525,0.024549781890604666,weakspot_emb,"weakspot_emb|alpha=0.5,q=0.1",0.14444802341946889,0.3003471570995457,0.12414016791607375,0.2187729073638039,0.9673356881721096
synth20,hard,gauss,3002,20,64,0.15346154632263848,0.3163363327876708,0.13224502285262432,0.941915572904426,0.18986685450151525,0.024549781890604666,weakspot_emb,"weakspot_emb|alpha=0.5,q=0.3",0.14431102487467967,0.29709126266558655,0.12440944543935667,0.21714421681444962,0.9849443641653254
synth20,hard,gauss,3002,20,64,0.15346154632263848,0.3163363327876708,0.13224502285262432,0.941915572904426,0.18986685450151525,0.024549781890604666,weakspot_emb,"weakspot_emb|alpha=0.8,q=0.03",0.14742491048247916,0.2988925317457327,0.12769431613312626,0.22461962968842827,0.8590604104497768
synth20,hard,gauss,3002,20,64,0.15346154632263848,0.3163363327876708,0.13224502285262432,0.941915572904426,0.18986685450151525,0.024549781890604666,weakspot_emb,"weakspot_emb|alpha=0.8,q=0.1",0.14408488260606042,0.297412045421023,0.1241120591933174,0.21843780336282342,0.920433764777134
synth20,hard,gauss,3002,20,64,0.15346154632263848,0.3163363327876708,0.13224502285262432,0.941915572904426,0.18986685450151525,0.024549781890604666,weakspot_emb,"weakspot_emb|alpha=0.8,q=0.3",0.1432987027292587,0.29477395629645364,0.12356711417473007,0.21675687492676726,0.9623420370035867
synth20,hard,gauss,3002,20,64,0.15346154632263848,0.3163363327876708,0.13224502285262432,0.941915572904426,0.18986685450151525,0.024549781890604666,weakspot_emb,"weakspot_emb|alpha=1.0,q=0.03",0.1485706466242748,0.29472431761880885,0.12953226224211029,0.22813485590793514,0.7959580360671196
synth20,hard,gauss,3002,20,64,0.15346154632263848,0.3163363327876708,0.13224502285262432,0.941915572904426,0.18986685450151525,0.024549781890604666,weakspot_emb,"weakspot_emb|alpha=1.0,q=0.1",0.14635292084600796,0.30323552081762944,0.12591695628344293,0.22319962234159313,0.881003562874467
synth20,hard,gauss,3002,20,64,0.15346154632263848,0.3163363327876708,0.13224502285262432,0.941915572904426,0.18986685450151525,0.024549781890604666,weakspot_emb,"weakspot_emb|alpha=1.0,q=0.3",0.14328517722461617,0.2984146989293923,0.12307757352133789,0.21928070578799697,0.9423799750008195
synth20,hard,gauss,3002,20,64,0.15346154632263848,0.3163363327876708,0.13224502285262432,0.941915572904426,0.18986685450151525,0.024549781890604666,loss,loss|alpha=0.2,0.1467560002671321,0.3102267189330862,0.12546184900830057,0.22225596992597726,0.9745219496113676
synth20,hard,gauss,3002,20,64,0.15346154632263848,0.3163363327876708,0.13224502285262432,0.941915572904426,0.18986685450151525,0.024549781890604666,loss,loss|alpha=0.5,0.15403365082773351,0.31129919541803835,0.13354780283221768,0.23357002808350663,0.8595488921821862
synth20,hard,gauss,3002,20,64,0.15346154632263848,0.3163363327876708,0.13224502285262432,0.941915572904426,0.18986685450151525,0.024549781890604666,loss,loss|alpha=0.8,0.16770092831369135,0.324728862685282,0.14724603208727055,0.24667905395941125,0.7050662485088732
synth20,hard,gauss,3002,20,64,0.15346154632263848,0.3163363327876708,0.13224502285262432,0.941915572904426,0.18986685450151525,0.024549781890604666,loss,loss|alpha=1.0,0.1625201433116232,0.32488928837297215,0.1413694860996193,0.24726235844242514,0.6047397772242535
synth20,hard,gauss,3002,20,64,0.15346154632263848,0.3163363327876708,0.13224502285262432,0.941915572904426,0.18986685450151525,0.024549781890604666,smoothed_loss,smoothed_loss|alpha=0.2,0.14573104355734837,0.30339872592177275,0.12519281197498056,0.22045312658257848,0.9968028207093113
synth20,hard,gauss,3002,20,64,0.15346154632263848,0.3163363327876708,0.13224502285262432,0.941915572904426,0.18986685450151525,0.024549781890604666,smoothed_loss,smoothed_loss|alpha=0.5,0.14545663522055188,0.3001991953341073,0.12529943821225883,0.22148481127898126,0.9803475003980675
synth20,hard,gauss,3002,20,64,0.15346154632263848,0.3163363327876708,0.13224502285262432,0.941915572904426,0.18986685450151525,0.024549781890604666,smoothed_loss,smoothed_loss|alpha=0.8,0.14780256044115858,0.30136056049061627,0.12779966752711508,0.22235325366834055,0.9511861316822388
synth20,hard,gauss,3002,20,64,0.15346154632263848,0.3163363327876708,0.13224502285262432,0.941915572904426,0.18986685450151525,0.024549781890604666,smoothed_loss,smoothed_loss|alpha=1.0,0.1489973019794997,0.30100894220846647,0.129195842203983,0.22436176481829442,0.9257666162273933
synth20,hard,gauss,3002,20,64,0.15346154632263848,0.3163363327876708,0.13224502285262432,0.941915572904426,0.18986685450151525,0.024549781890604666,jtt,"jtt|q=0.1,lam=2",0.1571582611904268,0.30562998469582625,0.13781792082987604,0.22948625804110442,0.9307692307692305
synth20,hard,gauss,3002,20,64,0.15346154632263848,0.3163363327876708,0.13224502285262432,0.941915572904426,0.18986685450151525,0.024549781890604666,jtt,"jtt|q=0.1,lam=5",0.1594220122399129,0.30829322766355105,0.1400296329490688,0.2312452520520964,0.5764705882352941
synth20,hard,gauss,3002,20,64,0.15346154632263848,0.3163363327876708,0.13224502285262432,0.941915572904426,0.18986685450151525,0.024549781890604666,jtt,"jtt|q=0.1,lam=10",0.1690610198850904,0.3335521745700976,0.14763394378738243,0.25695172759395435,0.3311926605504588
synth20,hard,gauss,3002,20,64,0.15346154632263848,0.3163363327876708,0.13224502285262432,0.941915572904426,0.18986685450151525,0.024549781890604666,jtt,"jtt|q=0.1,lam=20",0.18453702831588759,0.3369938540199081,0.1646775774400601,0.2717849829230539,0.20562347188264063
synth20,hard,gauss,3002,20,64,0.15346154632263848,0.3163363327876708,0.13224502285262432,0.941915572904426,0.18986685450151525,0.024549781890604666,jtt,"jtt|q=0.2,lam=2",0.1568165168691088,0.31178973832541534,0.13662927327166394,0.23098639077407113,0.9
synth20,hard,gauss,3002,20,64,0.15346154632263848,0.3163363327876708,0.13224502285262432,0.941915572904426,0.18986685450151525,0.024549781890604666,jtt,"jtt|q=0.2,lam=5",0.16600423167253392,0.3172631531747544,0.14630082313551118,0.23884790747424448,0.5586206896551722
synth20,hard,gauss,3002,20,64,0.15346154632263848,0.3163363327876708,0.13224502285262432,0.941915572904426,0.18986685450151525,0.024549781890604666,jtt,"jtt|q=0.2,lam=10",0.17671833611754773,0.33269184706965726,0.15640079202347526,0.2536371931947108,0.3769230769230771
synth20,hard,gauss,3002,20,64,0.15346154632263848,0.3163363327876708,0.13224502285262432,0.941915572904426,0.18986685450151525,0.024549781890604666,jtt,"jtt|q=0.2,lam=20",0.18633109193605724,0.3450225638087708,0.16565949867996202,0.2633977962265364,0.285148514851485
synth20,hard,gauss,3002,20,64,0.15346154632263848,0.3163363327876708,0.13224502285262432,0.941915572904426,0.18986685450151525,0.024549781890604666,density,density|alpha=0.2,0.145320235114728,0.30353137381537143,0.12471121139588183,0.22013990416877077,0.9998427484341389
synth20,hard,gauss,3002,20,64,0.15346154632263848,0.3163363327876708,0.13224502285262432,0.941915572904426,0.18986685450151525,0.024549781890604666,density,density|alpha=0.5,0.14503768792127184,0.3023042523851451,0.12455170707418352,0.22023780618886782,0.9990179884333652
synth20,hard,gauss,3002,20,64,0.15346154632263848,0.3163363327876708,0.13224502285262432,0.941915572904426,0.18986685450151525,0.024549781890604666,density,density|alpha=0.8,0.14553635282809996,0.3047402692914438,0.12479800711190847,0.2210809346649274,0.997489895713665
synth20,hard,gauss,3002,20,64,0.15346154632263848,0.3163363327876708,0.13224502285262432,0.941915572904426,0.18986685450151525,0.024549781890604666,density,density|alpha=1.0,0.14537189305199683,0.30314214730314454,0.12482030016988917,0.2195060996618534,0.996083491902219
synth20,hard,gauss,3001,20,64,0.16748826303914455,0.33846437198519086,0.14131694166400746,0.936695766059288,0.28175227043847,0.06147471118699645,uniform,uniform,0.15293627875505852,0.29104491960774787,0.13179598233165754,0.18770047401853568,1.0
synth20,hard,gauss,3001,20,64,0.16748826303914455,0.33846437198519086,0.14131694166400746,0.936695766059288,0.28175227043847,0.06147471118699645,weakspot,"weakspot|alpha=0.2,q=0.03",0.1555268372497291,0.29410317935069535,0.1343149497733344,0.1912452000142049,0.9981438148732262
synth20,hard,gauss,3001,20,64,0.16748826303914455,0.33846437198519086,0.14131694166400746,0.936695766059288,0.28175227043847,0.06147471118699645,weakspot,"weakspot|alpha=0.2,q=0.1",0.1548671030634099,0.2919372175883786,0.13388577391588657,0.18707085958096864,0.9987468958484769
synth20,hard,gauss,3001,20,64,0.16748826303914455,0.33846437198519086,0.14131694166400746,0.936695766059288,0.28175227043847,0.06147471118699645,weakspot,"weakspot|alpha=0.2,q=0.3",0.1539370629137872,0.29161485151007216,0.13286271706638816,0.18853282408813993,0.999197660472702
synth20,hard,gauss,3001,20,64,0.16748826303914455,0.33846437198519086,0.14131694166400746,0.936695766059288,0.28175227043847,0.06147471118699645,weakspot,"weakspot|alpha=0.5,q=0.03",0.1556091812244854,0.2920232775067734,0.13472826882151764,0.18751729343177534,0.9885108048418135
synth20,hard,gauss,3001,20,64,0.16748826303914455,0.33846437198519086,0.14131694166400746,0.936695766059288,0.28175227043847,0.06147471118699645,weakspot,"weakspot|alpha=0.5,q=0.1",0.15451155655199067,0.29071309386840016,0.13366318056034654,0.1868936799234092,0.9922192867841526
synth20,hard,gauss,3001,20,64,0.16748826303914455,0.33846437198519086,0.14131694166400746,0.936695766059288,0.28175227043847,0.06147471118699645,weakspot,"weakspot|alpha=0.5,q=0.3",0.15225763399049366,0.28879668777029444,0.13135759433725813,0.1851226125788913,0.995006412356324
synth20,hard,gauss,3001,20,64,0.16748826303914455,0.33846437198519086,0.14131694166400746,0.936695766059288,0.28175227043847,0.06147471118699645,weakspot,"weakspot|alpha=0.8,q=0.03",0.15464204515869107,0.2854383091111182,0.13462105462575974,0.18655796514803705,0.9711055399757685
synth20,hard,gauss,3001,20,64,0.16748826303914455,0.33846437198519086,0.14131694166400746,0.936695766059288,0.28175227043847,0.06147471118699645,weakspot,"weakspot|alpha=0.8,q=0.1",0.1579266422629301,0.28911860531551414,0.13784508204934634,0.19016138778344419,0.9803202453101746
synth20,hard,gauss,3001,20,64,0.16748826303914455,0.33846437198519086,0.14131694166400746,0.936695766059288,0.28175227043847,0.06147471118699645,weakspot,"weakspot|alpha=0.8,q=0.3",0.15415894792746634,0.2905509762101123,0.13328141347428535,0.18667936308604938,0.9873152299493307
synth20,hard,gauss,3001,20,64,0.16748826303914455,0.33846437198519086,0.14131694166400746,0.936695766059288,0.28175227043847,0.06147471118699645,weakspot,"weakspot|alpha=1.0,q=0.03",0.15472190899795416,0.28771433124705975,0.13436475240692647,0.18775404744869853,0.9555744604489825
synth20,hard,gauss,3001,20,64,0.16748826303914455,0.33846437198519086,0.14131694166400746,0.936695766059288,0.28175227043847,0.06147471118699645,weakspot,"weakspot|alpha=1.0,q=0.1",0.1569550540412016,0.2886906409481373,0.1367902812975917,0.18754942864436386,0.9695870504520525
synth20,hard,gauss,3001,20,64,0.16748826303914455,0.33846437198519086,0.14131694166400746,0.936695766059288,0.28175227043847,0.06147471118699645,weakspot,"weakspot|alpha=1.0,q=0.3",0.1550031219876878,0.29002319388310066,0.13433559296593392,0.18793856545064053,0.9803204638903474
synth20,hard,gauss,3001,20,64,0.16748826303914455,0.33846437198519086,0.14131694166400746,0.936695766059288,0.28175227043847,0.06147471118699645,weakspot_emb,"weakspot_emb|alpha=0.2,q=0.03",0.15472707464846805,0.29297242517598937,0.13356585206844102,0.18962148959262792,0.9982406478276976
synth20,hard,gauss,3001,20,64,0.16748826303914455,0.33846437198519086,0.14131694166400746,0.936695766059288,0.28175227043847,0.06147471118699645,weakspot_emb,"weakspot_emb|alpha=0.2,q=0.1",0.15403748815288038,0.29295291467507284,0.13277369700751163,0.19010706755264792,0.9987065043918333
synth20,hard,gauss,3001,20,64,0.16748826303914455,0.33846437198519086,0.14131694166400746,0.936695766059288,0.28175227043847,0.06147471118699645,weakspot_emb,"weakspot_emb|alpha=0.2,q=0.3",0.15462941477744085,0.29302859005745446,0.13344464623501154,0.1898694577777344,0.9991104505304995
synth20,hard,gauss,3001,20,64,0.16748826303914455,0.33846437198519086,0.14131694166400746,0.936695766059288,0.28175227043847,0.06147471118699645,weakspot_emb,"weakspot_emb|alpha=0.5,q=0.03",0.15552913791746276,0.29502247093762585,0.13417688659612906,0.18872089532457761,0.9891046845815697
synth20,hard,gauss,3001,20,64,0.16748826303914455,0.33846437198519086,0.14131694166400746,0.936695766059288,0.28175227043847,0.06147471118699645,weakspot_emb,"weakspot_emb|alpha=0.5,q=0.1",0.15606688297948984,0.2964814203495156,0.1345736228631786,0.18897427665343436,0.9919701817557837
synth20,hard,gauss,3001,20,64,0.16748826303914455,0.33846437198519086,0.14131694166400746,0.936695766059288,0.28175227043847,0.06147471118699645,weakspot_emb,"weakspot_emb|alpha=0.5,q=0.3",0.15498957479576672,0.2982902722616613,0.1330545300121432,0.19053735786286183,0.9944661595958006
synth20,hard,gauss,3001,20,64,0.16748826303914455,0.33846437198519086,0.14131694166400746,0.936695766059288,0.28175227043847,0.06147471118699645,weakspot_emb,"weakspot_emb|alpha=0.8,q=0.03",0.15438656867526113,0.2935635562060423,0.13308274037348977,0.1891599436091136,0.9725741414016962
synth20,hard,gauss,3001,20,64,0.16748826303914455,0.33846437198519086,0.14131694166400746,0.936695766059288,0.28175227043847,0.06147471118699645,weakspot_emb,"weakspot_emb|alpha=0.8,q=0.1",0.15601536609788988,0.2910125440815644,0.1353513414483277,0.1874808088183103,0.9796979788963519
synth20,hard,gauss,3001,20,64,0.16748826303914455,0.33846437198519086,0.14131694166400746,0.936695766059288,0.28175227043847,0.06147471118699645,weakspot_emb,"weakspot_emb|alpha=0.8,q=0.3",0.156166559112919,0.29438587461742255,0.13500932171514113,0.1879022545018695,0.985954619400906
synth20,hard,gauss,3001,20,64,0.16748826303914455,0.33846437198519086,0.14131694166400746,0.936695766059288,0.28175227043847,0.06147471118699645,weakspot_emb,"weakspot_emb|alpha=1.0,q=0.03",0.15507154538567902,0.29567847336202807,0.1335488360298297,0.18945959905005347,0.9577981458624911
synth20,hard,gauss,3001,20,64,0.16748826303914455,0.33846437198519086,0.14131694166400746,0.936695766059288,0.28175227043847,0.06147471118699645,weakspot_emb,"weakspot_emb|alpha=1.0,q=0.1",0.15588622561815976,0.29344685560340183,0.13482981324509447,0.1879014279769048,0.96863626236123
synth20,hard,gauss,3001,20,64,0.16748826303914455,0.33846437198519086,0.14131694166400746,0.936695766059288,0.28175227043847,0.06147471118699645,weakspot_emb,"weakspot_emb|alpha=1.0,q=0.3",0.15667628926436697,0.2943296044786433,0.13560568955875132,0.18858683232337684,0.9782261179479697
synth20,hard,gauss,3001,20,64,0.16748826303914455,0.33846437198519086,0.14131694166400746,0.936695766059288,0.28175227043847,0.06147471118699645,loss,loss|alpha=0.2,0.15876145554145069,0.29088049922807074,0.13853798704978298,0.18855526112556908,0.9716584405512017
synth20,hard,gauss,3001,20,64,0.16748826303914455,0.33846437198519086,0.14131694166400746,0.936695766059288,0.28175227043847,0.06147471118699645,loss,loss|alpha=0.5,0.16123798271880796,0.29163335486365166,0.14127835671450928,0.18651664188643544,0.8458079761064814
synth20,hard,gauss,3001,20,64,0.16748826303914455,0.33846437198519086,0.14131694166400746,0.936695766059288,0.28175227043847,0.06147471118699645,loss,loss|alpha=0.8,0.16215611321741646,0.294059490961582,0.14196565672212907,0.20077498950421166,0.6818065342189987
synth20,hard,gauss,3001,20,64,0.16748826303914455,0.33846437198519086,0.14131694166400746,0.936695766059288,0.28175227043847,0.06147471118699645,loss,loss|alpha=1.0,0.17636171877564868,0.30322060873510726,0.15694342227277394,0.2112557704771399,0.5783001598915917
synth20,hard,gauss,3001,20,64,0.16748826303914455,0.33846437198519086,0.14131694166400746,0.936695766059288,0.28175227043847,0.06147471118699645,smoothed_loss,smoothed_loss|alpha=0.2,0.15590513852833568,0.2896623112837118,0.13543092153983619,0.18937713577361215,0.9961046372802738
synth20,hard,gauss,3001,20,64,0.16748826303914455,0.33846437198519086,0.14131694166400746,0.936695766059288,0.28175227043847,0.06147471118699645,smoothed_loss,smoothed_loss|alpha=0.5,0.15439429772993576,0.2867766244771349,0.13413052848728294,0.18881136912832247,0.9761418968215562
synth20,hard,gauss,3001,20,64,0.16748826303914455,0.33846437198519086,0.14131694166400746,0.936695766059288,0.28175227043847,0.06147471118699645,smoothed_loss,smoothed_loss|alpha=0.8,0.15600936103683422,0.2869273039303675,0.13596974510242482,0.190589088640904,0.9411148800021736
synth20,hard,gauss,3001,20,64,0.16748826303914455,0.33846437198519086,0.14131694166400746,0.936695766059288,0.28175227043847,0.06147471118699645,smoothed_loss,smoothed_loss|alpha=1.0,0.15481707409802897,0.28550288642314725,0.13481299040110253,0.18695001560201108,0.9109418620206027
synth20,hard,gauss,3001,20,64,0.16748826303914455,0.33846437198519086,0.14131694166400746,0.936695766059288,0.28175227043847,0.06147471118699645,jtt,"jtt|q=0.1,lam=2",0.16454031950649567,0.28852582417358424,0.1455618522311356,0.1955765829065443,0.9307692307692306
synth20,hard,gauss,3001,20,64,0.16748826303914455,0.33846437198519086,0.14131694166400746,0.936695766059288,0.28175227043847,0.06147471118699645,jtt,"jtt|q=0.1,lam=5",0.17063948911714663,0.31220143557891866,0.14897059503493246,0.20734866507573174,0.5764705882352937
synth20,hard,gauss,3001,20,64,0.16748826303914455,0.33846437198519086,0.14131694166400746,0.936695766059288,0.28175227043847,0.06147471118699645,jtt,"jtt|q=0.1,lam=10",0.19281935158494617,0.3302460442632872,0.17178344100201184,0.2356128529819324,0.3311926605504589
synth20,hard,gauss,3001,20,64,0.16748826303914455,0.33846437198519086,0.14131694166400746,0.936695766059288,0.28175227043847,0.06147471118699645,jtt,"jtt|q=0.1,lam=20",0.19605508527907556,0.34116054940471646,0.17384378477440124,0.2333296553719702,0.20562347188264066
synth20,hard,gauss,3001,20,64,0.16748826303914455,0.33846437198519086,0.14131694166400746,0.936695766059288,0.28175227043847,0.06147471118699645,jtt,"jtt|q=0.2,lam=2",0.15779058735531695,0.2892848307385242,0.1376627570767113,0.18488472081351864,0.8999999999999998
synth20,hard,gauss,3001,20,64,0.16748826303914455,0.33846437198519086,0.14131694166400746,0.936695766059288,0.28175227043847,0.06147471118699645,jtt,"jtt|q=0.2,lam=5",0.17095636940729383,0.31598004731370993,0.1487575879232042,0.20742886955347664,0.5586206896551724
synth20,hard,gauss,3001,20,64,0.16748826303914455,0.33846437198519086,0.14131694166400746,0.936695766059288,0.28175227043847,0.06147471118699645,jtt,"jtt|q=0.2,lam=10",0.18443732916634253,0.33257244109250916,0.16176228032437237,0.2223042878541051,0.3769230769230769
synth20,hard,gauss,3001,20,64,0.16748826303914455,0.33846437198519086,0.14131694166400746,0.936695766059288,0.28175227043847,0.06147471118699645,jtt,"jtt|q=0.2,lam=20",0.19904277078481702,0.3503641368064703,0.17588000187230685,0.24020422099183136,0.2851485148514852
synth20,hard,gauss,3001,20,64,0.16748826303914455,0.33846437198519086,0.14131694166400746,0.936695766059288,0.28175227043847,0.06147471118699645,density,density|alpha=0.2,0.15373067359142845,0.29244539232301986,0.1324976047974028,0.18854157496606072,0.9998416389114054
synth20,hard,gauss,3001,20,64,0.16748826303914455,0.33846437198519086,0.14131694166400746,0.936695766059288,0.28175227043847,0.06147471118699645,density,density|alpha=0.5,0.15466468038888234,0.2916324603464798,0.1336990155986015,0.18882908804718418,0.9990110653922791
synth20,hard,gauss,3001,20,64,0.16748826303914455,0.33846437198519086,0.14131694166400746,0.936695766059288,0.28175227043847,0.06147471118699645,density,density|alpha=0.8,0.15611737389105582,0.2923092747193454,0.13527047295712044,0.18834358798886427,0.9974722270955191
synth20,hard,gauss,3001,20,64,0.16748826303914455,0.33846437198519086,0.14131694166400746,0.936695766059288,0.28175227043847,0.06147471118699645,density,density|alpha=1.0,0.15500421442569481,0.29332080388786125,0.13383208729845053,0.18793564519786352,0.9960559627538961
synth20,hard,gauss,3000,20,64,0.14736131279508785,0.29810726063557325,0.1252334672405212,0.9424687062019748,0.2865886028843465,0.11257774703182896,uniform,uniform,0.13573800795497767,0.25234936906187716,0.11862074393928601,0.19807258638910152,1.0
synth20,hard,gauss,3000,20,64,0.14736131279508785,0.29810726063557325,0.1252334672405212,0.9424687062019748,0.2865886028843465,0.11257774703182896,weakspot,"weakspot|alpha=0.2,q=0.03",0.1354056215057485,0.2474332441099096,0.11896119983908264,0.19857999501054355,0.9979837333519825
synth20,hard,gauss,3000,20,64,0.14736131279508785,0.29810726063557325,0.1252334672405212,0.9424687062019748,0.2865886028843465,0.11257774703182896,weakspot,"weakspot|alpha=0.2,q=0.1",0.13779866008972771,0.255301576795907,0.12055052552735278,0.19900113405004405,0.998683598107038
synth20,hard,gauss,3000,20,64,0.14736131279508785,0.29810726063557325,0.1252334672405212,0.9424687062019748,0.2865886028843465,0.11257774703182896,weakspot,"weakspot|alpha=0.2,q=0.3",0.13573954225698645,0.24868305420353098,0.11916067811804415,0.1964322239821863,0.999156637253191
synth20,hard,gauss,3000,20,64,0.14736131279508785,0.29810726063557325,0.1252334672405212,0.9424687062019748,0.2865886028843465,0.11257774703182896,weakspot,"weakspot|alpha=0.5,q=0.03",0.13625988753660476,0.251749844502166,0.11930723330312787,0.2000786358548882,0.9875303298946044
synth20,hard,gauss,3000,20,64,0.14736131279508785,0.29810726063557325,0.1252334672405212,0.9424687062019748,0.2865886028843465,0.11257774703182896,weakspot,"weakspot|alpha=0.5,q=0.1",0.13660651494098555,0.25035936869804104,0.1199088483344453,0.19912146088152952,0.9918289591307443
synth20,hard,gauss,3000,20,64,0.14736131279508785,0.29810726063557325,0.1252334672405212,0.9424687062019748,0.2865886028843465,0.11257774703182896,weakspot,"weakspot|alpha=0.5,q=0.3",0.13656315968326094,0.25416474669152606,0.11930054140681837,0.19729693472664245,0.9947522181967444
synth20,hard,gauss,3000,20,64,0.14736131279508785,0.29810726063557325,0.1252334672405212,0.9424687062019748,0.2865886028843465,0.11257774703182896,weakspot,"weakspot|alpha=0.8,q=0.03",0.136266625356952,0.24930617489460527,0.1196736639569295,0.19902762053902393,0.9686867709231628
synth20,hard,gauss,3000,20,64,0.14736131279508785,0.29810726063557325,0.1252334672405212,0.9424687062019748,0.2865886028843465,0.11257774703182896,weakspot,"weakspot|alpha=0.8,q=0.1",0.13585279506656786,0.25182530520927693,0.1188293073391977,0.1985703863471974,0.9793454157202739
synth20,hard,gauss,3000,20,64,0.14736131279508785,0.29810726063557325,0.1252334672405212,0.9424687062019748,0.2865886028843465,0.11257774703182896,weakspot,"weakspot|alpha=0.8,q=0.3",0.1356430226443954,0.25108797019374957,0.1186969752977012,0.1965584487346788,0.9866747661385263
synth20,hard,gauss,3000,20,64,0.14736131279508785,0.29810726063557325,0.1252334672405212,0.9424687062019748,0.2865886028843465,0.11257774703182896,weakspot,"weakspot|alpha=1.0,q=0.03",0.13712034860995082,0.250874692956661,0.1204224632012594,0.19845551074176093,0.9519199467851349
synth20,hard,gauss,3000,20,64,0.14736131279508785,0.29810726063557325,0.1252334672405212,0.9424687062019748,0.2865886028843465,0.11257774703182896,weakspot,"weakspot|alpha=1.0,q=0.1",0.13526556281927918,0.24765463488685285,0.1187680843506445,0.19710616117388072,0.9680978576498573
synth20,hard,gauss,3000,20,64,0.14736131279508785,0.29810726063557325,0.1252334672405212,0.9424687062019748,0.2865886028843465,0.11257774703182896,weakspot,"weakspot|alpha=1.0,q=0.3",0.13557143872870364,0.24942097108734113,0.11885958076780273,0.19705271076970773,0.979334221279536
synth20,hard,gauss,3000,20,64,0.14736131279508785,0.29810726063557325,0.1252334672405212,0.9424687062019748,0.2865886028843465,0.11257774703182896,weakspot_emb,"weakspot_emb|alpha=0.2,q=0.03",0.13758250659551494,0.25943893850727073,0.11969532392956911,0.1997726991484582,0.9971078989801493
synth20,hard,gauss,3000,20,64,0.14736131279508785,0.29810726063557325,0.1252334672405212,0.9424687062019748,0.2865886028843465,0.11257774703182896,weakspot_emb,"weakspot_emb|alpha=0.2,q=0.1",0.13560395761875169,0.2534139610057833,0.11831074611239838,0.19612883751402777,0.9981540242116381
synth20,hard,gauss,3000,20,64,0.14736131279508785,0.29810726063557325,0.1252334672405212,0.9424687062019748,0.2865886028843465,0.11257774703182896,weakspot_emb,"weakspot_emb|alpha=0.2,q=0.3",0.13714701886164005,0.25601093538398534,0.11969910450973614,0.19978007957728508,0.9988348312937382
synth20,hard,gauss,3000,20,64,0.14736131279508785,0.29810726063557325,0.1252334672405212,0.9424687062019748,0.2865886028843465,0.11257774703182896,weakspot_emb,"weakspot_emb|alpha=0.5,q=0.03",0.13686873820051704,0.25682918718973724,0.11925986495439302,0.19758002681204623,0.98219471570056
synth20,hard,gauss,3000,20,64,0.14736131279508785,0.29810726063557325,0.1252334672405212,0.9424687062019748,0.2865886028843465,0.11257774703182896,weakspot_emb,"weakspot_emb|alpha=0.5,q=0.1",0.1369159746983854,0.25587523397813844,0.11945406507933908,0.19570354881009394,0.9885733908528408
synth20,hard,gauss,3000,20,64,0.14736131279508785,0.29810726063557325,0.1252334672405212,0.9424687062019748,0.2865886028843465,0.11257774703182896,weakspot_emb,"weakspot_emb|alpha=0.5,q=0.3",0.13897652321227855,0.26117647774113084,0.12103891520804333,0.20030245783261966,0.992761971587918
synth20,hard,gauss,3000,20,64,0.14736131279508785,0.29810726063557325,0.1252334672405212,0.9424687062019748,0.2865886028843465,0.11257774703182896,weakspot_emb,"weakspot_emb|alpha=0.8,q=0.03",0.13914395986652023,0.25902482002921534,0.12154676938392277,0.20096090951263718,0.9556503391720489
synth20,hard,gauss,3000,20,64,0.14736131279508785,0.29810726063557325,0.1252334672405212,0.9424687062019748,0.2865886028843465,0.11257774703182896,weakspot_emb,"weakspot_emb|alpha=0.8,q=0.1",0.13606383473291914,0.25610988478006863,0.11844239619388801,0.19699957553357347,0.9712601824953471
synth20,hard,gauss,3000,20,64,0.14736131279508785,0.29810726063557325,0.1252334672405212,0.9424687062019748,0.2865886028843465,0.11257774703182896,weakspot_emb,"weakspot_emb|alpha=0.8,q=0.3",0.1363734521807211,0.2528564213774591,0.11927503468395222,0.19878888151304083,0.9816775321914911
synth20,hard,gauss,3000,20,64,0.14736131279508785,0.29810726063557325,0.1252334672405212,0.9424687062019748,0.2865886028843465,0.11257774703182896,weakspot_emb,"weakspot_emb|alpha=1.0,q=0.03",0.1375371897484831,0.2523692576096016,0.12068110639272264,0.1978697013606616,0.9323902929675822
synth20,hard,gauss,3000,20,64,0.14736131279508785,0.29810726063557325,0.1252334672405212,0.9424687062019748,0.2865886028843465,0.11257774703182896,weakspot_emb,"weakspot_emb|alpha=1.0,q=0.1",0.13673288707494788,0.25589553591478004,0.1192411221076331,0.20047957984339856,0.9558084423809153
synth20,hard,gauss,3000,20,64,0.14736131279508785,0.29810726063557325,0.1252334672405212,0.9424687062019748,0.2865886028843465,0.11257774703182896,weakspot_emb,"weakspot_emb|alpha=1.0,q=0.3",0.1359408424209188,0.25111384581719864,0.11903471348201534,0.19409013184897084,0.971663194168814
synth20,hard,gauss,3000,20,64,0.14736131279508785,0.29810726063557325,0.1252334672405212,0.9424687062019748,0.2865886028843465,0.11257774703182896,loss,loss|alpha=0.2,0.13921652249306782,0.24950640779261318,0.12302718153166665,0.19578715445272196,0.9748585626048586
synth20,hard,gauss,3000,20,64,0.14736131279508785,0.29810726063557325,0.1252334672405212,0.9424687062019748,0.2865886028843465,0.11257774703182896,loss,loss|alpha=0.5,0.14147811978610206,0.2573069810361125,0.12447571813472438,0.20275107157785613,0.8611881463090566
synth20,hard,gauss,3000,20,64,0.14736131279508785,0.29810726063557325,0.1252334672405212,0.9424687062019748,0.2865886028843465,0.11257774703182896,loss,loss|alpha=0.8,0.14997161411268847,0.2795513857098143,0.1309507302085232,0.21803116920001753,0.7078957953055016
synth20,hard,gauss,3000,20,64,0.14736131279508785,0.29810726063557325,0.1252334672405212,0.9424687062019748,0.2865886028843465,0.11257774703182896,loss,loss|alpha=1.0,0.1538738478092475,0.2860692643809344,0.13446901601890815,0.22738350251066386,0.6079966995863755
synth20,hard,gauss,3000,20,64,0.14736131279508785,0.29810726063557325,0.1252334672405212,0.9424687062019748,0.2865886028843465,0.11257774703182896,smoothed_loss,smoothed_loss|alpha=0.2,0.13564324372764675,0.24837020646411834,0.11909616662871511,0.19593163157246696,0.9968482375177354
synth20,hard,gauss,3000,20,64,0.14736131279508785,0.29810726063557325,0.1252334672405212,0.9424687062019748,0.2865886028843465,0.11257774703182896,smoothed_loss,smoothed_loss|alpha=0.5,0.13739621403364213,0.25229468169988367,0.1205303839174966,0.19438040716782332,0.9806221253912799
synth20,hard,gauss,3000,20,64,0.14736131279508785,0.29810726063557325,0.1252334672405212,0.9424687062019748,0.2865886028843465,0.11257774703182896,smoothed_loss,smoothed_loss|alpha=0.8,0.13775632201988203,0.2523408402745731,0.12093657622102831,0.19351675946664912,0.9518482437651112
synth20,hard,gauss,3000,20,64,0.14736131279508785,0.29810726063557325,0.1252334672405212,0.9424687062019748,0.2865886028843465,0.11257774703182896,smoothed_loss,smoothed_loss|alpha=1.0,0.1391841181589233,0.2535076780508217,0.12240267817479143,0.19207056196650826,0.9267469658939652
synth20,hard,gauss,3000,20,64,0.14736131279508785,0.29810726063557325,0.1252334672405212,0.9424687062019748,0.2865886028843465,0.11257774703182896,jtt,"jtt|q=0.1,lam=2",0.1358953632558728,0.24846718114169436,0.11937105971299988,0.19339278552896133,0.9307692307692306
synth20,hard,gauss,3000,20,64,0.14736131279508785,0.29810726063557325,0.1252334672405212,0.9424687062019748,0.2865886028843465,0.11257774703182896,jtt,"jtt|q=0.1,lam=5",0.14295875500662777,0.2556722058073127,0.12641366131111437,0.19663945513721362,0.576470588235294
synth20,hard,gauss,3000,20,64,0.14736131279508785,0.29810726063557325,0.1252334672405212,0.9424687062019748,0.2865886028843465,0.11257774703182896,jtt,"jtt|q=0.1,lam=10",0.15574875298918778,0.27484598779172686,0.1382665900823931,0.22078422795992467,0.3311926605504589
synth20,hard,gauss,3000,20,64,0.14736131279508785,0.29810726063557325,0.1252334672405212,0.9424687062019748,0.2865886028843465,0.11257774703182896,jtt,"jtt|q=0.1,lam=20",0.16607283053459154,0.295162763429178,0.14712384955923935,0.2386155729966189,0.20562347188264063
synth20,hard,gauss,3000,20,64,0.14736131279508785,0.29810726063557325,0.1252334672405212,0.9424687062019748,0.2865886028843465,0.11257774703182896,jtt,"jtt|q=0.2,lam=2",0.13349327208942646,0.2346171931396132,0.118649393770133,0.18709354125452166,0.9
synth20,hard,gauss,3000,20,64,0.14736131279508785,0.29810726063557325,0.1252334672405212,0.9424687062019748,0.2865886028843465,0.11257774703182896,jtt,"jtt|q=0.2,lam=5",0.14428762487506827,0.2579478610625259,0.127603553508102,0.20563345789498833,0.5586206896551724
synth20,hard,gauss,3000,20,64,0.14736131279508785,0.29810726063557325,0.1252334672405212,0.9424687062019748,0.2865886028843465,0.11257774703182896,jtt,"jtt|q=0.2,lam=10",0.15922156779661314,0.2718701743267239,0.14268599252613817,0.21697025315869986,0.3769230769230769
synth20,hard,gauss,3000,20,64,0.14736131279508785,0.29810726063557325,0.1252334672405212,0.9424687062019748,0.2865886028843465,0.11257774703182896,jtt,"jtt|q=0.2,lam=20",0.17283366093016736,0.27957092087417174,0.15716580625948778,0.2252669348078647,0.2851485148514851
synth20,hard,gauss,3000,20,64,0.14736131279508785,0.29810726063557325,0.1252334672405212,0.9424687062019748,0.2865886028843465,0.11257774703182896,density,density|alpha=0.2,0.13493641813667073,0.24955934570935084,0.1181110342727911,0.19535579193733948,0.9998412870906803
synth20,hard,gauss,3000,20,64,0.14736131279508785,0.29810726063557325,0.1252334672405212,0.9424687062019748,0.2865886028843465,0.11257774703182896,density,density|alpha=0.5,0.1361896909855738,0.25159103656958487,0.11925004392737032,0.19918375511742625,0.9990088701685216
synth20,hard,gauss,3000,20,64,0.14736131279508785,0.29810726063557325,0.1252334672405212,0.9424687062019748,0.2865886028843465,0.11257774703182896,density,density|alpha=0.8,0.13598972802539067,0.2524493259388772,0.11889474117570455,0.19830711016353011,0.9974666246414874
synth20,hard,gauss,3000,20,64,0.14736131279508785,0.29810726063557325,0.1252334672405212,0.9424687062019748,0.2865886028843465,0.11257774703182896,density,density|alpha=1.0,0.13708017037378625,0.2552461005096347,0.1197347127391663,0.19862728887796588,0.9960472337876164
synth10,hard,gauss,3009,10,63,0.16414068544043653,0.35711545399676886,0.13669881372682902,0.9664906664965287,0.10992944122950472,0.08811156287102002,uniform,uniform,0.14869688276085252,0.3119912697994594,0.12547569351321514,0.24527127782742147,1.0
synth10,hard,gauss,3009,10,63,0.16414068544043653,0.35711545399676886,0.13669881372682902,0.9664906664965287,0.10992944122950472,0.08811156287102002,weakspot,"weakspot|alpha=0.2,q=0.03",0.14853028257839915,0.3077138119701971,0.12589367560035367,0.2420100725449037,0.9926804524774026
synth10,hard,gauss,3009,10,63,0.16414068544043653,0.35711545399676886,0.13669881372682902,0.9664906664965287,0.10992944122950472,0.08811156287102002,weakspot,"weakspot|alpha=0.2,q=0.1",0.14871831388990922,0.3088373260191134,0.1259486770994056,0.24323530338934937,0.9962125641274282
synth10,hard,gauss,3009,10,63,0.16414068544043653,0.35711545399676886,0.13669881372682902,0.9664906664965287,0.10992944122950472,0.08811156287102002,weakspot,"weakspot|alpha=0.2,q=0.3",0.1483888014055526,0.3094836852931064,0.12548039130389593,0.24385606721981767,0.9981496282819128
synth10,hard,gauss,3009,10,63,0.16414068544043653,0.35711545399676886,0.13669881372682902,0.9664906664965287,0.10992944122950472,0.08811156287102002,weakspot,"weakspot|alpha=0.5,q=0.03",0.14887533752193355,0.303882942926685,0.12683256553690606,0.24068351013092315,0.9559457289683141
synth10,hard,gauss,3009,10,63,0.16414068544043653,0.35711545399676886,0.13669881372682902,0.9664906664965287,0.10992944122950472,0.08811156287102002,weakspot,"weakspot|alpha=0.5,q=0.1",0.14841109334563787,0.3060069368867227,0.126000262368065,0.2423732023111799,0.9767900336568548
synth10,hard,gauss,3009,10,63,0.16414068544043653,0.35711545399676886,0.13669881372682902,0.9664906664965287,0.10992944122950472,0.08811156287102002,weakspot,"weakspot|alpha=0.5,q=0.3",0.1480372380703889,0.3071803436041664,0.12540637954502593,0.2417381169229535,0.9885464417978418
synth10,hard,gauss,3009,10,63,0.16414068544043653,0.35711545399676886,0.13669881372682902,0.9664906664965287,0.10992944122950472,0.08811156287102002,weakspot,"weakspot|alpha=0.8,q=0.03",0.14951571318012852,0.29979489419612154,0.12814534420640938,0.23942273615494522,0.8944733496234231
synth10,hard,gauss,3009,10,63,0.16414068544043653,0.35711545399676886,0.13669881372682902,0.9664906664965287,0.10992944122950472,0.08811156287102002,weakspot,"weakspot|alpha=0.8,q=0.1",0.14893320701188725,0.3046281792412685,0.12679268840245497,0.24076783124321657,0.9426586749130764
synth10,hard,gauss,3009,10,63,0.16414068544043653,0.35711545399676886,0.13669881372682902,0.9664906664965287,0.10992944122950472,0.08811156287102002,weakspot,"weakspot|alpha=0.8,q=0.3",0.14865624796087554,0.3048096170664102,0.12645054327368074,0.24177270414577015,0.9711935909788922
synth10,hard,gauss,3009,10,63,0.16414068544043653,0.35711545399676886,0.13669881372682902,0.9664906664965287,0.10992944122950472,0.08811156287102002,weakspot,"weakspot|alpha=1.0,q=0.03",0.14990206205760345,0.29825993076091895,0.1288049122534198,0.2378746130731767,0.8443535840529784
synth10,hard,gauss,3009,10,63,0.16414068544043653,0.35711545399676886,0.13669881372682902,0.9664906664965287,0.10992944122950472,0.08811156287102002,weakspot,"weakspot|alpha=1.0,q=0.1",0.14939143394498758,0.3027185128599624,0.12758764031287523,0.24059974709087545,0.9132037488323552
synth10,hard,gauss,3009,10,63,0.16414068544043653,0.35711545399676886,0.13669881372682902,0.9664906664965287,0.10992944122950472,0.08811156287102002,weakspot,"weakspot|alpha=1.0,q=0.3",0.148729001665746,0.30483022079679317,0.12653071293723045,0.24092521623647156,0.9557076811470407
synth10,hard,gauss,3009,10,63,0.16414068544043653,0.35711545399676886,0.13669881372682902,0.9664906664965287,0.10992944122950472,0.08811156287102002,weakspot_emb,"weakspot_emb|alpha=0.2,q=0.03",0.14953003900451967,0.30593686217090643,0.12728829202083589,0.2385557280058311,0.9824016506145915
synth10,hard,gauss,3009,10,63,0.16414068544043653,0.35711545399676886,0.13669881372682902,0.9664906664965287,0.10992944122950472,0.08811156287102002,weakspot_emb,"weakspot_emb|alpha=0.2,q=0.1",0.14888461744395307,0.3059595119843506,0.12654786773489593,0.2405799279709747,0.9905758716036839
synth10,hard,gauss,3009,10,63,0.16414068544043653,0.35711545399676886,0.13669881372682902,0.9664906664965287,0.10992944122950472,0.08811156287102002,weakspot_emb,"weakspot_emb|alpha=0.2,q=0.3",0.1484863810017174,0.30833368583132265,0.1257553821995634,0.24210637287844974,0.9962099475254151
synth10,hard,gauss,3009,10,63,0.16414068544043653,0.35711545399676886,0.13669881372682902,0.9664906664965287,0.10992944122950472,0.08811156287102002,weakspot_emb,"weakspot_emb|alpha=0.5,q=0.03",0.15003820710636936,0.29761160835868095,0.12905261206820512,0.23230204450479092,0.8993129291601688
synth10,hard,gauss,3009,10,63,0.16414068544043653,0.35711545399676886,0.13669881372682902,0.9664906664965287,0.10992944122950472,0.08811156287102002,weakspot_emb,"weakspot_emb|alpha=0.5,q=0.1",0.15030045128971195,0.3015601521638867,0.12879064802433818,0.23454539184420775,0.9438760251355061
synth10,hard,gauss,3009,10,63,0.16414068544043653,0.35711545399676886,0.13669881372682902,0.9664906664965287,0.10992944122950472,0.08811156287102002,weakspot_emb,"weakspot_emb|alpha=0.5,q=0.3",0.14895867967324009,0.30484259633617905,0.12679129232368452,0.2387029684422447,0.9767743115679026
synth10,hard,gauss,3009,10,63,0.16414068544043653,0.35711545399676886,0.13669881372682902,0.9664906664965287,0.10992944122950472,0.08811156287102002,weakspot_emb,"weakspot_emb|alpha=0.8,q=0.03",0.15122124114595142,0.2924147224222753,0.1311428991483474,0.22666326039694304,0.7772317201462542
synth10,hard,gauss,3009,10,63,0.16414068544043653,0.35711545399676886,0.13669881372682902,0.9664906664965287,0.10992944122950472,0.08811156287102002,weakspot_emb,"weakspot_emb|alpha=0.8,q=0.1",0.15144721995089042,0.2971048719898239,0.13073405298475999,0.23192123332885145,0.8678893601464344
synth10,hard,gauss,3009,10,63,0.16414068544043653,0.35711545399676886,0.13669881372682902,0.9664906664965287,0.10992944122950472,0.08811156287102002,weakspot_emb,"weakspot_emb|alpha=0.8,q=0.3",0.15094888495963085,0.30313653374592475,0.1293071233675194,0.23578897235486543,0.9426211908696386
synth10,hard,gauss,3009,10,63,0.16414068544043653,0.35711545399676886,0.13669881372682902,0.9664906664965287,0.10992944122950472,0.08811156287102002,weakspot_emb,"weakspot_emb|alpha=1.0,q=0.03",0.15168543757984895,0.2918599478411913,0.1317519977996809,0.2263258445963796,0.6906840634780865
synth10,hard,gauss,3009,10,63,0.16414068544043653,0.35711545399676886,0.13669881372682902,0.9664906664965287,0.10992944122950472,0.08811156287102002,weakspot_emb,"weakspot_emb|alpha=1.0,q=0.1",0.15122242699140445,0.29546759727642885,0.13071012122271736,0.2305117609886279,0.8078557908381048
synth10,hard,gauss,3009,10,63,0.16414068544043653,0.35711545399676886,0.13669881372682902,0.9664906664965287,0.10992944122950472,0.08811156287102002,weakspot_emb,"weakspot_emb|alpha=1.0,q=0.3",0.15090495559994102,0.3002010830246011,0.12967438122601735,0.2330875870492308,0.9131487841120944
synth10,hard,gauss,3009,10,63,0.16414068544043653,0.35711545399676886,0.13669881372682902,0.9664906664965287,0.10992944122950472,0.08811156287102002,loss,loss|alpha=0.2,0.15464645637249633,0.297117180186165,0.1343864847964806,0.23313705967304013,0.9703306412667276
synth10,hard,gauss,3009,10,63,0.16414068544043653,0.35711545399676886,0.13669881372682902,0.9664906664965287,0.10992944122950472,0.08811156287102002,loss,loss|alpha=0.5,0.15518261387752222,0.2889092913444289,0.13616608464322197,0.22794373929596293,0.8395576686174525
synth10,hard,gauss,3009,10,63,0.16414068544043653,0.35711545399676886,0.13669881372682902,0.9664906664965287,0.10992944122950472,0.08811156287102002,loss,loss|alpha=0.8,0.15985957916121732,0.2867339017250628,0.14181748531861454,0.23276905534187262,0.671490329284675
synth10,hard,gauss,3009,10,63,0.16414068544043653,0.35711545399676886,0.13669881372682902,0.9664906664965287,0.10992944122950472,0.08811156287102002,loss,loss|alpha=1.0,0.16670775914877742,0.2903381223248768,0.14912697078164505,0.23531819252931904,0.5667605275096843
synth10,hard,gauss,3009,10,63,0.16414068544043653,0.35711545399676886,0.13669881372682902,0.9664906664965287,0.10992944122950472,0.08811156287102002,smoothed_loss,smoothed_loss|alpha=0.2,0.14955301713165886,0.3067586241094575,0.12719767953173206,0.24330668580488912,0.9940017708892469
synth10,hard,gauss,3009,10,63,0.16414068544043653,0.35711545399676886,0.13669881372682902,0.9664906664965287,0.10992944122950472,0.08811156287102002,smoothed_loss,smoothed_loss|alpha=0.5,0.1521440242532898,0.3006735715672107,0.13102246098591896,0.2380006945914375,0.9636555794062913
synth10,hard,gauss,3009,10,63,0.16414068544043653,0.35711545399676886,0.13669881372682902,0.9664906664965287,0.10992944122950472,0.08811156287102002,smoothed_loss,smoothed_loss|alpha=0.8,0.15233229903857548,0.2964731414194195,0.13183482916260167,0.23350880664135104,0.9119504544385777
synth10,hard,gauss,3009,10,63,0.16414068544043653,0.35711545399676886,0.13669881372682902,0.9664906664965287,0.10992944122950472,0.08811156287102002,smoothed_loss,smoothed_loss|alpha=1.0,0.1529601593664252,0.29732800771679374,0.13243040823036487,0.2366689044760727,0.8689149483746268
synth10,hard,gauss,3009,10,63,0.16414068544043653,0.35711545399676886,0.13669881372682902,0.9664906664965287,0.10992944122950472,0.08811156287102002,jtt,"jtt|q=0.1,lam=2",0.15377207689637368,0.2972892199191446,0.13336329984744735,0.2324368770385954,0.9307692307692305
synth10,hard,gauss,3009,10,63,0.16414068544043653,0.35711545399676886,0.13669881372682902,0.9664906664965287,0.10992944122950472,0.08811156287102002,jtt,"jtt|q=0.1,lam=5",0.16392652382938763,0.29502281015330617,0.14528404793295374,0.23148026787321058,0.5764705882352938
synth10,hard,gauss,3009,10,63,0.16414068544043653,0.35711545399676886,0.13669881372682902,0.9664906664965287,0.10992944122950472,0.08811156287102002,jtt,"jtt|q=0.1,lam=10",0.1729439692495257,0.30247222001413004,0.1545244749945934,0.24758766816465483,0.3311926605504589
synth10,hard,gauss,3009,10,63,0.16414068544043653,0.35711545399676886,0.13669881372682902,0.9664906664965287,0.10992944122950472,0.08811156287102002,jtt,"jtt|q=0.1,lam=20",0.18619725488728023,0.3194229892592108,0.16725196199258538,0.2657265596054827,0.20562347188264063
synth10,hard,gauss,3009,10,63,0.16414068544043653,0.35711545399676886,0.13669881372682902,0.9664906664965287,0.10992944122950472,0.08811156287102002,jtt,"jtt|q=0.2,lam=2",0.15309723129064862,0.2915342813215874,0.13341086609492975,0.2282258796692062,0.9
synth10,hard,gauss,3009,10,63,0.16414068544043653,0.35711545399676886,0.13669881372682902,0.9664906664965287,0.10992944122950472,0.08811156287102002,jtt,"jtt|q=0.2,lam=5",0.15893131602377478,0.28572964812984325,0.14090002836277474,0.22728926914972425,0.5586206896551722
synth10,hard,gauss,3009,10,63,0.16414068544043653,0.35711545399676886,0.13669881372682902,0.9664906664965287,0.10992944122950472,0.08811156287102002,jtt,"jtt|q=0.2,lam=10",0.1743350894273081,0.29670948849662904,0.15693290475097404,0.24489045123610073,0.37692307692307686
synth10,hard,gauss,3009,10,63,0.16414068544043653,0.35711545399676886,0.13669881372682902,0.9664906664965287,0.10992944122950472,0.08811156287102002,jtt,"jtt|q=0.2,lam=20",0.18826031716648411,0.31247830370009333,0.1705959661402884,0.25881678339525244,0.2851485148514852
synth10,hard,gauss,3009,10,63,0.16414068544043653,0.35711545399676886,0.13669881372682902,0.9664906664965287,0.10992944122950472,0.08811156287102002,density,density|alpha=0.2,0.14919177206687953,0.31339057670850307,0.12584197060727687,0.24536153960712606,0.9996741814272091
synth10,hard,gauss,3009,10,63,0.16414068544043653,0.35711545399676886,0.13669881372682902,0.9664906664965287,0.10992944122950472,0.08811156287102002,density,density|alpha=0.5,0.1492939062227618,0.3142019466272023,0.12584324827832682,0.24626357322684123,0.9979671112728026
synth10,hard,gauss,3009,10,63,0.16414068544043653,0.35711545399676886,0.13669881372682902,0.9664906664965287,0.10992944122950472,0.08811156287102002,density,density|alpha=0.8,0.14913441340303746,0.314908014802201,0.12556066882942712,0.24664754387472637,0.9948122567817191
synth10,hard,gauss,3009,10,63,0.16414068544043653,0.35711545399676886,0.13669881372682902,0.9664906664965287,0.10992944122950472,0.08811156287102002,density,density|alpha=1.0,0.149323796006358,0.31566833088226814,0.12566886214907552,0.2469096090373191,0.9919177361206024
synth10,hard,gauss,3008,10,63,0.1588624189168505,0.2968196114511903,0.14031684056708388,0.9539328879880662,0.14390391639037145,0.0561514553436175,uniform,uniform,0.13955618528791075,0.24701797889487453,0.1251101018591811,0.21237083687593838,1.0
synth10,hard,gauss,3008,10,63,0.1588624189168505,0.2968196114511903,0.14031684056708388,0.9539328879880662,0.14390391639037145,0.0561514553436175,weakspot,"weakspot|alpha=0.2,q=0.03",0.1400114114765345,0.24553125654738686,0.12582638409037908,0.21156603142010028,0.9931690272359877
synth10,hard,gauss,3008,10,63,0.1588624189168505,0.2968196114511903,0.14031684056708388,0.9539328879880662,0.14390391639037145,0.0561514553436175,weakspot,"weakspot|alpha=0.2,q=0.1",0.14047617172932786,0.24670527213413554,0.12619579918483584,0.21210463480643887,0.9964584988102038
synth10,hard,gauss,3008,10,63,0.1588624189168505,0.2968196114511903,0.14031684056708388,0.9539328879880662,0.14390391639037145,0.0561514553436175,weakspot,"weakspot|alpha=0.2,q=0.3",0.1393910394071277,0.24752741095937414,0.12485427249965045,0.21163732715671038,0.9982441450667452
synth10,hard,gauss,3008,10,63,0.1588624189168505,0.2968196114511903,0.14031684056708388,0.9539328879880662,0.14390391639037145,0.0561514553436175,weakspot,"weakspot|alpha=0.5,q=0.03",0.13844689302833316,0.2410165048599372,0.12465846534592243,0.20667990817312185,0.9587845149674173
synth10,hard,gauss,3008,10,63,0.1588624189168505,0.2968196114511903,0.14031684056708388,0.9539328879880662,0.14390391639037145,0.0561514553436175,weakspot,"weakspot|alpha=0.5,q=0.1",0.13915036171587425,0.24144674588008724,0.12539866401484281,0.20814742653340929,0.9782696474285743
synth10,hard,gauss,3008,10,63,0.1588624189168505,0.2968196114511903,0.14031684056708388,0.9539328879880662,0.14390391639037145,0.0561514553436175,weakspot,"weakspot|alpha=0.5,q=0.3",0.1389084560964127,0.24663776895915102,0.12442641006778594,0.2092521067838691,0.9891261444598489
synth10,hard,gauss,3008,10,63,0.1588624189168505,0.2968196114511903,0.14031684056708388,0.9539328879880662,0.14390391639037145,0.0561514553436175,weakspot,"weakspot|alpha=0.8,q=0.03",0.13781413674736281,0.24178726343835763,0.12383703463405268,0.20516173891452275,0.9008625174261266
synth10,hard,gauss,3008,10,63,0.1588624189168505,0.2968196114511903,0.14031684056708388,0.9539328879880662,0.14390391639037145,0.0561514553436175,weakspot,"weakspot|alpha=0.8,q=0.1",0.13903349607112594,0.24091404574995867,0.12533769897873606,0.20598060633630014,0.9461942764716555
synth10,hard,gauss,3008,10,63,0.1588624189168505,0.2968196114511903,0.14031684056708388,0.9539328879880662,0.14390391639037145,0.0561514553436175,weakspot,"weakspot|alpha=0.8,q=0.3",0.1384793034944916,0.2408624966422711,0.12471593606623083,0.2058849684330067,0.9726272594898444
synth10,hard,gauss,3008,10,63,0.1588624189168505,0.2968196114511903,0.14031684056708388,0.9539328879880662,0.14390391639037145,0.0561514553436175,weakspot,"weakspot|alpha=1.0,q=0.03",0.13915155215497246,0.23892084661270122,0.12573957099417735,0.20294112867613257,0.8532795263293119
synth10,hard,gauss,3008,10,63,0.1588624189168505,0.2968196114511903,0.14031684056708388,0.9539328879880662,0.14390391639037145,0.0561514553436175,weakspot,"weakspot|alpha=1.0,q=0.1",0.1387818919742665,0.23863988349098877,0.12535798727235883,0.20344199907752392,0.9183982914086593
synth10,hard,gauss,3008,10,63,0.1588624189168505,0.2968196114511903,0.14031684056708388,0.9539328879880662,0.14390391639037145,0.0561514553436175,weakspot,"weakspot|alpha=1.0,q=0.3",0.1382897837971963,0.2426495750570266,0.1242607023856366,0.20757370457991806,0.9578786425089344
synth10,hard,gauss,3008,10,63,0.1588624189168505,0.2968196114511903,0.14031684056708388,0.9539328879880662,0.14390391639037145,0.0561514553436175,weakspot_emb,"weakspot_emb|alpha=0.2,q=0.03",0.14074510914446023,0.24704818519104316,0.12645479205822077,0.21135751901027575,0.9873331341381771
synth10,hard,gauss,3008,10,63,0.1588624189168505,0.2968196114511903,0.14031684056708388,0.9539328879880662,0.14390391639037145,0.0561514553436175,weakspot_emb,"weakspot_emb|alpha=0.2,q=0.1",0.13997545031775596,0.2475333539210997,0.12551644682711927,0.2116508565289709,0.9938460966586043
synth10,hard,gauss,3008,10,63,0.1588624189168505,0.2968196114511903,0.14031684056708388,0.9539328879880662,0.14390391639037145,0.0561514553436175,weakspot_emb,"weakspot_emb|alpha=0.2,q=0.3",0.14078601898047197,0.24847160523429593,0.12630985111764934,0.2127816859663101,0.9973551417854002
synth10,hard,gauss,3008,10,63,0.1588624189168505,0.2968196114511903,0.14031684056708388,0.9539328879880662,0.14390391639037145,0.0561514553436175,weakspot_emb,"weakspot_emb|alpha=0.5,q=0.03",0.14159059957146444,0.2458123741323558,0.12758007173769742,0.2091822278543372,0.9257685569554278
synth10,hard,gauss,3008,10,63,0.1588624189168505,0.2968196114511903,0.14031684056708388,0.9539328879880662,0.14390391639037145,0.0561514553436175,weakspot_emb,"weakspot_emb|alpha=0.5,q=0.1",0.14015956330386595,0.24755509970881798,0.12572238682742035,0.210164865018437,0.962741840456936
synth10,hard,gauss,3008,10,63,0.1588624189168505,0.2968196114511903,0.14031684056708388,0.9539328879880662,0.14390391639037145,0.0561514553436175,weakspot_emb,"weakspot_emb|alpha=0.5,q=0.3",0.13982342994876643,0.24568160039973566,0.12559292149903317,0.21014849958133242,0.983696025094046
synth10,hard,gauss,3008,10,63,0.1588624189168505,0.2968196114511903,0.14031684056708388,0.9539328879880662,0.14390391639037145,0.0561514553436175,weakspot_emb,"weakspot_emb|alpha=0.8,q=0.03",0.13952923943966342,0.24336158063588526,0.12557106311322863,0.20557928864851185,0.8296896261225711
synth10,hard,gauss,3008,10,63,0.1588624189168505,0.2968196114511903,0.14031684056708388,0.9539328879880662,0.14390391639037145,0.0561514553436175,weakspot_emb,"weakspot_emb|alpha=0.8,q=0.1",0.1412741878801705,0.24689315155165228,0.1270758359855924,0.2097861529266079,0.9098583880429872
synth10,hard,gauss,3008,10,63,0.1588624189168505,0.2968196114511903,0.14031684056708388,0.9539328879880662,0.14390391639037145,0.0561514553436175,weakspot_emb,"weakspot_emb|alpha=0.8,q=0.3",0.1415773771475391,0.24972823567938282,0.12703866275613412,0.21178445999533102,0.9592970707193977
synth10,hard,gauss,3008,10,63,0.1588624189168505,0.2968196114511903,0.14031684056708388,0.9539328879880662,0.14390391639037145,0.0561514553436175,weakspot_emb,"weakspot_emb|alpha=1.0,q=0.03",0.14091863705720017,0.24188060203455727,0.12734632525933653,0.2050077006652205,0.7571545355995375
synth10,hard,gauss,3008,10,63,0.1588624189168505,0.2968196114511903,0.14031684056708388,0.9539328879880662,0.14390391639037145,0.0561514553436175,weakspot_emb,"weakspot_emb|alpha=1.0,q=0.1",0.14127271126913707,0.248893654846183,0.12680523331805374,0.20970053047225667,0.865950657226804
synth10,hard,gauss,3008,10,63,0.1588624189168505,0.2968196114511903,0.14031684056708388,0.9539328879880662,0.14390391639037145,0.0561514553436175,weakspot_emb,"weakspot_emb|alpha=1.0,q=0.3",0.14071146073888902,0.24830271583592692,0.1262479738086576,0.20949162620642284,0.9378251900021463
synth10,hard,gauss,3008,10,63,0.1588624189168505,0.2968196114511903,0.14031684056708388,0.9539328879880662,0.14390391639037145,0.0561514553436175,loss,loss|alpha=0.2,0.13954826709976267,0.24157545754031903,0.12583275709726022,0.20868878815457856,0.9706723515134241
synth10,hard,gauss,3008,10,63,0.1588624189168505,0.2968196114511903,0.14031684056708388,0.9539328879880662,0.14390391639037145,0.0561514553436175,loss,loss|alpha=0.5,0.13887888285657932,0.24260385877041235,0.12493513963957512,0.21002491077651414,0.8411589742441316
synth10,hard,gauss,3008,10,63,0.1588624189168505,0.2968196114511903,0.14031684056708388,0.9539328879880662,0.14390391639037145,0.0561514553436175,loss,loss|alpha=0.8,0.1425772536634479,0.24372040082844565,0.1289805855533489,0.21107849941161916,0.6741179412300766
synth10,hard,gauss,3008,10,63,0.1588624189168505,0.2968196114511903,0.14031684056708388,0.9539328879880662,0.14390391639037145,0.0561514553436175,loss,loss|alpha=1.0,0.14505530500531286,0.24065984469601776,0.13220319161524074,0.21223461711857525,0.5696890127858659
synth10,hard,gauss,3008,10,63,0.1588624189168505,0.2968196114511903,0.14031684056708388,0.9539328879880662,0.14390391639037145,0.0561514553436175,smoothed_loss,smoothed_loss|alpha=0.2,0.1392791814266753,0.24741820103425521,0.12474205854125471,0.21197068427821364,0.9950239816327521
synth10,hard,gauss,3008,10,63,0.1588624189168505,0.2968196114511903,0.14031684056708388,0.9539328879880662,0.14390391639037145,0.0561514553436175,smoothed_loss,smoothed_loss|alpha=0.5,0.14003479398316535,0.2473718792943273,0.12560547508427403,0.20832581765781927,0.9696916631199303
synth10,hard,gauss,3008,10,63,0.1588624189168505,0.2968196114511903,0.14031684056708388,0.9539328879880662,0.14390391639037145,0.0561514553436175,smoothed_loss,smoothed_loss|alpha=0.8,0.14227525863426674,0.24890550085787722,0.12794096061555107,0.21108656028375392,0.9259135399161593
synth10,hard,gauss,3008,10,63,0.1588624189168505,0.2968196114511903,0.14031684056708388,0.9539328879880662,0.14390391639037145,0.0561514553436175,smoothed_loss,smoothed_loss|alpha=1.0,0.14447657655024235,0.252198609627469,0.1299955091428103,0.21479289461015802,0.8888710531541183
synth10,hard,gauss,3008,10,63,0.1588624189168505,0.2968196114511903,0.14031684056708388,0.9539328879880662,0.14390391639037145,0.0561514553436175,jtt,"jtt|q=0.1,lam=2",0.14036278143923492,0.2431954572460663,0.12653899008006358,0.2110549139679393,0.9307692307692302
synth10,hard,gauss,3008,10,63,0.1588624189168505,0.2968196114511903,0.14031684056708388,0.9539328879880662,0.14390391639037145,0.0561514553436175,jtt,"jtt|q=0.1,lam=5",0.14562307665031604,0.24247088300774278,0.13260383098570455,0.2108320444341202,0.576470588235294
synth10,hard,gauss,3008,10,63,0.1588624189168505,0.2968196114511903,0.14031684056708388,0.9539328879880662,0.14390391639037145,0.0561514553436175,jtt,"jtt|q=0.1,lam=10",0.15881857957663975,0.2517098063979304,0.14633121669709023,0.21807835353639032,0.3311926605504588
synth10,hard,gauss,3008,10,63,0.1588624189168505,0.2968196114511903,0.14031684056708388,0.9539328879880662,0.14390391639037145,0.0561514553436175,jtt,"jtt|q=0.1,lam=20",0.16866254489904003,0.25315331090822135,0.1573044555376243,0.22136130485029057,0.20562347188264066
synth10,hard,gauss,3008,10,63,0.1588624189168505,0.2968196114511903,0.14031684056708388,0.9539328879880662,0.14390391639037145,0.0561514553436175,jtt,"jtt|q=0.2,lam=2",0.13945952820952437,0.24619117623286085,0.12511159821432824,0.21148459743014264,0.9
synth10,hard,gauss,3008,10,63,0.1588624189168505,0.2968196114511903,0.14031684056708388,0.9539328879880662,0.14390391639037145,0.0561514553436175,jtt,"jtt|q=0.2,lam=5",0.1449272021584012,0.2452682201695464,0.13143836422950647,0.21124911026817889,0.5586206896551724
synth10,hard,gauss,3008,10,63,0.1588624189168505,0.2968196114511903,0.14031684056708388,0.9539328879880662,0.14390391639037145,0.0561514553436175,jtt,"jtt|q=0.2,lam=10",0.15664618585650913,0.2506280575486101,0.14401220764265324,0.21256578911268306,0.37692307692307686
synth10,hard,gauss,3008,10,63,0.1588624189168505,0.2968196114511903,0.14031684056708388,0.9539328879880662,0.14390391639037145,0.0561514553436175,jtt,"jtt|q=0.2,lam=20",0.1732384903406014,0.25814806134936963,0.16182410104447092,0.22417965909430404,0.285148514851485
synth10,hard,gauss,3008,10,63,0.1588624189168505,0.2968196114511903,0.14031684056708388,0.9539328879880662,0.14390391639037145,0.0561514553436175,density,density|alpha=0.2,0.13998286356984188,0.2485160383699687,0.1253927544220086,0.21272543825171902,0.9996627643011743
synth10,hard,gauss,3008,10,63,0.1588624189168505,0.2968196114511903,0.14031684056708388,0.9539328879880662,0.14390391639037145,0.0561514553436175,density,density|alpha=0.5,0.14006988751350927,0.2488569083024606,0.125445653862357,0.2132005190713418,0.9978960019843559
synth10,hard,gauss,3008,10,63,0.1588624189168505,0.2968196114511903,0.14031684056708388,0.9539328879880662,0.14390391639037145,0.0561514553436175,density,density|alpha=0.8,0.1401493719806084,0.2487789700035359,0.12554630066385639,0.2133782380016107,0.9946313861424796
synth10,hard,gauss,3008,10,63,0.1588624189168505,0.2968196114511903,0.14031684056708388,0.9539328879880662,0.14390391639037145,0.0561514553436175,density,density|alpha=1.0,0.13939244986293284,0.2470295848627836,0.12492279529970846,0.21220150846761981,0.9916367964285798
synth10,hard,gauss,3007,10,63,0.20237210826229146,0.43312872738581126,0.1694822045368883,0.9467858839350886,0.2689479150214548,0.020297924718150624,uniform,uniform,0.18606008604843327,0.40265328865212885,0.15518890407207106,0.3633960672041246,1.0
synth10,hard,gauss,3007,10,63,0.20237210826229146,0.43312872738581126,0.1694822045368883,0.9467858839350886,0.2689479150214548,0.020297924718150624,weakspot,"weakspot|alpha=0.2,q=0.03",0.18669230159191866,0.4022487583193789,0.1559688877367337,0.36457330064891186,0.9936381937931398
synth10,hard,gauss,3007,10,63,0.20237210826229146,0.43312872738581126,0.1694822045368883,0.9467858839350886,0.2689479150214548,0.020297924718150624,weakspot,"weakspot|alpha=0.2,q=0.1",0.18672025033796877,0.4028343933921276,0.1559173490571846,0.36481795409394074,0.9967562176611541
synth10,hard,gauss,3007,10,63,0.20237210826229146,0.43312872738581126,0.1694822045368883,0.9467858839350886,0.2689479150214548,0.020297924718150624,weakspot,"weakspot|alpha=0.2,q=0.3",0.18627118232088782,0.4018048225199253,0.15555102052159628,0.3633051107996137,0.998304059451256
synth10,hard,gauss,3007,10,63,0.20237210826229146,0.43312872738581126,0.1694822045368883,0.9467858839350886,0.2689479150214548,0.020297924718150624,weakspot,"weakspot|alpha=0.5,q=0.03",0.18673570435661002,0.3947588717551928,0.15708601554430132,0.35959863605185854,0.9615237964960314
synth10,hard,gauss,3007,10,63,0.20237210826229146,0.43312872738581126,0.1694822045368883,0.9467858839350886,0.2689479150214548,0.020297924718150624,weakspot,"weakspot|alpha=0.5,q=0.1",0.18675506185221086,0.3978916781984573,0.1566616109648138,0.3624612884714654,0.9800658363442459
synth10,hard,gauss,3007,10,63,0.20237210826229146,0.43312872738581126,0.1694822045368883,0.9467858839350886,0.2689479150214548,0.020297924718150624,weakspot,"weakspot|alpha=0.5,q=0.3",0.1866652665643202,0.4019700825521342,0.15597771924129275,0.3655625681661933,0.9894939144767008
synth10,hard,gauss,3007,10,63,0.20237210826229146,0.43312872738581126,0.1694822045368883,0.9467858839350886,0.2689479150214548,0.020297924718150624,weakspot,"weakspot|alpha=0.8,q=0.03",0.18871285532927753,0.39129765138401623,0.159838301421447,0.3585738678590174,0.9070783441904522
synth10,hard,gauss,3007,10,63,0.20237210826229146,0.43312872738581126,0.1694822045368883,0.9467858839350886,0.2689479150214548,0.020297924718150624,weakspot,"weakspot|alpha=0.8,q=0.1",0.18759171918782516,0.39575322951513764,0.1579223122602819,0.36015398054225384,0.9505076201914242
synth10,hard,gauss,3007,10,63,0.20237210826229146,0.43312872738581126,0.1694822045368883,0.9467858839350886,0.2689479150214548,0.020297924718150624,weakspot,"weakspot|alpha=0.8,q=0.3",0.1871429521595039,0.3978373934411503,0.15711252479602444,0.36172169306639745,0.9735381179027714
synth10,hard,gauss,3007,10,63,0.20237210826229146,0.43312872738581126,0.1694822045368883,0.9467858839350886,0.2689479150214548,0.020297924718150624,weakspot,"weakspot|alpha=1.0,q=0.03",0.18948432007317967,0.38778315300639915,0.16122064751286072,0.3565292314219808,0.8620218160396272
synth10,hard,gauss,3007,10,63,0.20237210826229146,0.43312872738581126,0.1694822045368883,0.9467858839350886,0.2689479150214548,0.020297924718150624,weakspot,"weakspot|alpha=1.0,q=0.1",0.18806529933462068,0.3930997115872696,0.15884159990186666,0.3591033314210793,0.9247627220141352
synth10,hard,gauss,3007,10,63,0.20237210826229146,0.43312872738581126,0.1694822045368883,0.9467858839350886,0.2689479150214548,0.020297924718150624,weakspot,"weakspot|alpha=1.0,q=0.3",0.18771168768867477,0.3964384261040206,0.15796171840296852,0.3605370591728269,0.9592597204891562
synth10,hard,gauss,3007,10,63,0.20237210826229146,0.43312872738581126,0.1694822045368883,0.9467858839350886,0.2689479150214548,0.020297924718150624,weakspot_emb,"weakspot_emb|alpha=0.2,q=0.03",0.18993061340496695,0.40086804911304885,0.15986555187445195,0.36402219118020895,0.9762598915022349
synth10,hard,gauss,3007,10,63,0.20237210826229146,0.43312872738581126,0.1694822045368883,0.9467858839350886,0.2689479150214548,0.020297924718150624,weakspot_emb,"weakspot_emb|alpha=0.2,q=0.1",0.18844809709217442,0.400952088596308,0.15815975325882323,0.36355562830767996,0.9881870628596235
synth10,hard,gauss,3007,10,63,0.20237210826229146,0.43312872738581126,0.1694822045368883,0.9467858839350886,0.2689479150214548,0.020297924718150624,weakspot_emb,"weakspot_emb|alpha=0.2,q=0.3",0.1872104580926868,0.4025521895261911,0.15651764918514077,0.364013854031992,0.9956685647789542
synth10,hard,gauss,3007,10,63,0.20237210826229146,0.43312872738581126,0.1694822045368883,0.9467858839350886,0.2689479150214548,0.020297924718150624,weakspot_emb,"weakspot_emb|alpha=0.5,q=0.03",0.19464547981190802,0.39857586597343025,0.16557913799682672,0.3580030928781831,0.8680677704671448
synth10,hard,gauss,3007,10,63,0.20237210826229146,0.43312872738581126,0.1694822045368883,0.9467858839350886,0.2689479150214548,0.020297924718150624,weakspot_emb,"weakspot_emb|alpha=0.5,q=0.1",0.1919414079334369,0.3997493121082313,0.16232240074028567,0.36204597761356083,0.9304805919581295
synth10,hard,gauss,3007,10,63,0.20237210826229146,0.43312872738581126,0.1694822045368883,0.9467858839350886,0.2689479150214548,0.020297924718150624,weakspot_emb,"weakspot_emb|alpha=0.5,q=0.3",0.18927770449250086,0.40111176664135156,0.15908484616280177,0.3641295435627856,0.9735304483960041
synth10,hard,gauss,3007,10,63,0.20237210826229146,0.43312872738581126,0.1694822045368883,0.9467858839350886,0.2689479150214548,0.020297924718150624,weakspot_emb,"weakspot_emb|alpha=0.8,q=0.03",0.19872637536357582,0.38937140763385214,0.1715536044115998,0.34865965858567677,0.7199017180785521
synth10,hard,gauss,3007,10,63,0.20237210826229146,0.43312872738581126,0.1694822045368883,0.9467858839350886,0.2689479150214548,0.020297924718150624,weakspot_emb,"weakspot_emb|alpha=0.8,q=0.1",0.19520035421099863,0.397674232733993,0.16634160945722137,0.3574252118855965,0.8394427893131454
synth10,hard,gauss,3007,10,63,0.20237210826229146,0.43312872738581126,0.1694822045368883,0.9467858839350886,0.2689479150214548,0.020297924718150624,weakspot_emb,"weakspot_emb|alpha=0.8,q=0.3",0.1906173485586445,0.3986947483221702,0.16095992996909886,0.3596832896948787,0.9349250550891834
synth10,hard,gauss,3007,10,63,0.20237210826229146,0.43312872738581126,0.1694822045368883,0.9467858839350886,0.2689479150214548,0.020297924718150624,weakspot_emb,"weakspot_emb|alpha=1.0,q=0.03",0.20343199677132012,0.38698976946955305,0.1772693779262992,0.34543808634563916,0.6219156253613977
synth10,hard,gauss,3007,10,63,0.20237210826229146,0.43312872738581126,0.1694822045368883,0.9467858839350886,0.2689479150214548,0.020297924718150624,weakspot_emb,"weakspot_emb|alpha=1.0,q=0.1",0.19680044437463487,0.39090858957068036,0.16913407349407886,0.35510467293888565,0.7699096107937448
synth10,hard,gauss,3007,10,63,0.20237210826229146,0.43312872738581126,0.1694822045368883,0.9467858839350886,0.2689479150214548,0.020297924718150624,weakspot_emb,"weakspot_emb|alpha=1.0,q=0.3",0.1925629657405223,0.3978931792486346,0.16329710554613555,0.36074164093374167,0.9019109158111901
synth10,hard,gauss,3007,10,63,0.20237210826229146,0.43312872738581126,0.1694822045368883,0.9467858839350886,0.2689479150214548,0.020297924718150624,loss,loss|alpha=0.2,0.19383739053841784,0.3952379363629373,0.1651316286514041,0.3606701522611837,0.9668200110515348
synth10,hard,gauss,3007,10,63,0.20237210826229146,0.43312872738581126,0.1694822045368883,0.9467858839350886,0.2689479150214548,0.020297924718150624,loss,loss|alpha=0.5,0.19909918015964082,0.3865059723851541,0.17238795784586441,0.3513833013043123,0.8233896915121118
synth10,hard,gauss,3007,10,63,0.20237210826229146,0.43312872738581126,0.1694822045368883,0.9467858839350886,0.2689479150214548,0.020297924718150624,loss,loss|alpha=0.8,0.20652727977461766,0.38032876846583635,0.18175523097229881,0.3475298416939266,0.6455365681138298
synth10,hard,gauss,3007,10,63,0.20237210826229146,0.43312872738581126,0.1694822045368883,0.9467858839350886,0.2689479150214548,0.020297924718150624,loss,loss|alpha=1.0,0.2132582948237216,0.3757102779014873,0.1901038990637087,0.34451644951117233,0.5382226740269072
synth10,hard,gauss,3007,10,63,0.20237210826229146,0.43312872738581126,0.1694822045368883,0.9467858839350886,0.2689479150214548,0.020297924718150624,smoothed_loss,smoothed_loss|alpha=0.2,0.18668486956849423,0.399872968095652,0.1562990194785052,0.3631030860384922,0.9942156507353335
synth10,hard,gauss,3007,10,63,0.20237210826229146,0.43312872738581126,0.1694822045368883,0.9467858839350886,0.2689479150214548,0.020297924718150624,smoothed_loss,smoothed_loss|alpha=0.5,0.18886300066302722,0.39513629248690557,0.15946272285094057,0.35844172396906165,0.9649133234522015
synth10,hard,gauss,3007,10,63,0.20237210826229146,0.43312872738581126,0.1694822045368883,0.9467858839350886,0.2689479150214548,0.020297924718150624,smoothed_loss,smoothed_loss|alpha=0.8,0.18932227841963312,0.38838327873327444,0.1609499736048639,0.35640985968331135,0.9148393922477887
synth10,hard,gauss,3007,10,63,0.20237210826229146,0.43312872738581126,0.1694822045368883,0.9467858839350886,0.2689479150214548,0.020297924718150624,smoothed_loss,smoothed_loss|alpha=1.0,0.19276309475058,0.38909104148851514,0.1647803339901603,0.3544013091726528,0.87301928738301
synth10,hard,gauss,3007,10,63,0.20237210826229146,0.43312872738581126,0.1694822045368883,0.9467858839350886,0.2689479150214548,0.020297924718150624,jtt,"jtt|q=0.1,lam=2",0.19352153370647082,0.38694635828497626,0.16595255699562414,0.354456459281337,0.9307692307692305
synth10,hard,gauss,3007,10,63,0.20237210826229146,0.43312872738581126,0.1694822045368883,0.9467858839350886,0.2689479150214548,0.020297924718150624,jtt,"jtt|q=0.1,lam=5",0.2149366729361302,0.38684795475710904,0.19043403665259168,0.3480596497480388,0.5764705882352937
synth10,hard,gauss,3007,10,63,0.20237210826229146,0.43312872738581126,0.1694822045368883,0.9467858839350886,0.2689479150214548,0.020297924718150624,jtt,"jtt|q=0.1,lam=10",0.2313764553502655,0.40113275117324637,0.20718097074139163,0.3615116391451295,0.3311926605504588
synth10,hard,gauss,3007,10,63,0.20237210826229146,0.43312872738581126,0.1694822045368883,0.9467858839350886,0.2689479150214548,0.020297924718150624,jtt,"jtt|q=0.1,lam=20",0.24816182997837358,0.4136243391840626,0.22457834180538333,0.37372956209932584,0.20562347188264063
synth10,hard,gauss,3007,10,63,0.20237210826229146,0.43312872738581126,0.1694822045368883,0.9467858839350886,0.2689479150214548,0.020297924718150624,jtt,"jtt|q=0.2,lam=2",0.194055443464544,0.3941165113036655,0.16554059831980775,0.3598756788804407,0.8999999999999998
synth10,hard,gauss,3007,10,63,0.20237210826229146,0.43312872738581126,0.1694822045368883,0.9467858839350886,0.2689479150214548,0.020297924718150624,jtt,"jtt|q=0.2,lam=5",0.20871802833405542,0.38062761160053316,0.18421563414668826,0.3487404083757444,0.5586206896551724
synth10,hard,gauss,3007,10,63,0.20237210826229146,0.43312872738581126,0.1694822045368883,0.9467858839350886,0.2689479150214548,0.020297924718150624,jtt,"jtt|q=0.2,lam=10",0.22243301445850988,0.3734299416666994,0.20091131589327524,0.3498293381820555,0.3769230769230769
synth10,hard,gauss,3007,10,63,0.20237210826229146,0.43312872738581126,0.1694822045368883,0.9467858839350886,0.2689479150214548,0.020297924718150624,jtt,"jtt|q=0.2,lam=20",0.24285751051299997,0.3875728494473908,0.22223113115617016,0.3513458356622133,0.2851485148514852
synth10,hard,gauss,3007,10,63,0.20237210826229146,0.43312872738581126,0.1694822045368883,0.9467858839350886,0.2689479150214548,0.020297924718150624,density,density|alpha=0.2,0.18654757556693374,0.4038925240408991,0.1555692467213157,0.36465243253413976,0.9996791443704999
synth10,hard,gauss,3007,10,63,0.20237210826229146,0.43312872738581126,0.1694822045368883,0.9467858839350886,0.2689479150214548,0.020297924718150624,density,density|alpha=0.5,0.187356455987938,0.4052196221153718,0.15630426521456192,0.3648539759343247,0.997998024627234
synth10,hard,gauss,3007,10,63,0.20237210826229146,0.43312872738581126,0.1694822045368883,0.9467858839350886,0.2689479150214548,0.020297924718150624,density,density|alpha=0.8,0.1869572455275013,0.4052111045264728,0.1558493690235062,0.36743816389595735,0.9948908991843743
synth10,hard,gauss,3007,10,63,0.20237210826229146,0.43312872738581126,0.1694822045368883,0.9467858839350886,0.2689479150214548,0.020297924718150624,density,density|alpha=1.0,0.18685719202522283,0.405625968598875,0.1556759239560276,0.36714919447718264,0.9920399062439296
synth10,hard,gauss,3006,10,63,0.16807886966439442,0.34429165956996743,0.14209683466397433,0.9501403369113777,0.08360844577865223,0.0378916007935403,uniform,uniform,0.15036737212944917,0.28979999360499775,0.12980846007023175,0.2690453089722139,1.0
synth10,hard,gauss,3006,10,63,0.16807886966439442,0.34429165956996743,0.14209683466397433,0.9501403369113777,0.08360844577865223,0.0378916007935403,weakspot,"weakspot|alpha=0.2,q=0.03",0.149947083993747,0.2866138763152388,0.12979598495380246,0.2654343110417063,0.9929165548243798
synth10,hard,gauss,3006,10,63,0.16807886966439442,0.34429165956996743,0.14209683466397433,0.9501403369113777,0.08360844577865223,0.0378916007935403,weakspot,"weakspot|alpha=0.2,q=0.1",0.15054085864063535,0.28795542626731213,0.13027950242717812,0.26666499186006215,0.9962915923609956
synth10,hard,gauss,3006,10,63,0.16807886966439442,0.34429165956996743,0.14209683466397433,0.9501403369113777,0.08360844577865223,0.0378916007935403,weakspot,"weakspot|alpha=0.2,q=0.3",0.1503954902390286,0.2875604592977004,0.13017093656830073,0.2670015052764744,0.9980842595410176
synth10,hard,gauss,3006,10,63,0.16807886966439442,0.34429165956996743,0.14209683466397433,0.9501403369113777,0.08360844577865223,0.0378916007935403,weakspot,"weakspot|alpha=0.5,q=0.03",0.15057280114000818,0.2830141523444144,0.13104473042312212,0.26463076834290833,0.9573158109939962
synth10,hard,gauss,3006,10,63,0.16807886966439442,0.34429165956996743,0.14209683466397433,0.9501403369113777,0.08360844577865223,0.0378916007935403,weakspot,"weakspot|alpha=0.5,q=0.1",0.1503851639975414,0.28683855001446334,0.13026553106217195,0.26638291193048586,0.9772650815684377
synth10,hard,gauss,3006,10,63,0.16807886966439442,0.34429165956996743,0.14209683466397433,0.9501403369113777,0.08360844577865223,0.0378916007935403,weakspot,"weakspot|alpha=0.5,q=0.3",0.15001710312366964,0.28639131863272105,0.1299091436366781,0.2649240772328851,0.9881458469049896
synth10,hard,gauss,3006,10,63,0.16807886966439442,0.34429165956996743,0.14209683466397433,0.9501403369113777,0.08360844577865223,0.0378916007935403,weakspot,"weakspot|alpha=0.8,q=0.03",0.15135880640639288,0.2832257218311473,0.13191543448203152,0.2645529614080462,0.897550326836759
synth10,hard,gauss,3006,10,63,0.16807886966439442,0.34429165956996743,0.14209683466397433,0.9501403369113777,0.08360844577865223,0.0378916007935403,weakspot,"weakspot|alpha=0.8,q=0.1",0.15036451850232882,0.28243797438419765,0.13089069282152543,0.26493183698376116,0.9437921046057184
synth10,hard,gauss,3006,10,63,0.16807886966439442,0.34429165956996743,0.14209683466397433,0.9501403369113777,0.08360844577865223,0.0378916007935403,weakspot,"weakspot|alpha=0.8,q=0.3",0.15015292627875476,0.28636122862625935,0.13006943017817607,0.265647500632078,0.9702043632583912
synth10,hard,gauss,3006,10,63,0.16807886966439442,0.34429165956996743,0.14209683466397433,0.9501403369113777,0.08360844577865223,0.0378916007935403,weakspot,"weakspot|alpha=1.0,q=0.03",0.15093214110135536,0.2762563460192565,0.1324534717588995,0.2579565995208212,0.8486446810937583
synth10,hard,gauss,3006,10,63,0.16807886966439442,0.34429165956996743,0.14209683466397433,0.9501403369113777,0.08360844577865223,0.0378916007935403,weakspot,"weakspot|alpha=1.0,q=0.1",0.15096242384915382,0.28371625264919104,0.1313882792699171,0.26434020471841857,0.9148668143672869
synth10,hard,gauss,3006,10,63,0.16807886966439442,0.34429165956996743,0.14209683466397433,0.9501403369113777,0.08360844577865223,0.0378916007935403,weakspot,"weakspot|alpha=1.0,q=0.3",0.1507649444366812,0.2848458985167297,0.13099511930841243,0.2649086106314627,0.954211731069531
synth10,hard,gauss,3006,10,63,0.16807886966439442,0.34429165956996743,0.14209683466397433,0.9501403369113777,0.08360844577865223,0.0378916007935403,weakspot_emb,"weakspot_emb|alpha=0.2,q=0.03",0.1514658684968116,0.28538550450977673,0.1317198292223813,0.266249494404657,0.9723188351877737
synth10,hard,gauss,3006,10,63,0.16807886966439442,0.34429165956996743,0.14209683466397433,0.9501403369113777,0.08360844577865223,0.0378916007935403,weakspot_emb,"weakspot_emb|alpha=0.2,q=0.1",0.1514690923139978,0.2892747817432421,0.1311500663912693,0.2685240274725015,0.9897229710355736
synth10,hard,gauss,3006,10,63,0.16807886966439442,0.34429165956996743,0.14209683466397433,0.9501403369113777,0.08360844577865223,0.0378916007935403,weakspot_emb,"weakspot_emb|alpha=0.2,q=0.3",0.15028711490683588,0.2856586240188153,0.13032700140036502,0.2673950574073611,0.9965275263236367
synth10,hard,gauss,3006,10,63,0.16807886966439442,0.34429165956996743,0.14209683466397433,0.9501403369113777,0.08360844577865223,0.0378916007935403,weakspot_emb,"weakspot_emb|alpha=0.5,q=0.03",0.15260008293048305,0.27103726987516114,0.13513688324902448,0.25626369668784515,0.8489449618142114
synth10,hard,gauss,3006,10,63,0.16807886966439442,0.34429165956996743,0.14209683466397433,0.9501403369113777,0.08360844577865223,0.0378916007935403,weakspot_emb,"weakspot_emb|alpha=0.5,q=0.1",0.1519821974073978,0.2833654138814946,0.13261014540863536,0.26323154788750935,0.9390567268356922
synth10,hard,gauss,3006,10,63,0.16807886966439442,0.34429165956996743,0.14209683466397433,0.9501403369113777,0.08360844577865223,0.0378916007935403,weakspot_emb,"weakspot_emb|alpha=0.5,q=0.3",0.15115043085829868,0.28750384807641044,0.1310455380154675,0.26722856121746646,0.978685611206303
synth10,hard,gauss,3006,10,63,0.16807886966439442,0.34429165956996743,0.14209683466397433,0.9501403369113777,0.08360844577865223,0.0378916007935403,weakspot_emb,"weakspot_emb|alpha=0.8,q=0.03",0.15937664453208492,0.268596600396201,0.1432724972818968,0.2527719172254333,0.6870455278422228
synth10,hard,gauss,3006,10,63,0.16807886966439442,0.34429165956996743,0.14209683466397433,0.9501403369113777,0.08360844577865223,0.0378916007935403,weakspot_emb,"weakspot_emb|alpha=0.8,q=0.1",0.15206688051434294,0.27554290403581055,0.13386071984594528,0.2570457887600921,0.8575300531276844
synth10,hard,gauss,3006,10,63,0.16807886966439442,0.34429165956996743,0.14209683466397433,0.9501403369113777,0.08360844577865223,0.0378916007935403,weakspot_emb,"weakspot_emb|alpha=0.8,q=0.3",0.1518345766009785,0.28622983682492353,0.1320184079965299,0.2651976421402399,0.9471910847019364
synth10,hard,gauss,3006,10,63,0.16807886966439442,0.34429165956996743,0.14209683466397433,0.9501403369113777,0.08360844577865223,0.0378916007935403,weakspot_emb,"weakspot_emb|alpha=1.0,q=0.03",0.16541492270375774,0.2742379082047972,0.14936930751513627,0.2564203002012043,0.5842040614034419
synth10,hard,gauss,3006,10,63,0.16807886966439442,0.34429165956996743,0.14209683466397433,0.9501403369113777,0.08360844577865223,0.0378916007935403,weakspot_emb,"weakspot_emb|alpha=1.0,q=0.1",0.15478366744519562,0.2746920042777135,0.13710355122835277,0.2552374944509745,0.7939068760020468
synth10,hard,gauss,3006,10,63,0.16807886966439442,0.34429165956996743,0.14209683466397433,0.9501403369113777,0.08360844577865223,0.0378916007935403,weakspot_emb,"weakspot_emb|alpha=1.0,q=0.3",0.15180365365247564,0.28396839099795806,0.13231636880004363,0.26322968789454804,0.9198664384820631
synth10,hard,gauss,3006,10,63,0.16807886966439442,0.34429165956996743,0.14209683466397433,0.9501403369113777,0.08360844577865223,0.0378916007935403,loss,loss|alpha=0.2,0.1504184279144107,0.279998413888189,0.1313122567180475,0.259969758602339,0.9714145087026834
synth10,hard,gauss,3006,10,63,0.16807886966439442,0.34429165956996743,0.14209683466397433,0.9501403369113777,0.08360844577865223,0.0378916007935403,loss,loss|alpha=0.5,0.1516456573778202,0.27493239957588483,0.13346740565957432,0.25121777242147,0.8446540421537326
synth10,hard,gauss,3006,10,63,0.16807886966439442,0.34429165956996743,0.14209683466397433,0.9501403369113777,0.08360844577865223,0.0378916007935403,loss,loss|alpha=0.8,0.1587449489711829,0.2782460309708812,0.14112488122940295,0.25927741167322366,0.6798897645062596
synth10,hard,gauss,3006,10,63,0.16807886966439442,0.34429165956996743,0.14209683466397433,0.9501403369113777,0.08360844577865223,0.0378916007935403,loss,loss|alpha=1.0,0.1562167459350112,0.2662451189868493,0.1399934000518658,0.24873490821159336,0.5761474907294589
synth10,hard,gauss,3006,10,63,0.16807886966439442,0.34429165956996743,0.14209683466397433,0.9501403369113777,0.08360844577865223,0.0378916007935403,smoothed_loss,smoothed_loss|alpha=0.2,0.15038583651878457,0.2867367026744031,0.13028131982228774,0.26636164053176975,0.9950486512329055
synth10,hard,gauss,3006,10,63,0.16807886966439442,0.34429165956996743,0.14209683466397433,0.9501403369113777,0.08360844577865223,0.0378916007935403,smoothed_loss,smoothed_loss|alpha=0.5,0.15113774458206336,0.284526289058364,0.13147001312457096,0.26448849738228797,0.9698381157497389
synth10,hard,gauss,3006,10,63,0.16807886966439442,0.34429165956996743,0.14209683466397433,0.9501403369113777,0.08360844577865223,0.0378916007935403,smoothed_loss,smoothed_loss|alpha=0.8,0.15336480836298103,0.2803059655796848,0.1346477243671733,0.26190411308055095,0.9262554449056846
synth10,hard,gauss,3006,10,63,0.16807886966439442,0.34429165956996743,0.14209683466397433,0.9501403369113777,0.08360844577865223,0.0378916007935403,smoothed_loss,smoothed_loss|alpha=1.0,0.15357550915372267,0.2817446630812318,0.134677360812145,0.2640307230805014,0.8893634806687208
synth10,hard,gauss,3006,10,63,0.16807886966439442,0.34429165956996743,0.14209683466397433,0.9501403369113777,0.08360844577865223,0.0378916007935403,jtt,"jtt|q=0.1,lam=2",0.15196942594304347,0.28429705358822993,0.1324581234158989,0.26102259760200897,0.9307692307692305
synth10,hard,gauss,3006,10,63,0.16807886966439442,0.34429165956996743,0.14209683466397433,0.9501403369113777,0.08360844577865223,0.0378916007935403,jtt,"jtt|q=0.1,lam=5",0.15977686964475943,0.2829764090558904,0.14161147570978486,0.25714520388649453,0.576470588235294
synth10,hard,gauss,3006,10,63,0.16807886966439442,0.34429165956996743,0.14209683466397433,0.9501403369113777,0.08360844577865223,0.0378916007935403,jtt,"jtt|q=0.1,lam=10",0.17170170844995644,0.2909876899168284,0.1541133566215077,0.26623064413407194,0.3311926605504589
synth10,hard,gauss,3006,10,63,0.16807886966439442,0.34429165956996743,0.14209683466397433,0.9501403369113777,0.08360844577865223,0.0378916007935403,jtt,"jtt|q=0.1,lam=20",0.1929916091423763,0.31389448813782345,0.1751648507362777,0.2864456856748833,0.20562347188264063
synth10,hard,gauss,3006,10,63,0.16807886966439442,0.34429165956996743,0.14209683466397433,0.9501403369113777,0.08360844577865223,0.0378916007935403,jtt,"jtt|q=0.2,lam=2",0.15087202694679813,0.2813285368246317,0.1316366149912025,0.2590183887996263,0.9000000000000001
synth10,hard,gauss,3006,10,63,0.16807886966439442,0.34429165956996743,0.14209683466397433,0.9501403369113777,0.08360844577865223,0.0378916007935403,jtt,"jtt|q=0.2,lam=5",0.16000986070355025,0.2889548693274656,0.14099731496841186,0.2690642434947314,0.5586206896551722
synth10,hard,gauss,3006,10,63,0.16807886966439442,0.34429165956996743,0.14209683466397433,0.9501403369113777,0.08360844577865223,0.0378916007935403,jtt,"jtt|q=0.2,lam=10",0.17082847273661536,0.2989536608364394,0.15193680702138024,0.2808797112886305,0.3769230769230771
synth10,hard,gauss,3006,10,63,0.16807886966439442,0.34429165956996743,0.14209683466397433,0.9501403369113777,0.08360844577865223,0.0378916007935403,jtt,"jtt|q=0.2,lam=20",0.18864214031052487,0.319901654126312,0.16928832788903472,0.30291524112294055,0.2851485148514851
synth10,hard,gauss,3006,10,63,0.16807886966439442,0.34429165956996743,0.14209683466397433,0.9501403369113777,0.08360844577865223,0.0378916007935403,density,density|alpha=0.2,0.15065223735265074,0.2921438154364958,0.12978973846134367,0.2710759729779133,0.9996518200492401
synth10,hard,gauss,3006,10,63,0.16807886966439442,0.34429165956996743,0.14209683466397433,0.9501403369113777,0.08360844577865223,0.0378916007935403,density,density|alpha=0.5,0.15041911981619596,0.2922086026587996,0.12951269578260496,0.26980775416636904,0.9978278458854429
synth10,hard,gauss,3006,10,63,0.16807886966439442,0.34429165956996743,0.14209683466397433,0.9501403369113777,0.08360844577865223,0.0378916007935403,density,density|alpha=0.8,0.1508222042096999,0.2944618750365919,0.12964297563683058,0.27104619902731364,0.9944580646495053
synth10,hard,gauss,3006,10,63,0.16807886966439442,0.34429165956996743,0.14209683466397433,0.9501403369113777,0.08360844577865223,0.0378916007935403,density,density|alpha=1.0,0.1508426655007279,0.294966116115626,0.12959210508304067,0.27070797232602983,0.9913676360166059
synth10,hard,gauss,3005,10,63,0.18347773861279817,0.3993963608272559,0.14963508585390975,0.9237781440258768,0.15217294629338743,0.04211170075569869,uniform,uniform,0.16145608180926443,0.33390924246154585,0.1344261185144303,0.25720039906620823,1.0
synth10,hard,gauss,3005,10,63,0.18347773861279817,0.3993963608272559,0.14963508585390975,0.9237781440258768,0.15217294629338743,0.04211170075569869,weakspot,"weakspot|alpha=0.2,q=0.03",0.1620510818890745,0.33062716878368725,0.13562880337638503,0.25575086894794574,0.9930805752842494
synth10,hard,gauss,3005,10,63,0.18347773861279817,0.3993963608272559,0.14963508585390975,0.9237781440258768,0.15217294629338743,0.04211170075569869,weakspot,"weakspot|alpha=0.2,q=0.1",0.16132978546709054,0.32904711497252354,0.135042106869073,0.2540637045596387,0.9965182490945413
synth10,hard,gauss,3005,10,63,0.18347773861279817,0.3993963608272559,0.14963508585390975,0.9237781440258768,0.15217294629338743,0.04211170075569869,weakspot,"weakspot|alpha=0.2,q=0.3",0.1617990690255408,0.3327121912030009,0.13501048827939174,0.25652689430508774,0.9982057989631028
synth10,hard,gauss,3005,10,63,0.18347773861279817,0.3993963608272559,0.14963508585390975,0.9237781440258768,0.15217294629338743,0.04211170075569869,weakspot,"weakspot|alpha=0.5,q=0.03",0.1620440966539302,0.32930456566286714,0.13582802545588393,0.2531076832958889,0.9582695372038353
synth10,hard,gauss,3005,10,63,0.18347773861279817,0.3993963608272559,0.14963508585390975,0.9237781440258768,0.15217294629338743,0.04211170075569869,weakspot,"weakspot|alpha=0.5,q=0.1",0.16240718056986275,0.3308503634711348,0.1360057331631278,0.2541367194293202,0.9786296888666116
synth10,hard,gauss,3005,10,63,0.18347773861279817,0.3993963608272559,0.14963508585390975,0.9237781440258768,0.15217294629338743,0.04211170075569869,weakspot,"weakspot|alpha=0.5,q=0.3",0.16151806024027734,0.3292682061780582,0.1352252380603244,0.25454645410243903,0.9888908864305904
synth10,hard,gauss,3005,10,63,0.18347773861279817,0.3993963608272559,0.14963508585390975,0.9237781440258768,0.15217294629338743,0.04211170075569869,weakspot,"weakspot|alpha=0.8,q=0.03",0.16263411744913037,0.3281331882525637,0.1366941242809809,0.25517327789236727,0.8996995280202642
synth10,hard,gauss,3005,10,63,0.18347773861279817,0.3993963608272559,0.14963508585390975,0.9237781440258768,0.15217294629338743,0.04211170075569869,weakspot,"weakspot|alpha=0.8,q=0.1",0.1627434035618862,0.3298956603001303,0.1365442933385987,0.2543505903796738,0.9470570005564182
synth10,hard,gauss,3005,10,63,0.18347773861279817,0.3993963608272559,0.14963508585390975,0.9237781440258768,0.15217294629338743,0.04211170075569869,weakspot,"weakspot|alpha=0.8,q=0.3",0.16178405473924432,0.3294089388945869,0.13551086584040228,0.2528555245312502,0.9720451331752944
synth10,hard,gauss,3005,10,63,0.18347773861279817,0.3993963608272559,0.14963508585390975,0.9237781440258768,0.15217294629338743,0.04211170075569869,weakspot,"weakspot|alpha=1.0,q=0.03",0.1645119714736571,0.328386400248826,0.13882662144585448,0.25604710572901646,0.8516502588739814
synth10,hard,gauss,3005,10,63,0.18347773861279817,0.3993963608272559,0.14963508585390975,0.9237781440258768,0.15217294629338743,0.04211170075569869,weakspot,"weakspot|alpha=1.0,q=0.1",0.16222228728122753,0.3299740032345632,0.1359292190201784,0.25482557738041905,0.9196688598430102
synth10,hard,gauss,3005,10,63,0.18347773861279817,0.3993963608272559,0.14963508585390975,0.9237781440258768,0.15217294629338743,0.04211170075569869,weakspot,"weakspot|alpha=1.0,q=0.3",0.16252961756130127,0.3292526480105428,0.13639778340760292,0.25312473181534645,0.9569967303418281
synth10,hard,gauss,3005,10,63,0.18347773861279817,0.3993963608272559,0.14963508585390975,0.9237781440258768,0.15217294629338743,0.04211170075569869,weakspot_emb,"weakspot_emb|alpha=0.2,q=0.03",0.163476006520108,0.3266993774691134,0.13789270199310946,0.25309523384155247,0.9881410305651136
synth10,hard,gauss,3005,10,63,0.18347773861279817,0.3993963608272559,0.14963508585390975,0.9237781440258768,0.15217294629338743,0.04211170075569869,weakspot_emb,"weakspot_emb|alpha=0.2,q=0.1",0.1625132742816877,0.3304632450169743,0.13618913196285445,0.25525091592929394,0.994838331917026
synth10,hard,gauss,3005,10,63,0.18347773861279817,0.3993963608272559,0.14963508585390975,0.9237781440258768,0.15217294629338743,0.04211170075569869,weakspot_emb,"weakspot_emb|alpha=0.2,q=0.3",0.16178891185834873,0.3311723102582576,0.13524009695587605,0.2560730468429662,0.9980066298650415
synth10,hard,gauss,3005,10,63,0.18347773861279817,0.3993963608272559,0.14963508585390975,0.9237781440258768,0.15217294629338743,0.04211170075569869,weakspot_emb,"weakspot_emb|alpha=0.5,q=0.03",0.1657249748893463,0.3231977991932199,0.14104299953576055,0.2555162407136859,0.9302255684972323
synth10,hard,gauss,3005,10,63,0.18347773861279817,0.3993963608272559,0.14963508585390975,0.9237781440258768,0.15217294629338743,0.04211170075569869,weakspot_emb,"weakspot_emb|alpha=0.5,q=0.1",0.16408772131154947,0.3270491434336318,0.1385454741194822,0.25291931543103885,0.96859072675822
synth10,hard,gauss,3005,10,63,0.18347773861279817,0.3993963608272559,0.14963508585390975,0.9237781440258768,0.15217294629338743,0.04211170075569869,weakspot_emb,"weakspot_emb|alpha=0.5,q=0.3",0.16267035665439653,0.32919803971357614,0.13656914085969574,0.25447476749062,0.9876704675952955
synth10,hard,gauss,3005,10,63,0.18347773861279817,0.3993963608272559,0.14963508585390975,0.9237781440258768,0.15217294629338743,0.04211170075569869,weakspot_emb,"weakspot_emb|alpha=0.8,q=0.03",0.1674573007083652,0.31689223333785393,0.14403516841074146,0.2584870261423493,0.8389116214117256
synth10,hard,gauss,3005,10,63,0.18347773861279817,0.3993963608272559,0.14963508585390975,0.9237781440258768,0.15217294629338743,0.04211170075569869,weakspot_emb,"weakspot_emb|alpha=0.8,q=0.1",0.16434387414964613,0.32171920616474575,0.13967717954230546,0.2513715443581553,0.9233480866889618
synth10,hard,gauss,3005,10,63,0.18347773861279817,0.3993963608272559,0.14963508585390975,0.9237781440258768,0.15217294629338743,0.04211170075569869,weakspot_emb,"weakspot_emb|alpha=0.8,q=0.3",0.16373029836022715,0.32741095756510386,0.13807531938710882,0.2534833953064484,0.9690320370285797
synth10,hard,gauss,3005,10,63,0.18347773861279817,0.3993963608272559,0.14963508585390975,0.9237781440258768,0.15217294629338743,0.04211170075569869,weakspot_emb,"weakspot_emb|alpha=1.0,q=0.03",0.16877688922449066,0.3166809181058703,0.14559470771676722,0.2593550208478473,0.7692116514430088
synth10,hard,gauss,3005,10,63,0.18347773861279817,0.3993963608272559,0.14963508585390975,0.9237781440258768,0.15217294629338743,0.04211170075569869,weakspot_emb,"weakspot_emb|alpha=1.0,q=0.1",0.16583071227973123,0.321108786249632,0.14149273770145296,0.2549563547350138,0.885181960554927
synth10,hard,gauss,3005,10,63,0.18347773861279817,0.3993963608272559,0.14963508585390975,0.9237781440258768,0.15217294629338743,0.04211170075569869,weakspot_emb,"weakspot_emb|alpha=1.0,q=0.3",0.1634151874449157,0.32551231555383386,0.13800840796688396,0.2527217447134466,0.9524410106810121
synth10,hard,gauss,3005,10,63,0.18347773861279817,0.3993963608272559,0.14963508585390975,0.9237781440258768,0.15217294629338743,0.04211170075569869,loss,loss|alpha=0.2,0.16529436257687918,0.31768981299954885,0.14140820464481244,0.2582256820013646,0.9647773953176394
synth10,hard,gauss,3005,10,63,0.18347773861279817,0.3993963608272559,0.14963508585390975,0.9237781440258768,0.15217294629338743,0.04211170075569869,loss,loss|alpha=0.5,0.17454519282904438,0.3084972967410081,0.15354980812103847,0.2622177886901012,0.8142140182385611
synth10,hard,gauss,3005,10,63,0.18347773861279817,0.3993963608272559,0.14963508585390975,0.9237781440258768,0.15217294629338743,0.04211170075569869,loss,loss|alpha=0.8,0.1832121374067144,0.31237545302984043,0.162967337791985,0.26810154909719985,0.6312587397042969
synth10,hard,gauss,3005,10,63,0.18347773861279817,0.3993963608272559,0.14963508585390975,0.9237781440258768,0.15217294629338743,0.04211170075569869,loss,loss|alpha=1.0,0.1883328047806178,0.3110910869290568,0.16909191729523493,0.26103552044624334,0.5228175196999527
synth10,hard,gauss,3005,10,63,0.18347773861279817,0.3993963608272559,0.14963508585390975,0.9237781440258768,0.15217294629338743,0.04211170075569869,smoothed_loss,smoothed_loss|alpha=0.2,0.1626905586612656,0.3279582254680882,0.13678683529246924,0.25469248616198475,0.9930506687130911
synth10,hard,gauss,3005,10,63,0.18347773861279817,0.3993963608272559,0.14963508585390975,0.9237781440258768,0.15217294629338743,0.04211170075569869,smoothed_loss,smoothed_loss|alpha=0.5,0.16621253624993804,0.32162433362641335,0.1418536021325148,0.2566085856390933,0.9580955219825961
synth10,hard,gauss,3005,10,63,0.18347773861279817,0.3993963608272559,0.14963508585390975,0.9237781440258768,0.15217294629338743,0.04211170075569869,smoothed_loss,smoothed_loss|alpha=0.8,0.17125798119917607,0.31921494171975767,0.1480675032922486,0.2647201589751748,0.8993069408086527
synth10,hard,gauss,3005,10,63,0.18347773861279817,0.3993963608272559,0.14963508585390975,0.9237781440258768,0.15217294629338743,0.04211170075569869,smoothed_loss,smoothed_loss|alpha=1.0,0.17502880346892472,0.3183084360300062,0.1525714405863029,0.2722778160480656,0.8511007268819344
synth10,hard,gauss,3005,10,63,0.18347773861279817,0.3993963608272559,0.14963508585390975,0.9237781440258768,0.15217294629338743,0.04211170075569869,jtt,"jtt|q=0.1,lam=2",0.17008139025629368,0.31426250502113195,0.14748273085706223,0.26530087167407823,0.9307692307692306
synth10,hard,gauss,3005,10,63,0.18347773861279817,0.3993963608272559,0.14963508585390975,0.9237781440258768,0.15217294629338743,0.04211170075569869,jtt,"jtt|q=0.1,lam=5",0.18688097939609558,0.31233137316726434,0.16721813572230337,0.279421495797505,0.5764705882352942
synth10,hard,gauss,3005,10,63,0.18347773861279817,0.3993963608272559,0.14963508585390975,0.9237781440258768,0.15217294629338743,0.04211170075569869,jtt,"jtt|q=0.1,lam=10",0.2001114875429601,0.32192851255102983,0.18101813081815568,0.28652522634375344,0.3311926605504589
synth10,hard,gauss,3005,10,63,0.18347773861279817,0.3993963608272559,0.14963508585390975,0.9237781440258768,0.15217294629338743,0.04211170075569869,jtt,"jtt|q=0.1,lam=20",0.21785932538466307,0.34396187604430856,0.19809426394523916,0.31946821882907767,0.20562347188264055
synth10,hard,gauss,3005,10,63,0.18347773861279817,0.3993963608272559,0.14963508585390975,0.9237781440258768,0.15217294629338743,0.04211170075569869,jtt,"jtt|q=0.2,lam=2",0.17155628792725794,0.3181155426622078,0.148584883628142,0.26533847831650154,0.9000000000000004
synth10,hard,gauss,3005,10,63,0.18347773861279817,0.3993963608272559,0.14963508585390975,0.9237781440258768,0.15217294629338743,0.04211170075569869,jtt,"jtt|q=0.2,lam=5",0.18919851984342695,0.3132194552684632,0.16975972661023733,0.28506262731472715,0.5586206896551721
synth10,hard,gauss,3005,10,63,0.18347773861279817,0.3993963608272559,0.14963508585390975,0.9237781440258768,0.15217294629338743,0.04211170075569869,jtt,"jtt|q=0.2,lam=10",0.20685578976135482,0.32645035479102996,0.18811077696607315,0.2993287943094355,0.3769230769230769
synth10,hard,gauss,3005,10,63,0.18347773861279817,0.3993963608272559,0.14963508585390975,0.9237781440258768,0.15217294629338743,0.04211170075569869,jtt,"jtt|q=0.2,lam=20",0.2221847717568288,0.3279748888119778,0.2056034405122103,0.3039948754053166,0.2851485148514852
synth10,hard,gauss,3005,10,63,0.18347773861279817,0.3993963608272559,0.14963508585390975,0.9237781440258768,0.15217294629338743,0.04211170075569869,density,density|alpha=0.2,0.1616748693505886,0.3348659337084107,0.134529248505609,0.25780494688024436,0.9996660796323247
synth10,hard,gauss,3005,10,63,0.18347773861279817,0.3993963608272559,0.14963508585390975,0.9237781440258768,0.15217294629338743,0.04211170075569869,density,density|alpha=0.5,0.1617235464327955,0.33539506541868064,0.13450262009087827,0.25717863484218434,0.9979166499852955
synth10,hard,gauss,3005,10,63,0.18347773861279817,0.3993963608272559,0.14963508585390975,0.9237781440258768,0.15217294629338743,0.04211170075569869,density,density|alpha=0.8,0.16109463661356951,0.33498966275275943,0.13383867820771617,0.25800490173147833,0.9946839014210785
synth10,hard,gauss,3005,10,63,0.18347773861279817,0.3993963608272559,0.14963508585390975,0.9237781440258768,0.15217294629338743,0.04211170075569869,density,density|alpha=1.0,0.1614655697626287,0.33516337201376134,0.13424052383431354,0.2578715972587976,0.9917183606018677
synth10,hard,gauss,3004,10,64,0.1453674411969714,0.28058434643815483,0.12582966232807366,0.964659932756899,0.2298823636445569,0.01978126306487458,uniform,uniform,0.1378676753948526,0.2319750716317622,0.124269897111694,0.2049523161552311,1.0
synth10,hard,gauss,3004,10,64,0.1453674411969714,0.28058434643815483,0.12582966232807366,0.964659932756899,0.2298823636445569,0.01978126306487458,weakspot,"weakspot|alpha=0.2,q=0.03",0.13699115242305498,0.22984325360667546,0.12357475439795386,0.20304687515622,0.993178376911643
synth10,hard,gauss,3004,10,64,0.1453674411969714,0.28058434643815483,0.12582966232807366,0.964659932756899,0.2298823636445569,0.01978126306487458,weakspot,"weakspot|alpha=0.2,q=0.1",0.13684071144076893,0.22925963243787123,0.12348690454419194,0.20305474026906223,0.9964821369593316
synth10,hard,gauss,3004,10,64,0.1453674411969714,0.28058434643815483,0.12582966232807366,0.964659932756899,0.2298823636445569,0.01978126306487458,weakspot,"weakspot|alpha=0.2,q=0.3",0.13712041594875757,0.230418044994493,0.1236396426531649,0.20377221596013242,0.9982753767148265
synth10,hard,gauss,3004,10,64,0.1453674411969714,0.28058434643815483,0.12582966232807366,0.964659932756899,0.2298823636445569,0.01978126306487458,weakspot,"weakspot|alpha=0.5,q=0.03",0.13688352025076778,0.22947547646777267,0.12350471112642229,0.20210386585519025,0.9588389768727233
synth10,hard,gauss,3004,10,64,0.1453674411969714,0.28058434643815483,0.12582966232807366,0.964659932756899,0.2298823636445569,0.01978126306487458,weakspot,"weakspot|alpha=0.5,q=0.1",0.13713599390516626,0.23175712541544585,0.12346398491727181,0.20404841477372673,0.9784120589505199
synth10,hard,gauss,3004,10,64,0.1453674411969714,0.28058434643815483,0.12582966232807366,0.964659932756899,0.2298823636445569,0.01978126306487458,weakspot,"weakspot|alpha=0.5,q=0.3",0.13661110936900508,0.23091699064622534,0.12298465155927797,0.2040193684205063,0.9893178237991798
synth10,hard,gauss,3004,10,64,0.1453674411969714,0.28058434643815483,0.12582966232807366,0.964659932756899,0.2298823636445569,0.01978126306487458,weakspot,"weakspot|alpha=0.8,q=0.03",0.13643767247685898,0.23177336931013856,0.12266241442226496,0.20248727825183002,0.9009856130116768
synth10,hard,gauss,3004,10,64,0.1453674411969714,0.28058434643815483,0.12582966232807366,0.964659932756899,0.2298823636445569,0.01978126306487458,weakspot,"weakspot|alpha=0.8,q=0.1",0.13753958349379458,0.23219564676836546,0.12386252714081653,0.20369049379413298,0.9465354080304217
synth10,hard,gauss,3004,10,64,0.1453674411969714,0.28058434643815483,0.12582966232807366,0.964659932756899,0.2298823636445569,0.01978126306487458,weakspot,"weakspot|alpha=0.8,q=0.3",0.1371791297443139,0.23009428630317114,0.123753620713635,0.20200671280439028,0.9731018646943614
synth10,hard,gauss,3004,10,64,0.1453674411969714,0.28058434643815483,0.12582966232807366,0.964659932756899,0.2298823636445569,0.01978126306487458,weakspot,"weakspot|alpha=1.0,q=0.03",0.13751067488872928,0.232316064891355,0.12381204199850726,0.203597284400492,0.8534520928742632
synth10,hard,gauss,3004,10,64,0.1453674411969714,0.28058434643815483,0.12582966232807366,0.964659932756899,0.2298823636445569,0.01978126306487458,weakspot,"weakspot|alpha=1.0,q=0.1",0.1366543346127525,0.23219958045311867,0.12284879837544639,0.20292219089815278,0.9189005464680571
synth10,hard,gauss,3004,10,64,0.1453674411969714,0.28058434643815483,0.12582966232807366,0.964659932756899,0.2298823636445569,0.01978126306487458,weakspot,"weakspot|alpha=1.0,q=0.3",0.1372587643299662,0.2317393893805373,0.1236070574199409,0.20329418221862233,0.9585980829167253
synth10,hard,gauss,3004,10,64,0.1453674411969714,0.28058434643815483,0.12582966232807366,0.964659932756899,0.2298823636445569,0.01978126306487458,weakspot_emb,"weakspot_emb|alpha=0.2,q=0.03",0.13670968028875763,0.22828371689743468,0.12347795253843379,0.20085868568135826,0.9850341412173351
synth10,hard,gauss,3004,10,64,0.1453674411969714,0.28058434643815483,0.12582966232807366,0.964659932756899,0.2298823636445569,0.01978126306487458,weakspot_emb,"weakspot_emb|alpha=0.2,q=0.1",0.1369842268365244,0.22894665976953488,0.12369637887338555,0.20159536202868886,0.9924381951081767
synth10,hard,gauss,3004,10,64,0.1453674411969714,0.28058434643815483,0.12582966232807366,0.964659932756899,0.2298823636445569,0.01978126306487458,weakspot_emb,"weakspot_emb|alpha=0.2,q=0.3",0.13731373647399372,0.22983703799334082,0.1239448474132583,0.20362894972360812,0.99667968736072
synth10,hard,gauss,3004,10,64,0.1453674411969714,0.28058434643815483,0.12582966232807366,0.964659932756899,0.2298823636445569,0.01978126306487458,weakspot_emb,"weakspot_emb|alpha=0.5,q=0.03",0.13605180280703427,0.22373332411443034,0.12338251288994272,0.1973856934521568,0.9132772545101382
synth10,hard,gauss,3004,10,64,0.1453674411969714,0.28058434643815483,0.12582966232807366,0.964659932756899,0.2298823636445569,0.01978126306487458,weakspot_emb,"weakspot_emb|alpha=0.5,q=0.1",0.13597749351769658,0.22642467780941972,0.1229085870606665,0.19862397262191978,0.9545433255673321
synth10,hard,gauss,3004,10,64,0.1453674411969714,0.28058434643815483,0.12582966232807366,0.964659932756899,0.2298823636445569,0.01978126306487458,weakspot_emb,"weakspot_emb|alpha=0.5,q=0.3",0.13675034098597103,0.22891092095463356,0.12343386233527731,0.20131096552675715,0.979603588927275
synth10,hard,gauss,3004,10,64,0.1453674411969714,0.28058434643815483,0.12582966232807366,0.964659932756899,0.2298823636445569,0.01978126306487458,weakspot_emb,"weakspot_emb|alpha=0.8,q=0.03",0.13887668898649932,0.22607181303253088,0.1262776796465148,0.2000225729192222,0.8044458062072636
synth10,hard,gauss,3004,10,64,0.1453674411969714,0.28058434643815483,0.12582966232807366,0.964659932756899,0.2298823636445569,0.01978126306487458,weakspot_emb,"weakspot_emb|alpha=0.8,q=0.1",0.13657064136557434,0.2250636214417941,0.12378410204125648,0.19852304086970374,0.8913365040584309
synth10,hard,gauss,3004,10,64,0.1453674411969714,0.28058434643815483,0.12582966232807366,0.964659932756899,0.2298823636445569,0.01978126306487458,weakspot_emb,"weakspot_emb|alpha=0.8,q=0.3",0.13594481209875267,0.22658938379461047,0.12284738471494486,0.19831423959254427,0.9493953468151628
synth10,hard,gauss,3004,10,64,0.1453674411969714,0.28058434643815483,0.12582966232807366,0.964659932756899,0.2298823636445569,0.01978126306487458,weakspot_emb,"weakspot_emb|alpha=1.0,q=0.03",0.14112202231461646,0.22308225884899108,0.12927941302996435,0.19701877686681182,0.724726451659124
synth10,hard,gauss,3004,10,64,0.1453674411969714,0.28058434643815483,0.12582966232807366,0.964659932756899,0.2298823636445569,0.01978126306487458,weakspot_emb,"weakspot_emb|alpha=1.0,q=0.1",0.13785899470015703,0.22572808479630216,0.12516260256895437,0.20111204776631403,0.8399934053144328
synth10,hard,gauss,3004,10,64,0.1453674411969714,0.28058434643815483,0.12582966232807366,0.964659932756899,0.2298823636445569,0.01978126306487458,weakspot_emb,"weakspot_emb|alpha=1.0,q=0.3",0.1360511020003039,0.22733433985511242,0.12286139238179795,0.19884707028802093,0.9231186656092595
synth10,hard,gauss,3004,10,64,0.1453674411969714,0.28058434643815483,0.12582966232807366,0.964659932756899,0.2298823636445569,0.01978126306487458,loss,loss|alpha=0.2,0.13620152931823137,0.22165823980158883,0.1238537070595488,0.19693504737325504,0.9707562433610284
synth10,hard,gauss,3004,10,64,0.1453674411969714,0.28058434643815483,0.12582966232807366,0.964659932756899,0.2298823636445569,0.01978126306487458,loss,loss|alpha=0.5,0.13946761983064715,0.2214466338760342,0.12762229734340239,0.19583286086141766,0.8415528655642338
synth10,hard,gauss,3004,10,64,0.1453674411969714,0.28058434643815483,0.12582966232807366,0.964659932756899,0.2298823636445569,0.01978126306487458,loss,loss|alpha=0.8,0.14524445980772469,0.21875739219660523,0.13462241950546872,0.1941419355327384,0.6747658978055083
synth10,hard,gauss,3004,10,64,0.1453674411969714,0.28058434643815483,0.12582966232807366,0.964659932756899,0.2298823636445569,0.01978126306487458,loss,loss|alpha=1.0,0.14951686919866602,0.2215801171353287,0.13910429689308243,0.19455942328607265,0.5704122880830906
synth10,hard,gauss,3004,10,64,0.1453674411969714,0.28058434643815483,0.12582966232807366,0.964659932756899,0.2298823636445569,0.01978126306487458,smoothed_loss,smoothed_loss|alpha=0.2,0.13795934923753872,0.2301496241027378,0.12463857990794631,0.2046641736489706,0.9952105942899868
synth10,hard,gauss,3004,10,64,0.1453674411969714,0.28058434643815483,0.12582966232807366,0.964659932756899,0.2298823636445569,0.01978126306487458,smoothed_loss,smoothed_loss|alpha=0.5,0.14033788324799493,0.23169586154027677,0.12713737422436047,0.2078523278891162,0.9708004196557787
synth10,hard,gauss,3004,10,64,0.1453674411969714,0.28058434643815483,0.12582966232807366,0.964659932756899,0.2298823636445569,0.01978126306487458,smoothed_loss,smoothed_loss|alpha=0.8,0.1417138648336923,0.2326956270591636,0.12856771607149975,0.21003698919443609,0.9285057343050774
synth10,hard,gauss,3004,10,64,0.1453674411969714,0.28058434643815483,0.12582966232807366,0.964659932756899,0.2298823636445569,0.01978126306487458,smoothed_loss,smoothed_loss|alpha=1.0,0.1445095747812026,0.231190983161444,0.13198479331281296,0.21052804610560114,0.8926089954223503
synth10,hard,gauss,3004,10,64,0.1453674411969714,0.28058434643815483,0.12582966232807366,0.964659932756899,0.2298823636445569,0.01978126306487458,jtt,"jtt|q=0.1,lam=2",0.1369141826329457,0.22471922385720022,0.12422704505977013,0.1951616589855017,0.9307692307692302
synth10,hard,gauss,3004,10,64,0.1453674411969714,0.28058434643815483,0.12582966232807366,0.964659932756899,0.2298823636445569,0.01978126306487458,jtt,"jtt|q=0.1,lam=5",0.1435208675709986,0.22451944844538363,0.13181720996253954,0.19512995450451057,0.576470588235294
synth10,hard,gauss,3004,10,64,0.1453674411969714,0.28058434643815483,0.12582966232807366,0.964659932756899,0.2298823636445569,0.01978126306487458,jtt,"jtt|q=0.1,lam=10",0.1565852892528823,0.234402867131413,0.145341261547973,0.20115842618262472,0.3311926605504589
synth10,hard,gauss,3004,10,64,0.1453674411969714,0.28058434643815483,0.12582966232807366,0.964659932756899,0.2298823636445569,0.01978126306487458,jtt,"jtt|q=0.1,lam=20",0.17067983927348235,0.24799717775383612,0.15950809222553425,0.21502789532095654,0.20562347188264063
synth10,hard,gauss,3004,10,64,0.1453674411969714,0.28058434643815483,0.12582966232807366,0.964659932756899,0.2298823636445569,0.01978126306487458,jtt,"jtt|q=0.2,lam=2",0.13599834074849232,0.22048755399197256,0.12379031422833282,0.19597856572567324,0.8999999999999998
synth10,hard,gauss,3004,10,64,0.1453674411969714,0.28058434643815483,0.12582966232807366,0.964659932756899,0.2298823636445569,0.01978126306487458,jtt,"jtt|q=0.2,lam=5",0.14885099811350455,0.22325606360791872,0.13810005159714425,0.200411132798204,0.5586206896551722
synth10,hard,gauss,3004,10,64,0.1453674411969714,0.28058434643815483,0.12582966232807366,0.964659932756899,0.2298823636445569,0.01978126306487458,jtt,"jtt|q=0.2,lam=10",0.15726478734048296,0.23916514607522377,0.14543082992673645,0.20778662566164782,0.3769230769230769
synth10,hard,gauss,3004,10,64,0.1453674411969714,0.28058434643815483,0.12582966232807366,0.964659932756899,0.2298823636445569,0.01978126306487458,jtt,"jtt|q=0.2,lam=20",0.18002554219758538,0.2541372531703907,0.16931698310137175,0.22719743098724052,0.28514851485148507
synth10,hard,gauss,3004,10,64,0.1453674411969714,0.28058434643815483,0.12582966232807366,0.964659932756899,0.2298823636445569,0.01978126306487458,density,density|alpha=0.2,0.13806839111491143,0.232283688185467,0.12445502201029615,0.20675796641181607,0.9996639126030512
synth10,hard,gauss,3004,10,64,0.1453674411969714,0.28058434643815483,0.12582966232807366,0.964659932756899,0.2298823636445569,0.01978126306487458,density,density|alpha=0.5,0.13802758229731865,0.233228272721756,0.12427183160652011,0.2078198969954939,0.9979031535682816
synth10,hard,gauss,3004,10,64,0.1453674411969714,0.28058434643815483,0.12582966232807366,0.964659932756899,0.2298823636445569,0.01978126306487458,density,density|alpha=0.8,0.13823089886642106,0.23395858648226897,0.12439900122807966,0.2086337957407413,0.994649574805964
synth10,hard,gauss,3004,10,64,0.1453674411969714,0.28058434643815483,0.12582966232807366,0.964659932756899,0.2298823636445569,0.01978126306487458,density,density|alpha=1.0,0.13764891055326575,0.23380562161674137,0.12375502240246314,0.20781439438948454,0.9916650456311076
synth10,hard,gauss,3003,10,63,0.14422128738989448,0.2843914876087923,0.12506190509228443,0.9435810092339945,0.13144449380388698,0.07854803514849043,uniform,uniform,0.13363356162857087,0.245321594153004,0.11836730881690494,0.20932004662758938,1.0
synth10,hard,gauss,3003,10,63,0.14422128738989448,0.2843914876087923,0.12506190509228443,0.9435810092339945,0.13144449380388698,0.07854803514849043,weakspot,"weakspot|alpha=0.2,q=0.03",0.13394555585670984,0.24339441937086115,0.11898536735136549,0.20783350031519673,0.9930319105747493
synth10,hard,gauss,3003,10,63,0.14422128738989448,0.2843914876087923,0.12506190509228443,0.9435810092339945,0.13144449380388698,0.07854803514849043,weakspot,"weakspot|alpha=0.2,q=0.1",0.13412996570745114,0.24429759498971743,0.11907153158276512,0.20785339054502697,0.9962934591910811
synth10,hard,gauss,3003,10,63,0.14422128738989448,0.2843914876087923,0.12506190509228443,0.9435810092339945,0.13144449380388698,0.07854803514849043,weakspot,"weakspot|alpha=0.2,q=0.3",0.13412147305946065,0.2438944892586217,0.11911697723911494,0.20824286534109315,0.9981333392521419
synth10,hard,gauss,3003,10,63,0.14422128738989448,0.2843914876087923,0.12506190509228443,0.9435810092339945,0.13144449380388698,0.07854803514849043,weakspot,"weakspot|alpha=0.5,q=0.03",0.1350311457795992,0.24219482397542888,0.1203833113913656,0.20705301729806064,0.9579864022497362
synth10,hard,gauss,3003,10,63,0.14422128738989448,0.2843914876087923,0.12506190509228443,0.9435810092339945,0.13144449380388698,0.07854803514849043,weakspot,"weakspot|alpha=0.5,q=0.1",0.13444696381791607,0.24273651723108308,0.11964523742071989,0.2067019841467797,0.9772763079762873
synth10,hard,gauss,3003,10,63,0.14422128738989448,0.2843914876087923,0.12506190509228443,0.9435810092339945,0.13144449380388698,0.07854803514849043,weakspot,"weakspot|alpha=0.5,q=0.3",0.13402861977856861,0.24351010251289767,0.11906397266427128,0.2071440144922147,0.9884465933520272
synth10,hard,gauss,3003,10,63,0.14422128738989448,0.2843914876087923,0.12506190509228443,0.9435810092339945,0.13144449380388698,0.07854803514849043,weakspot,"weakspot|alpha=0.8,q=0.03",0.13531440839606967,0.2389642710629122,0.12114686536033474,0.20343179944946083,0.8990608631745972
synth10,hard,gauss,3003,10,63,0.14422128738989448,0.2843914876087923,0.12506190509228443,0.9435810092339945,0.13144449380388698,0.07854803514849043,weakspot,"weakspot|alpha=0.8,q=0.1",0.13407606278001005,0.23939749404361685,0.11968003878518346,0.204413494500546,0.9438189096200423
synth10,hard,gauss,3003,10,63,0.14422128738989448,0.2843914876087923,0.12506190509228443,0.9435810092339945,0.13144449380388698,0.07854803514849043,weakspot,"weakspot|alpha=0.8,q=0.3",0.13450322245139182,0.24295358083961194,0.1196795161755368,0.20580877278052692,0.9709469119210798
synth10,hard,gauss,3003,10,63,0.14422128738989448,0.2843914876087923,0.12506190509228443,0.9435810092339945,0.13144449380388698,0.07854803514849043,weakspot,"weakspot|alpha=1.0,q=0.03",0.13689535666246572,0.24058025031602495,0.12272302536170929,0.20362854786726645,0.8507563917681036
synth10,hard,gauss,3003,10,63,0.14422128738989448,0.2843914876087923,0.12506190509228443,0.9435810092339945,0.13144449380388698,0.07854803514849043,weakspot,"weakspot|alpha=1.0,q=0.1",0.13499941859932216,0.239940785817414,0.12065534425095556,0.2034270376339466,0.9149061698719901
synth10,hard,gauss,3003,10,63,0.14422128738989448,0.2843914876087923,0.12506190509228443,0.9435810092339945,0.13144449380388698,0.07854803514849043,weakspot,"weakspot|alpha=1.0,q=0.3",0.1350061676031326,0.242425829105249,0.12032334373768278,0.20541928905834106,0.9553344898150276
synth10,hard,gauss,3003,10,63,0.14422128738989448,0.2843914876087923,0.12506190509228443,0.9435810092339945,0.13144449380388698,0.07854803514849043,weakspot_emb,"weakspot_emb|alpha=0.2,q=0.03",0.1344156135262984,0.24184507066488198,0.11973145072900979,0.20376376248693956,0.9916152356951814
synth10,hard,gauss,3003,10,63,0.14422128738989448,0.2843914876087923,0.12506190509228443,0.9435810092339945,0.13144449380388698,0.07854803514849043,weakspot_emb,"weakspot_emb|alpha=0.2,q=0.1",0.13397098768373233,0.2438498108881685,0.1189520294679512,0.20579734273259717,0.995209967462801
synth10,hard,gauss,3003,10,63,0.14422128738989448,0.2843914876087923,0.12506190509228443,0.9435810092339945,0.13144449380388698,0.07854803514849043,weakspot_emb,"weakspot_emb|alpha=0.2,q=0.3",0.1342173325928061,0.24427290738160107,0.11917421481121748,0.20622530740447176,0.997594138836981
synth10,hard,gauss,3003,10,63,0.14422128738989448,0.2843914876087923,0.12506190509228443,0.9435810092339945,0.13144449380388698,0.07854803514849043,weakspot_emb,"weakspot_emb|alpha=0.5,q=0.03",0.1354162218556954,0.2369988622431531,0.12153124031935919,0.19891125882095861,0.9498048157385475
synth10,hard,gauss,3003,10,63,0.14422128738989448,0.2843914876087923,0.12506190509228443,0.9435810092339945,0.13144449380388698,0.07854803514849043,weakspot_emb,"weakspot_emb|alpha=0.5,q=0.1",0.13508911528175524,0.24086136128887786,0.12063147097103458,0.2024316738567907,0.9707966918233956
synth10,hard,gauss,3003,10,63,0.14422128738989448,0.2843914876087923,0.12506190509228443,0.9435810092339945,0.13144449380388698,0.07854803514849043,weakspot_emb,"weakspot_emb|alpha=0.5,q=0.3",0.13472382532662977,0.24247851329262124,0.11999520784676561,0.20357755449978146,0.9851509230235546
synth10,hard,gauss,3003,10,63,0.14422128738989448,0.2843914876087923,0.12506190509228443,0.9435810092339945,0.13144449380388698,0.07854803514849043,weakspot_emb,"weakspot_emb|alpha=0.8,q=0.03",0.13777028260399118,0.23764513971007548,0.1241187320873596,0.19630526349753188,0.8808317379690666
synth10,hard,gauss,3003,10,63,0.14422128738989448,0.2843914876087923,0.12506190509228443,0.9435810092339945,0.13144449380388698,0.07854803514849043,weakspot_emb,"weakspot_emb|alpha=0.8,q=0.1",0.13630996565082815,0.23823121585597162,0.1223787007037767,0.19930755331884684,0.9284970045271491
synth10,hard,gauss,3003,10,63,0.14422128738989448,0.2843914876087923,0.12506190509228443,0.9435810092339945,0.13144449380388698,0.07854803514849043,weakspot_emb,"weakspot_emb|alpha=0.8,q=0.3",0.13516586125678526,0.23944824629483352,0.12091186091484121,0.20087523475674363,0.9628469959352313
synth10,hard,gauss,3003,10,63,0.14422128738989448,0.2843914876087923,0.12506190509228443,0.9435810092339945,0.13144449380388698,0.07854803514849043,weakspot_emb,"weakspot_emb|alpha=1.0,q=0.03",0.13862504255608082,0.2363554320404241,0.12526661193886882,0.192117641979695,0.8254969075876788
synth10,hard,gauss,3003,10,63,0.14422128738989448,0.2843914876087923,0.12506190509228443,0.9435810092339945,0.13144449380388698,0.07854803514849043,weakspot_emb,"weakspot_emb|alpha=1.0,q=0.1",0.1372910717847832,0.23675035596275626,0.1236963245015763,0.1955682533463336,0.8925963895034172
synth10,hard,gauss,3003,10,63,0.14422128738989448,0.2843914876087923,0.12506190509228443,0.9435810092339945,0.13144449380388698,0.07854803514849043,weakspot_emb,"weakspot_emb|alpha=1.0,q=0.3",0.13575502673874718,0.2384214850860405,0.12172190185524384,0.19924977373419764,0.9431367906141144
synth10,hard,gauss,3003,10,63,0.14422128738989448,0.2843914876087923,0.12506190509228443,0.9435810092339945,0.13144449380388698,0.07854803514849043,loss,loss|alpha=0.2,0.13939803681214374,0.2391135218231308,0.12576827031874085,0.19877141120022848,0.9681045301421827
synth10,hard,gauss,3003,10,63,0.14422128738989448,0.2843914876087923,0.12506190509228443,0.9435810092339945,0.13144449380388698,0.07854803514849043,loss,loss|alpha=0.5,0.14507038287559937,0.2374852694855411,0.1324385100539506,0.201673048897707,0.8292462385146145
synth10,hard,gauss,3003,10,63,0.14422128738989448,0.2843914876087923,0.12506190509228443,0.9435810092339945,0.13144449380388698,0.07854803514849043,loss,loss|alpha=0.8,0.14717758328699415,0.24176597470953973,0.13424862157223302,0.20075889349157927,0.6548184149137884
synth10,hard,gauss,3003,10,63,0.14422128738989448,0.2843914876087923,0.12506190509228443,0.9435810092339945,0.13144449380388698,0.07854803514849043,loss,loss|alpha=1.0,0.15162959153063663,0.24376923015676408,0.1390353414086794,0.19755311846257495,0.5483485208793338
synth10,hard,gauss,3003,10,63,0.14422128738989448,0.2843914876087923,0.12506190509228443,0.9435810092339945,0.13144449380388698,0.07854803514849043,smoothed_loss,smoothed_loss|alpha=0.2,0.13463128154936005,0.24207200205063664,0.1199455792017857,0.2037556891636322,0.994113567632838
synth10,hard,gauss,3003,10,63,0.14422128738989448,0.2843914876087923,0.12506190509228443,0.9435810092339945,0.13144449380388698,0.07854803514849043,smoothed_loss,smoothed_loss|alpha=0.5,0.13681853115050985,0.2408701286506186,0.12259607636291328,0.20002702021482746,0.9643126707186789
synth10,hard,gauss,3003,10,63,0.14422128738989448,0.2843914876087923,0.12506190509228443,0.9435810092339945,0.13144449380388698,0.07854803514849043,smoothed_loss,smoothed_loss|alpha=0.8,0.13920547560850843,0.24106726078987809,0.12528233873091854,0.20041953926582765,0.9134584011537296
synth10,hard,gauss,3003,10,63,0.14422128738989448,0.2843914876087923,0.12506190509228443,0.9435810092339945,0.13144449380388698,0.07854803514849043,smoothed_loss,smoothed_loss|alpha=1.0,0.13970061101540285,0.2405372622835416,0.12591759616460013,0.2000551442416666,0.871055714410994
synth10,hard,gauss,3003,10,63,0.14422128738989448,0.2843914876087923,0.12506190509228443,0.9435810092339945,0.13144449380388698,0.07854803514849043,jtt,"jtt|q=0.1,lam=2",0.13734552302984293,0.23914968974482662,0.12343026182213983,0.19968649280663273,0.9307692307692305
synth10,hard,gauss,3003,10,63,0.14422128738989448,0.2843914876087923,0.12506190509228443,0.9435810092339945,0.13144449380388698,0.07854803514849043,jtt,"jtt|q=0.1,lam=5",0.1463334339205176,0.2413094351906579,0.13335149114957767,0.2084452783106305,0.576470588235294
synth10,hard,gauss,3003,10,63,0.14422128738989448,0.2843914876087923,0.12506190509228443,0.9435810092339945,0.13144449380388698,0.07854803514849043,jtt,"jtt|q=0.1,lam=10",0.1543657810020095,0.24462192312392372,0.14202897953550175,0.2099504712961056,0.3311926605504589
synth10,hard,gauss,3003,10,63,0.14422128738989448,0.2843914876087923,0.12506190509228443,0.9435810092339945,0.13144449380388698,0.07854803514849043,jtt,"jtt|q=0.1,lam=20",0.1673422616585131,0.2629627283798987,0.1542722291228534,0.21963890288117405,0.20562347188264063
synth10,hard,gauss,3003,10,63,0.14422128738989448,0.2843914876087923,0.12506190509228443,0.9435810092339945,0.13144449380388698,0.07854803514849043,jtt,"jtt|q=0.2,lam=2",0.13899309256638964,0.2402356635255543,0.12515459394991957,0.2044936848968837,0.9
synth10,hard,gauss,3003,10,63,0.14422128738989448,0.2843914876087923,0.12506190509228443,0.9435810092339945,0.13144449380388698,0.07854803514849043,jtt,"jtt|q=0.2,lam=5",0.14710767747161815,0.23886589680521328,0.13456556224017194,0.19687870645804054,0.5586206896551722
synth10,hard,gauss,3003,10,63,0.14422128738989448,0.2843914876087923,0.12506190509228443,0.9435810092339945,0.13144449380388698,0.07854803514849043,jtt,"jtt|q=0.2,lam=10",0.16084400169241256,0.24430822254660137,0.1494355645708255,0.21491790479565104,0.3769230769230771
synth10,hard,gauss,3003,10,63,0.14422128738989448,0.2843914876087923,0.12506190509228443,0.9435810092339945,0.13144449380388698,0.07854803514849043,jtt,"jtt|q=0.2,lam=20",0.17526149565651405,0.25316735558127584,0.1646128117622798,0.22271862221897737,0.28514851485148507
synth10,hard,gauss,3003,10,63,0.14422128738989448,0.2843914876087923,0.12506190509228443,0.9435810092339945,0.13144449380388698,0.07854803514849043,density,density|alpha=0.2,0.13388826655354563,0.2470944131807394,0.11841450794948762,0.21041260284733443,0.9996777104806586
synth10,hard,gauss,3003,10,63,0.14422128738989448,0.2843914876087923,0.12506190509228443,0.9435810092339945,0.13144449380388698,0.07854803514849043,density,density|alpha=0.5,0.13397274708438892,0.24718325980527742,0.11849839169400884,0.2104866901873328,0.9979890929989342
synth10,hard,gauss,3003,10,63,0.14422128738989448,0.2843914876087923,0.12506190509228443,0.9435810092339945,0.13144449380388698,0.07854803514849043,density,density|alpha=0.8,0.13438030314491672,0.24879806174992794,0.1187409334691536,0.21142790071550274,0.9948681766835908
synth10,hard,gauss,3003,10,63,0.14422128738989448,0.2843914876087923,0.12506190509228443,0.9435810092339945,0.13144449380388698,0.07854803514849043,density,density|alpha=1.0,0.1342903036541057,0.24836647644104365,0.11869762416830944,0.2106070919995142,0.9920046059771873
synth10,hard,gauss,3002,10,63,0.1460223894091328,0.269078850298919,0.1279185854411201,0.9461687249909008,0.09335607841016921,0.05988702068772842,uniform,uniform,0.13041768638447368,0.21328265289026088,0.11822676931608571,0.16670471850164423,1.0
synth10,hard,gauss,3002,10,63,0.1460223894091328,0.269078850298919,0.1279185854411201,0.9461687249909008,0.09335607841016921,0.05988702068772842,weakspot,"weakspot|alpha=0.2,q=0.03",0.13088977132084992,0.2128943282115836,0.11882543587922492,0.1667800643096455,0.992929662593444
synth10,hard,gauss,3002,10,63,0.1460223894091328,0.269078850298919,0.1279185854411201,0.9461687249909008,0.09335607841016921,0.05988702068772842,weakspot,"weakspot|alpha=0.2,q=0.1",0.13049627773350653,0.21262032847850135,0.11841436261099943,0.1660630806622208,0.9962357020882784
synth10,hard,gauss,3002,10,63,0.1460223894091328,0.269078850298919,0.1279185854411201,0.9461687249909008,0.09335607841016921,0.05988702068772842,weakspot,"weakspot|alpha=0.2,q=0.3",0.130377319462424,0.21222037981782826,0.1183367430465013,0.16618572557924513,0.9980991196612209
synth10,hard,gauss,3002,10,63,0.1460223894091328,0.269078850298919,0.1279185854411201,0.9461687249909008,0.09335607841016921,0.05988702068772842,weakspot,"weakspot|alpha=0.5,q=0.03",0.13066459576485573,0.20952247675198304,0.11906319256829814,0.164163793155599,0.9573919702292407
synth10,hard,gauss,3002,10,63,0.1460223894091328,0.269078850298919,0.1279185854411201,0.9461687249909008,0.09335607841016921,0.05988702068772842,weakspot,"weakspot|alpha=0.5,q=0.1",0.13031457571003643,0.20981795913579168,0.1186182075719772,0.16405341537808085,0.9769290786130328
synth10,hard,gauss,3002,10,63,0.1460223894091328,0.269078850298919,0.1279185854411201,0.9461687249909008,0.09335607841016921,0.05988702068772842,weakspot,"weakspot|alpha=0.5,q=0.3",0.13021269544368938,0.21038341604103902,0.11841815008480196,0.165291547070063,0.9882368892785699
synth10,hard,gauss,3002,10,63,0.1460223894091328,0.269078850298919,0.1279185854411201,0.9461687249909008,0.09335607841016921,0.05988702068772842,weakspot,"weakspot|alpha=0.8,q=0.03",0.13105158610187492,0.20961303627319472,0.11949379317446251,0.16456596311315191,0.8977217297007255
synth10,hard,gauss,3002,10,63,0.1460223894091328,0.269078850298919,0.1279185854411201,0.9461687249909008,0.09335607841016921,0.05988702068772842,weakspot,"weakspot|alpha=0.8,q=0.1",0.13084295741811897,0.21102377331217326,0.11904692686072009,0.1640297556823473,0.9429902581929384
synth10,hard,gauss,3002,10,63,0.1460223894091328,0.269078850298919,0.1279185854411201,0.9461687249909008,0.09335607841016921,0.05988702068772842,weakspot,"weakspot|alpha=0.8,q=0.3",0.13003438086907346,0.20949585798490555,0.1183441778979172,0.16318340336567883,0.9704290763889117
synth10,hard,gauss,3002,10,63,0.1460223894091328,0.269078850298919,0.1279185854411201,0.9461687249909008,0.09335607841016921,0.05988702068772842,weakspot,"weakspot|alpha=1.0,q=0.03",0.13114788655749465,0.2086023750687427,0.11975294746765518,0.16269752904555054,0.848884129450576
synth10,hard,gauss,3002,10,63,0.1460223894091328,0.269078850298919,0.1279185854411201,0.9461687249909008,0.09335607841016921,0.05988702068772842,weakspot,"weakspot|alpha=1.0,q=0.1",0.13055917248729676,0.20974723893638453,0.11890919311007221,0.16381341379091935,0.91369006371684
synth10,hard,gauss,3002,10,63,0.1460223894091328,0.269078850298919,0.1279185854411201,0.9461687249909008,0.09335607841016921,0.05988702068772842,weakspot,"weakspot|alpha=1.0,q=0.3",0.13021190554935788,0.21026257289446032,0.11843502216879072,0.16336326903091244,0.954551407588296
synth10,hard,gauss,3002,10,63,0.1460223894091328,0.269078850298919,0.1279185854411201,0.9461687249909008,0.09335607841016921,0.05988702068772842,weakspot_emb,"weakspot_emb|alpha=0.2,q=0.03",0.13125381963175145,0.21101836117615644,0.11951903046849371,0.16560615723796146,0.9893181208807853
synth10,hard,gauss,3002,10,63,0.1460223894091328,0.269078850298919,0.1279185854411201,0.9461687249909008,0.09335607841016921,0.05988702068772842,weakspot_emb,"weakspot_emb|alpha=0.2,q=0.1",0.13065641500015987,0.21068298463681073,0.11888307682304433,0.1649063992932436,0.9942442509764837
synth10,hard,gauss,3002,10,63,0.1460223894091328,0.269078850298919,0.1279185854411201,0.9461687249909008,0.09335607841016921,0.05988702068772842,weakspot_emb,"weakspot_emb|alpha=0.2,q=0.3",0.13087686135706683,0.21188958558116205,0.11895844222114463,0.16604126436355723,0.9973367895621278
synth10,hard,gauss,3002,10,63,0.1460223894091328,0.269078850298919,0.1279185854411201,0.9461687249909008,0.09335607841016921,0.05988702068772842,weakspot_emb,"weakspot_emb|alpha=0.5,q=0.03",0.13358764226039846,0.20827383977933445,0.12259996823481366,0.1659219095075588,0.9367834321210825
synth10,hard,gauss,3002,10,63,0.1460223894091328,0.269078850298919,0.1279185854411201,0.9461687249909008,0.09335607841016921,0.05988702068772842,weakspot_emb,"weakspot_emb|alpha=0.5,q=0.1",0.13193762087279165,0.20888427449077665,0.1206173933689126,0.16502620139673863,0.9650817181529064
synth10,hard,gauss,3002,10,63,0.1460223894091328,0.269078850298919,0.1279185854411201,0.9461687249909008,0.09335607841016921,0.05988702068772842,weakspot_emb,"weakspot_emb|alpha=0.5,q=0.3",0.13134453718149855,0.21057041026295883,0.11968899577318502,0.16444852989114778,0.983584454536416
synth10,hard,gauss,3002,10,63,0.1460223894091328,0.269078850298919,0.1279185854411201,0.9461687249909008,0.09335607841016921,0.05988702068772842,weakspot_emb,"weakspot_emb|alpha=0.8,q=0.03",0.13753507819898123,0.2076272986078922,0.12722326028393355,0.16922362885640382,0.8526927135078879
synth10,hard,gauss,3002,10,63,0.1460223894091328,0.269078850298919,0.1279185854411201,0.9461687249909008,0.09335607841016921,0.05988702068772842,weakspot_emb,"weakspot_emb|alpha=0.8,q=0.1",0.13540789332652495,0.20857575901768163,0.1246435930398707,0.16653550607598094,0.9152269975176192
synth10,hard,gauss,3002,10,63,0.1460223894091328,0.269078850298919,0.1279185854411201,0.9461687249909008,0.09335607841016921,0.05988702068772842,weakspot_emb,"weakspot_emb|alpha=0.8,q=0.3",0.1326499132649784,0.20920888165027657,0.12138672118535183,0.16594562491568207,0.9590254891680641
synth10,hard,gauss,3002,10,63,0.1460223894091328,0.269078850298919,0.1279185854411201,0.9461687249909008,0.09335607841016921,0.05988702068772842,weakspot_emb,"weakspot_emb|alpha=1.0,q=0.03",0.14027415228917872,0.20782459019639316,0.13033627599253375,0.1712297723288944,0.7874447656796286
synth10,hard,gauss,3002,10,63,0.1460223894091328,0.269078850298919,0.1279185854411201,0.9461687249909008,0.09335607841016921,0.05988702068772842,weakspot_emb,"weakspot_emb|alpha=1.0,q=0.1",0.1375324286939745,0.20815098127054169,0.1271431779134242,0.16797495740810753,0.8735709302818755
synth10,hard,gauss,3002,10,63,0.1460223894091328,0.269078850298919,0.1279185854411201,0.9461687249909008,0.09335607841016921,0.05988702068772842,weakspot_emb,"weakspot_emb|alpha=1.0,q=0.3",0.13359160463934328,0.2087893965801565,0.12252866593396981,0.16525756218083448,0.9374196880151991
synth10,hard,gauss,3002,10,63,0.1460223894091328,0.269078850298919,0.1279185854411201,0.9461687249909008,0.09335607841016921,0.05988702068772842,loss,loss|alpha=0.2,0.1367341074391686,0.2074179757905944,0.1263352475411814,0.1688778943237322,0.9717919732888647
synth10,hard,gauss,3002,10,63,0.1460223894091328,0.269078850298919,0.1279185854411201,0.9461687249909008,0.09335607841016921,0.05988702068772842,loss,loss|alpha=0.5,0.14196786551868956,0.21037378639759033,0.13190413239254212,0.17352728935295944,0.84644075090633
synth10,hard,gauss,3002,10,63,0.1460223894091328,0.269078850298919,0.1279185854411201,0.9461687249909008,0.09335607841016921,0.05988702068772842,loss,loss|alpha=0.8,0.14781609544351873,0.21406861563715812,0.13806916603160677,0.18390689841367816,0.6828599834795276
synth10,hard,gauss,3002,10,63,0.1460223894091328,0.269078850298919,0.1279185854411201,0.9461687249909008,0.09335607841016921,0.05988702068772842,loss,loss|alpha=1.0,0.15399990008283704,0.2166579721219096,0.14478177821416935,0.18957776475118265,0.5794849360044977
synth10,hard,gauss,3002,10,63,0.1460223894091328,0.269078850298919,0.1279185854411201,0.9461687249909008,0.09335607841016921,0.05988702068772842,smoothed_loss,smoothed_loss|alpha=0.2,0.13260498304855797,0.21050436352475912,0.12114459240207358,0.16772492954200005,0.9951566006062301
synth10,hard,gauss,3002,10,63,0.1460223894091328,0.269078850298919,0.1279185854411201,0.9461687249909008,0.09335607841016921,0.05988702068772842,smoothed_loss,smoothed_loss|alpha=0.5,0.13523948755027812,0.2071760068372023,0.12465634031936555,0.1696922681604185,0.9704793991064149
synth10,hard,gauss,3002,10,63,0.1460223894091328,0.269078850298919,0.1279185854411201,0.9461687249909008,0.09335607841016921,0.05988702068772842,smoothed_loss,smoothed_loss|alpha=0.8,0.13771845480111472,0.20625473233719177,0.1276355438816976,0.1698008652484953,0.9277543292671331
synth10,hard,gauss,3002,10,63,0.1460223894091328,0.269078850298919,0.1279185854411201,0.9461687249909008,0.09335607841016921,0.05988702068772842,smoothed_loss,smoothed_loss|alpha=1.0,0.1380050519304704,0.20652100331748158,0.1279251313507352,0.1684966400500355,0.891524391831916
synth10,hard,gauss,3002,10,63,0.1460223894091328,0.269078850298919,0.1279185854411201,0.9461687249909008,0.09335607841016921,0.05988702068772842,jtt,"jtt|q=0.1,lam=2",0.13692528497296644,0.20509811835375152,0.12689584318221717,0.16483839529642622,0.9307692307692305
synth10,hard,gauss,3002,10,63,0.1460223894091328,0.269078850298919,0.1279185854411201,0.9461687249909008,0.09335607841016921,0.05988702068772842,jtt,"jtt|q=0.1,lam=5",0.14567059370178503,0.2197265081196395,0.13477564558123462,0.1768313931059254,0.576470588235294
synth10,hard,gauss,3002,10,63,0.1460223894091328,0.269078850298919,0.1279185854411201,0.9461687249909008,0.09335607841016921,0.05988702068772842,jtt,"jtt|q=0.1,lam=10",0.15831293938894972,0.2236316895673023,0.14870338422935842,0.18871960881517608,0.3311926605504588
synth10,hard,gauss,3002,10,63,0.1460223894091328,0.269078850298919,0.1279185854411201,0.9461687249909008,0.09335607841016921,0.05988702068772842,jtt,"jtt|q=0.1,lam=20",0.17037433883284145,0.2410938882185767,0.15997022961721713,0.2040329215487016,0.20562347188264066
synth10,hard,gauss,3002,10,63,0.1460223894091328,0.269078850298919,0.1279185854411201,0.9461687249909008,0.09335607841016921,0.05988702068772842,jtt,"jtt|q=0.2,lam=2",0.13578691785359143,0.20816551730004046,0.12513873273284915,0.16857462376616822,0.9000000000000001
synth10,hard,gauss,3002,10,63,0.1460223894091328,0.269078850298919,0.1279185854411201,0.9461687249909008,0.09335607841016921,0.05988702068772842,jtt,"jtt|q=0.2,lam=5",0.14855433817244423,0.2107098205299179,0.1394101562253883,0.1825810547515911,0.5586206896551722
synth10,hard,gauss,3002,10,63,0.1460223894091328,0.269078850298919,0.1279185854411201,0.9461687249909008,0.09335607841016921,0.05988702068772842,jtt,"jtt|q=0.2,lam=10",0.1626494113550296,0.21596342891647868,0.15480596684426867,0.19641543975059045,0.37692307692307686
synth10,hard,gauss,3002,10,63,0.1460223894091328,0.269078850298919,0.1279185854411201,0.9461687249909008,0.09335607841016921,0.05988702068772842,jtt,"jtt|q=0.2,lam=20",0.18385290016664815,0.24118459915580526,0.17541838293652554,0.21440488160417104,0.2851485148514851
synth10,hard,gauss,3002,10,63,0.1460223894091328,0.269078850298919,0.1279185854411201,0.9461687249909008,0.09335607841016921,0.05988702068772842,density,density|alpha=0.2,0.13035174912294434,0.21425243787230616,0.11800845880793932,0.16761340563672547,0.9996721437613337
synth10,hard,gauss,3002,10,63,0.1460223894091328,0.269078850298919,0.1279185854411201,0.9461687249909008,0.09335607841016921,0.05988702068772842,density,density|alpha=0.5,0.1308828791746261,0.21494960314380065,0.11851516211234148,0.1683050095440942,0.9979544194541409
synth10,hard,gauss,3002,10,63,0.1460223894091328,0.269078850298919,0.1279185854411201,0.9461687249909008,0.09335607841016921,0.05988702068772842,density,density|alpha=0.8,0.13154682043566976,0.21523115139030882,0.11923536021779484,0.1685062056510997,0.99477997146516
synth10,hard,gauss,3002,10,63,0.1460223894091328,0.269078850298919,0.1279185854411201,0.9461687249909008,0.09335607841016921,0.05988702068772842,density,density|alpha=1.0,0.13162994159263666,0.21599231807913363,0.11921872876281937,0.17077796402125603,0.9918675843502961
synth10,hard,gauss,3001,10,64,0.16326693907369688,0.2908718532210877,0.1437768513220781,0.936394891543785,0.06863448447594017,0.09298430073990051,uniform,uniform,0.14334325000977258,0.2579890744179788,0.1258325044949745,0.2546786148328748,1.0
synth10,hard,gauss,3001,10,64,0.16326693907369688,0.2908718532210877,0.1437768513220781,0.936394891543785,0.06863448447594017,0.09298430073990051,weakspot,"weakspot|alpha=0.2,q=0.03",0.14358210754200607,0.2582989559777411,0.1260605139768938,0.2551675780522812,0.9921773343644811
synth10,hard,gauss,3001,10,64,0.16326693907369688,0.2908718532210877,0.1437768513220781,0.936394891543785,0.06863448447594017,0.09298430073990051,weakspot,"weakspot|alpha=0.2,q=0.1",0.14381916814946935,0.25813949852745816,0.12635813786118866,0.25496644906622606,0.9960777040713152
synth10,hard,gauss,3001,10,64,0.16326693907369688,0.2908718532210877,0.1437768513220781,0.936394891543785,0.06863448447594017,0.09298430073990051,weakspot,"weakspot|alpha=0.2,q=0.3",0.14373188429242195,0.2576636796612069,0.126330197968083,0.2540809523217775,0.9981025043037882
synth10,hard,gauss,3001,10,64,0.16326693907369688,0.2908718532210877,0.1437768513220781,0.936394891543785,0.06863448447594017,0.09298430073990051,weakspot,"weakspot|alpha=0.5,q=0.03",0.14307897054383897,0.2565020475578471,0.1257549847174919,0.2551554754854985,0.953037060486646
synth10,hard,gauss,3001,10,64,0.16326693907369688,0.2908718532210877,0.1437768513220781,0.936394891543785,0.06863448447594017,0.09298430073990051,weakspot,"weakspot|alpha=0.5,q=0.1",0.14317937368134756,0.2575671389733274,0.12570804353588666,0.2553658783956485,0.9759802660943775
synth10,hard,gauss,3001,10,64,0.16326693907369688,0.2908718532210877,0.1437768513220781,0.936394891543785,0.06863448447594017,0.09298430073990051,weakspot,"weakspot|alpha=0.5,q=0.3",0.1431601125934939,0.25866952786322434,0.1255174641517195,0.2554785566372811,0.9882576276786282
synth10,hard,gauss,3001,10,64,0.16326693907369688,0.2908718532210877,0.1437768513220781,0.936394891543785,0.06863448447594017,0.09298430073990051,weakspot,"weakspot|alpha=0.8,q=0.03",0.14364505980991418,0.25658414748674213,0.12639499742699808,0.25588703350704867,0.8879815885040236
synth10,hard,gauss,3001,10,64,0.16326693907369688,0.2908718532210877,0.1437768513220781,0.936394891543785,0.06863448447594017,0.09298430073990051,weakspot,"weakspot|alpha=0.8,q=0.1",0.14332513587376963,0.25678084321589484,0.1259961661644537,0.2554918726655064,0.9407303610918075
synth10,hard,gauss,3001,10,64,0.16326693907369688,0.2908718532210877,0.1437768513220781,0.936394891543785,0.06863448447594017,0.09298430073990051,weakspot,"weakspot|alpha=0.8,q=0.3",0.14309178408518902,0.25694987506969025,0.12570135520283007,0.25476858995079765,0.9704802722072148
synth10,hard,gauss,3001,10,64,0.16326693907369688,0.2908718532210877,0.1437768513220781,0.936394891543785,0.06863448447594017,0.09298430073990051,weakspot,"weakspot|alpha=1.0,q=0.03",0.14380266365776162,0.2540196103100015,0.12696837497600744,0.2532716550835501,0.8353461310158165
synth10,hard,gauss,3001,10,64,0.16326693907369688,0.2908718532210877,0.1437768513220781,0.936394891543785,0.06863448447594017,0.09298430073990051,weakspot,"weakspot|alpha=1.0,q=0.1",0.14381757722058255,0.2563970689810639,0.12662243870961568,0.25596356372186935,0.9103790765765335
synth10,hard,gauss,3001,10,64,0.16326693907369688,0.2908718532210877,0.1437768513220781,0.936394891543785,0.06863448447594017,0.09298430073990051,weakspot,"weakspot|alpha=1.0,q=0.3",0.14336227505233887,0.2563574838702514,0.1261036408524848,0.2549216521158867,0.9546288070358617
synth10,hard,gauss,3001,10,64,0.16326693907369688,0.2908718532210877,0.1437768513220781,0.936394891543785,0.06863448447594017,0.09298430073990051,weakspot_emb,"weakspot_emb|alpha=0.2,q=0.03",0.14494691347559543,0.25265437500286175,0.1284959179109121,0.24923947591998846,0.9762473578443284
synth10,hard,gauss,3001,10,64,0.16326693907369688,0.2908718532210877,0.1437768513220781,0.936394891543785,0.06863448447594017,0.09298430073990051,weakspot_emb,"weakspot_emb|alpha=0.2,q=0.1",0.1447834601829427,0.254947024695354,0.12795732496923146,0.251928864673793,0.9905087324794589
synth10,hard,gauss,3001,10,64,0.16326693907369688,0.2908718532210877,0.1437768513220781,0.936394891543785,0.06863448447594017,0.09298430073990051,weakspot_emb,"weakspot_emb|alpha=0.2,q=0.3",0.14412781470304079,0.2562916549186543,0.12699616187471943,0.25258694951798305,0.9970013066931218
synth10,hard,gauss,3001,10,64,0.16326693907369688,0.2908718532210877,0.1437768513220781,0.936394891543785,0.06863448447594017,0.09298430073990051,weakspot_emb,"weakspot_emb|alpha=0.5,q=0.03",0.14520852511322313,0.2478741050747846,0.12952761520554942,0.24331416692639266,0.868005839364208
synth10,hard,gauss,3001,10,64,0.16326693907369688,0.2908718532210877,0.1437768513220781,0.936394891543785,0.06863448447594017,0.09298430073990051,weakspot_emb,"weakspot_emb|alpha=0.5,q=0.1",0.1448068231881485,0.2512052626911275,0.12855576470498456,0.24726107852117005,0.9434951660943314
synth10,hard,gauss,3001,10,64,0.16326693907369688,0.2908718532210877,0.1437768513220781,0.936394891543785,0.06863448447594017,0.09298430073990051,weakspot_emb,"weakspot_emb|alpha=0.5,q=0.3",0.14469243379388974,0.25401631380228573,0.1279945501038465,0.24992068316848903,0.9815486490309443
synth10,hard,gauss,3001,10,64,0.16326693907369688,0.2908718532210877,0.1437768513220781,0.936394891543785,0.06863448447594017,0.09298430073990051,weakspot_emb,"weakspot_emb|alpha=0.8,q=0.03",0.1473458100547426,0.24520265262121724,0.1323993758875289,0.23814353818357276,0.7197926862889589
synth10,hard,gauss,3001,10,64,0.16326693907369688,0.2908718532210877,0.1437768513220781,0.936394891543785,0.06863448447594017,0.09298430073990051,weakspot_emb,"weakspot_emb|alpha=0.8,q=0.1",0.14565148760966742,0.24831393493271503,0.12997105617415872,0.24408752734334424,0.8670654765439046
synth10,hard,gauss,3001,10,64,0.16326693907369688,0.2908718532210877,0.1437768513220781,0.936394891543785,0.06863448447594017,0.09298430073990051,weakspot_emb,"weakspot_emb|alpha=0.8,q=0.3",0.14440230227711248,0.25133666315962094,0.12806938836710396,0.24736925676120156,0.954086131253496
synth10,hard,gauss,3001,10,64,0.16326693907369688,0.2908718532210877,0.1437768513220781,0.936394891543785,0.06863448447594017,0.09298430073990051,weakspot_emb,"weakspot_emb|alpha=1.0,q=0.03",0.1514527005876223,0.24744160289422665,0.13679157141687295,0.23869229771038206,0.6217884899087155
synth10,hard,gauss,3001,10,64,0.16326693907369688,0.2908718532210877,0.1437768513220781,0.936394891543785,0.06863448447594017,0.09298430073990051,weakspot_emb,"weakspot_emb|alpha=1.0,q=0.1",0.14552519625718616,0.24726575351501337,0.1299855722379791,0.23998856216855177,0.8067408866748994
synth10,hard,gauss,3001,10,64,0.16326693907369688,0.2908718532210877,0.1437768513220781,0.936394891543785,0.06863448447594017,0.09298430073990051,weakspot_emb,"weakspot_emb|alpha=1.0,q=0.3",0.14451954324763935,0.2500253667598568,0.12840482092444763,0.2458061876344061,0.9300657408071603
synth10,hard,gauss,3001,10,64,0.16326693907369688,0.2908718532210877,0.1437768513220781,0.936394891543785,0.06863448447594017,0.09298430073990051,loss,loss|alpha=0.2,0.14479055810026073,0.2572040577075545,0.12762077285764814,0.2543575317027495,0.9730040165462606
synth10,hard,gauss,3001,10,64,0.16326693907369688,0.2908718532210877,0.1437768513220781,0.936394891543785,0.06863448447594017,0.09298430073990051,loss,loss|alpha=0.5,0.1441892084091589,0.2509638214117417,0.12788069403124278,0.24754035528106574,0.8522198267511637
synth10,hard,gauss,3001,10,64,0.16326693907369688,0.2908718532210877,0.1437768513220781,0.936394891543785,0.06863448447594017,0.09298430073990051,loss,loss|alpha=0.8,0.14865425932196374,0.254721926797242,0.13245372221478868,0.24961285232292105,0.6925592469680171
synth10,hard,gauss,3001,10,64,0.16326693907369688,0.2908718532210877,0.1437768513220781,0.936394891543785,0.06863448447594017,0.09298430073990051,loss,loss|alpha=1.0,0.15267082196727028,0.2594723693942522,0.1363581936859157,0.25670279303375515,0.5904495959836544
synth10,hard,gauss,3001,10,64,0.16326693907369688,0.2908718532210877,0.1437768513220781,0.936394891543785,0.06863448447594017,0.09298430073990051,smoothed_loss,smoothed_loss|alpha=0.2,0.14355203831402527,0.2572272392583203,0.12618954364530008,0.25469307622810045,0.9957355627034298
synth10,hard,gauss,3001,10,64,0.16326693907369688,0.2908718532210877,0.1437768513220781,0.936394891543785,0.06863448447594017,0.09298430073990051,smoothed_loss,smoothed_loss|alpha=0.5,0.14404873534341067,0.2544855927791521,0.12718085798290837,0.2526364316931595,0.9739309094080291
synth10,hard,gauss,3001,10,64,0.16326693907369688,0.2908718532210877,0.1437768513220781,0.936394891543785,0.06863448447594017,0.09298430073990051,smoothed_loss,smoothed_loss|alpha=0.8,0.14624741794331075,0.2565503592316366,0.12939999463414287,0.2553845256691426,0.9358711078471432
synth10,hard,gauss,3001,10,64,0.16326693907369688,0.2908718532210877,0.1437768513220781,0.936394891543785,0.06863448447594017,0.09298430073990051,smoothed_loss,smoothed_loss|alpha=1.0,0.14666961754960484,0.2549125332390805,0.13013683791980016,0.2538831229768126,0.9032872759278179
synth10,hard,gauss,3001,10,64,0.16326693907369688,0.2908718532210877,0.1437768513220781,0.936394891543785,0.06863448447594017,0.09298430073990051,jtt,"jtt|q=0.1,lam=2",0.1450664068754295,0.2566580802819037,0.12802214551939742,0.2554127690017849,0.9307692307692305
synth10,hard,gauss,3001,10,64,0.16326693907369688,0.2908718532210877,0.1437768513220781,0.936394891543785,0.06863448447594017,0.09298430073990051,jtt,"jtt|q=0.1,lam=5",0.14994044801765993,0.2626505393917069,0.1327253620152839,0.25558155701872426,0.5764705882352938
synth10,hard,gauss,3001,10,64,0.16326693907369688,0.2908718532210877,0.1437768513220781,0.936394891543785,0.06863448447594017,0.09298430073990051,jtt,"jtt|q=0.1,lam=10",0.1583938172162412,0.27186389647452613,0.14106265237275678,0.26225776263273876,0.3311926605504587
synth10,hard,gauss,3001,10,64,0.16326693907369688,0.2908718532210877,0.1437768513220781,0.936394891543785,0.06863448447594017,0.09298430073990051,jtt,"jtt|q=0.1,lam=20",0.16989045705295608,0.28153724680289466,0.1528377773505159,0.2728945442511143,0.20562347188264063
synth10,hard,gauss,3001,10,64,0.16326693907369688,0.2908718532210877,0.1437768513220781,0.936394891543785,0.06863448447594017,0.09298430073990051,jtt,"jtt|q=0.2,lam=2",0.14143621636856493,0.2478930076111191,0.12517624537186356,0.24663358955048345,0.9000000000000001
synth10,hard,gauss,3001,10,64,0.16326693907369688,0.2908718532210877,0.1437768513220781,0.936394891543785,0.06863448447594017,0.09298430073990051,jtt,"jtt|q=0.2,lam=5",0.1480518217689175,0.2490619718821946,0.1326237584951317,0.24676573117995435,0.5586206896551724
synth10,hard,gauss,3001,10,64,0.16326693907369688,0.2908718532210877,0.1437768513220781,0.936394891543785,0.06863448447594017,0.09298430073990051,jtt,"jtt|q=0.2,lam=10",0.15812526029662763,0.2583000640994914,0.1428247859405706,0.25128123722874696,0.3769230769230771
synth10,hard,gauss,3001,10,64,0.16326693907369688,0.2908718532210877,0.1437768513220781,0.936394891543785,0.06863448447594017,0.09298430073990051,jtt,"jtt|q=0.2,lam=20",0.17149968392023782,0.27242540383713854,0.15608451632486103,0.25945018173402046,0.28514851485148507
synth10,hard,gauss,3001,10,64,0.16326693907369688,0.2908718532210877,0.1437768513220781,0.936394891543785,0.06863448447594017,0.09298430073990051,density,density|alpha=0.2,0.14316331897624476,0.2579655639520353,0.12562868213556208,0.2543454832630018,0.9996778952484414
synth10,hard,gauss,3001,10,64,0.16326693907369688,0.2908718532210877,0.1437768513220781,0.936394891543785,0.06863448447594017,0.09298430073990051,density,density|alpha=0.5,0.14342248211338854,0.257704160688429,0.12596735541460707,0.2540244613009422,0.9979902439007015
synth10,hard,gauss,3001,10,64,0.16326693907369688,0.2908718532210877,0.1437768513220781,0.936394891543785,0.06863448447594017,0.09298430073990051,density,density|alpha=0.8,0.14347053446766952,0.2585909074532368,0.12588730746987395,0.2547375646091894,0.9948711045987474
synth10,hard,gauss,3001,10,64,0.16326693907369688,0.2908718532210877,0.1437768513220781,0.936394891543785,0.06863448447594017,0.09298430073990051,density,density|alpha=1.0,0.1435403789061042,0.2587851364597201,0.12593815368898126,0.2549168125589228,0.992009154553927
synth10,hard,gauss,3000,10,63,0.1596130596060721,0.28874758070502826,0.14099641239958643,0.9504957404491927,0.08184824286239205,0.08421821211311464,uniform,uniform,0.14261728060578346,0.24096394261607845,0.1284391577072741,0.22356255304704034,1.0
synth10,hard,gauss,3000,10,63,0.1596130596060721,0.28874758070502826,0.14099641239958643,0.9504957404491927,0.08184824286239205,0.08421821211311464,weakspot,"weakspot|alpha=0.2,q=0.03",0.14220810634001918,0.23742410307353592,0.12848131504891722,0.21799463422053122,0.9925209362451533
synth10,hard,gauss,3000,10,63,0.1596130596060721,0.28874758070502826,0.14099641239958643,0.9504957404491927,0.08184824286239205,0.08421821211311464,weakspot,"weakspot|alpha=0.2,q=0.1",0.14252756463450714,0.23861301881145375,0.12867542821998168,0.21966235879464843,0.9960405159429384
synth10,hard,gauss,3000,10,63,0.1596130596060721,0.28874758070502826,0.14099641239958643,0.9504957404491927,0.08184824286239205,0.08421821211311464,weakspot,"weakspot|alpha=0.2,q=0.3",0.1424589207121874,0.23935974477123495,0.12848923669452153,0.22087787287126928,0.9981206899549449
synth10,hard,gauss,3000,10,63,0.1596130596060721,0.28874758070502826,0.14099641239958643,0.9504957404491927,0.08184824286239205,0.08421821211311464,weakspot,"weakspot|alpha=0.5,q=0.03",0.14176503331448442,0.23373357712799983,0.12850641029331397,0.21338714741410963,0.9550219196667201
synth10,hard,gauss,3000,10,63,0.1596130596060721,0.28874758070502826,0.14099641239958643,0.9504957404491927,0.08184824286239205,0.08421821211311464,weakspot,"weakspot|alpha=0.5,q=0.1",0.1419229750003314,0.2346432192738634,0.12855598326295722,0.21476891342243534,0.9757571674651926
synth10,hard,gauss,3000,10,63,0.1596130596060721,0.28874758070502826,0.14099641239958643,0.9504957404491927,0.08184824286239205,0.08421821211311464,weakspot,"weakspot|alpha=0.5,q=0.3",0.14236282719858975,0.2366617623599263,0.1287682438686945,0.2172035090392398,0.9883690673929352
synth10,hard,gauss,3000,10,63,0.1596130596060721,0.28874758070502826,0.14099641239958643,0.9504957404491927,0.08184824286239205,0.08421821211311464,weakspot,"weakspot|alpha=0.8,q=0.03",0.14284318618946734,0.23319427468878098,0.1298177432250354,0.21225988964820125,0.8924055645575638
synth10,hard,gauss,3000,10,63,0.1596130596060721,0.28874758070502826,0.14099641239958643,0.9504957404491927,0.08184824286239205,0.08421821211311464,weakspot,"weakspot|alpha=0.8,q=0.1",0.14156244120772554,0.23351315339824688,0.12830638887819962,0.21329682886992402,0.9401999172036601
synth10,hard,gauss,3000,10,63,0.1596130596060721,0.28874758070502826,0.14099641239958643,0.9504957404491927,0.08184824286239205,0.08421821211311464,weakspot,"weakspot|alpha=0.8,q=0.3",0.14219079036450266,0.234872031433916,0.1288294215146788,0.2148522645845596,0.9707554333958546
synth10,hard,gauss,3000,10,63,0.1596130596060721,0.28874758070502826,0.14099641239958643,0.9504957404491927,0.08184824286239205,0.08421821211311464,weakspot,"weakspot|alpha=1.0,q=0.03",0.14352137562627187,0.23331558821830714,0.13057621454320956,0.2114801188098402,0.8414777571829865
synth10,hard,gauss,3000,10,63,0.1596130596060721,0.28874758070502826,0.14099641239958643,0.9504957404491927,0.08184824286239205,0.08421821211311464,weakspot,"weakspot|alpha=1.0,q=0.1",0.14212401782496697,0.23303094089918336,0.12901844310259714,0.21183210749412795,0.9096031005461477
synth10,hard,gauss,3000,10,63,0.1596130596060721,0.28874758070502826,0.14099641239958643,0.9504957404491927,0.08184824286239205,0.08421821211311464,weakspot,"weakspot|alpha=1.0,q=0.3",0.14206986110363298,0.23364585658713155,0.12886782971814006,0.21369391139261584,0.9550448795022938
synth10,hard,gauss,3000,10,63,0.1596130596060721,0.28874758070502826,0.14099641239958643,0.9504957404491927,0.08184824286239205,0.08421821211311464,weakspot_emb,"weakspot_emb|alpha=0.2,q=0.03",0.14264207618514507,0.2368175875638875,0.12906528621521196,0.21724282721559413,0.9851109680583916
synth10,hard,gauss,3000,10,63,0.1596130596060721,0.28874758070502826,0.14099641239958643,0.9504957404491927,0.08184824286239205,0.08421821211311464,weakspot_emb,"weakspot_emb|alpha=0.2,q=0.1",0.143303371614508,0.23898611621800323,0.12950929172887826,0.22015162666327903,0.9926558046563013
synth10,hard,gauss,3000,10,63,0.1596130596060721,0.28874758070502826,0.14099641239958643,0.9504957404491927,0.08184824286239205,0.08421821211311464,weakspot_emb,"weakspot_emb|alpha=0.2,q=0.3",0.14323424920792888,0.2409463976100673,0.12914760081128193,0.2215597619857915,0.9970912993064265
synth10,hard,gauss,3000,10,63,0.1596130596060721,0.28874758070502826,0.14099641239958643,0.9504957404491927,0.08184824286239205,0.08421821211311464,weakspot_emb,"weakspot_emb|alpha=0.5,q=0.03",0.14363398330499788,0.2316799088589456,0.1309408636027125,0.21485911691543666,0.913690167122533
synth10,hard,gauss,3000,10,63,0.1596130596060721,0.28874758070502826,0.14099641239958643,0.9504957404491927,0.08184824286239205,0.08421821211311464,weakspot_emb,"weakspot_emb|alpha=0.5,q=0.1",0.14257983379782282,0.23340336445954357,0.12948628132256332,0.21542598639480293,0.955802888268352
synth10,hard,gauss,3000,10,63,0.1596130596060721,0.28874758070502826,0.14099641239958643,0.9504957404491927,0.08184824286239205,0.08421821211311464,weakspot_emb,"weakspot_emb|alpha=0.5,q=0.3",0.1428153590204943,0.23815586292890661,0.12907061818243945,0.21878191863494095,0.9820940565730084
synth10,hard,gauss,3000,10,63,0.1596130596060721,0.28874758070502826,0.14099641239958643,0.9504957404491927,0.08184824286239205,0.08421821211311464,weakspot_emb,"weakspot_emb|alpha=0.8,q=0.03",0.14577486578260976,0.22935213153844228,0.13372596934641423,0.21160785678070348,0.8052664088216474
synth10,hard,gauss,3000,10,63,0.1596130596060721,0.28874758070502826,0.14099641239958643,0.9504957404491927,0.08184824286239205,0.08421821211311464,weakspot_emb,"weakspot_emb|alpha=0.8,q=0.1",0.1447223306211276,0.23199941016735567,0.13214005141881097,0.2144165732601991,0.8941532613751375
synth10,hard,gauss,3000,10,63,0.1596130596060721,0.28874758070502826,0.14099641239958643,0.9504957404491927,0.08184824286239205,0.08421821211311464,weakspot_emb,"weakspot_emb|alpha=0.8,q=0.3",0.14279252459022485,0.2343037804069937,0.1295998263832307,0.21634993912353717,0.9554064291593233
synth10,hard,gauss,3000,10,63,0.1596130596060721,0.28874758070502826,0.14099641239958643,0.9504957404491927,0.08184824286239205,0.08421821211311464,weakspot_emb,"weakspot_emb|alpha=1.0,q=0.03",0.14784654200896535,0.22900801540347504,0.13614591769808637,0.21365566649100856,0.7257675414827376
synth10,hard,gauss,3000,10,63,0.1596130596060721,0.28874758070502826,0.14099641239958643,0.9504957404491927,0.08184824286239205,0.08421821211311464,weakspot_emb,"weakspot_emb|alpha=1.0,q=0.1",0.14570749654675763,0.2284616318544284,0.13377726651384397,0.21266109072004113,0.8439079997939746
synth10,hard,gauss,3000,10,63,0.1596130596060721,0.28874758070502826,0.14099641239958643,0.9504957404491927,0.08184824286239205,0.08421821211311464,weakspot_emb,"weakspot_emb|alpha=1.0,q=0.3",0.14294305858404244,0.23252550251023266,0.13002842707980905,0.21510253897818893,0.9320275583750273
synth10,hard,gauss,3000,10,63,0.1596130596060721,0.28874758070502826,0.14099641239958643,0.9504957404491927,0.08184824286239205,0.08421821211311464,loss,loss|alpha=0.2,0.14380174201474938,0.23549289452978844,0.13058310904347373,0.21753266133320473,0.9700177068755726
synth10,hard,gauss,3000,10,63,0.1596130596060721,0.28874758070502826,0.14099641239958643,0.9504957404491927,0.08184824286239205,0.08421821211311464,loss,loss|alpha=0.5,0.14375263842569017,0.22928417168895615,0.13142200548384633,0.21191247412942654,0.8380955655797284
synth10,hard,gauss,3000,10,63,0.1596130596060721,0.28874758070502826,0.14099641239958643,0.9504957404491927,0.08184824286239205,0.08421821211311464,loss,loss|alpha=0.8,0.14661491697484894,0.2204435834726296,0.1359714250083497,0.2024609723335152,0.6691002910410752
synth10,hard,gauss,3000,10,63,0.1596130596060721,0.28874758070502826,0.14099641239958643,0.9504957404491927,0.08184824286239205,0.08421821211311464,loss,loss|alpha=1.0,0.15363422413344546,0.22498602282678556,0.14334780921884493,0.20776851116885545,0.5641031575474843
synth10,hard,gauss,3000,10,63,0.1596130596060721,0.28874758070502826,0.14099641239958643,0.9504957404491927,0.08184824286239205,0.08421821211311464,smoothed_loss,smoothed_loss|alpha=0.2,0.14282119412364164,0.23763073307074056,0.12915299972165714,0.21893864310257904,0.9938577770995753
synth10,hard,gauss,3000,10,63,0.1596130596060721,0.28874758070502826,0.14099641239958643,0.9504957404491927,0.08184824286239205,0.08421821211311464,smoothed_loss,smoothed_loss|alpha=0.5,0.14379223816845896,0.2376508369388199,0.13026113582856713,0.21981151387580242,0.9628103492751378
synth10,hard,gauss,3000,10,63,0.1596130596060721,0.28874758070502826,0.14099641239958643,0.9504957404491927,0.08184824286239205,0.08421821211311464,smoothed_loss,smoothed_loss|alpha=0.8,0.14390645440125094,0.2357530162024246,0.13066541688758057,0.21880420947430146,0.9100150480789543
synth10,hard,gauss,3000,10,63,0.1596130596060721,0.28874758070502826,0.14099641239958643,0.9504957404491927,0.08184824286239205,0.08421821211311464,smoothed_loss,smoothed_loss|alpha=1.0,0.1444176609928828,0.2333814657638807,0.13159221545381442,0.21683584743548498,0.8661724019833138
synth10,hard,gauss,3000,10,63,0.1596130596060721,0.28874758070502826,0.14099641239958643,0.9504957404491927,0.08184824286239205,0.08421821211311464,jtt,"jtt|q=0.1,lam=2",0.14463483765254864,0.23386493879198564,0.13177100156150853,0.2155221517263417,0.9307692307692306
synth10,hard,gauss,3000,10,63,0.1596130596060721,0.28874758070502826,0.14099641239958643,0.9504957404491927,0.08184824286239205,0.08421821211311464,jtt,"jtt|q=0.1,lam=5",0.14974258970036913,0.22063241310262297,0.13952277534260715,0.2030193509370629,0.576470588235294
synth10,hard,gauss,3000,10,63,0.1596130596060721,0.28874758070502826,0.14099641239958643,0.9504957404491927,0.08184824286239205,0.08421821211311464,jtt,"jtt|q=0.1,lam=10",0.15891040117438587,0.22237280658508282,0.1497613587467568,0.2005920932480372,0.3311926605504589
synth10,hard,gauss,3000,10,63,0.1596130596060721,0.28874758070502826,0.14099641239958643,0.9504957404491927,0.08184824286239205,0.08421821211311464,jtt,"jtt|q=0.1,lam=20",0.18084589535219892,0.2299587006717547,0.17376555957386475,0.2075746203884733,0.20562347188264063
synth10,hard,gauss,3000,10,63,0.1596130596060721,0.28874758070502826,0.14099641239958643,0.9504957404491927,0.08184824286239205,0.08421821211311464,jtt,"jtt|q=0.2,lam=2",0.14539880460598767,0.23652818415417923,0.1322611594994978,0.21991452203882023,0.9000000000000004
synth10,hard,gauss,3000,10,63,0.1596130596060721,0.28874758070502826,0.14099641239958643,0.9504957404491927,0.08184824286239205,0.08421821211311464,jtt,"jtt|q=0.2,lam=5",0.15555698870587537,0.23476845673497773,0.14413748644996358,0.21469216578043265,0.5586206896551722
synth10,hard,gauss,3000,10,63,0.1596130596060721,0.28874758070502826,0.14099641239958643,0.9504957404491927,0.08184824286239205,0.08421821211311464,jtt,"jtt|q=0.2,lam=10",0.16471937260872704,0.23233768223247497,0.15497119524878167,0.20798186727223822,0.3769230769230769
synth10,hard,gauss,3000,10,63,0.1596130596060721,0.28874758070502826,0.14099641239958643,0.9504957404491927,0.08184824286239205,0.08421821211311464,jtt,"jtt|q=0.2,lam=20",0.18029770476404383,0.2506036241091676,0.1701620687943807,0.22196380305528313,0.285148514851485
synth10,hard,gauss,3000,10,63,0.1596130596060721,0.28874758070502826,0.14099641239958643,0.9504957404491927,0.08184824286239205,0.08421821211311464,density,density|alpha=0.2,0.14283183178697106,0.24121899784218903,0.12864786963255748,0.22456469903383072,0.9996587145695152
synth10,hard,gauss,3000,10,63,0.1596130596060721,0.28874758070502826,0.14099641239958643,0.9504957404491927,0.08184824286239205,0.08421821211311464,density,density|alpha=0.5,0.14350670858390024,0.24239608983259006,0.12925034469678934,0.2243099896455254,0.9978707810842902
synth10,hard,gauss,3000,10,63,0.1596130596060721,0.28874758070502826,0.14099641239958643,0.9504957404491927,0.08184824286239205,0.08421821211311464,density,density|alpha=0.8,0.14295939858481602,0.24130931867443162,0.12878080598608427,0.22316775409039344,0.9945672449146149
synth10,hard,gauss,3000,10,63,0.1596130596060721,0.28874758070502826,0.14099641239958643,0.9504957404491927,0.08184824286239205,0.08421821211311464,density,density|alpha=1.0,0.14353179260485824,0.24192916232915515,0.12934635944094358,0.22383138364002356,0.9915371819142061
synth5,hard,gauss,3009,5,61,0.15300058413878057,0.3941366046173364,0.11949421227273979,0.9624216622550451,0.027996672566200087,0.051803283134411814,uniform,uniform,0.1342633654445072,0.344593854936572,0.10503748877248908,0.2455735951515428,1.0
synth5,hard,gauss,3009,5,61,0.15300058413878057,0.3941366046173364,0.11949421227273979,0.9624216622550451,0.027996672566200087,0.051803283134411814,weakspot,"weakspot|alpha=0.2,q=0.03",0.1363683729175533,0.33594941849665927,0.1086361547391354,0.24507449627151778,0.9484215714329229
synth5,hard,gauss,3009,5,61,0.15300058413878057,0.3941366046173364,0.11949421227273979,0.9624216622550451,0.027996672566200087,0.051803283134411814,weakspot,"weakspot|alpha=0.2,q=0.1",0.13456381448501095,0.33905338049829237,0.10614954677018146,0.242281958493458,0.9874621920188783
synth5,hard,gauss,3009,5,61,0.15300058413878057,0.3941366046173364,0.11949421227273979,0.9624216622550451,0.027996672566200087,0.051803283134411814,weakspot,"weakspot|alpha=0.2,q=0.3",0.13429594313799353,0.34230873352665875,0.10539211577191476,0.24337607536860267,0.9958125621646762
synth5,hard,gauss,3009,5,61,0.15300058413878057,0.3941366046173364,0.11949421227273979,0.9624216622550451,0.027996672566200087,0.051803283134411814,weakspot,"weakspot|alpha=0.5,q=0.03",0.14196750255084215,0.3355356912103847,0.11507078385327478,0.2476883582586445,0.746326298609876
synth5,hard,gauss,3009,5,61,0.15300058413878057,0.3941366046173364,0.11949421227273979,0.9624216622550451,0.027996672566200087,0.051803283134411814,weakspot,"weakspot|alpha=0.5,q=0.1",0.13537696504897928,0.33390919806664265,0.10779048164561378,0.24290648474069915,0.9264781640886395
synth5,hard,gauss,3009,5,61,0.15300058413878057,0.3941366046173364,0.11949421227273979,0.9624216622550451,0.027996672566200087,0.051803283134411814,weakspot,"weakspot|alpha=0.5,q=0.3",0.13492498190773802,0.33784324579625163,0.10672905002345709,0.2425102740714205,0.9743914922099638
synth5,hard,gauss,3009,5,61,0.15300058413878057,0.3941366046173364,0.11949421227273979,0.9624216622550451,0.027996672566200087,0.051803283134411814,weakspot,"weakspot|alpha=0.8,q=0.03",0.15014220646732837,0.3362244936110976,0.12428566998493672,0.24888102651471422,0.5347207394709041
synth5,hard,gauss,3009,5,61,0.15300058413878057,0.3941366046173364,0.11949421227273979,0.9624216622550451,0.027996672566200087,0.051803283134411814,weakspot,"weakspot|alpha=0.8,q=0.1",0.13869257490483483,0.33353652739104267,0.11161858606278773,0.24497859969720293,0.8311501729416089
synth5,hard,gauss,3009,5,61,0.15300058413878057,0.3941366046173364,0.11949421227273979,0.9624216622550451,0.027996672566200087,0.051803283134411814,weakspot,"weakspot|alpha=0.8,q=0.3",0.1353133175624339,0.33478555109344305,0.10759621905356928,0.24223298094774925,0.9369605982734112
synth5,hard,gauss,3009,5,61,0.15300058413878057,0.3941366046173364,0.11949421227273979,0.9624216622550451,0.027996672566200087,0.051803283134411814,weakspot,"weakspot|alpha=1.0,q=0.03",0.1595554285624994,0.3407990280152607,0.13437123820573757,0.25362747231110633,0.42380315422822523
synth5,hard,gauss,3009,5,61,0.15300058413878057,0.3941366046173364,0.11949421227273979,0.9624216622550451,0.027996672566200087,0.051803283134411814,weakspot,"weakspot|alpha=1.0,q=0.1",0.1400269517136291,0.3331552650883568,0.11319135463878083,0.24471578849326459,0.7590564850620752
synth5,hard,gauss,3009,5,61,0.15300058413878057,0.3941366046173364,0.11949421227273979,0.9624216622550451,0.027996672566200087,0.051803283134411814,weakspot,"weakspot|alpha=1.0,q=0.3",0.13640285376081135,0.3338527955015574,0.10896675707246166,0.24272709287152722,0.9048740683267242
synth5,hard,gauss,3009,5,61,0.15300058413878057,0.3941366046173364,0.11949421227273979,0.9624216622550451,0.027996672566200087,0.051803283134411814,weakspot_emb,"weakspot_emb|alpha=0.2,q=0.03",0.13544204291383494,0.3357319759862931,0.10761132328417673,0.24156973089001402,0.9749969183875926
synth5,hard,gauss,3009,5,61,0.15300058413878057,0.3941366046173364,0.11949421227273979,0.9624216622550451,0.027996672566200087,0.051803283134411814,weakspot_emb,"weakspot_emb|alpha=0.2,q=0.1",0.13463763778087365,0.33871177699392385,0.10628109451892366,0.24278613465072238,0.9913801697049593
synth5,hard,gauss,3009,5,61,0.15300058413878057,0.3941366046173364,0.11949421227273979,0.9624216622550451,0.027996672566200087,0.051803283134411814,weakspot_emb,"weakspot_emb|alpha=0.2,q=0.3",0.13469041676615778,0.34074247460466417,0.1060590374309667,0.24304723189622165,0.9967883079201858
synth5,hard,gauss,3009,5,61,0.15300058413878057,0.3941366046173364,0.11949421227273979,0.9624216622550451,0.027996672566200087,0.051803283134411814,weakspot_emb,"weakspot_emb|alpha=0.5,q=0.03",0.1368691435550007,0.3237624284242085,0.1108999171836529,0.23692798136231716,0.8618634031032678
synth5,hard,gauss,3009,5,61,0.15300058413878057,0.3941366046173364,0.11949421227273979,0.9624216622550451,0.027996672566200087,0.051803283134411814,weakspot_emb,"weakspot_emb|alpha=0.5,q=0.1",0.13585065113366313,0.3302327265780332,0.10884084110608547,0.2391171994720691,0.9484585242214251
synth5,hard,gauss,3009,5,61,0.15300058413878057,0.3941366046173364,0.11949421227273979,0.9624216622550451,0.027996672566200087,0.051803283134411814,weakspot_emb,"weakspot_emb|alpha=0.5,q=0.3",0.13515400767486296,0.3389222660860318,0.10683996721226316,0.24160830318425702,0.9802597720533502
synth5,hard,gauss,3009,5,61,0.15300058413878057,0.3941366046173364,0.11949421227273979,0.9624216622550451,0.027996672566200087,0.051803283134411814,weakspot_emb,"weakspot_emb|alpha=0.8,q=0.03",0.141262077995153,0.32140606792564325,0.11623068076107575,0.2368285719721574,0.7090648308675542
synth5,hard,gauss,3009,5,61,0.15300058413878057,0.3941366046173364,0.11949421227273979,0.9624216622550451,0.027996672566200087,0.051803283134411814,weakspot_emb,"weakspot_emb|alpha=0.8,q=0.1",0.13651748492667226,0.3247022695330341,0.11036880187202974,0.2361100952011921,0.8778733767793746
synth5,hard,gauss,3009,5,61,0.15300058413878057,0.3941366046173364,0.11949421227273979,0.9624216622550451,0.027996672566200087,0.051803283134411814,weakspot_emb,"weakspot_emb|alpha=0.8,q=0.3",0.1352058103025841,0.3351812079886652,0.1074187960455204,0.23989569599074032,0.9509747374353235
synth5,hard,gauss,3009,5,61,0.15300058413878057,0.3941366046173364,0.11949421227273979,0.9624216622550451,0.027996672566200087,0.051803283134411814,weakspot_emb,"weakspot_emb|alpha=1.0,q=0.03",0.14655200617684272,0.326224799022919,0.12158608279731963,0.23932317218392193,0.6093449075198356
synth5,hard,gauss,3009,5,61,0.15300058413878057,0.3941366046173364,0.11949421227273979,0.9624216622550451,0.027996672566200087,0.051803283134411814,weakspot_emb,"weakspot_emb|alpha=1.0,q=0.1",0.139118315908991,0.32561656532203676,0.11320398056913725,0.23446919721875162,0.8214433211065668
synth5,hard,gauss,3009,5,61,0.15300058413878057,0.3941366046173364,0.11949421227273979,0.9624216622550451,0.027996672566200087,0.051803283134411814,weakspot_emb,"weakspot_emb|alpha=1.0,q=0.3",0.13626474545526543,0.33303542460059693,0.10892303377447903,0.2406074988828572,0.9254537671032397
synth5,hard,gauss,3009,5,61,0.15300058413878057,0.3941366046173364,0.11949421227273979,0.9624216622550451,0.027996672566200087,0.051803283134411814,loss,loss|alpha=0.2,0.14107971429158106,0.3202530388839644,0.11618319310676241,0.2407523689397462,0.9511217394573365
synth5,hard,gauss,3009,5,61,0.15300058413878057,0.3941366046173364,0.11949421227273979,0.9624216622550451,0.027996672566200087,0.051803283134411814,loss,loss|alpha=0.5,0.1588189946012819,0.31282587792107924,0.1374194048916973,0.2514807373238683,0.7568944084380151
synth5,hard,gauss,3009,5,61,0.15300058413878057,0.3941366046173364,0.11949421227273979,0.9624216622550451,0.027996672566200087,0.051803283134411814,loss,loss|alpha=0.8,0.15411287311813068,0.3125879842986029,0.1320924134780195,0.2424028645371181,0.5487745545847065
synth5,hard,gauss,3009,5,61,0.15300058413878057,0.3941366046173364,0.11949421227273979,0.9624216622550451,0.027996672566200087,0.051803283134411814,loss,loss|alpha=1.0,0.15769124855512842,0.305614504689736,0.13713699200795057,0.23775531549318984,0.43768407241378177
synth5,hard,gauss,3009,5,61,0.15300058413878057,0.3941366046173364,0.11949421227273979,0.9624216622550451,0.027996672566200087,0.051803283134411814,smoothed_loss,smoothed_loss|alpha=0.2,0.13799473088736977,0.3330248286523874,0.11089487675601198,0.24421113618060744,0.9837981845145224
synth5,hard,gauss,3009,5,61,0.15300058413878057,0.3941366046173364,0.11949421227273979,0.9624216622550451,0.027996672566200087,0.051803283134411814,smoothed_loss,smoothed_loss|alpha=0.5,0.14002955871483916,0.32047267584873834,0.11495659710853427,0.2395765620292298,0.906676690206084
synth5,hard,gauss,3009,5,61,0.15300058413878057,0.3941366046173364,0.11949421227273979,0.9624216622550451,0.027996672566200087,0.051803283134411814,smoothed_loss,smoothed_loss|alpha=0.8,0.147125000148485,0.3130968397607228,0.12406285386979138,0.238173332015018,0.7914534444336312
synth5,hard,gauss,3009,5,61,0.15300058413878057,0.3941366046173364,0.11949421227273979,0.9624216622550451,0.027996672566200087,0.051803283134411814,smoothed_loss,smoothed_loss|alpha=1.0,0.15184389652761268,0.3130460881533078,0.12944450315821085,0.24077890770210714,0.7083578054400294
synth5,hard,gauss,3009,5,61,0.15300058413878057,0.3941366046173364,0.11949421227273979,0.9624216622550451,0.027996672566200087,0.051803283134411814,jtt,"jtt|q=0.1,lam=2",0.14251703088284262,0.3262187645420176,0.1169912774586748,0.24404726189181328,0.9307692307692302
synth5,hard,gauss,3009,5,61,0.15300058413878057,0.3941366046173364,0.11949421227273979,0.9624216622550451,0.027996672566200087,0.051803283134411814,jtt,"jtt|q=0.1,lam=5",0.16278970451269167,0.3162524162135526,0.14146572862715065,0.2449432995042068,0.5764705882352938
synth5,hard,gauss,3009,5,61,0.15300058413878057,0.3941366046173364,0.11949421227273979,0.9624216622550451,0.027996672566200087,0.051803283134411814,jtt,"jtt|q=0.1,lam=10",0.16848388565705058,0.3215384354231884,0.14721662475560546,0.2438383240446703,0.3311926605504589
synth5,hard,gauss,3009,5,61,0.15300058413878057,0.3941366046173364,0.11949421227273979,0.9624216622550451,0.027996672566200087,0.051803283134411814,jtt,"jtt|q=0.1,lam=20",0.1840986290238772,0.33470355720819367,0.16317174834222958,0.25696889546879537,0.20562347188264066
synth5,hard,gauss,3009,5,61,0.15300058413878057,0.3941366046173364,0.11949421227273979,0.9624216622550451,0.027996672566200087,0.051803283134411814,jtt,"jtt|q=0.2,lam=2",0.13892887580723454,0.3250235439021871,0.11307061896488348,0.23653558095497307,0.9000000000000004
synth5,hard,gauss,3009,5,61,0.15300058413878057,0.3941366046173364,0.11949421227273979,0.9624216622550451,0.027996672566200087,0.051803283134411814,jtt,"jtt|q=0.2,lam=5",0.16436920395774177,0.3186749306713458,0.1429280893118879,0.25027194381976536,0.5586206896551722
synth5,hard,gauss,3009,5,61,0.15300058413878057,0.3941366046173364,0.11949421227273979,0.9624216622550451,0.027996672566200087,0.051803283134411814,jtt,"jtt|q=0.2,lam=10",0.16615172741652598,0.3161992817917109,0.14530229503181918,0.24688147420005443,0.3769230769230771
synth5,hard,gauss,3009,5,61,0.15300058413878057,0.3941366046173364,0.11949421227273979,0.9624216622550451,0.027996672566200087,0.051803283134411814,jtt,"jtt|q=0.2,lam=20",0.17216890028006387,0.31681692959367885,0.15206974358728365,0.2413024918885185,0.2851485148514852
synth5,hard,gauss,3009,5,61,0.15300058413878057,0.3941366046173364,0.11949421227273979,0.9624216622550451,0.027996672566200087,0.051803283134411814,density,density|alpha=0.2,0.13408923319212945,0.34551599395919225,0.10471102725410933,0.24595006634264927,0.9993580370086047
synth5,hard,gauss,3009,5,61,0.15300058413878057,0.3941366046173364,0.11949421227273979,0.9624216622550451,0.027996672566200087,0.051803283134411814,density,density|alpha=0.5,0.13400004420722944,0.34517708254846574,0.10465653774067954,0.24668374750246397,0.9960012084537411
synth5,hard,gauss,3009,5,61,0.15300058413878057,0.3941366046173364,0.11949421227273979,0.9624216622550451,0.027996672566200087,0.051803283134411814,density,density|alpha=0.8,0.13440359406176947,0.34506402283003496,0.10513187161333165,0.24523286853266518,0.9898265567486141
synth5,hard,gauss,3009,5,61,0.15300058413878057,0.3941366046173364,0.11949421227273979,0.9624216622550451,0.027996672566200087,0.051803283134411814,density,density|alpha=1.0,0.13457826377132226,0.34418228660179273,0.1054533312140132,0.24521598743367368,0.9841944431957619
synth5,hard,gauss,3008,5,61,0.12640765762102069,0.29066650452025905,0.10390260810270548,0.9454974157588079,0.10539359472474637,0.03377209966571044,uniform,uniform,0.1076622730605709,0.2306827570144422,0.09080727781731737,0.20099814871866656,1.0
synth5,hard,gauss,3008,5,61,0.12640765762102069,0.29066650452025905,0.10390260810270548,0.9454974157588079,0.10539359472474637,0.03377209966571044,weakspot,"weakspot|alpha=0.2,q=0.03",0.10873744401085825,0.23089770695301334,0.09200030735988646,0.2002746461213155,0.9630665128495188
synth5,hard,gauss,3008,5,61,0.12640765762102069,0.29066650452025905,0.10390260810270548,0.9454974157588079,0.10539359472474637,0.03377209966571044,weakspot,"weakspot|alpha=0.2,q=0.1",0.10820922747898905,0.229339338137189,0.0916132316469105,0.19937786614752467,0.9869173451735694
synth5,hard,gauss,3008,5,61,0.12640765762102069,0.29066650452025905,0.10390260810270548,0.9454974157588079,0.10539359472474637,0.03377209966571044,weakspot,"weakspot|alpha=0.2,q=0.3",0.10804562947198966,0.22909419760239413,0.09146080575429354,0.1996601609654115,0.9954896913011606
synth5,hard,gauss,3008,5,61,0.12640765762102069,0.29066650452025905,0.10390260810270548,0.9454974157588079,0.10539359472474637,0.03377209966571044,weakspot,"weakspot|alpha=0.5,q=0.03",0.11614554054253529,0.2281483246278317,0.10080007666274199,0.20012462051569976,0.8066553827313934
synth5,hard,gauss,3008,5,61,0.12640765762102069,0.29066650452025905,0.10390260810270548,0.9454974157588079,0.10539359472474637,0.03377209966571044,weakspot,"weakspot|alpha=0.5,q=0.1",0.11053279773849632,0.22825734060365874,0.0944033976074536,0.19755265619187198,0.9234885172593214
synth5,hard,gauss,3008,5,61,0.12640765762102069,0.29066650452025905,0.10390260810270548,0.9454974157588079,0.10539359472474637,0.03377209966571044,weakspot,"weakspot|alpha=0.5,q=0.3",0.10903380163185875,0.23067288740189387,0.092368071290427,0.2003134984629329,0.9724626313084064
synth5,hard,gauss,3008,5,61,0.12640765762102069,0.29066650452025905,0.10390260810270548,0.9454974157588079,0.10539359472474637,0.03377209966571044,weakspot,"weakspot|alpha=0.8,q=0.03",0.11801532546171345,0.21636843881021137,0.10453999839122566,0.1907001014649179,0.6197330006216739
synth5,hard,gauss,3008,5,61,0.12640765762102069,0.29066650452025905,0.10390260810270548,0.9454974157588079,0.10539359472474637,0.03377209966571044,weakspot,"weakspot|alpha=0.8,q=0.1",0.11567870932438867,0.227841876453411,0.10031127141756982,0.19983617587083902,0.8250162941377862
synth5,hard,gauss,3008,5,61,0.12640765762102069,0.29066650452025905,0.10390260810270548,0.9454974157588079,0.10539359472474637,0.03377209966571044,weakspot,"weakspot|alpha=0.8,q=0.3",0.10983203905240776,0.2305475474354332,0.09329284773898587,0.1997725855153019,0.9324079743382833
synth5,hard,gauss,3008,5,61,0.12640765762102069,0.29066650452025905,0.10390260810270548,0.9454974157588079,0.10539359472474637,0.03377209966571044,weakspot,"weakspot|alpha=1.0,q=0.03",0.12448466466210309,0.20835988266909167,0.11299294917621096,0.18809600296669815,0.5105304432620019
synth5,hard,gauss,3008,5,61,0.12640765762102069,0.29066650452025905,0.10390260810270548,0.9454974157588079,0.10539359472474637,0.03377209966571044,weakspot,"weakspot|alpha=1.0,q=0.1",0.11939349302093405,0.22844971377003057,0.10445173679550353,0.20069998404734035,0.7510879573929211
synth5,hard,gauss,3008,5,61,0.12640765762102069,0.29066650452025905,0.10390260810270548,0.9454974157588079,0.10539359472474637,0.03377209966571044,weakspot,"weakspot|alpha=1.0,q=0.3",0.11173942628840945,0.23046346658619285,0.09547308534937261,0.20029070639934107,0.8982558257493141
synth5,hard,gauss,3008,5,61,0.12640765762102069,0.29066650452025905,0.10390260810270548,0.9454974157588079,0.10539359472474637,0.03377209966571044,weakspot_emb,"weakspot_emb|alpha=0.2,q=0.03",0.11117151759452092,0.2263750722663251,0.09538751721026577,0.19984995508878453,0.9334986094826923
synth5,hard,gauss,3008,5,61,0.12640765762102069,0.29066650452025905,0.10390260810270548,0.9454974157588079,0.10539359472474637,0.03377209966571044,weakspot_emb,"weakspot_emb|alpha=0.2,q=0.1",0.10833770778457244,0.2285561758507141,0.0918666157982506,0.19866727480636137,0.9811223346774504
synth5,hard,gauss,3008,5,61,0.12640765762102069,0.29066650452025905,0.10390260810270548,0.9454974157588079,0.10539359472474637,0.03377209966571044,weakspot_emb,"weakspot_emb|alpha=0.2,q=0.3",0.1079727639903451,0.2289563295544743,0.09139684625245133,0.19949025433250334,0.9958022066877258
synth5,hard,gauss,3008,5,61,0.12640765762102069,0.29066650452025905,0.10390260810270548,0.9454974157588079,0.10539359472474637,0.03377209966571044,weakspot_emb,"weakspot_emb|alpha=0.5,q=0.03",0.11551483534154273,0.21113346272009603,0.10241415927660166,0.186802143946194,0.6919251798606632
synth5,hard,gauss,3008,5,61,0.12640765762102069,0.29066650452025905,0.10390260810270548,0.9454974157588079,0.10539359472474637,0.03377209966571044,weakspot_emb,"weakspot_emb|alpha=0.5,q=0.1",0.11297230422108936,0.22886712601013814,0.09709359356096386,0.20246081359804396,0.8926534645730249
synth5,hard,gauss,3008,5,61,0.12640765762102069,0.29066650452025905,0.10390260810270548,0.9454974157588079,0.10539359472474637,0.03377209966571044,weakspot_emb,"weakspot_emb|alpha=0.5,q=0.3",0.1085516334048203,0.22861461712415496,0.09210184427670223,0.19864777077953621,0.9743295283039316
synth5,hard,gauss,3008,5,61,0.12640765762102069,0.29066650452025905,0.10390260810270548,0.9454974157588079,0.10539359472474637,0.03377209966571044,weakspot_emb,"weakspot_emb|alpha=0.8,q=0.03",0.11860900031700952,0.19507477619068186,0.1081324500125439,0.1759503813010955,0.4673285917673418
synth5,hard,gauss,3008,5,61,0.12640765762102069,0.29066650452025905,0.10390260810270548,0.9454974157588079,0.10539359472474637,0.03377209966571044,weakspot_emb,"weakspot_emb|alpha=0.8,q=0.1",0.11386657750855256,0.2188465618371947,0.09948330506784601,0.19368071611148133,0.7646112153100775
synth5,hard,gauss,3008,5,61,0.12640765762102069,0.29066650452025905,0.10390260810270548,0.9454974157588079,0.10539359472474637,0.03377209966571044,weakspot_emb,"weakspot_emb|alpha=0.8,q=0.3",0.11021077481722716,0.22687284989862627,0.0942269430408672,0.19819088324738388,0.9368139374647064
synth5,hard,gauss,3008,5,61,0.12640765762102069,0.29066650452025905,0.10390260810270548,0.9454974157588079,0.10539359472474637,0.03377209966571044,weakspot_emb,"weakspot_emb|alpha=1.0,q=0.03",0.12812248983419092,0.19576526579188155,0.11885477578882228,0.17781653579919307,0.3595865212680816
synth5,hard,gauss,3008,5,61,0.12640765762102069,0.29066650452025905,0.10390260810270548,0.9454974157588079,0.10539359472474637,0.03377209966571044,weakspot_emb,"weakspot_emb|alpha=1.0,q=0.1",0.11640862869919522,0.2119456700588186,0.10331913070734232,0.1888769409795792,0.6752093207586864
synth5,hard,gauss,3008,5,61,0.12640765762102069,0.29066650452025905,0.10390260810270548,0.9454974157588079,0.10539359472474637,0.03377209966571044,weakspot_emb,"weakspot_emb|alpha=1.0,q=0.3",0.11251867676344514,0.22993025117608856,0.09643215633510684,0.2021347439785084,0.9046603542490181
synth5,hard,gauss,3008,5,61,0.12640765762102069,0.29066650452025905,0.10390260810270548,0.9454974157588079,0.10539359472474637,0.03377209966571044,loss,loss|alpha=0.2,0.11426703615668043,0.23463230114058636,0.097775831573894,0.20871346275858482,0.9642383431027811
synth5,hard,gauss,3008,5,61,0.12640765762102069,0.29066650452025905,0.10390260810270548,0.9454974157588079,0.10539359472474637,0.03377209966571044,loss,loss|alpha=0.5,0.1193733930525216,0.2220329034576017,0.10530804796575395,0.20135519715388547,0.8118201637684013
synth5,hard,gauss,3008,5,61,0.12640765762102069,0.29066650452025905,0.10390260810270548,0.9454974157588079,0.10539359472474637,0.03377209966571044,loss,loss|alpha=0.8,0.11689191690795804,0.20641301769407092,0.10462666091622795,0.18582652841163802,0.627585749431489
synth5,hard,gauss,3008,5,61,0.12640765762102069,0.29066650452025905,0.10390260810270548,0.9454974157588079,0.10539359472474637,0.03377209966571044,loss,loss|alpha=1.0,0.11832836287245388,0.20552322386405325,0.10638182421470775,0.1862816054080006,0.5188876083069678
synth5,hard,gauss,3008,5,61,0.12640765762102069,0.29066650452025905,0.10390260810270548,0.9454974157588079,0.10539359472474637,0.03377209966571044,smoothed_loss,smoothed_loss|alpha=0.2,0.10881832902451806,0.2332359846669025,0.09177190775685767,0.20240524020427983,0.9901808351364232
synth5,hard,gauss,3008,5,61,0.12640765762102069,0.29066650452025905,0.10390260810270548,0.9454974157588079,0.10539359472474637,0.03377209966571044,smoothed_loss,smoothed_loss|alpha=0.5,0.11202879178472534,0.22852368852576044,0.09606786505670406,0.20088520645720906,0.9416387765926008
synth5,hard,gauss,3008,5,61,0.12640765762102069,0.29066650452025905,0.10390260810270548,0.9454974157588079,0.10539359472474637,0.03377209966571044,smoothed_loss,smoothed_loss|alpha=0.8,0.11178793331837782,0.21915189265690088,0.09707803326119527,0.1934099704394882,0.8630625353096871
synth5,hard,gauss,3008,5,61,0.12640765762102069,0.29066650452025905,0.10390260810270548,0.9454974157588079,0.10539359472474637,0.03377209966571044,smoothed_loss,smoothed_loss|alpha=1.0,0.11296418872573975,0.21649195067516416,0.09877988478610857,0.19134051376358557,0.8013376412715744
synth5,hard,gauss,3008,5,61,0.12640765762102069,0.29066650452025905,0.10390260810270548,0.9454974157588079,0.10539359472474637,0.03377209966571044,jtt,"jtt|q=0.1,lam=2",0.1133303757761144,0.2248971914051315,0.09804464378828431,0.19832143737475627,0.9307692307692305
synth5,hard,gauss,3008,5,61,0.12640765762102069,0.29066650452025905,0.10390260810270548,0.9454974157588079,0.10539359472474637,0.03377209966571044,jtt,"jtt|q=0.1,lam=5",0.12335314835111826,0.22439294347574434,0.10950971991164417,0.19992000220136133,0.5764705882352938
synth5,hard,gauss,3008,5,61,0.12640765762102069,0.29066650452025905,0.10390260810270548,0.9454974157588079,0.10539359472474637,0.03377209966571044,jtt,"jtt|q=0.1,lam=10",0.12353786235809326,0.2189032264899468,0.11047188580563351,0.2009995244456446,0.3311926605504589
synth5,hard,gauss,3008,5,61,0.12640765762102069,0.29066650452025905,0.10390260810270548,0.9454974157588079,0.10539359472474637,0.03377209966571044,jtt,"jtt|q=0.1,lam=20",0.13622499488461665,0.20934944493293317,0.1262062385107427,0.20436172399250663,0.20562347188264063
synth5,hard,gauss,3008,5,61,0.12640765762102069,0.29066650452025905,0.10390260810270548,0.9454974157588079,0.10539359472474637,0.03377209966571044,jtt,"jtt|q=0.2,lam=2",0.11399724951896971,0.23120029599001538,0.09793929943396572,0.20472363912325686,0.8999999999999998
synth5,hard,gauss,3008,5,61,0.12640765762102069,0.29066650452025905,0.10390260810270548,0.9454974157588079,0.10539359472474637,0.03377209966571044,jtt,"jtt|q=0.2,lam=5",0.1193832962203767,0.2164522761894403,0.10608390783348398,0.1928701364905943,0.5586206896551724
synth5,hard,gauss,3008,5,61,0.12640765762102069,0.29066650452025905,0.10390260810270548,0.9454974157588079,0.10539359472474637,0.03377209966571044,jtt,"jtt|q=0.2,lam=10",0.12303623317973299,0.21384531254230582,0.11059451167525314,0.19328332822410907,0.3769230769230769
synth5,hard,gauss,3008,5,61,0.12640765762102069,0.29066650452025905,0.10390260810270548,0.9454974157588079,0.10539359472474637,0.03377209966571044,jtt,"jtt|q=0.2,lam=20",0.1365149191378812,0.2074273598426901,0.1267992294222138,0.19674963928461764,0.28514851485148507
synth5,hard,gauss,3008,5,61,0.12640765762102069,0.29066650452025905,0.10390260810270548,0.9454974157588079,0.10539359472474637,0.03377209966571044,density,density|alpha=0.2,0.1078498825617422,0.231572661170922,0.09089866616332701,0.20175954905797108,0.9993216158056542
synth5,hard,gauss,3008,5,61,0.12640765762102069,0.29066650452025905,0.10390260810270548,0.9454974157588079,0.10539359472474637,0.03377209966571044,density,density|alpha=0.5,0.10766750334254303,0.2327507001892885,0.09052989649770751,0.2029100660859885,0.9957751456759226
synth5,hard,gauss,3008,5,61,0.12640765762102069,0.29066650452025905,0.10390260810270548,0.9454974157588079,0.10539359472474637,0.03377209966571044,density,density|alpha=0.8,0.10779262689781584,0.23407306644044168,0.09049098623279435,0.20371360068225988,0.9892551895343351
synth5,hard,gauss,3008,5,61,0.12640765762102069,0.29066650452025905,0.10390260810270548,0.9454974157588079,0.10539359472474637,0.03377209966571044,density,density|alpha=1.0,0.1079949163801122,0.23402689006103117,0.09072731793946327,0.20382935439082012,0.9833120946114122
synth5,hard,gauss,3007,5,61,0.14747617025369888,0.3672925756848709,0.11492012398432895,0.9518274439079626,0.04533185092997052,0.03905484825782569,uniform,uniform,0.12564859112128207,0.32842976164572985,0.0956155589770183,0.28389793978667,1.0
synth5,hard,gauss,3007,5,61,0.14747617025369888,0.3672925756848709,0.11492012398432895,0.9518274439079626,0.04533185092997052,0.03905484825782569,weakspot,"weakspot|alpha=0.2,q=0.03",0.1296424748630606,0.3261909238401666,0.10053254384348925,0.28184125634646245,0.9530288568918638
synth5,hard,gauss,3007,5,61,0.14747617025369888,0.3672925756848709,0.11492012398432895,0.9518274439079626,0.04533185092997052,0.03905484825782569,weakspot,"weakspot|alpha=0.2,q=0.1",0.12870980301672758,0.3269679457532441,0.09934665673313325,0.28241110873884734,0.9862934624053417
synth5,hard,gauss,3007,5,61,0.14747617025369888,0.3672925756848709,0.11492012398432895,0.9518274439079626,0.04533185092997052,0.03905484825782569,weakspot,"weakspot|alpha=0.2,q=0.3",0.127578325432345,0.32816149032604014,0.09787083028735459,0.28340052345845523,0.9957025657159537
synth5,hard,gauss,3007,5,61,0.14747617025369888,0.3672925756848709,0.11492012398432895,0.9518274439079626,0.04533185092997052,0.03905484825782569,weakspot,"weakspot|alpha=0.5,q=0.03",0.13083198919380395,0.32325129716119894,0.10233360718715187,0.2826940175198169,0.7645034514997942
synth5,hard,gauss,3007,5,61,0.14747617025369888,0.3672925756848709,0.11492012398432895,0.9518274439079626,0.04533185092997052,0.03905484825782569,weakspot,"weakspot|alpha=0.5,q=0.1",0.12910449372361382,0.3248708618930179,0.10011039327142883,0.27982500317766756,0.9200847847686431
synth5,hard,gauss,3007,5,61,0.14747617025369888,0.3672925756848709,0.11492012398432895,0.9518274439079626,0.04533185092997052,0.03905484825782569,weakspot,"weakspot|alpha=0.5,q=0.3",0.12923153431323364,0.3260767967350815,0.10007764355270736,0.2813293362587702,0.973733644883435
synth5,hard,gauss,3007,5,61,0.14747617025369888,0.3672925756848709,0.11492012398432895,0.9518274439079626,0.04533185092997052,0.03905484825782569,weakspot,"weakspot|alpha=0.8,q=0.03",0.13820251015284188,0.31776668083062964,0.11160804629815227,0.27777860563500645,0.5591031475530255
synth5,hard,gauss,3007,5,61,0.14747617025369888,0.3672925756848709,0.11492012398432895,0.9518274439079626,0.04533185092997052,0.03905484825782569,weakspot,"weakspot|alpha=0.8,q=0.1",0.1299003385847222,0.317663966438524,0.10209148899443465,0.27477424871911793,0.8180947630245133
synth5,hard,gauss,3007,5,61,0.14747617025369888,0.3672925756848709,0.11492012398432895,0.9518274439079626,0.04533185092997052,0.03905484825782569,weakspot,"weakspot|alpha=0.8,q=0.3",0.1304589990319314,0.3245199978810263,0.10171747337001034,0.2800148081993681,0.9354049464226114
synth5,hard,gauss,3007,5,61,0.14747617025369888,0.3672925756848709,0.11492012398432895,0.9518274439079626,0.04533185092997052,0.03905484825782569,weakspot,"weakspot|alpha=1.0,q=0.03",0.14828126721783816,0.3255272526889691,0.12203013963370968,0.2844053814871149,0.4479977089316113
synth5,hard,gauss,3007,5,61,0.14747617025369888,0.3672925756848709,0.11492012398432895,0.9518274439079626,0.04533185092997052,0.03905484825782569,weakspot,"weakspot|alpha=1.0,q=0.1",0.13123519815550858,0.3148234705346559,0.10404474220038802,0.2707585776903781,0.7421560930375639
synth5,hard,gauss,3007,5,61,0.14747617025369888,0.3672925756848709,0.11492012398432895,0.9518274439079626,0.04533185092997052,0.03905484825782569,weakspot,"weakspot|alpha=1.0,q=0.3",0.12950945301769853,0.3214241923756077,0.10108580046067182,0.27771368901276827,0.9026089066621473
synth5,hard,gauss,3007,5,61,0.14747617025369888,0.3672925756848709,0.11492012398432895,0.9518274439079626,0.04533185092997052,0.03905484825782569,weakspot_emb,"weakspot_emb|alpha=0.2,q=0.03",0.12709310120182174,0.3175522600114371,0.09888502831268238,0.27279034057052753,0.9669181384078981
synth5,hard,gauss,3007,5,61,0.14747617025369888,0.3672925756848709,0.11492012398432895,0.9518274439079626,0.04533185092997052,0.03905484825782569,weakspot_emb,"weakspot_emb|alpha=0.2,q=0.1",0.12803751110281103,0.3237663247129081,0.09904897269213073,0.2793224633321458,0.9864903566053774
synth5,hard,gauss,3007,5,61,0.14747617025369888,0.3672925756848709,0.11492012398432895,0.9518274439079626,0.04533185092997052,0.03905484825782569,weakspot_emb,"weakspot_emb|alpha=0.2,q=0.3",0.12799926419003074,0.32597138294407013,0.09867847966733145,0.2810741142528589,0.9951684522147951
synth5,hard,gauss,3007,5,61,0.14747617025369888,0.3672925756848709,0.11492012398432895,0.9518274439079626,0.04533185092997052,0.03905484825782569,weakspot_emb,"weakspot_emb|alpha=0.5,q=0.03",0.12907667612143092,0.3045143589359738,0.10309336833374318,0.2573260387417787,0.8238347122921094
synth5,hard,gauss,3007,5,61,0.14747617025369888,0.3672925756848709,0.11492012398432895,0.9518274439079626,0.04533185092997052,0.03905484825782569,weakspot_emb,"weakspot_emb|alpha=0.5,q=0.1",0.1276746971032214,0.31470073657976616,0.09997508850106955,0.26869331538594254,0.9211567367305149
synth5,hard,gauss,3007,5,61,0.14747617025369888,0.3672925756848709,0.11492012398432895,0.9518274439079626,0.04533185092997052,0.03905484825782569,weakspot_emb,"weakspot_emb|alpha=0.5,q=0.3",0.1285736890848274,0.32236649481955615,0.09987188433192268,0.27629797736397277,0.9705498478829546
synth5,hard,gauss,3007,5,61,0.14747617025369888,0.3672925756848709,0.11492012398432895,0.9518274439079626,0.04533185092997052,0.03905484825782569,weakspot_emb,"weakspot_emb|alpha=0.8,q=0.03",0.13275290085454522,0.30360957029148405,0.10744806691956808,0.2558926700409316,0.6462371962017038
synth5,hard,gauss,3007,5,61,0.14747617025369888,0.3672925756848709,0.11492012398432895,0.9518274439079626,0.04533185092997052,0.03905484825782569,weakspot_emb,"weakspot_emb|alpha=0.8,q=0.1",0.1285793699679876,0.30670971296157584,0.10219726405963761,0.25795220115409506,0.8202675294412823
synth5,hard,gauss,3007,5,61,0.14747617025369888,0.3672925756848709,0.11492012398432895,0.9518274439079626,0.04533185092997052,0.03905484825782569,weakspot_emb,"weakspot_emb|alpha=0.8,q=0.3",0.12760427078393943,0.3176866961575654,0.09945199423606599,0.2705855646552377,0.9279191653890303
synth5,hard,gauss,3007,5,61,0.14747617025369888,0.3672925756848709,0.11492012398432895,0.9518274439079626,0.04533185092997052,0.03905484825782569,weakspot_emb,"weakspot_emb|alpha=1.0,q=0.03",0.1423854167317229,0.30433742260295715,0.11839941356594882,0.2570972347499221,0.5389839332692079
synth5,hard,gauss,3007,5,61,0.14747617025369888,0.3672925756848709,0.11492012398432895,0.9518274439079626,0.04533185092997052,0.03905484825782569,weakspot_emb,"weakspot_emb|alpha=1.0,q=0.1",0.13055277565784373,0.3056536963403599,0.1046193442364378,0.2548898017228082,0.7449531295749914
synth5,hard,gauss,3007,5,61,0.14747617025369888,0.3672925756848709,0.11492012398432895,0.9518274439079626,0.04533185092997052,0.03905484825782569,weakspot_emb,"weakspot_emb|alpha=1.0,q=0.3",0.12756004108959426,0.31413744372462765,0.09992687812757438,0.26684999187407554,0.8917622464521904
synth5,hard,gauss,3007,5,61,0.14747617025369888,0.3672925756848709,0.11492012398432895,0.9518274439079626,0.04533185092997052,0.03905484825782569,loss,loss|alpha=0.2,0.1309263732940814,0.3108369988852103,0.10428059751766851,0.27208547783661446,0.9561700750040817
synth5,hard,gauss,3007,5,61,0.14747617025369888,0.3672925756848709,0.11492012398432895,0.9518274439079626,0.04533185092997052,0.03905484825782569,loss,loss|alpha=0.5,0.13533761822244328,0.3045139357325838,0.11028165386101028,0.2602923100580852,0.7773063582533378
synth5,hard,gauss,3007,5,61,0.14747617025369888,0.3672925756848709,0.11492012398432895,0.9518274439079626,0.04533185092997052,0.03905484825782569,loss,loss|alpha=0.8,0.14162012866347515,0.3083587379467613,0.11692520260429734,0.26112314029395844,0.5768926507850226
synth5,hard,gauss,3007,5,61,0.14747617025369888,0.3672925756848709,0.11492012398432895,0.9518274439079626,0.04533185092997052,0.03905484825782569,loss,loss|alpha=1.0,0.14446009303792168,0.3094782285605156,0.12001997882160179,0.2631447018624699,0.4659883980997547
synth5,hard,gauss,3007,5,61,0.14747617025369888,0.3672925756848709,0.11492012398432895,0.9518274439079626,0.04533185092997052,0.03905484825782569,smoothed_loss,smoothed_loss|alpha=0.2,0.12952657310619806,0.3235385805593699,0.10079230334562495,0.2818952810715445,0.987287386406982
synth5,hard,gauss,3007,5,61,0.14747617025369888,0.3672925756848709,0.11492012398432895,0.9518274439079626,0.04533185092997052,0.03905484825782569,smoothed_loss,smoothed_loss|alpha=0.5,0.13134415426204316,0.3147606769367894,0.10417913540435975,0.27623251566796636,0.9255172357033159
synth5,hard,gauss,3007,5,61,0.14747617025369888,0.3672925756848709,0.11492012398432895,0.9518274439079626,0.04533185092997052,0.03905484825782569,smoothed_loss,smoothed_loss|alpha=0.8,0.13373991877278746,0.3078376639823764,0.10795506328250391,0.26905816263831417,0.8291730395951588
synth5,hard,gauss,3007,5,61,0.14747617025369888,0.3672925756848709,0.11492012398432895,0.9518274439079626,0.04533185092997052,0.03905484825782569,smoothed_loss,smoothed_loss|alpha=1.0,0.13424172133794593,0.3058994608470561,0.10881824441868623,0.2667842019890441,0.7564825101983196
synth5,hard,gauss,3007,5,61,0.14747617025369888,0.3672925756848709,0.11492012398432895,0.9518274439079626,0.04533185092997052,0.03905484825782569,jtt,"jtt|q=0.1,lam=2",0.13104140937999312,0.3176421657280782,0.10340478760168892,0.27746533103796933,0.9307692307692305
synth5,hard,gauss,3007,5,61,0.14747617025369888,0.3672925756848709,0.11492012398432895,0.9518274439079626,0.04533185092997052,0.03905484825782569,jtt,"jtt|q=0.1,lam=5",0.13720138656666794,0.31153788204970445,0.11138117081774518,0.26871638386020563,0.576470588235294
synth5,hard,gauss,3007,5,61,0.14747617025369888,0.3672925756848709,0.11492012398432895,0.9518274439079626,0.04533185092997052,0.03905484825782569,jtt,"jtt|q=0.1,lam=10",0.1473665900790703,0.3129726505079844,0.12283940087662493,0.27352972644227097,0.3311926605504588
synth5,hard,gauss,3007,5,61,0.14747617025369888,0.3672925756848709,0.11492012398432895,0.9518274439079626,0.04533185092997052,0.03905484825782569,jtt,"jtt|q=0.1,lam=20",0.1634706475647657,0.32693695879522106,0.13926036725623672,0.2971126484607866,0.20562347188264063
synth5,hard,gauss,3007,5,61,0.14747617025369888,0.3672925756848709,0.11492012398432895,0.9518274439079626,0.04533185092997052,0.03905484825782569,jtt,"jtt|q=0.2,lam=2",0.13294072329799325,0.31981128020722754,0.10526414253876108,0.2837225094728278,0.8999999999999998
synth5,hard,gauss,3007,5,61,0.14747617025369888,0.3672925756848709,0.11492012398432895,0.9518274439079626,0.04533185092997052,0.03905484825782569,jtt,"jtt|q=0.2,lam=5",0.1355488609550422,0.3133663503953596,0.1092130904179573,0.2734591344581329,0.5586206896551722
synth5,hard,gauss,3007,5,61,0.14747617025369888,0.3672925756848709,0.11492012398432895,0.9518274439079626,0.04533185092997052,0.03905484825782569,jtt,"jtt|q=0.2,lam=10",0.14566942888702725,0.308823949513651,0.12150532652097158,0.2727666816565622,0.3769230769230771
synth5,hard,gauss,3007,5,61,0.14747617025369888,0.3672925756848709,0.11492012398432895,0.9518274439079626,0.04533185092997052,0.03905484825782569,jtt,"jtt|q=0.2,lam=20",0.16051500147035722,0.3072546381816,0.1387820357576703,0.27321905306284067,0.28514851485148507
synth5,hard,gauss,3007,5,61,0.14747617025369888,0.3672925756848709,0.11492012398432895,0.9518274439079626,0.04533185092997052,0.03905484825782569,density,density|alpha=0.2,0.126138868049342,0.32912565678034733,0.09607538269193706,0.28482333615616945,0.9993099446772323
synth5,hard,gauss,3007,5,61,0.14747617025369888,0.3672925756848709,0.11492012398432895,0.9518274439079626,0.04533185092997052,0.03905484825782569,density,density|alpha=0.5,0.12614958119242095,0.32885917133086273,0.09612715050601568,0.2842585477589609,0.995702722369042
synth5,hard,gauss,3007,5,61,0.14747617025369888,0.3672925756848709,0.11492012398432895,0.9518274439079626,0.04533185092997052,0.03905484825782569,density,density|alpha=0.8,0.1265875034649213,0.328175992591403,0.096731114145385,0.2863786172267398,0.9890722263612018
synth5,hard,gauss,3007,5,61,0.14747617025369888,0.3672925756848709,0.11492012398432895,0.9518274439079626,0.04533185092997052,0.03905484825782569,density,density|alpha=1.0,0.1264306960240078,0.3280615141713425,0.09656803753835203,0.28637688072102985,0.9830296681584065
synth5,hard,gauss,3006,5,61,0.1504606187067974,0.3878407177332774,0.11506841204355607,0.942570876583978,0.022731189870607234,0.022731189870607234,uniform,uniform,0.12725892713379955,0.32589502797305087,0.09764326027497407,0.2782757897345669,1.0
synth5,hard,gauss,3006,5,61,0.1504606187067974,0.3878407177332774,0.11506841204355607,0.942570876583978,0.022731189870607234,0.022731189870607234,weakspot,"weakspot|alpha=0.2,q=0.03",0.13088516241276163,0.3152664585965045,0.1033948169030338,0.27139848033871966,0.9421164289101663
synth5,hard,gauss,3006,5,61,0.1504606187067974,0.3878407177332774,0.11506841204355607,0.942570876583978,0.022731189870607234,0.022731189870607234,weakspot,"weakspot|alpha=0.2,q=0.1",0.1280338919781961,0.32095215116730796,0.09927072722118685,0.2762353326383864,0.9842489697849636
synth5,hard,gauss,3006,5,61,0.1504606187067974,0.3878407177332774,0.11506841204355607,0.942570876583978,0.022731189870607234,0.022731189870607234,weakspot,"weakspot|alpha=0.2,q=0.3",0.12798339421507604,0.32427675411375845,0.09871701852205213,0.27746447086094506,0.9957902045215706
synth5,hard,gauss,3006,5,61,0.1504606187067974,0.3878407177332774,0.11506841204355607,0.942570876583978,0.022731189870607234,0.022731189870607234,weakspot,"weakspot|alpha=0.5,q=0.03",0.13049689738186177,0.29676353273025413,0.10570735881655997,0.2572473255459101,0.7225435683796791
synth5,hard,gauss,3006,5,61,0.1504606187067974,0.3878407177332774,0.11506841204355607,0.942570876583978,0.022731189870607234,0.022731189870607234,weakspot,"weakspot|alpha=0.5,q=0.1",0.13200002924004742,0.3139032258059652,0.10487915620996657,0.2706958448660661,0.909074920451228
synth5,hard,gauss,3006,5,61,0.1504606187067974,0.3878407177332774,0.11506841204355607,0.942570876583978,0.022731189870607234,0.022731189870607234,weakspot,"weakspot|alpha=0.5,q=0.3",0.12866938107874756,0.31967724623153826,0.10019104668796953,0.27513458833596066,0.9742577193768189
synth5,hard,gauss,3006,5,61,0.1504606187067974,0.3878407177332774,0.11506841204355607,0.942570876583978,0.022731189870607234,0.022731189870607234,weakspot,"weakspot|alpha=0.8,q=0.03",0.13815815227944955,0.29186853535408147,0.11524068924706406,0.2525330098988303,0.5042765317729516
synth5,hard,gauss,3006,5,61,0.1504606187067974,0.3878407177332774,0.11506841204355607,0.942570876583978,0.022731189870607234,0.022731189870607234,weakspot,"weakspot|alpha=0.8,q=0.1",0.13135830141977778,0.3008444229403359,0.10608875328155033,0.26030485038713463,0.7961469498455647
synth5,hard,gauss,3006,5,61,0.1504606187067974,0.3878407177332774,0.11506841204355607,0.942570876583978,0.022731189870607234,0.022731189870607234,weakspot,"weakspot|alpha=0.8,q=0.3",0.13042476710869486,0.3170391364887754,0.10260148135510053,0.2732353678498674,0.9366440088229576
synth5,hard,gauss,3006,5,61,0.1504606187067974,0.3878407177332774,0.11506841204355607,0.942570876583978,0.022731189870607234,0.022731189870607234,weakspot,"weakspot|alpha=1.0,q=0.03",0.14695528319650744,0.2894159746519924,0.12571509392175975,0.25289049925999924,0.3943220236259768
synth5,hard,gauss,3006,5,61,0.1504606187067974,0.3878407177332774,0.11506841204355607,0.942570876583978,0.022731189870607234,0.022731189870607234,weakspot,"weakspot|alpha=1.0,q=0.1",0.12944473992358493,0.29653923379243535,0.1045317717196397,0.2569679272994562,0.714246233622593
synth5,hard,gauss,3006,5,61,0.1504606187067974,0.3878407177332774,0.11506841204355607,0.942570876583978,0.022731189870607234,0.022731189870607234,weakspot,"weakspot|alpha=1.0,q=0.3",0.13239167073413208,0.315019475515036,0.10516276217874883,0.27208496221497347,0.9044127768724926
synth5,hard,gauss,3006,5,61,0.1504606187067974,0.3878407177332774,0.11506841204355607,0.942570876583978,0.022731189870607234,0.022731189870607234,weakspot_emb,"weakspot_emb|alpha=0.2,q=0.03",0.13008903800142235,0.31145762366009994,0.10304787283139835,0.26798151229666145,0.9781219855243806
synth5,hard,gauss,3006,5,61,0.1504606187067974,0.3878407177332774,0.11506841204355607,0.942570876583978,0.022731189870607234,0.022731189870607234,weakspot_emb,"weakspot_emb|alpha=0.2,q=0.1",0.12836065370895564,0.31998731425623894,0.09979005996461779,0.2750142440752097,0.990309994396035
synth5,hard,gauss,3006,5,61,0.1504606187067974,0.3878407177332774,0.11506841204355607,0.942570876583978,0.022731189870607234,0.022731189870607234,weakspot_emb,"weakspot_emb|alpha=0.2,q=0.3",0.12764529977818273,0.3225433899036943,0.09858695195424119,0.27603272470585005,0.9961140748257531
synth5,hard,gauss,3006,5,61,0.1504606187067974,0.3878407177332774,0.11506841204355607,0.942570876583978,0.022731189870607234,0.022731189870607234,weakspot_emb,"weakspot_emb|alpha=0.5,q=0.03",0.12992203799217683,0.2937689601626375,0.10549326677515039,0.25538551224095735,0.8773499430631533
synth5,hard,gauss,3006,5,61,0.1504606187067974,0.3878407177332774,0.11506841204355607,0.942570876583978,0.022731189870607234,0.022731189870607234,weakspot_emb,"weakspot_emb|alpha=0.5,q=0.1",0.13119617250020388,0.30709680600390177,0.10497025213582033,0.2628725398119014,0.9423692852089691
synth5,hard,gauss,3006,5,61,0.1504606187067974,0.3878407177332774,0.11506841204355607,0.942570876583978,0.022731189870607234,0.022731189870607234,weakspot_emb,"weakspot_emb|alpha=0.5,q=0.3",0.12908000336243708,0.315368418048185,0.10130531585255396,0.27107067297870036,0.9761985437211794
synth5,hard,gauss,3006,5,61,0.1504606187067974,0.3878407177332774,0.11506841204355607,0.942570876583978,0.022731189870607234,0.022731189870607234,weakspot_emb,"weakspot_emb|alpha=0.8,q=0.03",0.1317170211819731,0.27542615866218734,0.11029069473778141,0.2381392468337866,0.736443245681877
synth5,hard,gauss,3006,5,61,0.1504606187067974,0.3878407177332774,0.11506841204355607,0.942570876583978,0.022731189870607234,0.022731189870607234,weakspot_emb,"weakspot_emb|alpha=0.8,q=0.1",0.1313156976452081,0.29787692494724766,0.10648223686676554,0.25578595061609893,0.864635195979619
synth5,hard,gauss,3006,5,61,0.1504606187067974,0.3878407177332774,0.11506841204355607,0.942570876583978,0.022731189870607234,0.022731189870607234,weakspot_emb,"weakspot_emb|alpha=0.8,q=0.3",0.1308901427947127,0.30804896025828604,0.10447663338259128,0.2639858927835296,0.9412496870153775
synth5,hard,gauss,3006,5,61,0.1504606187067974,0.3878407177332774,0.11506841204355607,0.942570876583978,0.022731189870607234,0.022731189870607234,weakspot_emb,"weakspot_emb|alpha=1.0,q=0.03",0.13319254188137805,0.2607139371600024,0.11417972827907814,0.22540188491020696,0.6413610391548868
synth5,hard,gauss,3006,5,61,0.1504606187067974,0.3878407177332774,0.11506841204355607,0.942570876583978,0.022731189870607234,0.022731189870607234,weakspot_emb,"weakspot_emb|alpha=1.0,q=0.1",0.12960946945920698,0.28810891750572665,0.10597798036522721,0.24842579763319178,0.8034577516184682
synth5,hard,gauss,3006,5,61,0.1504606187067974,0.3878407177332774,0.11506841204355607,0.942570876583978,0.022731189870607234,0.022731189870607234,weakspot_emb,"weakspot_emb|alpha=1.0,q=0.3",0.13092815919198908,0.3045484407491644,0.10504222810087332,0.26103451306417474,0.9111392226086639
synth5,hard,gauss,3006,5,61,0.1504606187067974,0.3878407177332774,0.11506841204355607,0.942570876583978,0.022731189870607234,0.022731189870607234,loss,loss|alpha=0.2,0.13194476521503903,0.29363556642212624,0.10783746104196283,0.2577458087714669,0.9555766925411313
synth5,hard,gauss,3006,5,61,0.1504606187067974,0.3878407177332774,0.11506841204355607,0.942570876583978,0.022731189870607234,0.022731189870607234,loss,loss|alpha=0.5,0.1364582054920404,0.27269522558681497,0.11614593504412657,0.23538272178709202,0.7748616310512203
synth5,hard,gauss,3006,5,61,0.1504606187067974,0.3878407177332774,0.11506841204355607,0.942570876583978,0.022731189870607234,0.022731189870607234,loss,loss|alpha=0.8,0.13843765546177275,0.2550721066017208,0.12104803174972652,0.22172951911643138,0.5734551055353253
synth5,hard,gauss,3006,5,61,0.1504606187067974,0.3878407177332774,0.11506841204355607,0.942570876583978,0.022731189870607234,0.022731189870607234,loss,loss|alpha=1.0,0.1419903871369527,0.2490392012211014,0.12602993482162,0.2178426898534706,0.4624893424231769
synth5,hard,gauss,3006,5,61,0.1504606187067974,0.3878407177332774,0.11506841204355607,0.942570876583978,0.022731189870607234,0.022731189870607234,smoothed_loss,smoothed_loss|alpha=0.2,0.13204007787129904,0.3172847716659081,0.10442100401912953,0.2743188036896102,0.9857625180634666
synth5,hard,gauss,3006,5,61,0.1504606187067974,0.3878407177332774,0.11506841204355607,0.942570876583978,0.022731189870607234,0.022731189870607234,smoothed_loss,smoothed_loss|alpha=0.5,0.13237648517097012,0.2982940287192507,0.10763899447819288,0.2581086060856616,0.9172044394591978
synth5,hard,gauss,3006,5,61,0.1504606187067974,0.3878407177332774,0.11506841204355607,0.942570876583978,0.022731189870607234,0.022731189870607234,smoothed_loss,smoothed_loss|alpha=0.8,0.13522698221802315,0.2867605427828295,0.11263407272847001,0.25032549968626455,0.8122883973051527
synth5,hard,gauss,3006,5,61,0.1504606187067974,0.3878407177332774,0.11506841204355607,0.942570876583978,0.022731189870607234,0.022731189870607234,smoothed_loss,smoothed_loss|alpha=1.0,0.13556117653095404,0.2812260571324814,0.1138432583947309,0.24627957577440346,0.7347118108206637
synth5,hard,gauss,3006,5,61,0.1504606187067974,0.3878407177332774,0.11506841204355607,0.942570876583978,0.022731189870607234,0.022731189870607234,jtt,"jtt|q=0.1,lam=2",0.13269074954949994,0.29922779111853776,0.10786089474503842,0.2575142741412205,0.9307692307692305
synth5,hard,gauss,3006,5,61,0.1504606187067974,0.3878407177332774,0.11506841204355607,0.942570876583978,0.022731189870607234,0.022731189870607234,jtt,"jtt|q=0.1,lam=5",0.13828231935183408,0.2752110841718008,0.11786691316350811,0.23647102703286063,0.576470588235294
synth5,hard,gauss,3006,5,61,0.1504606187067974,0.3878407177332774,0.11506841204355607,0.942570876583978,0.022731189870607234,0.022731189870607234,jtt,"jtt|q=0.1,lam=10",0.14070316241738368,0.25756527660006634,0.12327959526403344,0.21681332770843056,0.3311926605504589
synth5,hard,gauss,3006,5,61,0.1504606187067974,0.3878407177332774,0.11506841204355607,0.942570876583978,0.022731189870607234,0.022731189870607234,jtt,"jtt|q=0.1,lam=20",0.1531567676241317,0.26095150634481035,0.13708510160975873,0.21814898672197652,0.20562347188264066
synth5,hard,gauss,3006,5,61,0.1504606187067974,0.3878407177332774,0.11506841204355607,0.942570876583978,0.022731189870607234,0.022731189870607234,jtt,"jtt|q=0.2,lam=2",0.1328220332590695,0.3015336213975041,0.10766796424331321,0.25968643648941453,0.8999999999999998
synth5,hard,gauss,3006,5,61,0.1504606187067974,0.3878407177332774,0.11506841204355607,0.942570876583978,0.022731189870607234,0.022731189870607234,jtt,"jtt|q=0.2,lam=5",0.1414860095542551,0.2896248984483108,0.1193992289348886,0.24702805277314327,0.5586206896551724
synth5,hard,gauss,3006,5,61,0.1504606187067974,0.3878407177332774,0.11506841204355607,0.942570876583978,0.022731189870607234,0.022731189870607234,jtt,"jtt|q=0.2,lam=10",0.1501614980637848,0.2791659210858888,0.1309275723101301,0.23835441747564518,0.3769230769230769
synth5,hard,gauss,3006,5,61,0.1504606187067974,0.3878407177332774,0.11506841204355607,0.942570876583978,0.022731189870607234,0.022731189870607234,jtt,"jtt|q=0.2,lam=20",0.16425692231300623,0.27358171492676664,0.14795713277938327,0.23978345926034492,0.2851485148514851
synth5,hard,gauss,3006,5,61,0.1504606187067974,0.3878407177332774,0.11506841204355607,0.942570876583978,0.022731189870607234,0.022731189870607234,density,density|alpha=0.2,0.12745557037036787,0.32604398600589773,0.09784701314116936,0.278221347865926,0.999345296643153
synth5,hard,gauss,3006,5,61,0.1504606187067974,0.3878407177332774,0.11506841204355607,0.942570876583978,0.022731189870607234,0.022731189870607234,density,density|alpha=0.5,0.12758085287933532,0.3266620122098975,0.0978988299857525,0.2784137316919834,0.9959221204771223
synth5,hard,gauss,3006,5,61,0.1504606187067974,0.3878407177332774,0.11506841204355607,0.942570876583978,0.022731189870607234,0.022731189870607234,density,density|alpha=0.8,0.1282922292829369,0.3282167513271694,0.09848446515166527,0.2803444470362136,0.9896266186047694
synth5,hard,gauss,3006,5,61,0.1504606187067974,0.3878407177332774,0.11506841204355607,0.942570876583978,0.022731189870607234,0.022731189870607234,density,density|alpha=1.0,0.12791417072772937,0.3299903781776559,0.0977856008723683,0.2815363283021409,0.9838856194163073
synth5,hard,gauss,3005,5,60,0.14019388684463352,0.3641783491929452,0.10665094206640113,0.9547481933601683,0.05987120419138591,0.05987120419138591,uniform,uniform,0.12372484658248863,0.2907573609371503,0.09871077932788133,0.2464685883215393,1.0
synth5,hard,gauss,3005,5,60,0.14019388684463352,0.3641783491929452,0.10665094206640113,0.9547481933601683,0.05987120419138591,0.05987120419138591,weakspot,"weakspot|alpha=0.2,q=0.03",0.12206012157066837,0.2935475931572778,0.0963788991801471,0.24419178624100596,0.9443185930876008
synth5,hard,gauss,3005,5,60,0.14019388684463352,0.3641783491929452,0.10665094206640113,0.9547481933601683,0.05987120419138591,0.05987120419138591,weakspot,"weakspot|alpha=0.2,q=0.1",0.12239406117003271,0.29148683741061787,0.09707145800206926,0.24501818933731,0.985458074713784
synth5,hard,gauss,3005,5,60,0.14019388684463352,0.3641783491929452,0.10665094206640113,0.9547481933601683,0.05987120419138591,0.05987120419138591,weakspot,"weakspot|alpha=0.2,q=0.3",0.12309607818156484,0.2909472930443781,0.09795940587816566,0.24582979250363732,0.9955584270600669
synth5,hard,gauss,3005,5,60,0.14019388684463352,0.3641783491929452,0.10665094206640113,0.9547481933601683,0.05987120419138591,0.05987120419138591,weakspot,"weakspot|alpha=0.5,q=0.03",0.12273982307761713,0.2958421216388031,0.09681677118041165,0.24807233921003988,0.7307115852419341
synth5,hard,gauss,3005,5,60,0.14019388684463352,0.3641783491929452,0.10665094206640113,0.9547481933601683,0.05987120419138591,0.05987120419138591,weakspot,"weakspot|alpha=0.5,q=0.1",0.12221568382524037,0.2916137429168729,0.09684736281726665,0.24342109387961947,0.9155595799300672
synth5,hard,gauss,3005,5,60,0.14019388684463352,0.3641783491929452,0.10665094206640113,0.9547481933601683,0.05987120419138591,0.05987120419138591,weakspot,"weakspot|alpha=0.5,q=0.3",0.12210015177862935,0.2923910716538251,0.09659811979961899,0.24505758510224482,0.9728727298087999
synth5,hard,gauss,3005,5,60,0.14019388684463352,0.3641783491929452,0.10665094206640113,0.9547481933601683,0.05987120419138591,0.05987120419138591,weakspot,"weakspot|alpha=0.8,q=0.03",0.13018751491702296,0.29825882785846447,0.10501788167687033,0.2541102617264781,0.514553037337553
synth5,hard,gauss,3005,5,60,0.14019388684463352,0.3641783491929452,0.10665094206640113,0.9547481933601683,0.05987120419138591,0.05987120419138591,weakspot,"weakspot|alpha=0.8,q=0.1",0.12333865218005124,0.29481629048735003,0.09765890237892948,0.24746620504977826,0.8089932776945156
synth5,hard,gauss,3005,5,60,0.14019388684463352,0.3641783491929452,0.10665094206640113,0.9547481933601683,0.05987120419138591,0.05987120419138591,weakspot,"weakspot|alpha=0.8,q=0.3",0.12225165506499147,0.29131749185501776,0.09693308623268226,0.24470138151087192,0.9333737154961784
synth5,hard,gauss,3005,5,60,0.14019388684463352,0.3641783491929452,0.10665094206640113,0.9547481933601683,0.05987120419138591,0.05987120419138591,weakspot,"weakspot|alpha=1.0,q=0.03",0.13334049270373316,0.29488948914639834,0.10914761338593247,0.2483088019744816,0.40418476297180667
synth5,hard,gauss,3005,5,60,0.14019388684463352,0.3641783491929452,0.10665094206640113,0.9547481933601683,0.05987120419138591,0.05987120419138591,weakspot,"weakspot|alpha=1.0,q=0.1",0.12295956735318066,0.2951409317339903,0.09717443057755495,0.24981736096788942,0.7305067016710528
synth5,hard,gauss,3005,5,60,0.14019388684463352,0.3641783491929452,0.10665094206640113,0.9547481933601683,0.05987120419138591,0.05987120419138591,weakspot,"weakspot|alpha=1.0,q=0.3",0.12148274633150614,0.2909174843618633,0.09610893244423505,0.2441737631849284,0.8996570131809011
synth5,hard,gauss,3005,5,60,0.14019388684463352,0.3641783491929452,0.10665094206640113,0.9547481933601683,0.05987120419138591,0.05987120419138591,weakspot_emb,"weakspot_emb|alpha=0.2,q=0.03",0.12281686890300023,0.2867600474249256,0.09826544722725342,0.24071538003479198,0.9761315181627714
synth5,hard,gauss,3005,5,60,0.14019388684463352,0.3641783491929452,0.10665094206640113,0.9547481933601683,0.05987120419138591,0.05987120419138591,weakspot_emb,"weakspot_emb|alpha=0.2,q=0.1",0.12328859895420939,0.2875050892332121,0.09869624729127165,0.24358930705426401,0.9911710289593655
synth5,hard,gauss,3005,5,60,0.14019388684463352,0.3641783491929452,0.10665094206640113,0.9547481933601683,0.05987120419138591,0.05987120419138591,weakspot_emb,"weakspot_emb|alpha=0.2,q=0.3",0.12367979077187234,0.2889647652659717,0.0989274275320259,0.24529240198637312,0.9966810716889987
synth5,hard,gauss,3005,5,60,0.14019388684463352,0.3641783491929452,0.10665094206640113,0.9547481933601683,0.05987120419138591,0.05987120419138591,weakspot_emb,"weakspot_emb|alpha=0.5,q=0.03",0.12528079492120672,0.28463120578502643,0.10141716627502965,0.23912253277648562,0.867433797055216
synth5,hard,gauss,3005,5,60,0.14019388684463352,0.3641783491929452,0.10665094206640113,0.9547481933601683,0.05987120419138591,0.05987120419138591,weakspot_emb,"weakspot_emb|alpha=0.5,q=0.1",0.12320707539857574,0.2861611114318142,0.09880378342579124,0.24075798235103932,0.9472633837965513
synth5,hard,gauss,3005,5,60,0.14019388684463352,0.3641783491929452,0.10665094206640113,0.9547481933601683,0.05987120419138591,0.05987120419138591,weakspot_emb,"weakspot_emb|alpha=0.5,q=0.3",0.12258375488423022,0.2871327689632704,0.09794160589452633,0.24287331309625212,0.9796119471074854
synth5,hard,gauss,3005,5,60,0.14019388684463352,0.3641783491929452,0.10665094206640113,0.9547481933601683,0.05987120419138591,0.05987120419138591,weakspot_emb,"weakspot_emb|alpha=0.8,q=0.03",0.13035144071469795,0.2840542161932786,0.1073335775286271,0.24099692865636657,0.7187864119026102
synth5,hard,gauss,3005,5,60,0.14019388684463352,0.3641783491929452,0.10665094206640113,0.9547481933601683,0.05987120419138591,0.05987120419138591,weakspot_emb,"weakspot_emb|alpha=0.8,q=0.1",0.12475442508278932,0.28466361345042707,0.10080711633328106,0.2393483449716094,0.8752567777952641
synth5,hard,gauss,3005,5,60,0.14019388684463352,0.3641783491929452,0.10665094206640113,0.9547481933601683,0.05987120419138591,0.05987120419138591,weakspot_emb,"weakspot_emb|alpha=0.8,q=0.3",0.12271913732014546,0.28522202167167354,0.0983834078728485,0.2407003583991708,0.9494154447135722
synth5,hard,gauss,3005,5,60,0.14019388684463352,0.3641783491929452,0.10665094206640113,0.9547481933601683,0.05987120419138591,0.05987120419138591,weakspot_emb,"weakspot_emb|alpha=1.0,q=0.03",0.1310579884646624,0.2804811802734452,0.10868101722799214,0.24047689882389128,0.6206157690738746
synth5,hard,gauss,3005,5,60,0.14019388684463352,0.3641783491929452,0.10665094206640113,0.9547481933601683,0.05987120419138591,0.05987120419138591,weakspot_emb,"weakspot_emb|alpha=1.0,q=0.1",0.12458339228008174,0.2837565386195202,0.10074631000274703,0.23931182648380794,0.8178685278260288
synth5,hard,gauss,3005,5,60,0.14019388684463352,0.3641783491929452,0.10665094206640113,0.9547481933601683,0.05987120419138591,0.05987120419138591,weakspot_emb,"weakspot_emb|alpha=1.0,q=0.3",0.12274664025826047,0.2844782117266683,0.09852641929389125,0.23994997422689635,0.9231483546601394
synth5,hard,gauss,3005,5,60,0.14019388684463352,0.3641783491929452,0.10665094206640113,0.9547481933601683,0.05987120419138591,0.05987120419138591,loss,loss|alpha=0.2,0.12633837493858002,0.2806413267905861,0.10323063193343628,0.23381286246415656,0.9566261884121685
synth5,hard,gauss,3005,5,60,0.14019388684463352,0.3641783491929452,0.10665094206640113,0.9547481933601683,0.05987120419138591,0.05987120419138591,loss,loss|alpha=0.5,0.13323679474727096,0.266954577978026,0.11321179760348729,0.22536269383015956,0.7791939725047466
synth5,hard,gauss,3005,5,60,0.14019388684463352,0.3641783491929452,0.10665094206640113,0.9547481933601683,0.05987120419138591,0.05987120419138591,loss,loss|alpha=0.8,0.12909821435048013,0.24844701308010486,0.11122505420729689,0.21704227237196697,0.5795601785733883
synth5,hard,gauss,3005,5,60,0.14019388684463352,0.3641783491929452,0.10665094206640113,0.9547481933601683,0.05987120419138591,0.05987120419138591,loss,loss|alpha=1.0,0.1500339249823619,0.2452654351961398,0.1357724657063118,0.22264924173845202,0.46871119889386853
synth5,hard,gauss,3005,5,60,0.14019388684463352,0.3641783491929452,0.10665094206640113,0.9547481933601683,0.05987120419138591,0.05987120419138591,smoothed_loss,smoothed_loss|alpha=0.2,0.12419735590752454,0.28366684922484753,0.10031589398791393,0.2396709133118861,0.9862618602039273
synth5,hard,gauss,3005,5,60,0.14019388684463352,0.3641783491929452,0.10665094206640113,0.9547481933601683,0.05987120419138591,0.05987120419138591,smoothed_loss,smoothed_loss|alpha=0.5,0.1248362444341928,0.27901493927602883,0.10174710962171893,0.23514963521510396,0.9199129252738859
synth5,hard,gauss,3005,5,60,0.14019388684463352,0.3641783491929452,0.10665094206640113,0.9547481933601683,0.05987120419138591,0.05987120419138591,smoothed_loss,smoothed_loss|alpha=0.8,0.12944234420481276,0.27706223551120845,0.10733542745556525,0.2342600996409806,0.8177470175334794
synth5,hard,gauss,3005,5,60,0.14019388684463352,0.3641783491929452,0.10665094206640113,0.9547481933601683,0.05987120419138591,0.05987120419138591,smoothed_loss,smoothed_loss|alpha=1.0,0.13527255128405252,0.2779143263849439,0.11391113569694002,0.23676454893375212,0.7417090104411811
synth5,hard,gauss,3005,5,60,0.14019388684463352,0.3641783491929452,0.10665094206640113,0.9547481933601683,0.05987120419138591,0.05987120419138591,jtt,"jtt|q=0.1,lam=2",0.12623727134988957,0.27034359709355693,0.1046565309898865,0.22623477553295984,0.9307692307692305
synth5,hard,gauss,3005,5,60,0.14019388684463352,0.3641783491929452,0.10665094206640113,0.9547481933601683,0.05987120419138591,0.05987120419138591,jtt,"jtt|q=0.1,lam=5",0.1304554646419416,0.25787747901177077,0.11137329462564927,0.21896123216387064,0.5764705882352941
synth5,hard,gauss,3005,5,60,0.14019388684463352,0.3641783491929452,0.10665094206640113,0.9547481933601683,0.05987120419138591,0.05987120419138591,jtt,"jtt|q=0.1,lam=10",0.15410887620277627,0.2476428514558168,0.1401016324238645,0.2255292225290276,0.3311926605504589
synth5,hard,gauss,3005,5,60,0.14019388684463352,0.3641783491929452,0.10665094206640113,0.9547481933601683,0.05987120419138591,0.05987120419138591,jtt,"jtt|q=0.1,lam=20",0.17237662063934805,0.24667271577758285,0.16125035861950893,0.22931995922134832,0.20562347188264063
synth5,hard,gauss,3005,5,60,0.14019388684463352,0.3641783491929452,0.10665094206640113,0.9547481933601683,0.05987120419138591,0.05987120419138591,jtt,"jtt|q=0.2,lam=2",0.1264758559457211,0.2820714469284642,0.10317453289254226,0.2376817040947879,0.9000000000000001
synth5,hard,gauss,3005,5,60,0.14019388684463352,0.3641783491929452,0.10665094206640113,0.9547481933601683,0.05987120419138591,0.05987120419138591,jtt,"jtt|q=0.2,lam=5",0.13300754391282385,0.26799667355555645,0.11279215542651637,0.23550692164333448,0.5586206896551724
synth5,hard,gauss,3005,5,60,0.14019388684463352,0.3641783491929452,0.10665094206640113,0.9547481933601683,0.05987120419138591,0.05987120419138591,jtt,"jtt|q=0.2,lam=10",0.16988498045787517,0.2687123942047973,0.1550850142140849,0.243885514436936,0.3769230769230771
synth5,hard,gauss,3005,5,60,0.14019388684463352,0.3641783491929452,0.10665094206640113,0.9547481933601683,0.05987120419138591,0.05987120419138591,jtt,"jtt|q=0.2,lam=20",0.1843841751920913,0.2732689170271875,0.17107318051083661,0.23807625635349303,0.2851485148514852
synth5,hard,gauss,3005,5,60,0.14019388684463352,0.3641783491929452,0.10665094206640113,0.9547481933601683,0.05987120419138591,0.05987120419138591,density,density|alpha=0.2,0.12402775627222647,0.29156804619210763,0.09893764674412697,0.24765953204057056,0.9993535599622176
synth5,hard,gauss,3005,5,60,0.14019388684463352,0.3641783491929452,0.10665094206640113,0.9547481933601683,0.05987120419138591,0.05987120419138591,density,density|alpha=0.5,0.124287690801418,0.29298026139743155,0.09902502070066403,0.24840982738652323,0.9959734152283237
synth5,hard,gauss,3005,5,60,0.14019388684463352,0.3641783491929452,0.10665094206640113,0.9547481933601683,0.05987120419138591,0.05987120419138591,density,density|alpha=0.8,0.12392359056192387,0.2933173944891952,0.09855590678896947,0.24909157901581858,0.9897562885735082
synth5,hard,gauss,3005,5,60,0.14019388684463352,0.3641783491929452,0.10665094206640113,0.9547481933601683,0.05987120419138591,0.05987120419138591,density,density|alpha=1.0,0.12413152362405273,0.29490790136809153,0.09855679157327829,0.2504803260476141,0.9840858993394191
synth5,hard,gauss,3004,5,60,0.1439817332475971,0.35144739643315476,0.11447919176661264,0.9389863557626068,0.052415626390333536,0.07656525339099951,uniform,uniform,0.12514498783786304,0.29058086064223704,0.1016192697748767,0.22420869663516096,1.0
synth5,hard,gauss,3004,5,60,0.1439817332475971,0.35144739643315476,0.11447919176661264,0.9389863557626068,0.052415626390333536,0.07656525339099951,weakspot,"weakspot|alpha=0.2,q=0.03",0.12234651503513294,0.2817570595194059,0.09967762549967665,0.2164564171105389,0.9492263708098775
synth5,hard,gauss,3004,5,60,0.1439817332475971,0.35144739643315476,0.11447919176661264,0.9389863557626068,0.052415626390333536,0.07656525339099951,weakspot,"weakspot|alpha=0.2,q=0.1",0.12450942472840472,0.28468908960468775,0.10173116284708289,0.21954309385658113,0.9849901307493009
synth5,hard,gauss,3004,5,60,0.1439817332475971,0.35144739643315476,0.11447919176661264,0.9389863557626068,0.052415626390333536,0.07656525339099951,weakspot,"weakspot|alpha=0.2,q=0.3",0.12545526035427554,0.2866653297291183,0.10253047036322135,0.2210812476086411,0.9951754040486143
synth5,hard,gauss,3004,5,60,0.1439817332475971,0.35144739643315476,0.11447919176661264,0.9389863557626068,0.052415626390333536,0.07656525339099951,weakspot,"weakspot|alpha=0.5,q=0.03",0.12325129808238239,0.27319963362883454,0.10192797680821529,0.21203480859910193,0.749451432798945
synth5,hard,gauss,3004,5,60,0.1439817332475971,0.35144739643315476,0.11447919176661264,0.9389863557626068,0.052415626390333536,0.07656525339099951,weakspot,"weakspot|alpha=0.5,q=0.1",0.1215697428391337,0.27942418235882616,0.09912213836146186,0.21414852614565974,0.9130408554776555
synth5,hard,gauss,3004,5,60,0.1439817332475971,0.35144739643315476,0.11447919176661264,0.9389863557626068,0.052415626390333536,0.07656525339099951,weakspot,"weakspot|alpha=0.5,q=0.3",0.12377111329480246,0.2832125860467113,0.10109782562191534,0.21823187645582443,0.9705911752130998
synth5,hard,gauss,3004,5,60,0.1439817332475971,0.35144739643315476,0.11447919176661264,0.9389863557626068,0.052415626390333536,0.07656525339099951,weakspot,"weakspot|alpha=0.8,q=0.03",0.12938355115457628,0.26950590328428725,0.1094575284930697,0.20704979897248468,0.5388419502209014
synth5,hard,gauss,3004,5,60,0.1439817332475971,0.35144739643315476,0.11447919176661264,0.9389863557626068,0.052415626390333536,0.07656525339099951,weakspot,"weakspot|alpha=0.8,q=0.1",0.12041766809164181,0.27386678711207174,0.09859651981289422,0.20976672235207233,0.8039764172057471
synth5,hard,gauss,3004,5,60,0.1439817332475971,0.35144739643315476,0.11447919176661264,0.9389863557626068,0.052415626390333536,0.07656525339099951,weakspot,"weakspot|alpha=0.8,q=0.3",0.12172871867638133,0.27993157264578283,0.09923156811191475,0.2144783218799139,0.9280158792414659
synth5,hard,gauss,3004,5,60,0.1439817332475971,0.35144739643315476,0.11447919176661264,0.9389863557626068,0.052415626390333536,0.07656525339099951,weakspot,"weakspot|alpha=1.0,q=0.03",0.13519683748086025,0.2726257092374016,0.11565383972678898,0.20545471686416802,0.42785560579575077
synth5,hard,gauss,3004,5,60,0.1439817332475971,0.35144739643315476,0.11447919176661264,0.9389863557626068,0.052415626390333536,0.07656525339099951,weakspot,"weakspot|alpha=1.0,q=0.1",0.12005685324147418,0.27286312080301767,0.09832712130382464,0.20852356988727982,0.7241313320158755
synth5,hard,gauss,3004,5,60,0.1439817332475971,0.35144739643315476,0.11447919176661264,0.9389863557626068,0.052415626390333536,0.07656525339099951,weakspot,"weakspot|alpha=1.0,q=0.3",0.12108932083122328,0.27818282482368806,0.09874992477518463,0.21153016603356037,0.8919018219836019
synth5,hard,gauss,3004,5,60,0.1439817332475971,0.35144739643315476,0.11447919176661264,0.9389863557626068,0.052415626390333536,0.07656525339099951,weakspot_emb,"weakspot_emb|alpha=0.2,q=0.03",0.12418442243940225,0.2792799910825075,0.10212914169004006,0.21565705974939425,0.974133572642892
synth5,hard,gauss,3004,5,60,0.1439817332475971,0.35144739643315476,0.11447919176661264,0.9389863557626068,0.052415626390333536,0.07656525339099951,weakspot_emb,"weakspot_emb|alpha=0.2,q=0.1",0.12480379937557441,0.2837952064766047,0.10219451304310354,0.21870924649465218,0.9888829299074322
synth5,hard,gauss,3004,5,60,0.1439817332475971,0.35144739643315476,0.11447919176661264,0.9389863557626068,0.052415626390333536,0.07656525339099951,weakspot_emb,"weakspot_emb|alpha=0.2,q=0.3",0.1257569624417774,0.2868027612109407,0.10285553246261027,0.2209382663781126,0.9954006704069365
synth5,hard,gauss,3004,5,60,0.1439817332475971,0.35144739643315476,0.11447919176661264,0.9389863557626068,0.052415626390333536,0.07656525339099951,weakspot_emb,"weakspot_emb|alpha=0.5,q=0.03",0.1239742605722839,0.2751083803138069,0.10248231550338657,0.20700937367201433,0.8576638934588166
synth5,hard,gauss,3004,5,60,0.1439817332475971,0.35144739643315476,0.11447919176661264,0.9389863557626068,0.052415626390333536,0.07656525339099951,weakspot_emb,"weakspot_emb|alpha=0.5,q=0.1",0.12292040243324821,0.276919040685889,0.1010211100717933,0.21175727292161983,0.9343499518995931
synth5,hard,gauss,3004,5,60,0.1439817332475971,0.35144739643315476,0.11447919176661264,0.9389863557626068,0.052415626390333536,0.07656525339099951,weakspot_emb,"weakspot_emb|alpha=0.5,q=0.3",0.12422855572202912,0.28061200427101035,0.10199013271306492,0.21616213418225197,0.9719319350231609
synth5,hard,gauss,3004,5,60,0.1439817332475971,0.35144739643315476,0.11447919176661264,0.9389863557626068,0.052415626390333536,0.07656525339099951,weakspot_emb,"weakspot_emb|alpha=0.8,q=0.03",0.1275556141899421,0.268827170316165,0.10746616960089045,0.1997361810527031,0.701827155585084
synth5,hard,gauss,3004,5,60,0.1439817332475971,0.35144739643315476,0.11447919176661264,0.9389863557626068,0.052415626390333536,0.07656525339099951,weakspot_emb,"weakspot_emb|alpha=0.8,q=0.1",0.12464257182059103,0.27530167321106996,0.10321817647722765,0.20757152118566133,0.8475490045503484
synth5,hard,gauss,3004,5,60,0.1439817332475971,0.35144739643315476,0.11447919176661264,0.9389863557626068,0.052415626390333536,0.07656525339099951,weakspot_emb,"weakspot_emb|alpha=0.8,q=0.3",0.12339380049530697,0.278125653767672,0.10139024169186958,0.21291543731770665,0.9311599946199515
synth5,hard,gauss,3004,5,60,0.1439817332475971,0.35144739643315476,0.11447919176661264,0.9389863557626068,0.052415626390333536,0.07656525339099951,weakspot_emb,"weakspot_emb|alpha=1.0,q=0.03",0.12744704669635443,0.2638583233107385,0.10804875550447457,0.19563744796981206,0.6010223498101758
synth5,hard,gauss,3004,5,60,0.1439817332475971,0.35144739643315476,0.11447919176661264,0.9389863557626068,0.052415626390333536,0.07656525339099951,weakspot_emb,"weakspot_emb|alpha=1.0,q=0.1",0.12510413317748856,0.2721876708107275,0.10418819892810165,0.20216748378396587,0.780608913702973
synth5,hard,gauss,3004,5,60,0.1439817332475971,0.35144739643315476,0.11447919176661264,0.9389863557626068,0.052415626390333536,0.07656525339099951,weakspot_emb,"weakspot_emb|alpha=1.0,q=0.3",0.12306921240944317,0.27546047835866444,0.10139849554973095,0.2101873603360811,0.8964473109103283
synth5,hard,gauss,3004,5,60,0.1439817332475971,0.35144739643315476,0.11447919176661264,0.9389863557626068,0.052415626390333536,0.07656525339099951,loss,loss|alpha=0.2,0.1273617684780142,0.27767619212319916,0.10598638784543221,0.2137253550003641,0.9551028059478012
synth5,hard,gauss,3004,5,60,0.1439817332475971,0.35144739643315476,0.11447919176661264,0.9389863557626068,0.052415626390333536,0.07656525339099951,loss,loss|alpha=0.5,0.13468688175615637,0.2746484421959563,0.11478372438921736,0.2090958317451002,0.7729180780340734
synth5,hard,gauss,3004,5,60,0.1439817332475971,0.35144739643315476,0.11447919176661264,0.9389863557626068,0.052415626390333536,0.07656525339099951,loss,loss|alpha=0.8,0.13542016712883048,0.27813079003775104,0.1151260808328161,0.21026601097862013,0.5707360787466274
synth5,hard,gauss,3004,5,60,0.1439817332475971,0.35144739643315476,0.11447919176661264,0.9389863557626068,0.052415626390333536,0.07656525339099951,loss,loss|alpha=1.0,0.14675073234482575,0.2863132013561083,0.12690432755681352,0.21848275898155578,0.4597293826470024
synth5,hard,gauss,3004,5,60,0.1439817332475971,0.35144739643315476,0.11447919176661264,0.9389863557626068,0.052415626390333536,0.07656525339099951,smoothed_loss,smoothed_loss|alpha=0.2,0.12605609874093746,0.2818995013855579,0.10389447266526045,0.21822823859356813,0.9859462663041275
synth5,hard,gauss,3004,5,60,0.1439817332475971,0.35144739643315476,0.11447919176661264,0.9389863557626068,0.052415626390333536,0.07656525339099951,smoothed_loss,smoothed_loss|alpha=0.5,0.12650564350233942,0.27579647050034534,0.10527582287269721,0.21380932363059063,0.9181995719210543
synth5,hard,gauss,3004,5,60,0.1439817332475971,0.35144739643315476,0.11447919176661264,0.9389863557626068,0.052415626390333536,0.07656525339099951,smoothed_loss,smoothed_loss|alpha=0.8,0.13209752716267878,0.271868149471899,0.11222152204846068,0.2099983217968183,0.8142892105555745
synth5,hard,gauss,3004,5,60,0.1439817332475971,0.35144739643315476,0.11447919176661264,0.9389863557626068,0.052415626390333536,0.07656525339099951,smoothed_loss,smoothed_loss|alpha=1.0,0.1352287377885246,0.26784771610082936,0.1163697283083625,0.20671083377349334,0.7372720612567164
synth5,hard,gauss,3004,5,60,0.1439817332475971,0.35144739643315476,0.11447919176661264,0.9389863557626068,0.052415626390333536,0.07656525339099951,jtt,"jtt|q=0.1,lam=2",0.13152545845781805,0.27972424342226826,0.11045093106995504,0.21839354694727697,0.9307692307692305
synth5,hard,gauss,3004,5,60,0.1439817332475971,0.35144739643315476,0.11447919176661264,0.9389863557626068,0.052415626390333536,0.07656525339099951,jtt,"jtt|q=0.1,lam=5",0.13060615556865485,0.27348177644843247,0.11028860582618505,0.21149736434576688,0.576470588235294
synth5,hard,gauss,3004,5,60,0.1439817332475971,0.35144739643315476,0.11447919176661264,0.9389863557626068,0.052415626390333536,0.07656525339099951,jtt,"jtt|q=0.1,lam=10",0.15379962082580442,0.28539130051753153,0.13508669778569016,0.22276253867215023,0.3311926605504588
synth5,hard,gauss,3004,5,60,0.1439817332475971,0.35144739643315476,0.11447919176661264,0.9389863557626068,0.052415626390333536,0.07656525339099951,jtt,"jtt|q=0.1,lam=20",0.16437645780530477,0.28765187239016105,0.14684614470900026,0.22609062226472904,0.20562347188264055
synth5,hard,gauss,3004,5,60,0.1439817332475971,0.35144739643315476,0.11447919176661264,0.9389863557626068,0.052415626390333536,0.07656525339099951,jtt,"jtt|q=0.2,lam=2",0.12710389793286145,0.2782057294512619,0.10561654439312318,0.2142114875006076,0.9000000000000004
synth5,hard,gauss,3004,5,60,0.1439817332475971,0.35144739643315476,0.11447919176661264,0.9389863557626068,0.052415626390333536,0.07656525339099951,jtt,"jtt|q=0.2,lam=5",0.13548508770089643,0.2671857074387046,0.11675667290094542,0.2070532526675995,0.5586206896551724
synth5,hard,gauss,3004,5,60,0.1439817332475971,0.35144739643315476,0.11447919176661264,0.9389863557626068,0.052415626390333536,0.07656525339099951,jtt,"jtt|q=0.2,lam=10",0.1373860600612782,0.2718591169858173,0.11826339234328263,0.21060052258024625,0.37692307692307686
synth5,hard,gauss,3004,5,60,0.1439817332475971,0.35144739643315476,0.11447919176661264,0.9389863557626068,0.052415626390333536,0.07656525339099951,jtt,"jtt|q=0.2,lam=20",0.15249998279850951,0.2781346281250244,0.13463417658131804,0.21639219089887804,0.28514851485148507
synth5,hard,gauss,3004,5,60,0.1439817332475971,0.35144739643315476,0.11447919176661264,0.9389863557626068,0.052415626390333536,0.07656525339099951,density,density|alpha=0.2,0.12574943142731007,0.29097101004505355,0.10225418695225687,0.22471603983921093,0.9993129342641281
synth5,hard,gauss,3004,5,60,0.1439817332475971,0.35144739643315476,0.11447919176661264,0.9389863557626068,0.052415626390333536,0.07656525339099951,density,density|alpha=0.5,0.12629610201548547,0.2944339112116783,0.1023861565615437,0.22761446735547103,0.9957212729263204
synth5,hard,gauss,3004,5,60,0.1439817332475971,0.35144739643315476,0.11447919176661264,0.9389863557626068,0.052415626390333536,0.07656525339099951,density,density|alpha=0.8,0.12626292944868311,0.29619044653822335,0.1020984795598793,0.2297231165978329,0.9891190867659249
synth5,hard,gauss,3004,5,60,0.1439817332475971,0.35144739643315476,0.11447919176661264,0.9389863557626068,0.052415626390333536,0.07656525339099951,density,density|alpha=1.0,0.12586199354376582,0.2973488035984167,0.10147580524930086,0.23000569531173454,0.9831019975272957
synth5,hard,gauss,3003,5,61,0.1400800522412876,0.3574025495858911,0.10974158395101531,0.9661374881913988,0.05646491172589653,0.05339098356002433,uniform,uniform,0.11326897787252199,0.27303845607759164,0.09096497664161483,0.25746608688434014,1.0
synth5,hard,gauss,3003,5,61,0.1400800522412876,0.3574025495858911,0.10974158395101531,0.9661374881913988,0.05646491172589653,0.05339098356002433,weakspot,"weakspot|alpha=0.2,q=0.03",0.11386024019525447,0.26484919172114924,0.09278201049505833,0.2498046140528561,0.9561140487469052
synth5,hard,gauss,3003,5,61,0.1400800522412876,0.3574025495858911,0.10974158395101531,0.9661374881913988,0.05646491172589653,0.05339098356002433,weakspot,"weakspot|alpha=0.2,q=0.1",0.11310460459602976,0.2681547722882513,0.09145942449084783,0.2534931456028158,0.985162782963835
synth5,hard,gauss,3003,5,61,0.1400800522412876,0.3574025495858911,0.10974158395101531,0.9661374881913988,0.05646491172589653,0.05339098356002433,weakspot,"weakspot|alpha=0.2,q=0.3",0.11309403789285284,0.27056045599830025,0.09111154647642286,0.255543062924719,0.995353979266006
synth5,hard,gauss,3003,5,61,0.1400800522412876,0.3574025495858911,0.10974158395101531,0.9661374881913988,0.05646491172589653,0.05339098356002433,weakspot,"weakspot|alpha=0.5,q=0.03",0.11808526104304289,0.25635837983448745,0.09878217608355347,0.2365459032391628,0.7770750016290726
synth5,hard,gauss,3003,5,61,0.1400800522412876,0.3574025495858911,0.10974158395101531,0.9661374881913988,0.05646491172589653,0.05339098356002433,weakspot,"weakspot|alpha=0.5,q=0.1",0.11445188233061201,0.2626562330923961,0.09376238607041991,0.2473777808339844,0.9139688253753271
synth5,hard,gauss,3003,5,61,0.1400800522412876,0.3574025495858911,0.10974158395101531,0.9661374881913988,0.05646491172589653,0.05339098356002433,weakspot,"weakspot|alpha=0.5,q=0.3",0.11314512103731235,0.26742228382278177,0.0916078532980303,0.2524825970269317,0.9716537803155558
synth5,hard,gauss,3003,5,61,0.1400800522412876,0.3574025495858911,0.10974158395101531,0.9661374881913988,0.05646491172589653,0.05339098356002433,weakspot,"weakspot|alpha=0.8,q=0.03",0.12684851785341278,0.25751752309038667,0.10860697581178395,0.23675777121720543,0.576566505457066
synth5,hard,gauss,3003,5,61,0.1400800522412876,0.3574025495858911,0.10974158395101531,0.9661374881913988,0.05646491172589653,0.05339098356002433,weakspot,"weakspot|alpha=0.8,q=0.1",0.11545952151927831,0.2576044054435223,0.09561593373498216,0.24051179947998697,0.8058207275584571
synth5,hard,gauss,3003,5,61,0.1400800522412876,0.3574025495858911,0.10974158395101531,0.9661374881913988,0.05646491172589653,0.05339098356002433,weakspot,"weakspot|alpha=0.8,q=0.3",0.11360435983888924,0.26437448300551236,0.09255667882702445,0.24913332804756416,0.9305066793830072
synth5,hard,gauss,3003,5,61,0.1400800522412876,0.3574025495858911,0.10974158395101531,0.9661374881913988,0.05646491172589653,0.05339098356002433,weakspot,"weakspot|alpha=1.0,q=0.03",0.1391123382991563,0.256026580295645,0.12279097688084308,0.2362164891946423,0.4656559475692257
synth5,hard,gauss,3003,5,61,0.1400800522412876,0.3574025495858911,0.10974158395101531,0.9661374881913988,0.05646491172589653,0.05339098356002433,weakspot,"weakspot|alpha=1.0,q=0.1",0.11788312654518579,0.25688125879434454,0.0984788288807733,0.2369318131170985,0.7264712901159872
synth5,hard,gauss,3003,5,61,0.1400800522412876,0.3574025495858911,0.10974158395101531,0.9661374881913988,0.05646491172589653,0.05339098356002433,weakspot,"weakspot|alpha=1.0,q=0.3",0.11444948944797867,0.26204297699568463,0.0938452703886123,0.24639597793869675,0.8955015309438806
synth5,hard,gauss,3003,5,61,0.1400800522412876,0.3574025495858911,0.10974158395101531,0.9661374881913988,0.05646491172589653,0.05339098356002433,weakspot_emb,"weakspot_emb|alpha=0.2,q=0.03",0.1154654844047872,0.2541436516121287,0.09610585422484491,0.23769442252516032,0.95658687116692
synth5,hard,gauss,3003,5,61,0.1400800522412876,0.3574025495858911,0.10974158395101531,0.9661374881913988,0.05646491172589653,0.05339098356002433,weakspot_emb,"weakspot_emb|alpha=0.2,q=0.1",0.1139586695450149,0.26426939027806506,0.09297512163641249,0.24924759345182992,0.9841169463765113
synth5,hard,gauss,3003,5,61,0.1400800522412876,0.3574025495858911,0.10974158395101531,0.9661374881913988,0.05646491172589653,0.05339098356002433,weakspot_emb,"weakspot_emb|alpha=0.2,q=0.3",0.11381123982393417,0.26739900393732796,0.09237021292491338,0.25319372557030584,0.9942956395373888
synth5,hard,gauss,3003,5,61,0.1400800522412876,0.3574025495858911,0.10974158395101531,0.9661374881913988,0.05646491172589653,0.05339098356002433,weakspot_emb,"weakspot_emb|alpha=0.5,q=0.03",0.1211394030804771,0.24347530216363295,0.10406117215433854,0.21880377906254764,0.7790309690819281
synth5,hard,gauss,3003,5,61,0.1400800522412876,0.3574025495858911,0.10974158395101531,0.9661374881913988,0.05646491172589653,0.05339098356002433,weakspot_emb,"weakspot_emb|alpha=0.5,q=0.1",0.11622966937612098,0.2511419800327171,0.09739575706223721,0.23286957606241482,0.9083714555492047
synth5,hard,gauss,3003,5,61,0.1400800522412876,0.3574025495858911,0.10974158395101531,0.9661374881913988,0.05646491172589653,0.05339098356002433,weakspot_emb,"weakspot_emb|alpha=0.5,q=0.3",0.11412457134273857,0.26093783846476265,0.09362927194393748,0.24598944822611435,0.9653844110431165
synth5,hard,gauss,3003,5,61,0.1400800522412876,0.3574025495858911,0.10974158395101531,0.9661374881913988,0.05646491172589653,0.05339098356002433,weakspot_emb,"weakspot_emb|alpha=0.8,q=0.03",0.12557752002810796,0.23639863826810092,0.11010676562993232,0.21009975418052243,0.5793293654687207
synth5,hard,gauss,3003,5,61,0.1400800522412876,0.3574025495858911,0.10974158395101531,0.9661374881913988,0.05646491172589653,0.05339098356002433,weakspot_emb,"weakspot_emb|alpha=0.8,q=0.1",0.11714320082316837,0.24602093317615203,0.09915172251748121,0.22311261426153906,0.7947670348790373
synth5,hard,gauss,3003,5,61,0.1400800522412876,0.3574025495858911,0.10974158395101531,0.9661374881913988,0.05646491172589653,0.05339098356002433,weakspot_emb,"weakspot_emb|alpha=0.8,q=0.3",0.11554942563387885,0.25495210736899526,0.09608865240020166,0.23806966147070974,0.9159242116427393
synth5,hard,gauss,3003,5,61,0.1400800522412876,0.3574025495858911,0.10974158395101531,0.9661374881913988,0.05646491172589653,0.05339098356002433,weakspot_emb,"weakspot_emb|alpha=1.0,q=0.03",0.13734265963615155,0.22969307828076693,0.1244504359507209,0.21170803743164343,0.4684753420539244
synth5,hard,gauss,3003,5,61,0.1400800522412876,0.3574025495858911,0.10974158395101531,0.9661374881913988,0.05646491172589653,0.05339098356002433,weakspot_emb,"weakspot_emb|alpha=1.0,q=0.1",0.12050676850788022,0.24649590116591225,0.10291854201145981,0.22048610525230813,0.7125121122908801
synth5,hard,gauss,3003,5,61,0.1400800522412876,0.3574025495858911,0.10974158395101531,0.9661374881913988,0.05646491172589653,0.05339098356002433,weakspot_emb,"weakspot_emb|alpha=1.0,q=0.3",0.11641160647247796,0.25118135555337373,0.09759759591702526,0.2325330988644636,0.874563789120778
synth5,hard,gauss,3003,5,61,0.1400800522412876,0.3574025495858911,0.10974158395101531,0.9661374881913988,0.05646491172589653,0.05339098356002433,loss,loss|alpha=0.2,0.11975251250935769,0.24878614012510591,0.10173927104733015,0.2327715868827343,0.9574940391302196
synth5,hard,gauss,3003,5,61,0.1400800522412876,0.3574025495858911,0.10974158395101531,0.9661374881913988,0.05646491172589653,0.05339098356002433,loss,loss|alpha=0.5,0.1241598093936728,0.235640939445914,0.10859691659435708,0.2194264248936556,0.7828059614161467
synth5,hard,gauss,3003,5,61,0.1400800522412876,0.3574025495858911,0.10974158395101531,0.9661374881913988,0.05646491172589653,0.05339098356002433,loss,loss|alpha=0.8,0.1210597524826199,0.234225304839588,0.10526171240999474,0.22032032664335027,0.5846972577508431
synth5,hard,gauss,3003,5,61,0.1400800522412876,0.3574025495858911,0.10974158395101531,0.9661374881913988,0.05646491172589653,0.05339098356002433,loss,loss|alpha=1.0,0.12420478867699909,0.23037103176280227,0.10938386015504933,0.21769090452445972,0.4739733822195859
synth5,hard,gauss,3003,5,61,0.1400800522412876,0.3574025495858911,0.10974158395101531,0.9661374881913988,0.05646491172589653,0.05339098356002433,smoothed_loss,smoothed_loss|alpha=0.2,0.11475906569079083,0.2633310211597469,0.0940182513945548,0.24951784621269277,0.9857530387529243
synth5,hard,gauss,3003,5,61,0.1400800522412876,0.3574025495858911,0.10974158395101531,0.9661374881913988,0.05646491172589653,0.05339098356002433,smoothed_loss,smoothed_loss|alpha=0.5,0.11942544638367085,0.25249637029833166,0.10084859375740766,0.23763555113487805,0.9171531504448158
synth5,hard,gauss,3003,5,61,0.1400800522412876,0.3574025495858911,0.10974158395101531,0.9661374881913988,0.05646491172589653,0.05339098356002433,smoothed_loss,smoothed_loss|alpha=0.8,0.1284970835347787,0.24922800802983658,0.11164290889016949,0.23371452524347636,0.8121854246883127
synth5,hard,gauss,3003,5,61,0.1400800522412876,0.3574025495858911,0.10974158395101531,0.9661374881913988,0.05646491172589653,0.05339098356002433,smoothed_loss,smoothed_loss|alpha=1.0,0.12741625935341047,0.2465867641264338,0.11077992108025336,0.22736887837419087,0.7345801875838749
synth5,hard,gauss,3003,5,61,0.1400800522412876,0.3574025495858911,0.10974158395101531,0.9661374881913988,0.05646491172589653,0.05339098356002433,jtt,"jtt|q=0.1,lam=2",0.11792204896350393,0.24922050434272394,0.09959263496469543,0.23533667544615963,0.9307692307692305
synth5,hard,gauss,3003,5,61,0.1400800522412876,0.3574025495858911,0.10974158395101531,0.9661374881913988,0.05646491172589653,0.05339098356002433,jtt,"jtt|q=0.1,lam=5",0.12003413365008134,0.2384296912608947,0.10350597888389941,0.22448131234496793,0.576470588235294
synth5,hard,gauss,3003,5,61,0.1400800522412876,0.3574025495858911,0.10974158395101531,0.9661374881913988,0.05646491172589653,0.05339098356002433,jtt,"jtt|q=0.1,lam=10",0.12709528433285364,0.23509351793941569,0.11201860784646746,0.22292858728388285,0.3311926605504588
synth5,hard,gauss,3003,5,61,0.1400800522412876,0.3574025495858911,0.10974158395101531,0.9661374881913988,0.05646491172589653,0.05339098356002433,jtt,"jtt|q=0.1,lam=20",0.14323288410418378,0.23260545367553212,0.13075637154294145,0.22507107757097028,0.20562347188264063
synth5,hard,gauss,3003,5,61,0.1400800522412876,0.3574025495858911,0.10974158395101531,0.9661374881913988,0.05646491172589653,0.05339098356002433,jtt,"jtt|q=0.2,lam=2",0.12034344328073912,0.2517609039422445,0.10199741600890506,0.23773073222793165,0.8999999999999998
synth5,hard,gauss,3003,5,61,0.1400800522412876,0.3574025495858911,0.10974158395101531,0.9661374881913988,0.05646491172589653,0.05339098356002433,jtt,"jtt|q=0.2,lam=5",0.12264831360798215,0.24016322777853474,0.1062430976696429,0.22560139388799777,0.5586206896551724
synth5,hard,gauss,3003,5,61,0.1400800522412876,0.3574025495858911,0.10974158395101531,0.9661374881913988,0.05646491172589653,0.05339098356002433,jtt,"jtt|q=0.2,lam=10",0.12746755536098636,0.24139850166921106,0.11156266542052196,0.2264432587218447,0.3769230769230769
synth5,hard,gauss,3003,5,61,0.1400800522412876,0.3574025495858911,0.10974158395101531,0.9661374881913988,0.05646491172589653,0.05339098356002433,jtt,"jtt|q=0.2,lam=20",0.14440393051170053,0.24361415012382065,0.13055407079376927,0.22970364283666947,0.28514851485148507
synth5,hard,gauss,3003,5,61,0.1400800522412876,0.3574025495858911,0.10974158395101531,0.9661374881913988,0.05646491172589653,0.05339098356002433,density,density|alpha=0.2,0.11360612662944865,0.27416615409503364,0.09119176382086272,0.2586058539091376,0.9992911728164392
synth5,hard,gauss,3003,5,61,0.1400800522412876,0.3574025495858911,0.10974158395101531,0.9661374881913988,0.05646491172589653,0.05339098356002433,density,density|alpha=0.5,0.11388695915533188,0.27711539776183985,0.0911000831105487,0.2616152503487203,0.995586255159947
synth5,hard,gauss,3003,5,61,0.1400800522412876,0.3574025495858911,0.10974158395101531,0.9661374881913988,0.05646491172589653,0.05339098356002433,density,density|alpha=0.8,0.11380294055407703,0.2778420651594857,0.09090289181998865,0.26230125831632184,0.9887780810807558
synth5,hard,gauss,3003,5,61,0.1400800522412876,0.3574025495858911,0.10974158395101531,0.9661374881913988,0.05646491172589653,0.05339098356002433,density,density|alpha=1.0,0.11402510893550012,0.2794551165271269,0.09093089135148387,0.2643875315998316,0.9825757393612461
synth5,hard,gauss,3002,5,60,0.13590244082443179,0.3484390953015362,0.1044945851413016,0.9641588843756881,0.02959031524393054,0.07543869290744447,uniform,uniform,0.11598656508889293,0.3054611667671677,0.08798673155537456,0.2560707739452983,1.0
synth5,hard,gauss,3002,5,60,0.13590244082443179,0.3484390953015362,0.1044945851413016,0.9641588843756881,0.02959031524393054,0.07543869290744447,weakspot,"weakspot|alpha=0.2,q=0.03",0.11706380399025917,0.30058364643298524,0.08994394205109017,0.2535653217223184,0.9571787860319603
synth5,hard,gauss,3002,5,60,0.13590244082443179,0.3484390953015362,0.1044945851413016,0.9641588843756881,0.02959031524393054,0.07543869290744447,weakspot,"weakspot|alpha=0.2,q=0.1",0.11776011857918003,0.30525131556736973,0.09005338502138444,0.25710031753491747,0.9858175480613882
synth5,hard,gauss,3002,5,60,0.13590244082443179,0.3484390953015362,0.1044945851413016,0.9641588843756881,0.02959031524393054,0.07543869290744447,weakspot,"weakspot|alpha=0.2,q=0.3",0.11722710604673348,0.3051503905185155,0.08945652024961219,0.257409524667273,0.9952708455483222
synth5,hard,gauss,3002,5,60,0.13590244082443179,0.3484390953015362,0.1044945851413016,0.9641588843756881,0.02959031524393054,0.07543869290744447,weakspot,"weakspot|alpha=0.5,q=0.03",0.11903447371374455,0.29064501949087285,0.09367452218570405,0.24660429115862775,0.7814907722712192
synth5,hard,gauss,3002,5,60,0.13590244082443179,0.3484390953015362,0.1044945851413016,0.9641588843756881,0.02959031524393054,0.07543869290744447,weakspot,"weakspot|alpha=0.5,q=0.1",0.11735071750508004,0.30020865792961565,0.09032866892010563,0.2549070848222664,0.9175022801076256
synth5,hard,gauss,3002,5,60,0.13590244082443179,0.3484390953015362,0.1044945851413016,0.9641588843756881,0.02959031524393054,0.07543869290744447,weakspot,"weakspot|alpha=0.5,q=0.3",0.11802267142404888,0.30293992828989885,0.0906963049144613,0.2552050113534351,0.9711588543956775
synth5,hard,gauss,3002,5,60,0.13590244082443179,0.3484390953015362,0.1044945851413016,0.9641588843756881,0.02959031524393054,0.07543869290744447,weakspot,"weakspot|alpha=0.8,q=0.03",0.12528086056210924,0.28213255029205947,0.1021019164556747,0.2399733733266158,0.5828217579779302
synth5,hard,gauss,3002,5,60,0.13590244082443179,0.3484390953015362,0.1044945851413016,0.9641588843756881,0.02959031524393054,0.07543869290744447,weakspot,"weakspot|alpha=0.8,q=0.1",0.11827095745879401,0.29419558556492637,0.09227348730824646,0.2503360192622511,0.8128866585623928
synth5,hard,gauss,3002,5,60,0.13590244082443179,0.3484390953015362,0.1044945851413016,0.9641588843756881,0.02959031524393054,0.07543869290744447,weakspot,"weakspot|alpha=0.8,q=0.3",0.11804888672293568,0.30097039359154126,0.09101744453144875,0.25507026248643444,0.9293455648228872
synth5,hard,gauss,3002,5,60,0.13590244082443179,0.3484390953015362,0.1044945851413016,0.9641588843756881,0.02959031524393054,0.07543869290744447,weakspot,"weakspot|alpha=1.0,q=0.03",0.12932094361379826,0.27802930302106826,0.10734538978460338,0.2352149273373079,0.4720493533319289
synth5,hard,gauss,3002,5,60,0.13590244082443179,0.3484390953015362,0.1044945851413016,0.9641588843756881,0.02959031524393054,0.07543869290744447,weakspot,"weakspot|alpha=1.0,q=0.1",0.11888858203554986,0.2928818309854373,0.09317652372588214,0.2493642267454008,0.7354768024099575
synth5,hard,gauss,3002,5,60,0.13590244082443179,0.3484390953015362,0.1044945851413016,0.9641588843756881,0.02959031524393054,0.07543869290744447,weakspot,"weakspot|alpha=1.0,q=0.3",0.11833789960938952,0.2980782590687946,0.09177655524164388,0.2527380937287539,0.8938222789232385
synth5,hard,gauss,3002,5,60,0.13590244082443179,0.3484390953015362,0.1044945851413016,0.9641588843756881,0.02959031524393054,0.07543869290744447,weakspot_emb,"weakspot_emb|alpha=0.2,q=0.03",0.11779081200683357,0.3005338677802896,0.09078574063715499,0.25498889384754553,0.9580055423623245
synth5,hard,gauss,3002,5,60,0.13590244082443179,0.3484390953015362,0.1044945851413016,0.9641588843756881,0.02959031524393054,0.07543869290744447,weakspot_emb,"weakspot_emb|alpha=0.2,q=0.1",0.11902340751359933,0.3051109897409698,0.09152409478846424,0.25717880738512905,0.9839674803540044
synth5,hard,gauss,3002,5,60,0.13590244082443179,0.3484390953015362,0.1044945851413016,0.9641588843756881,0.02959031524393054,0.07543869290744447,weakspot_emb,"weakspot_emb|alpha=0.2,q=0.3",0.11795893087358582,0.3060827269244551,0.09015871424053053,0.25652349807412717,0.9951309653513631
synth5,hard,gauss,3002,5,60,0.13590244082443179,0.3484390953015362,0.1044945851413016,0.9641588843756881,0.02959031524393054,0.07543869290744447,weakspot_emb,"weakspot_emb|alpha=0.5,q=0.03",0.12219371673287525,0.2904207086861912,0.09733377387607246,0.25258458978513226,0.7849474660339635
synth5,hard,gauss,3002,5,60,0.13590244082443179,0.3484390953015362,0.1044945851413016,0.9641588843756881,0.02959031524393054,0.07543869290744447,weakspot_emb,"weakspot_emb|alpha=0.5,q=0.1",0.118062903559669,0.29718871594012586,0.09159237461392,0.25481743920860317,0.9075761361319498
synth5,hard,gauss,3002,5,60,0.13590244082443179,0.3484390953015362,0.1044945851413016,0.9641588843756881,0.02959031524393054,0.07543869290744447,weakspot_emb,"weakspot_emb|alpha=0.5,q=0.3",0.11788150997781344,0.3032216801881155,0.0904926469481705,0.2560953000758238,0.9703270463042974
synth5,hard,gauss,3002,5,60,0.13590244082443179,0.3484390953015362,0.1044945851413016,0.9641588843756881,0.02959031524393054,0.07543869290744447,weakspot_emb,"weakspot_emb|alpha=0.8,q=0.03",0.1293788829020033,0.283630007520293,0.10658424038308818,0.24749078153116927,0.5877634394671557
synth5,hard,gauss,3002,5,60,0.13590244082443179,0.3484390953015362,0.1044945851413016,0.9641588843756881,0.02959031524393054,0.07543869290744447,weakspot_emb,"weakspot_emb|alpha=0.8,q=0.1",0.12013856499282542,0.2924796174500741,0.09467066197547017,0.2545843524562581,0.7932101263438479
synth5,hard,gauss,3002,5,60,0.13590244082443179,0.3484390953015362,0.1044945851413016,0.9641588843756881,0.02959031524393054,0.07543869290744447,weakspot_emb,"weakspot_emb|alpha=0.8,q=0.3",0.11777515607898802,0.29938214478703645,0.09093796836459922,0.254886770287855,0.927397972438207
synth5,hard,gauss,3002,5,60,0.13590244082443179,0.3484390953015362,0.1044945851413016,0.9641588843756881,0.02959031524393054,0.07543869290744447,weakspot_emb,"weakspot_emb|alpha=1.0,q=0.03",0.13698285870454727,0.2763748976636922,0.11638403515678267,0.24140999161178273,0.4771260000429904
synth5,hard,gauss,3002,5,60,0.13590244082443179,0.3484390953015362,0.1044945851413016,0.9641588843756881,0.02959031524393054,0.07543869290744447,weakspot_emb,"weakspot_emb|alpha=1.0,q=0.1",0.12256853136098984,0.2899477273574276,0.09783387255520348,0.25324559849293515,0.710558460782884
synth5,hard,gauss,3002,5,60,0.13590244082443179,0.3484390953015362,0.1044945851413016,0.9641588843756881,0.02959031524393054,0.07543869290744447,weakspot_emb,"weakspot_emb|alpha=1.0,q=0.3",0.11723199789647754,0.2967742851883035,0.09069992387774287,0.2544825241813848,0.8910103222047712
synth5,hard,gauss,3002,5,60,0.13590244082443179,0.3484390953015362,0.1044945851413016,0.9641588843756881,0.02959031524393054,0.07543869290744447,loss,loss|alpha=0.2,0.11858837553005819,0.29497875081454167,0.09252207903895085,0.24872655426475204,0.9561976947455785
synth5,hard,gauss,3002,5,60,0.13590244082443179,0.3484390953015362,0.1044945851413016,0.9641588843756881,0.02959031524393054,0.07543869290744447,loss,loss|alpha=0.5,0.1261328326268191,0.28697938109444415,0.10236354354193335,0.24365324593397703,0.7774204528215889
synth5,hard,gauss,3002,5,60,0.13590244082443179,0.3484390953015362,0.1044945851413016,0.9641588843756881,0.02959031524393054,0.07543869290744447,loss,loss|alpha=0.8,0.1428640644990345,0.30120808966440626,0.11946458875723634,0.25797353408446777,0.5770535551699977
synth5,hard,gauss,3002,5,60,0.13590244082443179,0.3484390953015362,0.1044945851413016,0.9641588843756881,0.02959031524393054,0.07543869290744447,loss,loss|alpha=1.0,0.15274087367123446,0.3108344105104324,0.1293784141383257,0.26777511846749014,0.46615244946650414
synth5,hard,gauss,3002,5,60,0.13590244082443179,0.3484390953015362,0.1044945851413016,0.9641588843756881,0.02959031524393054,0.07543869290744447,smoothed_loss,smoothed_loss|alpha=0.2,0.11798435520337869,0.30285322898729866,0.09066513856099165,0.25573699330908367,0.9861829315623001
synth5,hard,gauss,3002,5,60,0.13590244082443179,0.3484390953015362,0.1044945851413016,0.9641588843756881,0.02959031524393054,0.07543869290744447,smoothed_loss,smoothed_loss|alpha=0.5,0.11876925848325776,0.2914575372546303,0.09325004368634045,0.25029710461992055,0.9194839267594489
synth5,hard,gauss,3002,5,60,0.13590244082443179,0.3484390953015362,0.1044945851413016,0.9641588843756881,0.02959031524393054,0.07543869290744447,smoothed_loss,smoothed_loss|alpha=0.8,0.12235851955584717,0.2852266515068808,0.09829048857886515,0.24731428163101835,0.8168796923448594
synth5,hard,gauss,3002,5,60,0.13590244082443179,0.3484390953015362,0.1044945851413016,0.9641588843756881,0.02959031524393054,0.07543869290744447,smoothed_loss,smoothed_loss|alpha=1.0,0.1248003078936708,0.2835477857854907,0.10134121144767731,0.24269797269619667,0.7405946157818915
synth5,hard,gauss,3002,5,60,0.13590244082443179,0.3484390953015362,0.1044945851413016,0.9641588843756881,0.02959031524393054,0.07543869290744447,jtt,"jtt|q=0.1,lam=2",0.11919505635765895,0.291154669516113,0.09378352098417148,0.25145960178193627,0.9307692307692305
synth5,hard,gauss,3002,5,60,0.13590244082443179,0.3484390953015362,0.1044945851413016,0.9641588843756881,0.02959031524393054,0.07543869290744447,jtt,"jtt|q=0.1,lam=5",0.12804208327432962,0.28212125849240804,0.10527285078155765,0.24282195362850684,0.5764705882352938
synth5,hard,gauss,3002,5,60,0.13590244082443179,0.3484390953015362,0.1044945851413016,0.9641588843756881,0.02959031524393054,0.07543869290744447,jtt,"jtt|q=0.1,lam=10",0.15215387049029805,0.3084201531726259,0.12906143560323954,0.2697910793425192,0.3311926605504589
synth5,hard,gauss,3002,5,60,0.13590244082443179,0.3484390953015362,0.1044945851413016,0.9641588843756881,0.02959031524393054,0.07543869290744447,jtt,"jtt|q=0.1,lam=20",0.1611097849762515,0.308931206664919,0.13926529941824178,0.2763564775080462,0.20562347188264063
synth5,hard,gauss,3002,5,60,0.13590244082443179,0.3484390953015362,0.1044945851413016,0.9641588843756881,0.02959031524393054,0.07543869290744447,jtt,"jtt|q=0.2,lam=2",0.11914068833433654,0.2977418069496618,0.09274769663078061,0.2555205686177329,0.9
synth5,hard,gauss,3002,5,60,0.13590244082443179,0.3484390953015362,0.1044945851413016,0.9641588843756881,0.02959031524393054,0.07543869290744447,jtt,"jtt|q=0.2,lam=5",0.1304369681048331,0.2959614327287439,0.10597639442296392,0.2527849370587432,0.5586206896551722
synth5,hard,gauss,3002,5,60,0.13590244082443179,0.3484390953015362,0.1044945851413016,0.9641588843756881,0.02959031524393054,0.07543869290744447,jtt,"jtt|q=0.2,lam=10",0.1511574837128038,0.30069391104056653,0.1290595611665204,0.2625438586312679,0.3769230769230769
synth5,hard,gauss,3002,5,60,0.13590244082443179,0.3484390953015362,0.1044945851413016,0.9641588843756881,0.02959031524393054,0.07543869290744447,jtt,"jtt|q=0.2,lam=20",0.167572773141374,0.3204683998509772,0.14497844093034226,0.28540721368241306,0.28514851485148507
synth5,hard,gauss,3002,5,60,0.13590244082443179,0.3484390953015362,0.1044945851413016,0.9641588843756881,0.02959031524393054,0.07543869290744447,density,density|alpha=0.2,0.11589440695151293,0.30501135065599055,0.08794742674841222,0.2554896797594092,0.9992321055136475
synth5,hard,gauss,3002,5,60,0.13590244082443179,0.3484390953015362,0.1044945851413016,0.9641588843756881,0.02959031524393054,0.07543869290744447,density,density|alpha=0.5,0.1159030878482024,0.30660105275277993,0.08772247036589036,0.2571944790423653,0.9952199300544134
synth5,hard,gauss,3002,5,60,0.13590244082443179,0.3484390953015362,0.1044945851413016,0.9641588843756881,0.02959031524393054,0.07543869290744447,density,density|alpha=0.8,0.11625273186539659,0.3080905792287417,0.08790366690352491,0.25792933363194864,0.9878535955731851
synth5,hard,gauss,3002,5,60,0.13590244082443179,0.3484390953015362,0.1044945851413016,0.9641588843756881,0.02959031524393054,0.07543869290744447,density,density|alpha=1.0,0.1166874619888408,0.30652012215005114,0.08863471593919278,0.25599572356112377,0.981150032704094
synth5,hard,gauss,3001,5,62,0.16064867307795094,0.3763209093807334,0.1294857319240439,0.9464319985786693,0.08910820318050815,0.014527396373983162,uniform,uniform,0.12493537719090267,0.3023121845135096,0.09930582420151311,0.25148076571816447,1.0
synth5,hard,gauss,3001,5,62,0.16064867307795094,0.3763209093807334,0.1294857319240439,0.9464319985786693,0.08910820318050815,0.014527396373983162,weakspot,"weakspot|alpha=0.2,q=0.03",0.12788556362381634,0.29718029271753676,0.10342380734561066,0.24731597051014007,0.9556956690881676
synth5,hard,gauss,3001,5,62,0.16064867307795094,0.3763209093807334,0.1294857319240439,0.9464319985786693,0.08910820318050815,0.014527396373983162,weakspot,"weakspot|alpha=0.2,q=0.1",0.12606736526790382,0.2986984954840138,0.10112352527959609,0.24655299589967306,0.9870765438745772
synth5,hard,gauss,3001,5,62,0.16064867307795094,0.3763209093807334,0.1294857319240439,0.9464319985786693,0.08910820318050815,0.014527396373983162,weakspot,"weakspot|alpha=0.2,q=0.3",0.1255689594503052,0.3000266538839723,0.10036119530466801,0.24959311091217137,0.9955990016602951
synth5,hard,gauss,3001,5,62,0.16064867307795094,0.3763209093807334,0.1294857319240439,0.9464319985786693,0.08910820318050815,0.014527396373983162,weakspot,"weakspot|alpha=0.5,q=0.03",0.13257313941485388,0.29789216673660207,0.10868584076035237,0.24491068291416387,0.7753508222330519
synth5,hard,gauss,3001,5,62,0.16064867307795094,0.3763209093807334,0.1294857319240439,0.9464319985786693,0.08910820318050815,0.014527396373983162,weakspot,"weakspot|alpha=0.5,q=0.1",0.12763663358864016,0.29526869561815305,0.10341511961871057,0.24462063371683565,0.9243604053741891
synth5,hard,gauss,3001,5,62,0.16064867307795094,0.3763209093807334,0.1294857319240439,0.9464319985786693,0.08910820318050815,0.014527396373983162,weakspot,"weakspot|alpha=0.5,q=0.3",0.12632963627990892,0.298843563010879,0.10140273127300194,0.24711501244295864,0.9731149460356113
synth5,hard,gauss,3001,5,62,0.16064867307795094,0.3763209093807334,0.1294857319240439,0.9464319985786693,0.08910820318050815,0.014527396373983162,weakspot,"weakspot|alpha=0.8,q=0.03",0.13623795110549766,0.3000239911414319,0.11257215705166453,0.24800163033292386,0.574141406278774
synth5,hard,gauss,3001,5,62,0.16064867307795094,0.3763209093807334,0.1294857319240439,0.9464319985786693,0.08910820318050815,0.014527396373983162,weakspot,"weakspot|alpha=0.8,q=0.1",0.13042109830555615,0.2952927262146555,0.10659844534587228,0.24410032669223175,0.8267998668235806
synth5,hard,gauss,3001,5,62,0.16064867307795094,0.3763209093807334,0.1294857319240439,0.9464319985786693,0.08910820318050815,0.014527396373983162,weakspot,"weakspot|alpha=0.8,q=0.3",0.12779778041488132,0.29602381583333365,0.1034904419638603,0.24496807000415072,0.9339446676825881
synth5,hard,gauss,3001,5,62,0.16064867307795094,0.3763209093807334,0.1294857319240439,0.9464319985786693,0.08910820318050815,0.014527396373983162,weakspot,"weakspot|alpha=1.0,q=0.03",0.14062131206229458,0.2949083717113518,0.11832804593274551,0.24538516364529037,0.46318705145085615
synth5,hard,gauss,3001,5,62,0.16064867307795094,0.3763209093807334,0.1294857319240439,0.9464319985786693,0.08910820318050815,0.014527396373983162,weakspot,"weakspot|alpha=1.0,q=0.1",0.1328167531689129,0.2980198326540347,0.10894620806448181,0.24506259615289333,0.7533998317744642
synth5,hard,gauss,3001,5,62,0.16064867307795094,0.3763209093807334,0.1294857319240439,0.9464319985786693,0.08910820318050815,0.014527396373983162,weakspot,"weakspot|alpha=1.0,q=0.3",0.12834387160682742,0.29544871680731566,0.10419853632034771,0.24332652191313578,0.9004860943160089
synth5,hard,gauss,3001,5,62,0.16064867307795094,0.3763209093807334,0.1294857319240439,0.9464319985786693,0.08910820318050815,0.014527396373983162,weakspot_emb,"weakspot_emb|alpha=0.2,q=0.03",0.13023282827801153,0.28879598638242726,0.10732169956764533,0.23732839620135796,0.9570427784522508
synth5,hard,gauss,3001,5,62,0.16064867307795094,0.3763209093807334,0.1294857319240439,0.9464319985786693,0.08910820318050815,0.014527396373983162,weakspot_emb,"weakspot_emb|alpha=0.2,q=0.1",0.1272640935563946,0.2940227072126334,0.10316878600377638,0.24144022136306567,0.9849847627605708
synth5,hard,gauss,3001,5,62,0.16064867307795094,0.3763209093807334,0.1294857319240439,0.9464319985786693,0.08910820318050815,0.014527396373983162,weakspot_emb,"weakspot_emb|alpha=0.2,q=0.3",0.12593596631792933,0.29710126406631515,0.10120392758747589,0.24524944598435597,0.9957110115049068
synth5,hard,gauss,3001,5,62,0.16064867307795094,0.3763209093807334,0.1294857319240439,0.9464319985786693,0.08910820318050815,0.014527396373983162,weakspot_emb,"weakspot_emb|alpha=0.5,q=0.03",0.13185363883435133,0.2704510642929035,0.11182740139327296,0.22215242074532127,0.7809244657043293
synth5,hard,gauss,3001,5,62,0.16064867307795094,0.3763209093807334,0.1294857319240439,0.9464319985786693,0.08910820318050815,0.014527396373983162,weakspot_emb,"weakspot_emb|alpha=0.5,q=0.1",0.13021917812936395,0.2857209718898444,0.10775039247870802,0.23365426082969823,0.9130120286446715
synth5,hard,gauss,3001,5,62,0.16064867307795094,0.3763209093807334,0.1294857319240439,0.9464319985786693,0.08910820318050815,0.014527396373983162,weakspot_emb,"weakspot_emb|alpha=0.5,q=0.3",0.12748921524285967,0.29239446881342107,0.10366170363967411,0.24034114621287028,0.9737841296293144
synth5,hard,gauss,3001,5,62,0.16064867307795094,0.3763209093807334,0.1294857319240439,0.9464319985786693,0.08910820318050815,0.014527396373983162,weakspot_emb,"weakspot_emb|alpha=0.8,q=0.03",0.13417902082702027,0.26061999732456814,0.11590929460920579,0.21113915303164021,0.5820159541506443
synth5,hard,gauss,3001,5,62,0.16064867307795094,0.3763209093807334,0.1294857319240439,0.9464319985786693,0.08910820318050815,0.014527396373983162,weakspot_emb,"weakspot_emb|alpha=0.8,q=0.1",0.1318222768852641,0.2764595410070461,0.11092333028111531,0.22535380525760698,0.8039192000984221
synth5,hard,gauss,3001,5,62,0.16064867307795094,0.3763209093807334,0.1294857319240439,0.9464319985786693,0.08910820318050815,0.014527396373983162,weakspot_emb,"weakspot_emb|alpha=0.8,q=0.3",0.1285485552556741,0.2882534478744089,0.1054724548915937,0.23539544944613247,0.9355242221215069
synth5,hard,gauss,3001,5,62,0.16064867307795094,0.3763209093807334,0.1294857319240439,0.9464319985786693,0.08910820318050815,0.014527396373983162,weakspot_emb,"weakspot_emb|alpha=1.0,q=0.03",0.13883677001594244,0.2615054555793919,0.12111211015627381,0.2074515455474742,0.47122370854046197
synth5,hard,gauss,3001,5,62,0.16064867307795094,0.3763209093807334,0.1294857319240439,0.9464319985786693,0.08910820318050815,0.014527396373983162,weakspot_emb,"weakspot_emb|alpha=1.0,q=0.1",0.13176340301809666,0.27015898201124355,0.11176633080306397,0.21835121473984873,0.7240588080753712
synth5,hard,gauss,3001,5,62,0.16064867307795094,0.3763209093807334,0.1294857319240439,0.9464319985786693,0.08910820318050815,0.014527396373983162,weakspot_emb,"weakspot_emb|alpha=1.0,q=0.3",0.12892707445407597,0.28504295085414344,0.10636955869383734,0.23286693845678821,0.9027824468320736
synth5,hard,gauss,3001,5,62,0.16064867307795094,0.3763209093807334,0.1294857319240439,0.9464319985786693,0.08910820318050815,0.014527396373983162,loss,loss|alpha=0.2,0.13142233663014669,0.28774868639177836,0.10883440912524711,0.23663335330094903,0.959786582373022
synth5,hard,gauss,3001,5,62,0.16064867307795094,0.3763209093807334,0.1294857319240439,0.9464319985786693,0.08910820318050815,0.014527396373983162,loss,loss|alpha=0.5,0.13472172346023048,0.27465419048281725,0.11450258301776804,0.2283784295141286,0.7924782281428858
synth5,hard,gauss,3001,5,62,0.16064867307795094,0.3763209093807334,0.1294857319240439,0.9464319985786693,0.08910820318050815,0.014527396373983162,loss,loss|alpha=0.8,0.14580455101537154,0.27739022732142427,0.12679145615569867,0.22609896969659554,0.5986688032768164
synth5,hard,gauss,3001,5,62,0.16064867307795094,0.3763209093807334,0.1294857319240439,0.9464319985786693,0.08910820318050815,0.014527396373983162,loss,loss|alpha=1.0,0.15120595798739475,0.27802691604808116,0.13288132742354736,0.22577652585916744,0.4884106793961856
synth5,hard,gauss,3001,5,62,0.16064867307795094,0.3763209093807334,0.1294857319240439,0.9464319985786693,0.08910820318050815,0.014527396373983162,smoothed_loss,smoothed_loss|alpha=0.2,0.1283231569017033,0.297080098875627,0.10393910663079302,0.24503950193528706,0.989072355549704
synth5,hard,gauss,3001,5,62,0.16064867307795094,0.3763209093807334,0.1294857319240439,0.9464319985786693,0.08910820318050815,0.014527396373983162,smoothed_loss,smoothed_loss|alpha=0.5,0.1321583036125629,0.29056019272159017,0.109270477003104,0.23869939453211572,0.9354078806850182
synth5,hard,gauss,3001,5,62,0.16064867307795094,0.3763209093807334,0.1294857319240439,0.9464319985786693,0.08910820318050815,0.014527396373983162,smoothed_loss,smoothed_loss|alpha=0.8,0.13151727169370012,0.2839519453263231,0.10949166076824242,0.23208060321217022,0.8497808162412116
synth5,hard,gauss,3001,5,62,0.16064867307795094,0.3763209093807334,0.1294857319240439,0.9464319985786693,0.08910820318050815,0.014527396373983162,smoothed_loss,smoothed_loss|alpha=1.0,0.13383711141517735,0.2813915881035952,0.11251665054889667,0.2288858994181095,0.78357045225397
synth5,hard,gauss,3001,5,62,0.16064867307795094,0.3763209093807334,0.1294857319240439,0.9464319985786693,0.08910820318050815,0.014527396373983162,jtt,"jtt|q=0.1,lam=2",0.1292028303433932,0.28828422628955863,0.10621682034258817,0.23629636019732206,0.9307692307692305
synth5,hard,gauss,3001,5,62,0.16064867307795094,0.3763209093807334,0.1294857319240439,0.9464319985786693,0.08910820318050815,0.014527396373983162,jtt,"jtt|q=0.1,lam=5",0.14168227638450764,0.27815181442134906,0.12196350193283242,0.22498015600768767,0.5764705882352938
synth5,hard,gauss,3001,5,62,0.16064867307795094,0.3763209093807334,0.1294857319240439,0.9464319985786693,0.08910820318050815,0.014527396373983162,jtt,"jtt|q=0.1,lam=10",0.14979343178946142,0.2888185710005775,0.12970539307655335,0.241155725621177,0.3311926605504589
synth5,hard,gauss,3001,5,62,0.16064867307795094,0.3763209093807334,0.1294857319240439,0.9464319985786693,0.08910820318050815,0.014527396373983162,jtt,"jtt|q=0.1,lam=20",0.15613773768658887,0.290120330857354,0.13677830719982598,0.24321636984890765,0.20562347188264066
synth5,hard,gauss,3001,5,62,0.16064867307795094,0.3763209093807334,0.1294857319240439,0.9464319985786693,0.08910820318050815,0.014527396373983162,jtt,"jtt|q=0.2,lam=2",0.12979065351612826,0.2894538646563218,0.10672057579773124,0.23945241897750377,0.9000000000000004
synth5,hard,gauss,3001,5,62,0.16064867307795094,0.3763209093807334,0.1294857319240439,0.9464319985786693,0.08910820318050815,0.014527396373983162,jtt,"jtt|q=0.2,lam=5",0.13924798250657724,0.282299755598751,0.11857812688095558,0.2360463598942374,0.5586206896551724
synth5,hard,gauss,3001,5,62,0.16064867307795094,0.3763209093807334,0.1294857319240439,0.9464319985786693,0.08910820318050815,0.014527396373983162,jtt,"jtt|q=0.2,lam=10",0.15487060472930156,0.28636174923222146,0.13587116897136892,0.23899895667819634,0.3769230769230769
synth5,hard,gauss,3001,5,62,0.16064867307795094,0.3763209093807334,0.1294857319240439,0.9464319985786693,0.08910820318050815,0.014527396373983162,jtt,"jtt|q=0.2,lam=20",0.16784107196370113,0.28127030678932635,0.15145144003610722,0.23762236326325528,0.285148514851485
synth5,hard,gauss,3001,5,62,0.16064867307795094,0.3763209093807334,0.1294857319240439,0.9464319985786693,0.08910820318050815,0.014527396373983162,density,density|alpha=0.2,0.12511549067209293,0.3025470943551572,0.09947802003977606,0.25131852798449517,0.9992743663001743
synth5,hard,gauss,3001,5,62,0.16064867307795094,0.3763209093807334,0.1294857319240439,0.9464319985786693,0.08910820318050815,0.014527396373983162,density,density|alpha=0.5,0.1253318257857349,0.30331481342200356,0.09961468451068037,0.2528989149482453,0.9954820010406681
synth5,hard,gauss,3001,5,62,0.16064867307795094,0.3763209093807334,0.1294857319240439,0.9464319985786693,0.08910820318050815,0.014527396373983162,density,density|alpha=0.8,0.12741157289882465,0.3118561985511113,0.1007607757731008,0.2624196870603555,0.9885148707551925
synth5,hard,gauss,3001,5,62,0.16064867307795094,0.3763209093807334,0.1294857319240439,0.9464319985786693,0.08910820318050815,0.014527396373983162,density,density|alpha=1.0,0.1272661791356737,0.3123770006164064,0.10051912195462363,0.26306420572364236,0.9821696763142421
synth5,hard,gauss,3000,5,61,0.16003860821051857,0.3963999439127294,0.12596363304063463,0.9536132182257185,0.037984031520614935,0.054111490340965074,uniform,uniform,0.13417393843871298,0.3596669880916559,0.10166578711574865,0.3040794255471805,1.0
synth5,hard,gauss,3000,5,61,0.16003860821051857,0.3963999439127294,0.12596363304063463,0.9536132182257185,0.037984031520614935,0.054111490340965074,weakspot,"weakspot|alpha=0.2,q=0.03",0.14128341067287659,0.35054873000770503,0.11111472619211182,0.3018531507219194,0.9413857160858318
synth5,hard,gauss,3000,5,61,0.16003860821051857,0.3963999439127294,0.12596363304063463,0.9536132182257185,0.037984031520614935,0.054111490340965074,weakspot,"weakspot|alpha=0.2,q=0.1",0.13521762538057522,0.3536615752586249,0.10372570583293876,0.3015028928152328,0.9842926877100773
synth5,hard,gauss,3000,5,61,0.16003860821051857,0.3963999439127294,0.12596363304063463,0.9536132182257185,0.037984031520614935,0.054111490340965074,weakspot,"weakspot|alpha=0.2,q=0.3",0.13438226980739937,0.3579369263502023,0.10215356646141176,0.30311959912287606,0.9954210988652853
synth5,hard,gauss,3000,5,61,0.16003860821051857,0.3963999439127294,0.12596363304063463,0.9536132182257185,0.037984031520614935,0.054111490340965074,weakspot,"weakspot|alpha=0.5,q=0.03",0.1509385998591878,0.3418346228361894,0.12341812057417383,0.2993212934772946,0.7198652032262156
synth5,hard,gauss,3000,5,61,0.16003860821051857,0.3963999439127294,0.12596363304063463,0.9536132182257185,0.037984031520614935,0.054111490340965074,weakspot,"weakspot|alpha=0.5,q=0.1",0.1404991113619157,0.34703135120947926,0.11072444062874294,0.30055336002312877,0.9093080627370146
synth5,hard,gauss,3000,5,61,0.16003860821051857,0.3963999439127294,0.12596363304063463,0.9536132182257185,0.037984031520614935,0.054111490340965074,weakspot,"weakspot|alpha=0.5,q=0.3",0.13554895691690189,0.35249458152399543,0.10427304307194334,0.3023859580260143,0.9720536760440165
synth5,hard,gauss,3000,5,61,0.16003860821051857,0.3963999439127294,0.12596363304063463,0.9536132182257185,0.037984031520614935,0.054111490340965074,weakspot,"weakspot|alpha=0.8,q=0.03",0.16726089708974973,0.33734199742115095,0.14274119612664155,0.2994174291333994,0.5009464523384308
synth5,hard,gauss,3000,5,61,0.16003860821051857,0.3963999439127294,0.12596363304063463,0.9536132182257185,0.037984031520614935,0.054111490340965074,weakspot,"weakspot|alpha=0.8,q=0.1",0.14429578729751755,0.34232644260954737,0.11574674545619515,0.2975990728048061,0.7966048665512003
synth5,hard,gauss,3000,5,61,0.16003860821051857,0.3963999439127294,0.12596363304063463,0.9536132182257185,0.037984031520614935,0.054111490340965074,weakspot,"weakspot|alpha=0.8,q=0.3",0.13750984129930827,0.34781998423121757,0.10719053007571495,0.3004006048556739,0.9314461044934257
synth5,hard,gauss,3000,5,61,0.16003860821051857,0.3963999439127294,0.12596363304063463,0.9536132182257185,0.037984031520614935,0.054111490340965074,weakspot,"weakspot|alpha=1.0,q=0.03",0.16962796328485638,0.3402613498175849,0.1450286421142342,0.3026467613610783,0.39114512387167233
synth5,hard,gauss,3000,5,61,0.16003860821051857,0.3963999439127294,0.12596363304063463,0.9536132182257185,0.037984031520614935,0.054111490340965074,weakspot,"weakspot|alpha=1.0,q=0.1",0.14906442137456546,0.33947819661445117,0.12161346521870094,0.29556089389426704,0.714822225460155
synth5,hard,gauss,3000,5,61,0.16003860821051857,0.3963999439127294,0.12596363304063463,0.9536132182257185,0.037984031520614935,0.054111490340965074,weakspot,"weakspot|alpha=1.0,q=0.3",0.13963693361463178,0.346769307595325,0.10977574468835335,0.2995564483232656,0.8968617121865653
synth5,hard,gauss,3000,5,61,0.16003860821051857,0.3963999439127294,0.12596363304063463,0.9536132182257185,0.037984031520614935,0.054111490340965074,weakspot_emb,"weakspot_emb|alpha=0.2,q=0.03",0.13565655642992805,0.35266325861815895,0.10437183735016023,0.3038795595283477,0.9731670562495244
synth5,hard,gauss,3000,5,61,0.16003860821051857,0.3963999439127294,0.12596363304063463,0.9536132182257185,0.037984031520614935,0.054111490340965074,weakspot_emb,"weakspot_emb|alpha=0.2,q=0.1",0.13441674965126732,0.3542730191492114,0.10272122338497333,0.304282848769713,0.9890578063326076
synth5,hard,gauss,3000,5,61,0.16003860821051857,0.3963999439127294,0.12596363304063463,0.9536132182257185,0.037984031520614935,0.054111490340965074,weakspot_emb,"weakspot_emb|alpha=0.2,q=0.3",0.1338567838942841,0.35657573757401556,0.101748559450753,0.30287433485474025,0.9957064506651311
synth5,hard,gauss,3000,5,61,0.16003860821051857,0.3963999439127294,0.12596363304063463,0.9536132182257185,0.037984031520614935,0.054111490340965074,weakspot_emb,"weakspot_emb|alpha=0.5,q=0.03",0.14046891716960758,0.3495703846135134,0.11032385435732824,0.301926567256684,0.8530021263532871
synth5,hard,gauss,3000,5,61,0.16003860821051857,0.3963999439127294,0.12596363304063463,0.9536132182257185,0.037984031520614935,0.054111490340965074,weakspot_emb,"weakspot_emb|alpha=0.5,q=0.1",0.13749463519940375,0.35222561147162634,0.10653799559951813,0.30299708243654744,0.9353265537900254
synth5,hard,gauss,3000,5,61,0.16003860821051857,0.3963999439127294,0.12596363304063463,0.9536132182257185,0.037984031520614935,0.054111490340965074,weakspot_emb,"weakspot_emb|alpha=0.5,q=0.3",0.13478806352080538,0.35288880821894114,0.10334562206546773,0.3025237959217225,0.9737568666428643
synth5,hard,gauss,3000,5,61,0.16003860821051857,0.3963999439127294,0.12596363304063463,0.9536132182257185,0.037984031520614935,0.054111490340965074,weakspot_emb,"weakspot_emb|alpha=0.8,q=0.03",0.15137099211767724,0.3473770030576082,0.12311383264578789,0.29926189734416864,0.6938831451865985
synth5,hard,gauss,3000,5,61,0.16003860821051857,0.3963999439127294,0.12596363304063463,0.9536132182257185,0.037984031520614935,0.054111490340965074,weakspot_emb,"weakspot_emb|alpha=0.8,q=0.1",0.14043468103403586,0.34883285903454436,0.1103910077753813,0.29983757509130593,0.8496090112007949
synth5,hard,gauss,3000,5,61,0.16003860821051857,0.3963999439127294,0.12596363304063463,0.9536132182257185,0.037984031520614935,0.054111490340965074,weakspot_emb,"weakspot_emb|alpha=0.8,q=0.3",0.13695581500383663,0.3512282560199135,0.1060652800289789,0.30260157747570127,0.9354598081114305
synth5,hard,gauss,3000,5,61,0.16003860821051857,0.3963999439127294,0.12596363304063463,0.9536132182257185,0.037984031520614935,0.054111490340965074,weakspot_emb,"weakspot_emb|alpha=1.0,q=0.03",0.1635235884994049,0.3428561617890733,0.13767015116016207,0.29656398305408516,0.5919541307870386
synth5,hard,gauss,3000,5,61,0.16003860821051857,0.3963999439127294,0.12596363304063463,0.9536132182257185,0.037984031520614935,0.054111490340965074,weakspot_emb,"weakspot_emb|alpha=1.0,q=0.1",0.14461766035215498,0.34848309466702265,0.11522744899783768,0.29959334988601205,0.7833422292146754
synth5,hard,gauss,3000,5,61,0.16003860821051857,0.3963999439127294,0.12596363304063463,0.9536132182257185,0.037984031520614935,0.054111490340965074,weakspot_emb,"weakspot_emb|alpha=1.0,q=0.3",0.13861356715911832,0.35137424852465715,0.10794097465104295,0.3024287331367715,0.9026887248817042
synth5,hard,gauss,3000,5,61,0.16003860821051857,0.3963999439127294,0.12596363304063463,0.9536132182257185,0.037984031520614935,0.054111490340965074,loss,loss|alpha=0.2,0.1395055883419322,0.34996989072095785,0.10916405275868592,0.3009971448406895,0.9607715434125119
synth5,hard,gauss,3000,5,61,0.16003860821051857,0.3963999439127294,0.12596363304063463,0.9536132182257185,0.037984031520614935,0.054111490340965074,loss,loss|alpha=0.5,0.14679815242704178,0.34148624545359707,0.11873099027447201,0.2962103236354374,0.7966930832549199
synth5,hard,gauss,3000,5,61,0.16003860821051857,0.3963999439127294,0.12596363304063463,0.9536132182257185,0.037984031520614935,0.054111490340965074,loss,loss|alpha=0.8,0.1569626960378245,0.3316851165448961,0.13177388026678216,0.29087296208888036,0.6048572801013086
synth5,hard,gauss,3000,5,61,0.16003860821051857,0.3963999439127294,0.12596363304063463,0.9536132182257185,0.037984031520614935,0.054111490340965074,loss,loss|alpha=1.0,0.15970147391170603,0.33669612403337995,0.13418508270423357,0.29650341682130027,0.4948647833370107
synth5,hard,gauss,3000,5,61,0.16003860821051857,0.3963999439127294,0.12596363304063463,0.9536132182257185,0.037984031520614935,0.054111490340965074,smoothed_loss,smoothed_loss|alpha=0.2,0.13694183409059696,0.3521286240281228,0.10591948222317332,0.30231543618326095,0.9888399687086044
synth5,hard,gauss,3000,5,61,0.16003860821051857,0.3963999439127294,0.12596363304063463,0.9536132182257185,0.037984031520614935,0.054111490340965074,smoothed_loss,smoothed_loss|alpha=0.5,0.14127432667030126,0.3479884806224885,0.11147343033394473,0.30071355765045693,0.9341102931759476
synth5,hard,gauss,3000,5,61,0.16003860821051857,0.3963999439127294,0.12596363304063463,0.9536132182257185,0.037984031520614935,0.054111490340965074,smoothed_loss,smoothed_loss|alpha=0.8,0.14645595613437756,0.3403678958823757,0.1185006879327211,0.30006612007043254,0.84704434737931
synth5,hard,gauss,3000,5,61,0.16003860821051857,0.3963999439127294,0.12596363304063463,0.9536132182257185,0.037984031520614935,0.054111490340965074,smoothed_loss,smoothed_loss|alpha=1.0,0.14794088387600754,0.3351190953429751,0.12095638199404199,0.29909966967784546,0.7799401998506013
synth5,hard,gauss,3000,5,61,0.16003860821051857,0.3963999439127294,0.12596363304063463,0.9536132182257185,0.037984031520614935,0.054111490340965074,jtt,"jtt|q=0.1,lam=2",0.13858162551525294,0.34778581135266556,0.10842175433045433,0.3014583351965685,0.9307692307692305
synth5,hard,gauss,3000,5,61,0.16003860821051857,0.3963999439127294,0.12596363304063463,0.9536132182257185,0.037984031520614935,0.054111490340965074,jtt,"jtt|q=0.1,lam=5",0.1568244511564648,0.33514791791933846,0.13111649141719467,0.2959558091704959,0.576470588235294
synth5,hard,gauss,3000,5,61,0.16003860821051857,0.3963999439127294,0.12596363304063463,0.9536132182257185,0.037984031520614935,0.054111490340965074,jtt,"jtt|q=0.1,lam=10",0.16330816564379666,0.3409946585637937,0.13769203508553624,0.3037675397532596,0.3311926605504589
synth5,hard,gauss,3000,5,61,0.16003860821051857,0.3963999439127294,0.12596363304063463,0.9536132182257185,0.037984031520614935,0.054111490340965074,jtt,"jtt|q=0.1,lam=20",0.17991200593878112,0.3526217971423581,0.15501334038769338,0.3164950858923466,0.20562347188264055
synth5,hard,gauss,3000,5,61,0.16003860821051857,0.3963999439127294,0.12596363304063463,0.9536132182257185,0.037984031520614935,0.054111490340965074,jtt,"jtt|q=0.2,lam=2",0.13811491105007434,0.34759120941303223,0.1079158108284122,0.2982019296865899,0.9
synth5,hard,gauss,3000,5,61,0.16003860821051857,0.3963999439127294,0.12596363304063463,0.9536132182257185,0.037984031520614935,0.054111490340965074,jtt,"jtt|q=0.2,lam=5",0.15204222516630037,0.340423872581238,0.12488423023005076,0.29315113491040623,0.5586206896551725
synth5,hard,gauss,3000,5,61,0.16003860821051857,0.3963999439127294,0.12596363304063463,0.9536132182257185,0.037984031520614935,0.054111490340965074,jtt,"jtt|q=0.2,lam=10",0.16351832919722228,0.345914933821384,0.13722316651685112,0.2992390915065975,0.3769230769230769
synth5,hard,gauss,3000,5,61,0.16003860821051857,0.3963999439127294,0.12596363304063463,0.9536132182257185,0.037984031520614935,0.054111490340965074,jtt,"jtt|q=0.2,lam=20",0.17190530492141007,0.35035611042944687,0.1461789874225398,0.3084676771477204,0.28514851485148507
synth5,hard,gauss,3000,5,61,0.16003860821051857,0.3963999439127294,0.12596363304063463,0.9536132182257185,0.037984031520614935,0.054111490340965074,density,density|alpha=0.2,0.13414387272871403,0.3606456666548382,0.10149029602998218,0.30438931464087815,0.9992780020492921
synth5,hard,gauss,3000,5,61,0.16003860821051857,0.3963999439127294,0.12596363304063463,0.9536132182257185,0.037984031520614935,0.054111490340965074,density,density|alpha=0.5,0.13404418469054508,0.360776448837518,0.10135738230780071,0.3046537822820073,0.9955045527525014
synth5,hard,gauss,3000,5,61,0.16003860821051857,0.3963999439127294,0.12596363304063463,0.9536132182257185,0.037984031520614935,0.054111490340965074,density,density|alpha=0.8,0.1343136454756505,0.36199162336354973,0.1014905044986765,0.30547633859271345,0.988571799845055
synth5,hard,gauss,3000,5,61,0.16003860821051857,0.3963999439127294,0.12596363304063463,0.9536132182257185,0.037984031520614935,0.054111490340965074,density,density|alpha=1.0,0.13451149033737353,0.36291920020594126,0.10158314772474247,0.30717193731661946,0.9822574925291264
synth2,hard,gauss,3009,2,48,0.18065046748385002,0.4116636158516169,0.14892474935429886,0.775448877123423,0.05362482934132054,0.06170251755450192,uniform,uniform,0.11417808305262758,0.3320952308022771,0.08425087737646018,0.2921422444602447,1.0
synth2,hard,gauss,3009,2,48,0.18065046748385002,0.4116636158516169,0.14892474935429886,0.775448877123423,0.05362482934132054,0.06170251755450192,weakspot,"weakspot|alpha=0.2,q=0.03",0.11789476710022828,0.3058982804360098,0.0920756892096447,0.2611089575350436,0.7005735988380545
synth2,hard,gauss,3009,2,48,0.18065046748385002,0.4116636158516169,0.14892474935429886,0.775448877123423,0.05362482934132054,0.06170251755450192,weakspot,"weakspot|alpha=0.2,q=0.1",0.11357194824004978,0.3052028510657782,0.08725471023469669,0.26816665032503556,0.9228628379447195
synth2,hard,gauss,3009,2,48,0.18065046748385002,0.4116636158516169,0.14892474935429886,0.775448877123423,0.05362482934132054,0.06170251755450192,weakspot,"weakspot|alpha=0.2,q=0.3",0.11313648086423309,0.3192094342058871,0.08483587339649955,0.28133645836085835,0.9785066572469516
synth2,hard,gauss,3009,2,48,0.18065046748385002,0.4116636158516169,0.14892474935429886,0.775448877123423,0.05362482934132054,0.06170251755450192,weakspot,"weakspot|alpha=0.5,q=0.03",0.13208191979384304,0.2884663930683633,0.11060517808454727,0.23335126572013173,0.27238596515413865
synth2,hard,gauss,3009,2,48,0.18065046748385002,0.4116636158516169,0.14892474935429886,0.775448877123423,0.05362482934132054,0.06170251755450192,weakspot,"weakspot|alpha=0.5,q=0.1",0.11582190523255147,0.28321472609967024,0.09283335462725766,0.24547940172604213,0.6568558558119187
synth2,hard,gauss,3009,2,48,0.18065046748385002,0.4116636158516169,0.14892474935429886,0.775448877123423,0.05362482934132054,0.06170251755450192,weakspot,"weakspot|alpha=0.5,q=0.3",0.1114580922026014,0.30164909345147045,0.08533860013458784,0.2636751135042729,0.8792877806001678
synth2,hard,gauss,3009,2,48,0.18065046748385002,0.4116636158516169,0.14892474935429886,0.775448877123423,0.05362482934132054,0.06170251755450192,weakspot,"weakspot|alpha=0.8,q=0.03",0.15938529218148842,0.2632869664170231,0.14511616831007434,0.19668842426844663,0.12757659375038674
synth2,hard,gauss,3009,2,48,0.18065046748385002,0.4116636158516169,0.14892474935429886,0.775448877123423,0.05362482934132054,0.06170251755450192,weakspot,"weakspot|alpha=0.8,q=0.1",0.11585866374828453,0.2619588678570748,0.09579429110553624,0.22286502781623482,0.4278341525612308
synth2,hard,gauss,3009,2,48,0.18065046748385002,0.4116636158516169,0.14892474935429886,0.775448877123423,0.05362482934132054,0.06170251755450192,weakspot,"weakspot|alpha=0.8,q=0.3",0.1163484990698771,0.29802593935956456,0.09139819947933996,0.26676244315275577,0.7399474838895466
synth2,hard,gauss,3009,2,48,0.18065046748385002,0.4116636158516169,0.14892474935429886,0.775448877123423,0.05362482934132054,0.06170251755450192,weakspot,"weakspot|alpha=1.0,q=0.03",0.7105993149906054,0.27886175776550637,0.7698911091730686,0.18895009423126893,0.0855794777773659
synth2,hard,gauss,3009,2,48,0.18065046748385002,0.4116636158516169,0.14892474935429886,0.775448877123423,0.05362482934132054,0.06170251755450192,weakspot,"weakspot|alpha=1.0,q=0.1",0.17898462528867404,0.25484119220403334,0.16856701885702247,0.21639280660552798,0.3236648066089904
synth2,hard,gauss,3009,2,48,0.18065046748385002,0.4116636158516169,0.14892474935429886,0.775448877123423,0.05362482934132054,0.06170251755450192,weakspot,"weakspot|alpha=1.0,q=0.3",0.12136922467486315,0.29136938208371177,0.09802260083964169,0.2617306353314374,0.6455209727358999
synth2,hard,gauss,3009,2,48,0.18065046748385002,0.4116636158516169,0.14892474935429886,0.775448877123423,0.05362482934132054,0.06170251755450192,weakspot_emb,"weakspot_emb|alpha=0.2,q=0.03",0.11120088797895872,0.30145404726578806,0.08507285956396339,0.2530658759336001,0.8256185537657474
synth2,hard,gauss,3009,2,48,0.18065046748385002,0.4116636158516169,0.14892474935429886,0.775448877123423,0.05362482934132054,0.06170251755450192,weakspot_emb,"weakspot_emb|alpha=0.2,q=0.1",0.11234351589121377,0.3173294617539192,0.08419219037182603,0.27767023311873784,0.9812270705056245
synth2,hard,gauss,3009,2,48,0.18065046748385002,0.4116636158516169,0.14892474935429886,0.775448877123423,0.05362482934132054,0.06170251755450192,weakspot_emb,"weakspot_emb|alpha=0.2,q=0.3",0.11060302303105106,0.325355716718217,0.08111040117978545,0.2828198876482995,0.9955213442422486
synth2,hard,gauss,3009,2,48,0.18065046748385002,0.4116636158516169,0.14892474935429886,0.775448877123423,0.05362482934132054,0.06170251755450192,weakspot_emb,"weakspot_emb|alpha=0.5,q=0.03",0.1181107593567687,0.27851974828908516,0.09608131902287366,0.21775700934677608,0.4310192828239087
synth2,hard,gauss,3009,2,48,0.18065046748385002,0.4116636158516169,0.14892474935429886,0.775448877123423,0.05362482934132054,0.06170251755450192,weakspot_emb,"weakspot_emb|alpha=0.5,q=0.1",0.11077893915345263,0.2972202551195292,0.085174402442729,0.25775078506597543,0.8931956053545846
synth2,hard,gauss,3009,2,48,0.18065046748385002,0.4116636158516169,0.14892474935429886,0.775448877123423,0.05362482934132054,0.06170251755450192,weakspot_emb,"weakspot_emb|alpha=0.5,q=0.3",0.11020714491563222,0.3106617134240018,0.08267812683501168,0.26918410279131905,0.9726514464865157
synth2,hard,gauss,3009,2,48,0.18065046748385002,0.4116636158516169,0.14892474935429886,0.775448877123423,0.05362482934132054,0.06170251755450192,weakspot_emb,"weakspot_emb|alpha=0.8,q=0.03",0.13196072083251267,0.27196041329250414,0.1127341494767618,0.19148306154883812,0.22834128944349263
synth2,hard,gauss,3009,2,48,0.18065046748385002,0.4116636158516169,0.14892474935429886,0.775448877123423,0.05362482934132054,0.06170251755450192,weakspot_emb,"weakspot_emb|alpha=0.8,q=0.1",0.11531796698442584,0.2921419144003183,0.09103421190854409,0.25358408677085054,0.7656302343752841
synth2,hard,gauss,3009,2,48,0.18065046748385002,0.4116636158516169,0.14892474935429886,0.775448877123423,0.05362482934132054,0.06170251755450192,weakspot_emb,"weakspot_emb|alpha=0.8,q=0.3",0.1111044197875633,0.30843516827732675,0.08400440513855684,0.27019697714434154,0.9328524680825889
synth2,hard,gauss,3009,2,48,0.18065046748385002,0.4116636158516169,0.14892474935429886,0.775448877123423,0.05362482934132054,0.06170251755450192,weakspot_emb,"weakspot_emb|alpha=1.0,q=0.03",0.20463213482655873,0.2740850267251036,0.19509396400284615,0.18302796522804662,0.15922737121684175
synth2,hard,gauss,3009,2,48,0.18065046748385002,0.4116636158516169,0.14892474935429886,0.775448877123423,0.05362482934132054,0.06170251755450192,weakspot_emb,"weakspot_emb|alpha=1.0,q=0.1",0.11761901965117635,0.28595861544351964,0.09450044564841778,0.2485912429396064,0.6764515957739107
synth2,hard,gauss,3009,2,48,0.18065046748385002,0.4116636158516169,0.14892474935429886,0.775448877123423,0.05362482934132054,0.06170251755450192,weakspot_emb,"weakspot_emb|alpha=1.0,q=0.3",0.11312372551929059,0.30449116459413755,0.08684266976917655,0.26856298196815215,0.898900556563114
synth2,hard,gauss,3009,2,48,0.18065046748385002,0.4116636158516169,0.14892474935429886,0.775448877123423,0.05362482934132054,0.06170251755450192,loss,loss|alpha=0.2,0.11302354652524094,0.3191285080505871,0.08471854327908165,0.2777916105132021,0.9394166373750449
synth2,hard,gauss,3009,2,48,0.18065046748385002,0.4116636158516169,0.14892474935429886,0.775448877123423,0.05362482934132054,0.06170251755450192,loss,loss|alpha=0.5,0.11694916274435029,0.3116155231393257,0.0902150563835959,0.26117356952822035,0.712725328101984
synth2,hard,gauss,3009,2,48,0.18065046748385002,0.4116636158516169,0.14892474935429886,0.775448877123423,0.05362482934132054,0.06170251755450192,loss,loss|alpha=0.8,0.12206218231330918,0.3002911197478915,0.09758547580750784,0.2501978368666224,0.4921631544891635
synth2,hard,gauss,3009,2,48,0.18065046748385002,0.4116636158516169,0.14892474935429886,0.775448877123423,0.05362482934132054,0.06170251755450192,loss,loss|alpha=1.0,0.13294632073172113,0.29943322498606095,0.11008218233113932,0.25086100209099355,0.382810256014608
synth2,hard,gauss,3009,2,48,0.18065046748385002,0.4116636158516169,0.14892474935429886,0.775448877123423,0.05362482934132054,0.06170251755450192,smoothed_loss,smoothed_loss|alpha=0.2,0.10966448367689685,0.3125209317396284,0.08180560838138949,0.26597816174184474,0.9653973655886726
synth2,hard,gauss,3009,2,48,0.18065046748385002,0.4116636158516169,0.14892474935429886,0.775448877123423,0.05362482934132054,0.06170251755450192,smoothed_loss,smoothed_loss|alpha=0.5,0.11410695508494695,0.3149584580859947,0.08652342481781418,0.26664567843132253,0.816981395673167
synth2,hard,gauss,3009,2,48,0.18065046748385002,0.4116636158516169,0.14892474935429886,0.775448877123423,0.05362482934132054,0.06170251755450192,smoothed_loss,smoothed_loss|alpha=0.8,0.11989771274088808,0.30376391246806544,0.09464682435071844,0.2497940076067254,0.6355314363531613
synth2,hard,gauss,3009,2,48,0.18065046748385002,0.4116636158516169,0.14892474935429886,0.775448877123423,0.05362482934132054,0.06170251755450192,smoothed_loss,smoothed_loss|alpha=1.0,0.12295219649580977,0.30201265471656275,0.09836129478394634,0.2487209412859947,0.527406042330543
synth2,hard,gauss,3009,2,48,0.18065046748385002,0.4116636158516169,0.14892474935429886,0.775448877123423,0.05362482934132054,0.06170251755450192,jtt,"jtt|q=0.1,lam=2",0.11308990604127825,0.31767877982531045,0.0849931116034939,0.27418746489552825,0.9307692307692299
synth2,hard,gauss,3009,2,48,0.18065046748385002,0.4116636158516169,0.14892474935429886,0.775448877123423,0.05362482934132054,0.06170251755450192,jtt,"jtt|q=0.1,lam=5",0.11693405717831856,0.3128600036384504,0.09002696814213897,0.25654636881102144,0.5764705882352937
synth2,hard,gauss,3009,2,48,0.18065046748385002,0.4116636158516169,0.14892474935429886,0.775448877123423,0.05362482934132054,0.06170251755450192,jtt,"jtt|q=0.1,lam=10",0.1368022679752662,0.3221348440760498,0.11134999778570735,0.26326601918641457,0.3311926605504589
synth2,hard,gauss,3009,2,48,0.18065046748385002,0.4116636158516169,0.14892474935429886,0.775448877123423,0.05362482934132054,0.06170251755450192,jtt,"jtt|q=0.1,lam=20",0.15517494165565324,0.3547637560014909,0.12776482015180346,0.2710417802095015,0.20562347188264063
synth2,hard,gauss,3009,2,48,0.18065046748385002,0.4116636158516169,0.14892474935429886,0.775448877123423,0.05362482934132054,0.06170251755450192,jtt,"jtt|q=0.2,lam=2",0.10937156659962005,0.3102055906412855,0.08179043676961596,0.27932842860706836,0.9000000000000001
synth2,hard,gauss,3009,2,48,0.18065046748385002,0.4116636158516169,0.14892474935429886,0.775448877123423,0.05362482934132054,0.06170251755450192,jtt,"jtt|q=0.2,lam=5",0.1167711843785884,0.2956303779880837,0.0922079229303694,0.2791795093808553,0.5586206896551724
synth2,hard,gauss,3009,2,48,0.18065046748385002,0.4116636158516169,0.14892474935429886,0.775448877123423,0.05362482934132054,0.06170251755450192,jtt,"jtt|q=0.2,lam=10",0.12985755832661633,0.2852326650650504,0.10851943590561441,0.27996013911951034,0.3769230769230769
synth2,hard,gauss,3009,2,48,0.18065046748385002,0.4116636158516169,0.14892474935429886,0.775448877123423,0.05362482934132054,0.06170251755450192,jtt,"jtt|q=0.2,lam=20",0.14455881843554255,0.2731141462855539,0.12690393548087792,0.27603381307803715,0.28514851485148507
synth2,hard,gauss,3009,2,48,0.18065046748385002,0.4116636158516169,0.14892474935429886,0.775448877123423,0.05362482934132054,0.06170251755450192,density,density|alpha=0.2,0.11395898860796104,0.3300805486842258,0.08427837629154483,0.29105416059453937,0.9976174437454732
synth2,hard,gauss,3009,2,48,0.18065046748385002,0.4116636158516169,0.14892474935429886,0.775448877123423,0.05362482934132054,0.06170251755450192,density,density|alpha=0.5,0.11293562737731432,0.3244921360272781,0.08388194705944894,0.28691511523815244,0.9852929849355262
synth2,hard,gauss,3009,2,48,0.18065046748385002,0.4116636158516169,0.14892474935429886,0.775448877123423,0.05362482934132054,0.06170251755450192,density,density|alpha=0.8,0.1105032957996033,0.3211711408885299,0.08157165827388493,0.2825560485817567,0.963194468660967
synth2,hard,gauss,3009,2,48,0.18065046748385002,0.4116636158516169,0.14892474935429886,0.775448877123423,0.05362482934132054,0.06170251755450192,density,density|alpha=1.0,0.1090839644772037,0.31605321186190893,0.08066026630068601,0.27865357427862775,0.9436578157975949
synth2,hard,gauss,3008,2,48,0.13767161137652262,0.40325974832394723,0.09639881597568076,0.7768441905009448,0.059568950788435014,0.059568950788435014,uniform,uniform,0.10371644420108816,0.33608596447254085,0.06760587172678385,0.28766371843584915,1.0
synth2,hard,gauss,3008,2,48,0.13767161137652262,0.40325974832394723,0.09639881597568076,0.7768441905009448,0.059568950788435014,0.059568950788435014,weakspot,"weakspot|alpha=0.2,q=0.03",0.11738688244702465,0.3262014249046301,0.08493678890508596,0.2893036830605038,0.6757479693816638
synth2,hard,gauss,3008,2,48,0.13767161137652262,0.40325974832394723,0.09639881597568076,0.7768441905009448,0.059568950788435014,0.059568950788435014,weakspot,"weakspot|alpha=0.2,q=0.1",0.11071413592299004,0.3077422414594339,0.08009567238208687,0.2694177105519898,0.8820787213105314
synth2,hard,gauss,3008,2,48,0.13767161137652262,0.40325974832394723,0.09639881597568076,0.7768441905009448,0.059568950788435014,0.059568950788435014,weakspot,"weakspot|alpha=0.2,q=0.3",0.10455024224451895,0.3278518383271827,0.06984883880937363,0.28183490227293106,0.9815437367754104
synth2,hard,gauss,3008,2,48,0.13767161137652262,0.40325974832394723,0.09639881597568076,0.7768441905009448,0.059568950788435014,0.059568950788435014,weakspot,"weakspot|alpha=0.5,q=0.03",0.12593022457488917,0.29829157335687256,0.0991450120836393,0.26658247415228004,0.250061864989919
synth2,hard,gauss,3008,2,48,0.13767161137652262,0.40325974832394723,0.09639881597568076,0.7768441905009448,0.059568950788435014,0.059568950788435014,weakspot,"weakspot|alpha=0.5,q=0.1",0.11613521159981974,0.2724897223321568,0.09183748578410707,0.24757478325796434,0.5448001729388001
synth2,hard,gauss,3008,2,48,0.13767161137652262,0.40325974832394723,0.09639881597568076,0.7768441905009448,0.059568950788435014,0.059568950788435014,weakspot,"weakspot|alpha=0.5,q=0.3",0.11034831828868095,0.3141545595255564,0.0786765222790221,0.27172927367536664,0.8948380610821639
synth2,hard,gauss,3008,2,48,0.13767161137652262,0.40325974832394723,0.09639881597568076,0.7768441905009448,0.059568950788435014,0.059568950788435014,weakspot,"weakspot|alpha=0.8,q=0.03",0.13094251069049415,0.25328926098300397,0.11192964192753337,0.2324980535113098,0.11524100775512468
synth2,hard,gauss,3008,2,48,0.13767161137652262,0.40325974832394723,0.09639881597568076,0.7768441905009448,0.059568950788435014,0.059568950788435014,weakspot,"weakspot|alpha=0.8,q=0.1",0.11223539912934884,0.23392326155182358,0.09332492253105552,0.2234933562634518,0.31857577684129207
synth2,hard,gauss,3008,2,48,0.13767161137652262,0.40325974832394723,0.09639881597568076,0.7768441905009448,0.059568950788435014,0.059568950788435014,weakspot,"weakspot|alpha=0.8,q=0.3",0.11290544174806236,0.30012413032904167,0.083811376335998,0.26246987841719926,0.7687264665578951
synth2,hard,gauss,3008,2,48,0.13767161137652262,0.40325974832394723,0.09639881597568076,0.7768441905009448,0.059568950788435014,0.059568950788435014,weakspot,"weakspot|alpha=1.0,q=0.03",2.766541102359787,0.1815681129481777,3.168249787600528,0.2097567833179799,0.07694650642290812
synth2,hard,gauss,3008,2,48,0.13767161137652262,0.40325974832394723,0.09639881597568076,0.7768441905009448,0.059568950788435014,0.059568950788435014,weakspot,"weakspot|alpha=1.0,q=0.1",0.16883590073522356,0.20516259507089415,0.16319067787196798,0.1972426027942338,0.23030110433834544
synth2,hard,gauss,3008,2,48,0.13767161137652262,0.40325974832394723,0.09639881597568076,0.7768441905009448,0.059568950788435014,0.059568950788435014,weakspot,"weakspot|alpha=1.0,q=0.3",0.10875240329852301,0.2897471338306678,0.08062555031576914,0.255402301049346,0.6802339103058808
synth2,hard,gauss,3008,2,48,0.13767161137652262,0.40325974832394723,0.09639881597568076,0.7768441905009448,0.059568950788435014,0.059568950788435014,weakspot_emb,"weakspot_emb|alpha=0.2,q=0.03",0.11321827466473515,0.308809452950889,0.0828231117768233,0.2637487030265783,0.6922083234046411
synth2,hard,gauss,3008,2,48,0.13767161137652262,0.40325974832394723,0.09639881597568076,0.7768441905009448,0.059568950788435014,0.059568950788435014,weakspot_emb,"weakspot_emb|alpha=0.2,q=0.1",0.10654984198439613,0.31352047837135955,0.0743862942154226,0.26147269466229445,0.8839248942254934
synth2,hard,gauss,3008,2,48,0.13767161137652262,0.40325974832394723,0.09639881597568076,0.7768441905009448,0.059568950788435014,0.059568950788435014,weakspot_emb,"weakspot_emb|alpha=0.2,q=0.3",0.10448073771289705,0.33190347298145245,0.06913890305822262,0.28293520217169976,0.9916523631069736
synth2,hard,gauss,3008,2,48,0.13767161137652262,0.40325974832394723,0.09639881597568076,0.7768441905009448,0.059568950788435014,0.059568950788435014,weakspot_emb,"weakspot_emb|alpha=0.5,q=0.03",0.11744874163035027,0.27377130564056634,0.09315598038323986,0.2359449570756328,0.2646151059929656
synth2,hard,gauss,3008,2,48,0.13767161137652262,0.40325974832394723,0.09639881597568076,0.7768441905009448,0.059568950788435014,0.059568950788435014,weakspot_emb,"weakspot_emb|alpha=0.5,q=0.1",0.11108256235272691,0.27685280726400185,0.08532161730296783,0.23460614225742674,0.5492282974443917
synth2,hard,gauss,3008,2,48,0.13767161137652262,0.40325974832394723,0.09639881597568076,0.7768441905009448,0.059568950788435014,0.059568950788435014,weakspot_emb,"weakspot_emb|alpha=0.5,q=0.3",0.10484044744758564,0.32398151575791645,0.0707855962774649,0.27597791764422674,0.9500177463668161
synth2,hard,gauss,3008,2,48,0.13767161137652262,0.40325974832394723,0.09639881597568076,0.7768441905009448,0.059568950788435014,0.059568950788435014,weakspot_emb,"weakspot_emb|alpha=0.8,q=0.03",0.1179413263743387,0.24778602045246395,0.0977632658850171,0.2028149083130818,0.1232372636120385
synth2,hard,gauss,3008,2,48,0.13767161137652262,0.40325974832394723,0.09639881597568076,0.7768441905009448,0.059568950788435014,0.059568950788435014,weakspot_emb,"weakspot_emb|alpha=0.8,q=0.1",0.10936183340871947,0.2360000850769953,0.08968205888603535,0.20602585787703057,0.3224677395567525
synth2,hard,gauss,3008,2,48,0.13767161137652262,0.40325974832394723,0.09639881597568076,0.7768441905009448,0.059568950788435014,0.059568950788435014,weakspot_emb,"weakspot_emb|alpha=0.8,q=0.3",0.10607449742526338,0.31485399411774606,0.0736298500478643,0.26956670962193174,0.8813006907123703
synth2,hard,gauss,3008,2,48,0.13767161137652262,0.40325974832394723,0.09639881597568076,0.7768441905009448,0.059568950788435014,0.059568950788435014,weakspot_emb,"weakspot_emb|alpha=1.0,q=0.03",2.4180811495759253,0.4097149767372994,2.730184269445128,0.17100271368919892,0.08253348083198436
synth2,hard,gauss,3008,2,48,0.13767161137652262,0.40325974832394723,0.09639881597568076,0.7768441905009448,0.059568950788435014,0.059568950788435014,weakspot_emb,"weakspot_emb|alpha=1.0,q=0.1",0.14253247148850953,0.20532756566995244,0.13277401953310336,0.19076993653609756,0.2334841516998762
synth2,hard,gauss,3008,2,48,0.13767161137652262,0.40325974832394723,0.09639881597568076,0.7768441905009448,0.059568950788435014,0.059568950788435014,weakspot_emb,"weakspot_emb|alpha=1.0,q=0.3",0.10691987642626491,0.30910807515168587,0.07549952665322146,0.26600153518226366,0.8261406342182832
synth2,hard,gauss,3008,2,48,0.13767161137652262,0.40325974832394723,0.09639881597568076,0.7768441905009448,0.059568950788435014,0.059568950788435014,loss,loss|alpha=0.2,0.10648604794656827,0.3111988915289737,0.07467336457067741,0.2814399045956826,0.9400541645882622
synth2,hard,gauss,3008,2,48,0.13767161137652262,0.40325974832394723,0.09639881597568076,0.7768441905009448,0.059568950788435014,0.059568950788435014,loss,loss|alpha=0.5,0.10892274689762299,0.292379055918482,0.08041336092037799,0.2841292491010929,0.7150247086978846
synth2,hard,gauss,3008,2,48,0.13767161137652262,0.40325974832394723,0.09639881597568076,0.7768441905009448,0.059568950788435014,0.059568950788435014,loss,loss|alpha=0.8,0.10932983022022287,0.27642297042919867,0.08336330525418331,0.28850268127397954,0.49497700946158646
synth2,hard,gauss,3008,2,48,0.13767161137652262,0.40325974832394723,0.09639881597568076,0.7768441905009448,0.059568950788435014,0.059568950788435014,loss,loss|alpha=1.0,0.11352023666363163,0.268243276436032,0.08947604388559831,0.2897575414394637,0.385473467568864
synth2,hard,gauss,3008,2,48,0.13767161137652262,0.40325974832394723,0.09639881597568076,0.7768441905009448,0.059568950788435014,0.059568950788435014,smoothed_loss,smoothed_loss|alpha=0.2,0.10656474746703308,0.3197163707894626,0.07344066504431009,0.28059534433129374,0.9674419492177195
synth2,hard,gauss,3008,2,48,0.13767161137652262,0.40325974832394723,0.09639881597568076,0.7768441905009448,0.059568950788435014,0.059568950788435014,smoothed_loss,smoothed_loss|alpha=0.5,0.10945766530110805,0.29776425225253583,0.08019453884822875,0.2761766683951859,0.8262168891829421
synth2,hard,gauss,3008,2,48,0.13767161137652262,0.40325974832394723,0.09639881597568076,0.7768441905009448,0.059568950788435014,0.059568950788435014,smoothed_loss,smoothed_loss|alpha=0.8,0.1127468645031615,0.2833187535296723,0.08623973674571991,0.27401645779969946,0.65000064103012
synth2,hard,gauss,3008,2,48,0.13767161137652262,0.40325974832394723,0.09639881597568076,0.7768441905009448,0.059568950788435014,0.059568950788435014,smoothed_loss,smoothed_loss|alpha=1.0,0.10999125673181163,0.2676828860291953,0.08548574068270925,0.2667200152510425,0.5430816391471077
synth2,hard,gauss,3008,2,48,0.13767161137652262,0.40325974832394723,0.09639881597568076,0.7768441905009448,0.059568950788435014,0.059568950788435014,jtt,"jtt|q=0.1,lam=2",0.10827443054244303,0.3090752642471855,0.07706967937746571,0.2801331691560635,0.9307692307692305
synth2,hard,gauss,3008,2,48,0.13767161137652262,0.40325974832394723,0.09639881597568076,0.7768441905009448,0.059568950788435014,0.059568950788435014,jtt,"jtt|q=0.1,lam=5",0.11138869954819276,0.27715773099593677,0.08562794307248904,0.2775323653686764,0.5764705882352942
synth2,hard,gauss,3008,2,48,0.13767161137652262,0.40325974832394723,0.09639881597568076,0.7768441905009448,0.059568950788435014,0.059568950788435014,jtt,"jtt|q=0.1,lam=10",0.11400968857991609,0.25342277843532995,0.09234468501486333,0.270139872978945,0.3311926605504588
synth2,hard,gauss,3008,2,48,0.13767161137652262,0.40325974832394723,0.09639881597568076,0.7768441905009448,0.059568950788435014,0.059568950788435014,jtt,"jtt|q=0.1,lam=20",0.1235029168134793,0.24202315363290394,0.10508469399174318,0.2780174468632163,0.20562347188264063
synth2,hard,gauss,3008,2,48,0.13767161137652262,0.40325974832394723,0.09639881597568076,0.7768441905009448,0.059568950788435014,0.059568950788435014,jtt,"jtt|q=0.2,lam=2",0.10514677353641122,0.31050679233166767,0.07323351816037194,0.28074965101655164,0.9
synth2,hard,gauss,3008,2,48,0.13767161137652262,0.40325974832394723,0.09639881597568076,0.7768441905009448,0.059568950788435014,0.059568950788435014,jtt,"jtt|q=0.2,lam=5",0.11283898882238251,0.29006147390632797,0.08529834844827427,0.2799763706765882,0.5586206896551724
synth2,hard,gauss,3008,2,48,0.13767161137652262,0.40325974832394723,0.09639881597568076,0.7768441905009448,0.059568950788435014,0.059568950788435014,jtt,"jtt|q=0.2,lam=10",0.11192448730193158,0.2669351064131017,0.08783560426270294,0.27171071937385405,0.3769230769230771
synth2,hard,gauss,3008,2,48,0.13767161137652262,0.40325974832394723,0.09639881597568076,0.7768441905009448,0.059568950788435014,0.059568950788435014,jtt,"jtt|q=0.2,lam=20",0.11804731097529751,0.260348189560607,0.0959335407040969,0.2724375540468847,0.285148514851485
synth2,hard,gauss,3008,2,48,0.13767161137652262,0.40325974832394723,0.09639881597568076,0.7768441905009448,0.059568950788435014,0.059568950788435014,density,density|alpha=0.2,0.10317090216962939,0.33396060717406584,0.0673058353607366,0.28693887551417957,0.9975574102850575
synth2,hard,gauss,3008,2,48,0.13767161137652262,0.40325974832394723,0.09639881597568076,0.7768441905009448,0.059568950788435014,0.059568950788435014,density,density|alpha=0.5,0.10361329935128837,0.3305068205002509,0.06835370536568991,0.28641158629639296,0.9849271030230448
synth2,hard,gauss,3008,2,48,0.13767161137652262,0.40325974832394723,0.09639881597568076,0.7768441905009448,0.059568950788435014,0.059568950788435014,density,density|alpha=0.8,0.10333159793044043,0.328586459143185,0.06832665416023344,0.28602178892513275,0.9622998543800694
synth2,hard,gauss,3008,2,48,0.13767161137652262,0.40325974832394723,0.09639881597568076,0.7768441905009448,0.059568950788435014,0.059568950788435014,density,density|alpha=1.0,0.10371282974160771,0.32816975960936023,0.06883188570092287,0.2871706455265958,0.942316772144473
synth2,hard,gauss,3007,2,48,0.178996716896009,0.4356155838212159,0.1403119394884116,0.772293411758166,0.0706007391961398,0.07256735492843415,uniform,uniform,0.1121078701775911,0.3763588767227668,0.07227256309195473,0.31198776892159846,1.0
synth2,hard,gauss,3007,2,48,0.178996716896009,0.4356155838212159,0.1403119394884116,0.772293411758166,0.0706007391961398,0.07256735492843415,weakspot,"weakspot|alpha=0.2,q=0.03",0.11057464942962528,0.3080508613071727,0.08080550816845299,0.2521480014992783,0.7562982230997094
synth2,hard,gauss,3007,2,48,0.178996716896009,0.4356155838212159,0.1403119394884116,0.772293411758166,0.0706007391961398,0.07256735492843415,weakspot,"weakspot|alpha=0.2,q=0.1",0.11090323570269084,0.3403724726897894,0.07631121033409485,0.28001850476402834,0.9073065834763284
synth2,hard,gauss,3007,2,48,0.178996716896009,0.4356155838212159,0.1403119394884116,0.772293411758166,0.0706007391961398,0.07256735492843415,weakspot,"weakspot|alpha=0.2,q=0.3",0.10973135896785281,0.35503047455733977,0.07275301127829839,0.29182321160020747,0.9778789175920835
synth2,hard,gauss,3007,2,48,0.178996716896009,0.4356155838212159,0.1403119394884116,0.772293411758166,0.0706007391961398,0.07256735492843415,weakspot,"weakspot|alpha=0.5,q=0.03",0.11088064639152664,0.2587836723328254,0.08858456307931703,0.2199929731246221,0.33179206506126385
synth2,hard,gauss,3007,2,48,0.178996716896009,0.4356155838212159,0.1403119394884116,0.772293411758166,0.0706007391961398,0.07256735492843415,weakspot,"weakspot|alpha=0.5,q=0.1",0.11932423699538197,0.3142689258519316,0.08993671773162129,0.2543981869448715,0.610306676078492
synth2,hard,gauss,3007,2,48,0.178996716896009,0.4356155838212159,0.1403119394884116,0.772293411758166,0.0706007391961398,0.07256735492843415,weakspot,"weakspot|alpha=0.5,q=0.3",0.10872045614677539,0.3403926200637681,0.0737963439797719,0.2776124537153202,0.8761290699691054
synth2,hard,gauss,3007,2,48,0.178996716896009,0.4356155838212159,0.1403119394884116,0.772293411758166,0.0706007391961398,0.07256735492843415,weakspot,"weakspot|alpha=0.8,q=0.03",0.12685163186538898,0.24577923803617863,0.10892353473262324,0.22029873738056857,0.16245170082538793
synth2,hard,gauss,3007,2,48,0.178996716896009,0.4356155838212159,0.1403119394884116,0.772293411758166,0.0706007391961398,0.07256735492843415,weakspot,"weakspot|alpha=0.8,q=0.1",0.12725549652203247,0.29125588666326874,0.1025327679736988,0.23619975071655094,0.3795624622813687
synth2,hard,gauss,3007,2,48,0.178996716896009,0.4356155838212159,0.1403119394884116,0.772293411758166,0.0706007391961398,0.07256735492843415,weakspot,"weakspot|alpha=0.8,q=0.3",0.11024566058202666,0.33179634014621456,0.07684734179847244,0.26910490970628137,0.734244628554667
synth2,hard,gauss,3007,2,48,0.178996716896009,0.4356155838212159,0.1403119394884116,0.772293411758166,0.0706007391961398,0.07256735492843415,weakspot,"weakspot|alpha=1.0,q=0.03",0.6660280284931832,0.23618421126458483,0.730826118317057,0.20260652767377885,0.11042715714673619
synth2,hard,gauss,3007,2,48,0.178996716896009,0.4356155838212159,0.1403119394884116,0.772293411758166,0.0706007391961398,0.07256735492843415,weakspot,"weakspot|alpha=1.0,q=0.1",0.18798216949730445,0.26609555842009225,0.1762067334226379,0.2186710144125353,0.2813666088954821
synth2,hard,gauss,3007,2,48,0.178996716896009,0.4356155838212159,0.1403119394884116,0.772293411758166,0.0706007391961398,0.07256735492843415,weakspot,"weakspot|alpha=1.0,q=0.3",0.11211452809165251,0.32611600950064223,0.07985423572735142,0.2611562705521986,0.6387583116003922
synth2,hard,gauss,3007,2,48,0.178996716896009,0.4356155838212159,0.1403119394884116,0.772293411758166,0.0706007391961398,0.07256735492843415,weakspot_emb,"weakspot_emb|alpha=0.2,q=0.03",0.11189630237209844,0.3377413924251607,0.07785060985546878,0.2578235045164808,0.853747379817738
synth2,hard,gauss,3007,2,48,0.178996716896009,0.4356155838212159,0.1403119394884116,0.772293411758166,0.0706007391961398,0.07256735492843415,weakspot_emb,"weakspot_emb|alpha=0.2,q=0.1",0.10955627378398027,0.35039866526038316,0.07324976827948224,0.28301311174361937,0.9687240872215503
synth2,hard,gauss,3007,2,48,0.178996716896009,0.4356155838212159,0.1403119394884116,0.772293411758166,0.0706007391961398,0.07256735492843415,weakspot_emb,"weakspot_emb|alpha=0.2,q=0.3",0.10905008584332955,0.358949421892146,0.07137826418349645,0.2934080810313389,0.9944682266145071
synth2,hard,gauss,3007,2,48,0.178996716896009,0.4356155838212159,0.1403119394884116,0.772293411758166,0.0706007391961398,0.07256735492843415,weakspot_emb,"weakspot_emb|alpha=0.5,q=0.03",0.1188880025999023,0.30944818482110226,0.0901614388818618,0.22692796351744937,0.48293624836770394
synth2,hard,gauss,3007,2,48,0.178996716896009,0.4356155838212159,0.1403119394884116,0.772293411758166,0.0706007391961398,0.07256735492843415,weakspot_emb,"weakspot_emb|alpha=0.5,q=0.1",0.11165836219354094,0.3388023641125383,0.07741686132888195,0.2667997360968806,0.8320952588422621
synth2,hard,gauss,3007,2,48,0.178996716896009,0.4356155838212159,0.1403119394884116,0.772293411758166,0.0706007391961398,0.07256735492843415,weakspot_emb,"weakspot_emb|alpha=0.5,q=0.3",0.1061683818228166,0.34672491510574444,0.06990496886532115,0.27944528810520036,0.966402158479712
synth2,hard,gauss,3007,2,48,0.178996716896009,0.4356155838212159,0.1403119394884116,0.772293411758166,0.0706007391961398,0.07256735492843415,weakspot_emb,"weakspot_emb|alpha=0.8,q=0.03",0.1269485630058745,0.2845493837902203,0.10319055665058187,0.20851985870511655,0.26731487236397133
synth2,hard,gauss,3007,2,48,0.178996716896009,0.4356155838212159,0.1403119394884116,0.772293411758166,0.0706007391961398,0.07256735492843415,weakspot_emb,"weakspot_emb|alpha=0.8,q=0.1",0.11551032198191041,0.3251115855906424,0.08391335358980007,0.25500688562305895,0.6593823256509123
synth2,hard,gauss,3007,2,48,0.178996716896009,0.4356155838212159,0.1403119394884116,0.772293411758166,0.0706007391961398,0.07256735492843415,weakspot_emb,"weakspot_emb|alpha=0.8,q=0.3",0.1081739186276131,0.3441600022401132,0.07259949175392205,0.2760172948187046,0.9182730503097265
synth2,hard,gauss,3007,2,48,0.178996716896009,0.4356155838212159,0.1403119394884116,0.772293411758166,0.0706007391961398,0.07256735492843415,weakspot_emb,"weakspot_emb|alpha=1.0,q=0.03",0.20622296121429742,0.260709418633719,0.19800923748363666,0.20124837255525566,0.18929833168749352
synth2,hard,gauss,3007,2,48,0.178996716896009,0.4356155838212159,0.1403119394884116,0.772293411758166,0.0706007391961398,0.07256735492843415,weakspot_emb,"weakspot_emb|alpha=1.0,q=0.1",0.1214696032528604,0.3138942287397364,0.0924619784671518,0.24186653383922074,0.5533599708329715
synth2,hard,gauss,3007,2,48,0.178996716896009,0.4356155838212159,0.1403119394884116,0.772293411758166,0.0706007391961398,0.07256735492843415,weakspot_emb,"weakspot_emb|alpha=1.0,q=0.3",0.10863910064725027,0.3419906559901624,0.07346182360476294,0.2731524322488513,0.8779141018886684
synth2,hard,gauss,3007,2,48,0.178996716896009,0.4356155838212159,0.1403119394884116,0.772293411758166,0.0706007391961398,0.07256735492843415,loss,loss|alpha=0.2,0.112505838634011,0.3392390570089519,0.07832626256137895,0.27200853924195467,0.9539080655061437
synth2,hard,gauss,3007,2,48,0.178996716896009,0.4356155838212159,0.1403119394884116,0.772293411758166,0.0706007391961398,0.07256735492843415,loss,loss|alpha=0.5,0.11464604874578943,0.3139263242806993,0.08460494852130934,0.24809037037506115,0.7680526461674764
synth2,hard,gauss,3007,2,48,0.178996716896009,0.4356155838212159,0.1403119394884116,0.772293411758166,0.0706007391961398,0.07256735492843415,loss,loss|alpha=0.8,0.11974992126873645,0.3131574184962924,0.09059413054743629,0.24551765991720204,0.5639824401795374
synth2,hard,gauss,3007,2,48,0.178996716896009,0.4356155838212159,0.1403119394884116,0.772293411758166,0.0706007391961398,0.07256735492843415,loss,loss|alpha=1.0,0.12642750481486076,0.31015439611388274,0.09873104594239597,0.24212623347197534,0.4529034062813735
synth2,hard,gauss,3007,2,48,0.178996716896009,0.4356155838212159,0.1403119394884116,0.772293411758166,0.0706007391961398,0.07256735492843415,smoothed_loss,smoothed_loss|alpha=0.2,0.10972310013479691,0.3432622381255712,0.07451754538589998,0.27127411116622996,0.9728556240230155
synth2,hard,gauss,3007,2,48,0.178996716896009,0.4356155838212159,0.1403119394884116,0.772293411758166,0.0706007391961398,0.07256735492843415,smoothed_loss,smoothed_loss|alpha=0.5,0.11544110667459813,0.33103334502912574,0.08294101090423783,0.2588322369212301,0.8515088264284671
synth2,hard,gauss,3007,2,48,0.178996716896009,0.4356155838212159,0.1403119394884116,0.772293411758166,0.0706007391961398,0.07256735492843415,smoothed_loss,smoothed_loss|alpha=0.8,0.11648825732032461,0.32162765594136805,0.08556390608976455,0.24923611312995347,0.6913582854835038
synth2,hard,gauss,3007,2,48,0.178996716896009,0.4356155838212159,0.1403119394884116,0.772293411758166,0.0706007391961398,0.07256735492843415,smoothed_loss,smoothed_loss|alpha=1.0,0.12056186252948699,0.31787066549910536,0.09081795782405543,0.24313083248531872,0.58908642339398
synth2,hard,gauss,3007,2,48,0.178996716896009,0.4356155838212159,0.1403119394884116,0.772293411758166,0.0706007391961398,0.07256735492843415,jtt,"jtt|q=0.1,lam=2",0.11431042672539891,0.33941333531516393,0.08037661656974965,0.2776197166202595,0.9307692307692305
synth2,hard,gauss,3007,2,48,0.178996716896009,0.4356155838212159,0.1403119394884116,0.772293411758166,0.0706007391961398,0.07256735492843415,jtt,"jtt|q=0.1,lam=5",0.12429784618662867,0.32284602446298843,0.09436710814957097,0.26666925287279725,0.576470588235294
synth2,hard,gauss,3007,2,48,0.178996716896009,0.4356155838212159,0.1403119394884116,0.772293411758166,0.0706007391961398,0.07256735492843415,jtt,"jtt|q=0.1,lam=10",0.13904818548473533,0.31984640931300895,0.111793217335709,0.2637990984662425,0.3311926605504588
synth2,hard,gauss,3007,2,48,0.178996716896009,0.4356155838212159,0.1403119394884116,0.772293411758166,0.0706007391961398,0.07256735492843415,jtt,"jtt|q=0.1,lam=20",0.15923498997366886,0.3205944872263247,0.1349103707100349,0.2717049822793653,0.20562347188264063
synth2,hard,gauss,3007,2,48,0.178996716896009,0.4356155838212159,0.1403119394884116,0.772293411758166,0.0706007391961398,0.07256735492843415,jtt,"jtt|q=0.2,lam=2",0.11446079984607836,0.3532314533503934,0.07846660466878806,0.28813914332132884,0.9000000000000004
synth2,hard,gauss,3007,2,48,0.178996716896009,0.4356155838212159,0.1403119394884116,0.772293411758166,0.0706007391961398,0.07256735492843415,jtt,"jtt|q=0.2,lam=5",0.12436142612083845,0.3342767446240454,0.09271711458583257,0.26600458422146206,0.5586206896551724
synth2,hard,gauss,3007,2,48,0.178996716896009,0.4356155838212159,0.1403119394884116,0.772293411758166,0.0706007391961398,0.07256735492843415,jtt,"jtt|q=0.2,lam=10",0.13882146228574704,0.33334653597517167,0.10949719916340571,0.25525088800440826,0.3769230769230771
synth2,hard,gauss,3007,2,48,0.178996716896009,0.4356155838212159,0.1403119394884116,0.772293411758166,0.0706007391961398,0.07256735492843415,jtt,"jtt|q=0.2,lam=20",0.1519354242740434,0.3273745706248185,0.1254883262625917,0.24476414177712522,0.285148514851485
synth2,hard,gauss,3007,2,48,0.178996716896009,0.4356155838212159,0.1403119394884116,0.772293411758166,0.0706007391961398,0.07256735492843415,density,density|alpha=0.2,0.1112871927168656,0.37634412355728464,0.07133039416669887,0.3120951683815732,0.997925927090076
synth2,hard,gauss,3007,2,48,0.178996716896009,0.4356155838212159,0.1403119394884116,0.772293411758166,0.0706007391961398,0.07256735492843415,density,density|alpha=0.5,0.11187963400696675,0.37635170176530386,0.07201100238862133,0.3116066306925783,0.9871766759849875
synth2,hard,gauss,3007,2,48,0.178996716896009,0.4356155838212159,0.1403119394884116,0.772293411758166,0.0706007391961398,0.07256735492843415,density,density|alpha=0.8,0.11148023490868686,0.37490361314312437,0.07176969112420892,0.3100008892827649,0.967816109473375
synth2,hard,gauss,3007,2,48,0.178996716896009,0.4356155838212159,0.1403119394884116,0.772293411758166,0.0706007391961398,0.07256735492843415,density,density|alpha=1.0,0.1077402468564843,0.3587611048589188,0.06989935802067428,0.29020251442138734,0.950606856778883
synth2,hard,gauss,3006,2,48,0.14625710503782433,0.4283703768722209,0.10678215021574147,0.7864014933800796,0.06833434938370388,0.04036405557219197,uniform,uniform,0.0996694443332301,0.3554697008298452,0.06387636199072853,0.32314742951753206,1.0
synth2,hard,gauss,3006,2,48,0.14625710503782433,0.4283703768722209,0.10678215021574147,0.7864014933800796,0.06833434938370388,0.04036405557219197,weakspot,"weakspot|alpha=0.2,q=0.03",0.11508776198874596,0.32541958727851455,0.08565689102343492,0.2914475296739826,0.7825612406728997
synth2,hard,gauss,3006,2,48,0.14625710503782433,0.4283703768722209,0.10678215021574147,0.7864014933800796,0.06833434938370388,0.04036405557219197,weakspot,"weakspot|alpha=0.2,q=0.1",0.1063589738747358,0.3275315516312805,0.07541120081162282,0.2968292002744452,0.9127675076836234
synth2,hard,gauss,3006,2,48,0.14625710503782433,0.4283703768722209,0.10678215021574147,0.7864014933800796,0.06833434938370388,0.04036405557219197,weakspot,"weakspot|alpha=0.2,q=0.3",0.10156591725748067,0.3460950509059731,0.06734995697779705,0.31838762488520567,0.9792984539803485
synth2,hard,gauss,3006,2,48,0.14625710503782433,0.4283703768722209,0.10678215021574147,0.7864014933800796,0.06833434938370388,0.04036405557219197,weakspot,"weakspot|alpha=0.5,q=0.03",0.12699677059794062,0.29988507821316307,0.10280521772274134,0.26632420724271744,0.365417555815437
synth2,hard,gauss,3006,2,48,0.14625710503782433,0.4283703768722209,0.10678215021574147,0.7864014933800796,0.06833434938370388,0.04036405557219197,weakspot,"weakspot|alpha=0.5,q=0.1",0.11726957745110352,0.3074145540346303,0.09066336955640084,0.2827146997632077,0.6260534453072455
synth2,hard,gauss,3006,2,48,0.14625710503782433,0.4283703768722209,0.10678215021574147,0.7864014933800796,0.06833434938370388,0.04036405557219197,weakspot,"weakspot|alpha=0.5,q=0.3",0.10812005726661732,0.33510869329313686,0.07635846698761445,0.3088902482369675,0.8832987887294296
synth2,hard,gauss,3006,2,48,0.14625710503782433,0.4283703768722209,0.10678215021574147,0.7864014933800796,0.06833434938370388,0.04036405557219197,weakspot,"weakspot|alpha=0.8,q=0.03",0.1430018832560415,0.25971598988290684,0.12667055628146442,0.22527072400729742,0.18363165432587653
synth2,hard,gauss,3006,2,48,0.14625710503782433,0.4283703768722209,0.10678215021574147,0.7864014933800796,0.06833434938370388,0.04036405557219197,weakspot,"weakspot|alpha=0.8,q=0.1",0.12027326983872173,0.2826992546405178,0.09754566694967019,0.2578404095141741,0.39539635941488727
synth2,hard,gauss,3006,2,48,0.14625710503782433,0.4283703768722209,0.10678215021574147,0.7864014933800796,0.06833434938370388,0.04036405557219197,weakspot,"weakspot|alpha=0.8,q=0.3",0.11140477018573287,0.3260684828783924,0.08136775595601048,0.29844443243331736,0.7472576305651482
synth2,hard,gauss,3006,2,48,0.14625710503782433,0.4283703768722209,0.10678215021574147,0.7864014933800796,0.06833434938370388,0.04036405557219197,weakspot,"weakspot|alpha=1.0,q=0.03",0.39126150455062936,0.2596653676970367,0.4096752130701831,0.20718313391171958,0.12584344089403673
synth2,hard,gauss,3006,2,48,0.14625710503782433,0.4283703768722209,0.10678215021574147,0.7864014933800796,0.06833434938370388,0.04036405557219197,weakspot,"weakspot|alpha=1.0,q=0.1",0.17867650168854893,0.25911870685943733,0.16742055334460304,0.22928472846597528,0.29505219263549104
synth2,hard,gauss,3006,2,48,0.14625710503782433,0.4283703768722209,0.10678215021574147,0.7864014933800796,0.06833434938370388,0.04036405557219197,weakspot,"weakspot|alpha=1.0,q=0.3",0.11503613215632143,0.3132522007195239,0.08730056941350799,0.2878679397272382,0.6542451754134133
synth2,hard,gauss,3006,2,48,0.14625710503782433,0.4283703768722209,0.10678215021574147,0.7864014933800796,0.06833434938370388,0.04036405557219197,weakspot_emb,"weakspot_emb|alpha=0.2,q=0.03",0.11190162150232295,0.3268652562643596,0.08182264040566864,0.28678312617118984,0.7953567506622788
synth2,hard,gauss,3006,2,48,0.14625710503782433,0.4283703768722209,0.10678215021574147,0.7864014933800796,0.06833434938370388,0.04036405557219197,weakspot_emb,"weakspot_emb|alpha=0.2,q=0.1",0.10815534087786773,0.3425780164102559,0.0753535358945669,0.3064470801744049,0.9625121334685643
synth2,hard,gauss,3006,2,48,0.14625710503782433,0.4283703768722209,0.10678215021574147,0.7864014933800796,0.06833434938370388,0.04036405557219197,weakspot_emb,"weakspot_emb|alpha=0.2,q=0.3",0.10409169204739413,0.35088975805824946,0.06955824935394014,0.3189983779289496,0.9943622746062302
synth2,hard,gauss,3006,2,48,0.14625710503782433,0.4283703768722209,0.10678215021574147,0.7864014933800796,0.06833434938370388,0.04036405557219197,weakspot_emb,"weakspot_emb|alpha=0.5,q=0.03",0.12498332372322847,0.3067969256177584,0.09954289097024638,0.24934748966040998,0.383419565504097
synth2,hard,gauss,3006,2,48,0.14625710503782433,0.4283703768722209,0.10678215021574147,0.7864014933800796,0.06833434938370388,0.04036405557219197,weakspot_emb,"weakspot_emb|alpha=0.5,q=0.1",0.11042112824382264,0.31479064035274995,0.08182453934513831,0.2846538487359807,0.804230486493183
synth2,hard,gauss,3006,2,48,0.14625710503782433,0.4283703768722209,0.10678215021574147,0.7864014933800796,0.06833434938370388,0.04036405557219197,weakspot_emb,"weakspot_emb|alpha=0.5,q=0.3",0.10409986635614127,0.34183240927104463,0.07083492518452042,0.31034022318497395,0.9657771463082897
synth2,hard,gauss,3006,2,48,0.14625710503782433,0.4283703768722209,0.10678215021574147,0.7864014933800796,0.06833434938370388,0.04036405557219197,weakspot_emb,"weakspot_emb|alpha=0.8,q=0.03",0.1371986893463143,0.29931802098542715,0.11451399517851596,0.2186899944379492,0.19543621611171677
synth2,hard,gauss,3006,2,48,0.14625710503782433,0.4283703768722209,0.10678215021574147,0.7864014933800796,0.06833434938370388,0.04036405557219197,weakspot_emb,"weakspot_emb|alpha=0.8,q=0.1",0.11461338915108522,0.2939770680412384,0.08951576409122053,0.26023698116084854,0.6160795271630115
synth2,hard,gauss,3006,2,48,0.14625710503782433,0.4283703768722209,0.10678215021574147,0.7864014933800796,0.06833434938370388,0.04036405557219197,weakspot_emb,"weakspot_emb|alpha=0.8,q=0.3",0.10661288443535874,0.32954055416343925,0.07541952854009298,0.301349406742033,0.9168297584422254
synth2,hard,gauss,3006,2,48,0.14625710503782433,0.4283703768722209,0.10678215021574147,0.7864014933800796,0.06833434938370388,0.04036405557219197,weakspot_emb,"weakspot_emb|alpha=1.0,q=0.03",0.26816847030016666,0.24974884034260905,0.2707458536883573,0.1883770337063321,0.134545393659011
synth2,hard,gauss,3006,2,48,0.14625710503782433,0.4283703768722209,0.10678215021574147,0.7864014933800796,0.06833434938370388,0.04036405557219197,weakspot_emb,"weakspot_emb|alpha=1.0,q=0.1",0.1256053295087448,0.27834783134783464,0.10423269673502207,0.2413181101084319,0.5066629870393629
synth2,hard,gauss,3006,2,48,0.14625710503782433,0.4283703768722209,0.10678215021574147,0.7864014933800796,0.06833434938370388,0.04036405557219197,weakspot_emb,"weakspot_emb|alpha=1.0,q=0.3",0.105065443192769,0.3247454894114441,0.07432651395555913,0.30012532940161474,0.8758544320576536
synth2,hard,gauss,3006,2,48,0.14625710503782433,0.4283703768722209,0.10678215021574147,0.7864014933800796,0.06833434938370388,0.04036405557219197,loss,loss|alpha=0.2,0.1067926687042893,0.3427615822653863,0.07377450496576021,0.3035857821929756,0.9340327965084624
synth2,hard,gauss,3006,2,48,0.14625710503782433,0.4283703768722209,0.10678215021574147,0.7864014933800796,0.06833434938370388,0.04036405557219197,loss,loss|alpha=0.5,0.11284686828274601,0.3089501145529165,0.08540694411100087,0.26607826467647877,0.6937632750295912
synth2,hard,gauss,3006,2,48,0.14625710503782433,0.4283703768722209,0.10678215021574147,0.7864014933800796,0.06833434938370388,0.04036405557219197,loss,loss|alpha=0.8,0.12886114134122095,0.3122886611694226,0.10319487966107077,0.27121251800070845,0.46947927423282265
synth2,hard,gauss,3006,2,48,0.14625710503782433,0.4283703768722209,0.10678215021574147,0.7864014933800796,0.06833434938370388,0.04036405557219197,loss,loss|alpha=1.0,0.14514203525657082,0.31765908363753975,0.12100243116564587,0.2702590048000338,0.3615779413176302
synth2,hard,gauss,3006,2,48,0.14625710503782433,0.4283703768722209,0.10678215021574147,0.7864014933800796,0.06833434938370388,0.04036405557219197,smoothed_loss,smoothed_loss|alpha=0.2,0.106278559380834,0.3448773969106991,0.07289240115137725,0.30841828793516074,0.9574483464151107
synth2,hard,gauss,3006,2,48,0.14625710503782433,0.4283703768722209,0.10678215021574147,0.7864014933800796,0.06833434938370388,0.04036405557219197,smoothed_loss,smoothed_loss|alpha=0.5,0.11347600999847356,0.32770283093020103,0.08350012824370634,0.2910652251762677,0.782615117681286
synth2,hard,gauss,3006,2,48,0.14625710503782433,0.4283703768722209,0.10678215021574147,0.7864014933800796,0.06833434938370388,0.04036405557219197,smoothed_loss,smoothed_loss|alpha=0.8,0.12572302229087487,0.31699923921740436,0.09895852456761299,0.2779887119167119,0.5844247523125417
synth2,hard,gauss,3006,2,48,0.14625710503782433,0.4283703768722209,0.10678215021574147,0.7864014933800796,0.06833434938370388,0.04036405557219197,smoothed_loss,smoothed_loss|alpha=1.0,0.1310739222186783,0.3089733404112872,0.10618118516180429,0.27129765212278106,0.4736936213102947
synth2,hard,gauss,3006,2,48,0.14625710503782433,0.4283703768722209,0.10678215021574147,0.7864014933800796,0.06833434938370388,0.04036405557219197,jtt,"jtt|q=0.1,lam=2",0.10685659875399081,0.34209147630397724,0.07394114566848402,0.30588579556460904,0.9307692307692305
synth2,hard,gauss,3006,2,48,0.14625710503782433,0.4283703768722209,0.10678215021574147,0.7864014933800796,0.06833434938370388,0.04036405557219197,jtt,"jtt|q=0.1,lam=5",0.12808503818559905,0.32009015787103207,0.10121854808427456,0.28370528585403443,0.576470588235294
synth2,hard,gauss,3006,2,48,0.14625710503782433,0.4283703768722209,0.10678215021574147,0.7864014933800796,0.06833434938370388,0.04036405557219197,jtt,"jtt|q=0.1,lam=10",0.14562849290800817,0.31976267462824004,0.12126260997137837,0.27351208700973156,0.3311926605504587
synth2,hard,gauss,3006,2,48,0.14625710503782433,0.4283703768722209,0.10678215021574147,0.7864014933800796,0.06833434938370388,0.04036405557219197,jtt,"jtt|q=0.1,lam=20",0.1770429223387622,0.3277685911560029,0.15595249675048486,0.27735308697968525,0.20562347188264066
synth2,hard,gauss,3006,2,48,0.14625710503782433,0.4283703768722209,0.10678215021574147,0.7864014933800796,0.06833434938370388,0.04036405557219197,jtt,"jtt|q=0.2,lam=2",0.10186855214457255,0.33564353113725776,0.06915737668563597,0.30421179030324524,0.9
synth2,hard,gauss,3006,2,48,0.14625710503782433,0.4283703768722209,0.10678215021574147,0.7864014933800796,0.06833434938370388,0.04036405557219197,jtt,"jtt|q=0.2,lam=5",0.11893285384316755,0.31399451766889963,0.09163867403740109,0.2880524724624218,0.5586206896551724
synth2,hard,gauss,3006,2,48,0.14625710503782433,0.4283703768722209,0.10678215021574147,0.7864014933800796,0.06833434938370388,0.04036405557219197,jtt,"jtt|q=0.2,lam=10",0.13240010601850657,0.30957811079148967,0.1076083133871202,0.2815809545669227,0.3769230769230769
synth2,hard,gauss,3006,2,48,0.14625710503782433,0.4283703768722209,0.10678215021574147,0.7864014933800796,0.06833434938370388,0.04036405557219197,jtt,"jtt|q=0.2,lam=20",0.15002933945908029,0.3104174877662947,0.12758688268540053,0.28297933876347575,0.2851485148514852
synth2,hard,gauss,3006,2,48,0.14625710503782433,0.4283703768722209,0.10678215021574147,0.7864014933800796,0.06833434938370388,0.04036405557219197,density,density|alpha=0.2,0.10281853258713584,0.35689466697393607,0.06726669959086372,0.32472845372061504,0.9977337113812946
synth2,hard,gauss,3006,2,48,0.14625710503782433,0.4283703768722209,0.10678215021574147,0.7864014933800796,0.06833434938370388,0.04036405557219197,density,density|alpha=0.5,0.10241253299503987,0.3540482267672045,0.0672021808599208,0.32422755791244384,0.9860022416750831
synth2,hard,gauss,3006,2,48,0.14625710503782433,0.4283703768722209,0.10678215021574147,0.7864014933800796,0.06833434938370388,0.04036405557219197,density,density|alpha=0.8,0.10102882156431899,0.355388929833391,0.06543725326562581,0.323645907336188,0.9649315118347774
synth2,hard,gauss,3006,2,48,0.14625710503782433,0.4283703768722209,0.10678215021574147,0.7864014933800796,0.06833434938370388,0.04036405557219197,density,density|alpha=1.0,0.10184557250677503,0.35684712937999336,0.0661642489317536,0.32479996463650496,0.9462654561748254
synth2,hard,gauss,3005,2,46,0.14942916157062,0.4238159722663307,0.11094617671819992,0.7854514899622639,0.047584464060645315,0.047584464060645315,uniform,uniform,0.09572966428199232,0.3296879825163476,0.06291681007124465,0.3303796954079481,1.0
synth2,hard,gauss,3005,2,46,0.14942916157062,0.4238159722663307,0.11094617671819992,0.7854514899622639,0.047584464060645315,0.047584464060645315,weakspot,"weakspot|alpha=0.2,q=0.03",0.11963088990106775,0.31394601890121493,0.0923780268828031,0.3037731973733728,0.7764822155420786
synth2,hard,gauss,3005,2,46,0.14942916157062,0.4238159722663307,0.11094617671819992,0.7854514899622639,0.047584464060645315,0.047584464060645315,weakspot,"weakspot|alpha=0.2,q=0.1",0.1012800573295319,0.3172331058603553,0.07099245759259773,0.3124659540519367,0.9139189362015895
synth2,hard,gauss,3005,2,46,0.14942916157062,0.4238159722663307,0.11094617671819992,0.7854514899622639,0.047584464060645315,0.047584464060645315,weakspot,"weakspot|alpha=0.2,q=0.3",0.10016424628115754,0.3257513250403755,0.06852546556578261,0.3232225083488626,0.9799171915685535
synth2,hard,gauss,3005,2,46,0.14942916157062,0.4238159722663307,0.11094617671819992,0.7854514899622639,0.047584464060645315,0.047584464060645315,weakspot,"weakspot|alpha=0.5,q=0.03",0.11288716619491963,0.28985292464701257,0.08806756723299553,0.26546083808840243,0.35725489582911496
synth2,hard,gauss,3005,2,46,0.14942916157062,0.4238159722663307,0.11094617671819992,0.7854514899622639,0.047584464060645315,0.047584464060645315,weakspot,"weakspot|alpha=0.5,q=0.1",0.11641210096955264,0.3066730117558801,0.08972784552289553,0.299268785192776,0.6294530144520564
synth2,hard,gauss,3005,2,46,0.14942916157062,0.4238159722663307,0.11094617671819992,0.7854514899622639,0.047584464060645315,0.047584464060645315,weakspot,"weakspot|alpha=0.5,q=0.3",0.10075348098542011,0.3200742269782043,0.069993558799431,0.31532532008142666,0.8864541273487965
synth2,hard,gauss,3005,2,46,0.14942916157062,0.4238159722663307,0.11094617671819992,0.7854514899622639,0.047584464060645315,0.047584464060645315,weakspot,"weakspot|alpha=0.8,q=0.03",0.13608521099489293,0.2771017980371996,0.11630751406649645,0.23009951883077037,0.17838819700892086
synth2,hard,gauss,3005,2,46,0.14942916157062,0.4238159722663307,0.11094617671819992,0.7854514899622639,0.047584464060645315,0.047584464060645315,weakspot,"weakspot|alpha=0.8,q=0.1",0.10750790101731734,0.2940118621448286,0.08135056097320804,0.2813754838089059,0.39887943928591485
synth2,hard,gauss,3005,2,46,0.14942916157062,0.4238159722663307,0.11094617671819992,0.7854514899622639,0.047584464060645315,0.047584464060645315,weakspot,"weakspot|alpha=0.8,q=0.3",0.11076630828609663,0.31692471177642534,0.08185241589235612,0.3115766534867317,0.7530629170649347
synth2,hard,gauss,3005,2,46,0.14942916157062,0.4238159722663307,0.11094617671819992,0.7854514899622639,0.047584464060645315,0.047584464060645315,weakspot,"weakspot|alpha=1.0,q=0.03",0.3793234092153384,0.27561880468805855,0.3938680686872374,0.23674893191384677,0.12200347912701125
synth2,hard,gauss,3005,2,46,0.14942916157062,0.4238159722663307,0.11094617671819992,0.7854514899622639,0.047584464060645315,0.047584464060645315,weakspot,"weakspot|alpha=1.0,q=0.1",0.13996736317920097,0.2877946192583666,0.11923446409398163,0.27854979525181756,0.2980871404637309
synth2,hard,gauss,3005,2,46,0.14942916157062,0.4238159722663307,0.11094617671819992,0.7854514899622639,0.047584464060645315,0.047584464060645315,weakspot,"weakspot|alpha=1.0,q=0.3",0.11479808750934054,0.31887749552250233,0.08617577600920498,0.3149751199034904,0.6612183005142784
synth2,hard,gauss,3005,2,46,0.14942916157062,0.4238159722663307,0.11094617671819992,0.7854514899622639,0.047584464060645315,0.047584464060645315,weakspot_emb,"weakspot_emb|alpha=0.2,q=0.03",0.1126618354735973,0.3183223097283144,0.0838177780809745,0.30708588236358675,0.8473392961145568
synth2,hard,gauss,3005,2,46,0.14942916157062,0.4238159722663307,0.11094617671819992,0.7854514899622639,0.047584464060645315,0.047584464060645315,weakspot_emb,"weakspot_emb|alpha=0.2,q=0.1",0.0992623924881187,0.3231567383602832,0.06786101900775812,0.31781866065365416,0.9753507464713691
synth2,hard,gauss,3005,2,46,0.14942916157062,0.4238159722663307,0.11094617671819992,0.7854514899622639,0.047584464060645315,0.047584464060645315,weakspot_emb,"weakspot_emb|alpha=0.2,q=0.3",0.09876974927816985,0.3277548954538489,0.06665438670164929,0.32683347350460984,0.996076347608232
synth2,hard,gauss,3005,2,46,0.14942916157062,0.4238159722663307,0.11094617671819992,0.7854514899622639,0.047584464060645315,0.047584464060645315,weakspot_emb,"weakspot_emb|alpha=0.5,q=0.03",0.11691148329025053,0.29589721661492246,0.09180858112498867,0.2745829026968478,0.4703602667528354
synth2,hard,gauss,3005,2,46,0.14942916157062,0.4238159722663307,0.11094617671819992,0.7854514899622639,0.047584464060645315,0.047584464060645315,weakspot_emb,"weakspot_emb|alpha=0.5,q=0.1",0.10882398963420406,0.3168283358033691,0.07965120220112847,0.30813986230575435,0.8635942411433748
synth2,hard,gauss,3005,2,46,0.14942916157062,0.4238159722663307,0.11094617671819992,0.7854514899622639,0.047584464060645315,0.047584464060645315,weakspot_emb,"weakspot_emb|alpha=0.5,q=0.3",0.10009165675531946,0.3243436084381188,0.06864012875419709,0.32059951025782707,0.975972126915364
synth2,hard,gauss,3005,2,46,0.14942916157062,0.4238159722663307,0.11094617671819992,0.7854514899622639,0.047584464060645315,0.047584464060645315,weakspot_emb,"weakspot_emb|alpha=0.8,q=0.03",0.11833701648116707,0.28500522590094696,0.0949616575773667,0.2488732523108652,0.2575569399543587
synth2,hard,gauss,3005,2,46,0.14942916157062,0.4238159722663307,0.11094617671819992,0.7854514899622639,0.047584464060645315,0.047584464060645315,weakspot_emb,"weakspot_emb|alpha=0.8,q=0.1",0.11698492765869248,0.3095656947847806,0.08997531037647033,0.2994004363890948,0.7120706111160658
synth2,hard,gauss,3005,2,46,0.14942916157062,0.4238159722663307,0.11094617671819992,0.7854514899622639,0.047584464060645315,0.047584464060645315,weakspot_emb,"weakspot_emb|alpha=0.8,q=0.3",0.1021362039744134,0.3205070981993157,0.07150949931117169,0.31609103983850084,0.9407110029574863
synth2,hard,gauss,3005,2,46,0.14942916157062,0.4238159722663307,0.11094617671819992,0.7854514899622639,0.047584464060645315,0.047584464060645315,weakspot_emb,"weakspot_emb|alpha=1.0,q=0.03",0.1602884004898138,0.2988808556316471,0.14085069013354756,0.2544131664458636,0.18168209606533928
synth2,hard,gauss,3005,2,46,0.14942916157062,0.4238159722663307,0.11094617671819992,0.7854514899622639,0.047584464060645315,0.047584464060645315,weakspot_emb,"weakspot_emb|alpha=1.0,q=0.1",0.12284264824595491,0.30361325211272794,0.09748941646076323,0.2918414423177703,0.6128183747827859
synth2,hard,gauss,3005,2,46,0.14942916157062,0.4238159722663307,0.11094617671819992,0.7854514899622639,0.047584464060645315,0.047584464060645315,weakspot_emb,"weakspot_emb|alpha=1.0,q=0.3",0.1057921238148206,0.32031343493663816,0.07570532647390432,0.3136855363088548,0.9103507500604944
synth2,hard,gauss,3005,2,46,0.14942916157062,0.4238159722663307,0.11094617671819992,0.7854514899622639,0.047584464060645315,0.047584464060645315,loss,loss|alpha=0.2,0.09887733245257518,0.32699212503765457,0.06688403771145231,0.31788437989215185,0.9494982644299801
synth2,hard,gauss,3005,2,46,0.14942916157062,0.4238159722663307,0.11094617671819992,0.7854514899622639,0.047584464060645315,0.047584464060645315,loss,loss|alpha=0.5,0.10730710156507092,0.3285808381963616,0.07627327077185683,0.3131172531412104,0.7505119462174127
synth2,hard,gauss,3005,2,46,0.14942916157062,0.4238159722663307,0.11094617671819992,0.7854514899622639,0.047584464060645315,0.047584464060645315,loss,loss|alpha=0.8,0.10616061916402014,0.32644060500373406,0.07526616276916862,0.3026605866636222,0.54024705540887
synth2,hard,gauss,3005,2,46,0.14942916157062,0.4238159722663307,0.11094617671819992,0.7854514899622639,0.047584464060645315,0.047584464060645315,loss,loss|alpha=1.0,0.11162018144927088,0.3298639669642649,0.0810113038912957,0.30067787540485624,0.4292406803688205
synth2,hard,gauss,3005,2,46,0.14942916157062,0.4238159722663307,0.11094617671819992,0.7854514899622639,0.047584464060645315,0.047584464060645315,smoothed_loss,smoothed_loss|alpha=0.2,0.09803391350785232,0.32223403668614475,0.06658965449881016,0.3156752798936723,0.9761118829077892
synth2,hard,gauss,3005,2,46,0.14942916157062,0.4238159722663307,0.11094617671819992,0.7854514899622639,0.047584464060645315,0.047584464060645315,smoothed_loss,smoothed_loss|alpha=0.5,0.10591824517916178,0.3191314420754037,0.07601491197706625,0.3090735998603622,0.8673368950448528
synth2,hard,gauss,3005,2,46,0.14942916157062,0.4238159722663307,0.11094617671819992,0.7854514899622639,0.047584464060645315,0.047584464060645315,smoothed_loss,smoothed_loss|alpha=0.8,0.10678895526332073,0.3160847944534278,0.0774350348295885,0.30462481142282755,0.7186160998458181
synth2,hard,gauss,3005,2,46,0.14942916157062,0.4238159722663307,0.11094617671819992,0.7854514899622639,0.047584464060645315,0.047584464060645315,smoothed_loss,smoothed_loss|alpha=1.0,0.10393836908827242,0.3127283216485744,0.07465539968699861,0.2959756196269964,0.6204173993478164
synth2,hard,gauss,3005,2,46,0.14942916157062,0.4238159722663307,0.11094617671819992,0.7854514899622639,0.047584464060645315,0.047584464060645315,jtt,"jtt|q=0.1,lam=2",0.0986990525648567,0.31780600732120745,0.0679691147826091,0.3126651148251857,0.9307692307692305
synth2,hard,gauss,3005,2,46,0.14942916157062,0.4238159722663307,0.11094617671819992,0.7854514899622639,0.047584464060645315,0.047584464060645315,jtt,"jtt|q=0.1,lam=5",0.10602609997236767,0.3069660909087985,0.07784409440203587,0.30596880883593086,0.5764705882352938
synth2,hard,gauss,3005,2,46,0.14942916157062,0.4238159722663307,0.11094617671819992,0.7854514899622639,0.047584464060645315,0.047584464060645315,jtt,"jtt|q=0.1,lam=10",0.11979781197308992,0.30971176209078466,0.0931622180569252,0.2901377266316759,0.3311926605504589
synth2,hard,gauss,3005,2,46,0.14942916157062,0.4238159722663307,0.11094617671819992,0.7854514899622639,0.047584464060645315,0.047584464060645315,jtt,"jtt|q=0.1,lam=20",0.1514923552455246,0.31862238944785537,0.12805222502102437,0.28263270118759715,0.20562347188264066
synth2,hard,gauss,3005,2,46,0.14942916157062,0.4238159722663307,0.11094617671819992,0.7854514899622639,0.047584464060645315,0.047584464060645315,jtt,"jtt|q=0.2,lam=2",0.09776843827625198,0.318442449231995,0.06681871952191173,0.31530504737800724,0.8999999999999998
synth2,hard,gauss,3005,2,46,0.14942916157062,0.4238159722663307,0.11094617671819992,0.7854514899622639,0.047584464060645315,0.047584464060645315,jtt,"jtt|q=0.2,lam=5",0.10898234909520661,0.3117755467184362,0.08054042970221088,0.3112981664082966,0.5586206896551724
synth2,hard,gauss,3005,2,46,0.14942916157062,0.4238159722663307,0.11094617671819992,0.7854514899622639,0.047584464060645315,0.047584464060645315,jtt,"jtt|q=0.2,lam=10",0.11679584570988175,0.30633198082627344,0.09021324067075268,0.3074205396548148,0.3769230769230769
synth2,hard,gauss,3005,2,46,0.14942916157062,0.4238159722663307,0.11094617671819992,0.7854514899622639,0.047584464060645315,0.047584464060645315,jtt,"jtt|q=0.2,lam=20",0.1357058417144911,0.3083641767116234,0.11149036257578268,0.30967902987531304,0.28514851485148507
synth2,hard,gauss,3005,2,46,0.14942916157062,0.4238159722663307,0.11094617671819992,0.7854514899622639,0.047584464060645315,0.047584464060645315,density,density|alpha=0.2,0.09853899547968292,0.3325008904556523,0.06572563962786512,0.3331062951317504,0.99677244110909
synth2,hard,gauss,3005,2,46,0.14942916157062,0.4238159722663307,0.11094617671819992,0.7854514899622639,0.047584464060645315,0.047584464060645315,density,density|alpha=0.5,0.10030145611078639,0.33326541658747794,0.06762806142591404,0.332838535809925,0.9801638738251468
synth2,hard,gauss,3005,2,46,0.14942916157062,0.4238159722663307,0.11094617671819992,0.7854514899622639,0.047584464060645315,0.047584464060645315,density,density|alpha=0.8,0.09931276994280751,0.33368812989862257,0.066441425273976,0.3321380676695705,0.9507437208700287
synth2,hard,gauss,3005,2,46,0.14942916157062,0.4238159722663307,0.11094617671819992,0.7854514899622639,0.047584464060645315,0.047584464060645315,density,density|alpha=1.0,0.09940785936275308,0.3354875940962244,0.06629747467379415,0.3334687800699371,0.9251119610682977
synth2,hard,gauss,3004,2,47,0.14315804728014997,0.44816233965546254,0.10176337046146755,0.8092397619263109,0.07439556769671672,0.07439556769671672,uniform,uniform,0.1040581240221424,0.36281048381660397,0.06894068280074755,0.3087813527122747,1.0
synth2,hard,gauss,3004,2,47,0.14315804728014997,0.44816233965546254,0.10176337046146755,0.8092397619263109,0.07439556769671672,0.07439556769671672,weakspot,"weakspot|alpha=0.2,q=0.03",0.10873993776840621,0.37534418777121936,0.07255685102753605,0.3069565971251834,0.7082494015355604
synth2,hard,gauss,3004,2,47,0.14315804728014997,0.44816233965546254,0.10176337046146755,0.8092397619263109,0.07439556769671672,0.07439556769671672,weakspot,"weakspot|alpha=0.2,q=0.1",0.10343536697276223,0.35863637655894703,0.06879990911296772,0.2994277880714769,0.8889941941275127
synth2,hard,gauss,3004,2,47,0.14315804728014997,0.44816233965546254,0.10176337046146755,0.8092397619263109,0.07439556769671672,0.07439556769671672,weakspot,"weakspot|alpha=0.2,q=0.3",0.10182597643816291,0.3659649170688868,0.065977477397423,0.30574159306268733,0.9818424900533139
synth2,hard,gauss,3004,2,47,0.14315804728014997,0.44816233965546254,0.10176337046146755,0.8092397619263109,0.07439556769671672,0.07439556769671672,weakspot,"weakspot|alpha=0.5,q=0.03",0.11895095561329133,0.3475376302963667,0.08792755115601987,0.2958940019725124,0.27975353299616085
synth2,hard,gauss,3004,2,47,0.14315804728014997,0.44816233965546254,0.10176337046146755,0.8092397619263109,0.07439556769671672,0.07439556769671672,weakspot,"weakspot|alpha=0.5,q=0.1",0.1066894338760265,0.32719472873076555,0.07676282088892676,0.28340358598980064,0.5616661343087936
synth2,hard,gauss,3004,2,47,0.14315804728014997,0.44816233965546254,0.10176337046146755,0.8092397619263109,0.07439556769671672,0.07439556769671672,weakspot,"weakspot|alpha=0.5,q=0.3",0.10235670215956935,0.3594400283788585,0.06746577940749093,0.3001486723430948,0.8963921781282167
synth2,hard,gauss,3004,2,47,0.14315804728014997,0.44816233965546254,0.10176337046146755,0.8092397619263109,0.07439556769671672,0.07439556769671672,weakspot,"weakspot|alpha=0.8,q=0.03",0.12946627010286493,0.32940748512707696,0.10233057993206045,0.2860178665473049,0.13173647411144063
synth2,hard,gauss,3004,2,47,0.14315804728014997,0.44816233965546254,0.10176337046146755,0.8092397619263109,0.07439556769671672,0.07439556769671672,weakspot,"weakspot|alpha=0.8,q=0.1",0.12844640047596165,0.29545525886403917,0.10578023514106638,0.2776599915652118,0.33357041055102277
synth2,hard,gauss,3004,2,47,0.14315804728014997,0.44816233965546254,0.10176337046146755,0.8092397619263109,0.07439556769671672,0.07439556769671672,weakspot,"weakspot|alpha=0.8,q=0.3",0.1004319728233425,0.3496246157183312,0.06661196052811123,0.29303610067577585,0.7716687460689166
synth2,hard,gauss,3004,2,47,0.14315804728014997,0.44816233965546254,0.10176337046146755,0.8092397619263109,0.07439556769671672,0.07439556769671672,weakspot,"weakspot|alpha=1.0,q=0.03",1.6567809906142672,0.28176734287587485,1.8433955629081207,0.25366416167699635,0.08850888906141156
synth2,hard,gauss,3004,2,47,0.14315804728014997,0.44816233965546254,0.10176337046146755,0.8092397619263109,0.07439556769671672,0.07439556769671672,weakspot,"weakspot|alpha=1.0,q=0.1",0.1824577493423535,0.2717429654078402,0.17034010786611764,0.2566885906865209,0.24262019301359997
synth2,hard,gauss,3004,2,47,0.14315804728014997,0.44816233965546254,0.10176337046146755,0.8092397619263109,0.07439556769671672,0.07439556769671672,weakspot,"weakspot|alpha=1.0,q=0.3",0.1071832985999644,0.34363288656086854,0.07509275259050607,0.2889806537901671,0.6838389772854853
synth2,hard,gauss,3004,2,47,0.14315804728014997,0.44816233965546254,0.10176337046146755,0.8092397619263109,0.07439556769671672,0.07439556769671672,weakspot_emb,"weakspot_emb|alpha=0.2,q=0.03",0.1093881092769115,0.3790309034998854,0.07279263635283953,0.3020041768878409,0.7454279768811569
synth2,hard,gauss,3004,2,47,0.14315804728014997,0.44816233965546254,0.10176337046146755,0.8092397619263109,0.07439556769671672,0.07439556769671672,weakspot_emb,"weakspot_emb|alpha=0.2,q=0.1",0.10384607236314858,0.36793425772803706,0.06800446174292804,0.3011101011778206,0.89166165455186
synth2,hard,gauss,3004,2,47,0.14315804728014997,0.44816233965546254,0.10176337046146755,0.8092397619263109,0.07439556769671672,0.07439556769671672,weakspot_emb,"weakspot_emb|alpha=0.2,q=0.3",0.09955590893117776,0.36158598403410397,0.06399362162305773,0.30620203054412737,0.9916892838616244
synth2,hard,gauss,3004,2,47,0.14315804728014997,0.44816233965546254,0.10176337046146755,0.8092397619263109,0.07439556769671672,0.07439556769671672,weakspot_emb,"weakspot_emb|alpha=0.5,q=0.03",0.12086882002462383,0.36212765853915097,0.08812557050448074,0.27400939759841414,0.319035729103938
synth2,hard,gauss,3004,2,47,0.14315804728014997,0.44816233965546254,0.10176337046146755,0.8092397619263109,0.07439556769671672,0.07439556769671672,weakspot_emb,"weakspot_emb|alpha=0.5,q=0.1",0.10636304864804189,0.34710152646132963,0.07369042161943554,0.2874655699026985,0.568380365524602
synth2,hard,gauss,3004,2,47,0.14315804728014997,0.44816233965546254,0.10176337046146755,0.8092397619263109,0.07439556769671672,0.07439556769671672,weakspot_emb,"weakspot_emb|alpha=0.5,q=0.3",0.10153644871681304,0.36316370430618616,0.06602883140513777,0.30336666199621987,0.9502295706642009
synth2,hard,gauss,3004,2,47,0.14315804728014997,0.44816233965546254,0.10176337046146755,0.8092397619263109,0.07439556769671672,0.07439556769671672,weakspot_emb,"weakspot_emb|alpha=0.8,q=0.03",0.1368468414671862,0.36675263295390775,0.1056444086646158,0.2529417240364788,0.15469867123392017
synth2,hard,gauss,3004,2,47,0.14315804728014997,0.44816233965546254,0.10176337046146755,0.8092397619263109,0.07439556769671672,0.07439556769671672,weakspot_emb,"weakspot_emb|alpha=0.8,q=0.1",0.12429395607988707,0.31809052776092767,0.09799220671488494,0.2729118680395969,0.33967090190800286
synth2,hard,gauss,3004,2,47,0.14315804728014997,0.44816233965546254,0.10176337046146755,0.8092397619263109,0.07439556769671672,0.07439556769671672,weakspot_emb,"weakspot_emb|alpha=0.8,q=0.3",0.10014122244490661,0.3552759279209726,0.06551476326899534,0.2994416552212704,0.8817674937522917
synth2,hard,gauss,3004,2,47,0.14315804728014997,0.44816233965546254,0.10176337046146755,0.8092397619263109,0.07439556769671672,0.07439556769671672,weakspot_emb,"weakspot_emb|alpha=1.0,q=0.03",0.3970474425123168,0.3478353195676921,0.4037264302373397,0.25169840101299934,0.10484619365283919
synth2,hard,gauss,3004,2,47,0.14315804728014997,0.44816233965546254,0.10176337046146755,0.8092397619263109,0.07439556769671672,0.07439556769671672,weakspot_emb,"weakspot_emb|alpha=1.0,q=0.1",0.1391959437706344,0.29474718878613404,0.1180847867242378,0.25762210735539554,0.24767551707689636
synth2,hard,gauss,3004,2,47,0.14315804728014997,0.44816233965546254,0.10176337046146755,0.8092397619263109,0.07439556769671672,0.07439556769671672,weakspot_emb,"weakspot_emb|alpha=1.0,q=0.3",0.0978985612737414,0.3483244771729196,0.06391117121133165,0.2957825111167596,0.8267817262211424
synth2,hard,gauss,3004,2,47,0.14315804728014997,0.44816233965546254,0.10176337046146755,0.8092397619263109,0.07439556769671672,0.07439556769671672,loss,loss|alpha=0.2,0.10095255732736749,0.3486614066267043,0.06733392303858754,0.3173879128045939,0.9251860016826112
synth2,hard,gauss,3004,2,47,0.14315804728014997,0.44816233965546254,0.10176337046146755,0.8092397619263109,0.07439556769671672,0.07439556769671672,loss,loss|alpha=0.5,0.11889850033176545,0.3506007928728106,0.08745224938496828,0.3395992296556131,0.6642759986104213
synth2,hard,gauss,3004,2,47,0.14315804728014997,0.44816233965546254,0.10176337046146755,0.8092397619263109,0.07439556769671672,0.07439556769671672,loss,loss|alpha=0.8,0.13075864934340017,0.3403111495713412,0.10231853148168644,0.3542261345096022,0.43595403503221997
synth2,hard,gauss,3004,2,47,0.14315804728014997,0.44816233965546254,0.10176337046146755,0.8092397619263109,0.07439556769671672,0.07439556769671672,loss,loss|alpha=1.0,0.1396113458093543,0.3345475955648045,0.11315492122584915,0.3674497131297194,0.3309512075849867
synth2,hard,gauss,3004,2,47,0.14315804728014997,0.44816233965546254,0.10176337046146755,0.8092397619263109,0.07439556769671672,0.07439556769671672,smoothed_loss,smoothed_loss|alpha=0.2,0.1043928365666029,0.36626740666617996,0.068851654139687,0.31797457019705105,0.9448191419198719
synth2,hard,gauss,3004,2,47,0.14315804728014997,0.44816233965546254,0.10176337046146755,0.8092397619263109,0.07439556769671672,0.07439556769671672,smoothed_loss,smoothed_loss|alpha=0.5,0.11264262485316646,0.3617227386065567,0.07883788482644286,0.3374090086529171,0.732588590066945
synth2,hard,gauss,3004,2,47,0.14315804728014997,0.44816233965546254,0.10176337046146755,0.8092397619263109,0.07439556769671672,0.07439556769671672,smoothed_loss,smoothed_loss|alpha=0.8,0.12023998456448541,0.35468743239351513,0.08842116569387887,0.34836828782118334,0.5169406840684722
synth2,hard,gauss,3004,2,47,0.14315804728014997,0.44816233965546254,0.10176337046146755,0.8092397619263109,0.07439556769671672,0.07439556769671672,smoothed_loss,smoothed_loss|alpha=1.0,0.1280897680046189,0.36055693266849853,0.09653970988158243,0.3679995016293314,0.4064891111010482
synth2,hard,gauss,3004,2,47,0.14315804728014997,0.44816233965546254,0.10176337046146755,0.8092397619263109,0.07439556769671672,0.07439556769671672,jtt,"jtt|q=0.1,lam=2",0.10143137341721623,0.35350871145032137,0.0672198550810935,0.3069281899211525,0.9307692307692305
synth2,hard,gauss,3004,2,47,0.14315804728014997,0.44816233965546254,0.10176337046146755,0.8092397619263109,0.07439556769671672,0.07439556769671672,jtt,"jtt|q=0.1,lam=5",0.11199686908596405,0.33077630302296374,0.08230448708088572,0.31242414451066397,0.5764705882352938
synth2,hard,gauss,3004,2,47,0.14315804728014997,0.44816233965546254,0.10176337046146755,0.8092397619263109,0.07439556769671672,0.07439556769671672,jtt,"jtt|q=0.1,lam=10",0.1349833173600738,0.31433334257442247,0.11064222932700775,0.33126793590957704,0.3311926605504589
synth2,hard,gauss,3004,2,47,0.14315804728014997,0.44816233965546254,0.10176337046146755,0.8092397619263109,0.07439556769671672,0.07439556769671672,jtt,"jtt|q=0.1,lam=20",0.1656513273515166,0.3060188972704423,0.1466008735124347,0.3518188968145596,0.20562347188264063
synth2,hard,gauss,3004,2,47,0.14315804728014997,0.44816233965546254,0.10176337046146755,0.8092397619263109,0.07439556769671672,0.07439556769671672,jtt,"jtt|q=0.2,lam=2",0.10117678692686209,0.3552350272628236,0.06669642381482643,0.3032368946510907,0.8999999999999998
synth2,hard,gauss,3004,2,47,0.14315804728014997,0.44816233965546254,0.10176337046146755,0.8092397619263109,0.07439556769671672,0.07439556769671672,jtt,"jtt|q=0.2,lam=5",0.10861015712259467,0.34039429848709224,0.07715279778919605,0.3029471899523515,0.5586206896551724
synth2,hard,gauss,3004,2,47,0.14315804728014997,0.44816233965546254,0.10176337046146755,0.8092397619263109,0.07439556769671672,0.07439556769671672,jtt,"jtt|q=0.2,lam=10",0.12130263553410214,0.33052906413245214,0.0929067715732812,0.3052495852132373,0.3769230769230769
synth2,hard,gauss,3004,2,47,0.14315804728014997,0.44816233965546254,0.10176337046146755,0.8092397619263109,0.07439556769671672,0.07439556769671672,jtt,"jtt|q=0.2,lam=20",0.14707442248470232,0.32848052147690854,0.12245428752778166,0.31362304323757484,0.2851485148514852
synth2,hard,gauss,3004,2,47,0.14315804728014997,0.44816233965546254,0.10176337046146755,0.8092397619263109,0.07439556769671672,0.07439556769671672,density,density|alpha=0.2,0.10411286353218899,0.3678574172872863,0.06831789002425696,0.3088190253001644,0.9975448363308648
synth2,hard,gauss,3004,2,47,0.14315804728014997,0.44816233965546254,0.10176337046146755,0.8092397619263109,0.07439556769671672,0.07439556769671672,density,density|alpha=0.5,0.10159917292668336,0.3605244138559562,0.06645826856433457,0.30972204630558786,0.9848504982262968
synth2,hard,gauss,3004,2,47,0.14315804728014997,0.44816233965546254,0.10176337046146755,0.8092397619263109,0.07439556769671672,0.07439556769671672,density,density|alpha=0.8,0.10374449233994247,0.3686565701456327,0.06779106440379257,0.30964006333782995,0.9621126750499106
synth2,hard,gauss,3004,2,47,0.14315804728014997,0.44816233965546254,0.10176337046146755,0.8092397619263109,0.07439556769671672,0.07439556769671672,density,density|alpha=1.0,0.10322084716091702,0.3686485172609609,0.06719744389350617,0.30970384287951147,0.9420363539797695
synth2,hard,gauss,3003,2,49,0.14722814625370356,0.43309605443071975,0.10953305706001663,0.7742165060400594,0.06897276884050209,0.0673139715785044,uniform,uniform,0.10265670949553876,0.355047380421298,0.06937599284262315,0.3269738500935388,1.0
synth2,hard,gauss,3003,2,49,0.14722814625370356,0.43309605443071975,0.10953305706001663,0.7742165060400594,0.06897276884050209,0.0673139715785044,weakspot,"weakspot|alpha=0.2,q=0.03",0.09705920400826853,0.3150783768891262,0.06831077883495795,0.29036786073402004,0.7280793866038119
synth2,hard,gauss,3003,2,49,0.14722814625370356,0.43309605443071975,0.10953305706001663,0.7742165060400594,0.06897276884050209,0.0673139715785044,weakspot,"weakspot|alpha=0.2,q=0.1",0.09688859808712483,0.3296094585631595,0.06620158026544057,0.30289357963938296,0.925734870727183
synth2,hard,gauss,3003,2,49,0.14722814625370356,0.43309605443071975,0.10953305706001663,0.7742165060400594,0.06897276884050209,0.0673139715785044,weakspot,"weakspot|alpha=0.2,q=0.3",0.09922670498573098,0.34298980202677487,0.06708363672847958,0.3163547667401646,0.9774174070934195
synth2,hard,gauss,3003,2,49,0.14722814625370356,0.43309605443071975,0.10953305706001663,0.7742165060400594,0.06897276884050209,0.0673139715785044,weakspot,"weakspot|alpha=0.5,q=0.03",0.10611851088630231,0.29636583110584075,0.0810321353282081,0.273763302864823,0.2999194344838329
synth2,hard,gauss,3003,2,49,0.14722814625370356,0.43309605443071975,0.10953305706001663,0.7742165060400594,0.06897276884050209,0.0673139715785044,weakspot,"weakspot|alpha=0.5,q=0.1",0.09967363794298177,0.3125670705887679,0.07160110268182265,0.2809498286754429,0.6660480945485036
synth2,hard,gauss,3003,2,49,0.14722814625370356,0.43309605443071975,0.10953305706001663,0.7742165060400594,0.06897276884050209,0.0673139715785044,weakspot,"weakspot|alpha=0.5,q=0.3",0.09644383860093236,0.3307967730952899,0.0655416123772848,0.3047591341165388,0.8738186769507552
synth2,hard,gauss,3003,2,49,0.14722814625370356,0.43309605443071975,0.10953305706001663,0.7742165060400594,0.06897276884050209,0.0673139715785044,weakspot,"weakspot|alpha=0.8,q=0.03",0.12092982776379498,0.2850451341838012,0.09928926953184168,0.258478369808893,0.14335631794725673
synth2,hard,gauss,3003,2,49,0.14722814625370356,0.43309605443071975,0.10953305706001663,0.7742165060400594,0.06897276884050209,0.0673139715785044,weakspot,"weakspot|alpha=0.8,q=0.1",0.10316176778772289,0.2934209352765164,0.07807383002604269,0.26077755577578215,0.43791152760857277
synth2,hard,gauss,3003,2,49,0.14722814625370356,0.43309605443071975,0.10953305706001663,0.7742165060400594,0.06897276884050209,0.0673139715785044,weakspot,"weakspot|alpha=0.8,q=0.3",0.09648961768985903,0.31395302873162517,0.0678144763357382,0.28041472042713916,0.7301030931177274
synth2,hard,gauss,3003,2,49,0.14722814625370356,0.43309605443071975,0.10953305706001663,0.7742165060400594,0.06897276884050209,0.0673139715785044,weakspot,"weakspot|alpha=1.0,q=0.03",0.5358704028912462,0.27794439089476963,0.5698810202060052,0.23396304312141644,0.09674066212893438
synth2,hard,gauss,3003,2,49,0.14722814625370356,0.43309605443071975,0.10953305706001663,0.7742165060400594,0.06897276884050209,0.0673139715785044,weakspot,"weakspot|alpha=1.0,q=0.1",0.1754545081216628,0.2851324645537448,0.16099216298941882,0.25376471872857087,0.3327153346303206
synth2,hard,gauss,3003,2,49,0.14722814625370356,0.43309605443071975,0.10953305706001663,0.7742165060400594,0.06897276884050209,0.0673139715785044,weakspot,"weakspot|alpha=1.0,q=0.3",0.10115141236376919,0.3186764900556004,0.07246813952721194,0.2871379933381237,0.6338707335472086
synth2,hard,gauss,3003,2,49,0.14722814625370356,0.43309605443071975,0.10953305706001663,0.7742165060400594,0.06897276884050209,0.0673139715785044,weakspot_emb,"weakspot_emb|alpha=0.2,q=0.03",0.0958689931876361,0.3257575638344504,0.06555544652056891,0.2925827120236944,0.8586737806349236
synth2,hard,gauss,3003,2,49,0.14722814625370356,0.43309605443071975,0.10953305706001663,0.7742165060400594,0.06897276884050209,0.0673139715785044,weakspot_emb,"weakspot_emb|alpha=0.2,q=0.1",0.0990839685833351,0.3390568941859059,0.06744067958197743,0.30845578053348777,0.9692804127187731
synth2,hard,gauss,3003,2,49,0.14722814625370356,0.43309605443071975,0.10953305706001663,0.7742165060400594,0.06897276884050209,0.0673139715785044,weakspot_emb,"weakspot_emb|alpha=0.2,q=0.3",0.10144777951483099,0.34911136664560083,0.06879038517330899,0.32006068034821794,0.9958784406002167
synth2,hard,gauss,3003,2,49,0.14722814625370356,0.43309605443071975,0.10953305706001663,0.7742165060400594,0.06897276884050209,0.0673139715785044,weakspot_emb,"weakspot_emb|alpha=0.5,q=0.03",0.09917737107967205,0.299573040122038,0.07275281483356494,0.25630537258084346,0.4929346675793386
synth2,hard,gauss,3003,2,49,0.14722814625370356,0.43309605443071975,0.10953305706001663,0.7742165060400594,0.06897276884050209,0.0673139715785044,weakspot_emb,"weakspot_emb|alpha=0.5,q=0.1",0.09520488379015517,0.3204757308034499,0.06550023899440097,0.2871621737358758,0.8346671097869559
synth2,hard,gauss,3003,2,49,0.14722814625370356,0.43309605443071975,0.10953305706001663,0.7742165060400594,0.06897276884050209,0.0673139715785044,weakspot_emb,"weakspot_emb|alpha=0.5,q=0.3",0.0985334856717656,0.34103422625095986,0.06655687415226803,0.313272779846207,0.9747858424046398
synth2,hard,gauss,3003,2,49,0.14722814625370356,0.43309605443071975,0.10953305706001663,0.7742165060400594,0.06897276884050209,0.0673139715785044,weakspot_emb,"weakspot_emb|alpha=0.8,q=0.03",0.10804286859674295,0.2845314998724608,0.08477074008104277,0.23863125226227752,0.27522536852658724
synth2,hard,gauss,3003,2,49,0.14722814625370356,0.43309605443071975,0.10953305706001663,0.7742165060400594,0.06897276884050209,0.0673139715785044,weakspot_emb,"weakspot_emb|alpha=0.8,q=0.1",0.09662191247656123,0.31228644777708287,0.06818397431865429,0.2768633899106798,0.6635299291399543
synth2,hard,gauss,3003,2,49,0.14722814625370356,0.43309605443071975,0.10953305706001663,0.7742165060400594,0.06897276884050209,0.0673139715785044,weakspot_emb,"weakspot_emb|alpha=0.8,q=0.3",0.09741519674843718,0.33687207115189394,0.06583995524532149,0.30803787735386917,0.9378946150973106
synth2,hard,gauss,3003,2,49,0.14722814625370356,0.43309605443071975,0.10953305706001663,0.7742165060400594,0.06897276884050209,0.0673139715785044,weakspot_emb,"weakspot_emb|alpha=1.0,q=0.03",0.142262168462878,0.27136172582838697,0.12523885388100842,0.22175854166678433,0.19551620267312225
synth2,hard,gauss,3003,2,49,0.14722814625370356,0.43309605443071975,0.10953305706001663,0.7742165060400594,0.06897276884050209,0.0673139715785044,weakspot_emb,"weakspot_emb|alpha=1.0,q=0.1",0.09510519290256747,0.2954680137233803,0.06868496808578799,0.2629900300873808,0.5579330558030262
synth2,hard,gauss,3003,2,49,0.14722814625370356,0.43309605443071975,0.10953305706001663,0.7742165060400594,0.06897276884050209,0.0673139715785044,weakspot_emb,"weakspot_emb|alpha=1.0,q=0.3",0.09783791435196683,0.3321338805678635,0.06694320007448866,0.30192036108626874,0.9062359167352266
synth2,hard,gauss,3003,2,49,0.14722814625370356,0.43309605443071975,0.10953305706001663,0.7742165060400594,0.06897276884050209,0.0673139715785044,loss,loss|alpha=0.2,0.09616877154681017,0.3262427024268615,0.06583078292482264,0.2991845104515564,0.9557341560218897
synth2,hard,gauss,3003,2,49,0.14722814625370356,0.43309605443071975,0.10953305706001663,0.7742165060400594,0.06897276884050209,0.0673139715785044,loss,loss|alpha=0.5,0.09989591746477089,0.3133553080281806,0.07174875391000321,0.2884117279774909,0.775509173592286
synth2,hard,gauss,3003,2,49,0.14722814625370356,0.43309605443071975,0.10953305706001663,0.7742165060400594,0.06897276884050209,0.0673139715785044,loss,loss|alpha=0.8,0.10109036092755623,0.30102681678063264,0.07472635741099325,0.2817102428762383,0.5743637282805812
synth2,hard,gauss,3003,2,49,0.14722814625370356,0.43309605443071975,0.10953305706001663,0.7742165060400594,0.06897276884050209,0.0673139715785044,loss,loss|alpha=1.0,0.10714196184268457,0.29712356051535077,0.0820906248360455,0.2803632221835218,0.46341316228414564
synth2,hard,gauss,3003,2,49,0.14722814625370356,0.43309605443071975,0.10953305706001663,0.7742165060400594,0.06897276884050209,0.0673139715785044,smoothed_loss,smoothed_loss|alpha=0.2,0.09780231488032126,0.3377786351413448,0.06615857825280655,0.3122732584036182,0.975876991423869
synth2,hard,gauss,3003,2,49,0.14722814625370356,0.43309605443071975,0.10953305706001663,0.7742165060400594,0.06897276884050209,0.0673139715785044,smoothed_loss,smoothed_loss|alpha=0.5,0.09870029560718836,0.3226639377870389,0.06916802134125448,0.2986656219859985,0.866179056215699
synth2,hard,gauss,3003,2,49,0.14722814625370356,0.43309605443071975,0.10953305706001663,0.7742165060400594,0.06897276884050209,0.0673139715785044,smoothed_loss,smoothed_loss|alpha=0.8,0.0984503260789213,0.3142253495723496,0.06999781873655073,0.29072010949275034,0.7165844124999864
synth2,hard,gauss,3003,2,49,0.14722814625370356,0.43309605443071975,0.10953305706001663,0.7742165060400594,0.06897276884050209,0.0673139715785044,smoothed_loss,smoothed_loss|alpha=1.0,0.10177029157020198,0.30987847484934977,0.07432874844397594,0.2872221945920492,0.6180535343770285
synth2,hard,gauss,3003,2,49,0.14722814625370356,0.43309605443071975,0.10953305706001663,0.7742165060400594,0.06897276884050209,0.0673139715785044,jtt,"jtt|q=0.1,lam=2",0.0985919552397607,0.32367798643883433,0.068911680610794,0.29941179498209713,0.9307692307692305
synth2,hard,gauss,3003,2,49,0.14722814625370356,0.43309605443071975,0.10953305706001663,0.7742165060400594,0.06897276884050209,0.0673139715785044,jtt,"jtt|q=0.1,lam=5",0.10401117738175361,0.2949374892881816,0.07883526868101917,0.2779461280380954,0.5764705882352938
synth2,hard,gauss,3003,2,49,0.14722814625370356,0.43309605443071975,0.10953305706001663,0.7742165060400594,0.06897276884050209,0.0673139715785044,jtt,"jtt|q=0.1,lam=10",0.10971798164982434,0.28428371395323604,0.08669941027082327,0.26398872495115666,0.33119266055045876
synth2,hard,gauss,3003,2,49,0.14722814625370356,0.43309605443071975,0.10953305706001663,0.7742165060400594,0.06897276884050209,0.0673139715785044,jtt,"jtt|q=0.1,lam=20",0.1281749426806284,0.29059967095302147,0.10675730731703609,0.27804353496218304,0.20562347188264063
synth2,hard,gauss,3003,2,49,0.14722814625370356,0.43309605443071975,0.10953305706001663,0.7742165060400594,0.06897276884050209,0.0673139715785044,jtt,"jtt|q=0.2,lam=2",0.09966935860061953,0.33029772301501015,0.06925826131224772,0.3063740056739198,0.9000000000000001
synth2,hard,gauss,3003,2,49,0.14722814625370356,0.43309605443071975,0.10953305706001663,0.7742165060400594,0.06897276884050209,0.0673139715785044,jtt,"jtt|q=0.2,lam=5",0.10651051514674055,0.3131414769293986,0.07926376127273978,0.2966608745903163,0.5586206896551722
synth2,hard,gauss,3003,2,49,0.14722814625370356,0.43309605443071975,0.10953305706001663,0.7742165060400594,0.06897276884050209,0.0673139715785044,jtt,"jtt|q=0.2,lam=10",0.11201420720001079,0.30377784432430327,0.08672788719437402,0.28629431046175435,0.37692307692307686
synth2,hard,gauss,3003,2,49,0.14722814625370356,0.43309605443071975,0.10953305706001663,0.7742165060400594,0.06897276884050209,0.0673139715785044,jtt,"jtt|q=0.2,lam=20",0.12184564011340301,0.2962561515829903,0.09884753645046367,0.28489125838009693,0.2851485148514852
synth2,hard,gauss,3003,2,49,0.14722814625370356,0.43309605443071975,0.10953305706001663,0.7742165060400594,0.06897276884050209,0.0673139715785044,density,density|alpha=0.2,0.1015129408951534,0.3527817383522383,0.06838015662378906,0.32453378420009266,0.997431930606549
synth2,hard,gauss,3003,2,49,0.14722814625370356,0.43309605443071975,0.10953305706001663,0.7742165060400594,0.06897276884050209,0.0673139715785044,density,density|alpha=0.5,0.10126255238433267,0.35473644530939097,0.06783900000655191,0.3252720643150523,0.9841630853439609
synth2,hard,gauss,3003,2,49,0.14722814625370356,0.43309605443071975,0.10953305706001663,0.7742165060400594,0.06897276884050209,0.0673139715785044,density,density|alpha=0.8,0.10073800262151514,0.354290128204206,0.06730413433585188,0.32446521696420033,0.9604349756269416
synth2,hard,gauss,3003,2,49,0.14722814625370356,0.43309605443071975,0.10953305706001663,0.7742165060400594,0.06897276884050209,0.0673139715785044,density,density|alpha=1.0,0.10035387039826289,0.3541174474562442,0.0668921197165936,0.32357980780709056,0.9395255285075291
synth2,hard,gauss,3002,2,48,0.13103094818455852,0.4293960312676045,0.08654617997999062,0.7698668345885339,0.07960248457667532,0.09509623456268156,uniform,uniform,0.0949981249469881,0.3774755879242506,0.052882122854141435,0.3234457281447884,1.0
synth2,hard,gauss,3002,2,48,0.13103094818455852,0.4293960312676045,0.08654617997999062,0.7698668345885339,0.07960248457667532,0.09509623456268156,weakspot,"weakspot|alpha=0.2,q=0.03",0.09656702971078844,0.34880824892317275,0.05895910303132063,0.28937892530198867,0.821319197319798
synth2,hard,gauss,3002,2,48,0.13103094818455852,0.4293960312676045,0.08654617997999062,0.7698668345885339,0.07960248457667532,0.09509623456268156,weakspot,"weakspot|alpha=0.2,q=0.1",0.09907492408438259,0.36832227584909427,0.058931466581973686,0.3136369838758873,0.9381863870607311
synth2,hard,gauss,3002,2,48,0.13103094818455852,0.4293960312676045,0.08654617997999062,0.7698668345885339,0.07960248457667532,0.09509623456268156,weakspot,"weakspot|alpha=0.2,q=0.3",0.09554534017509675,0.37517481678003456,0.053853958859968125,0.321300315438832,0.9822948088664873
synth2,hard,gauss,3002,2,48,0.13103094818455852,0.4293960312676045,0.08654617997999062,0.7698668345885339,0.07960248457667532,0.09509623456268156,weakspot,"weakspot|alpha=0.5,q=0.03",0.09764072245773354,0.31834601006699004,0.0647346482637651,0.25631928136473725,0.4237810871001476
synth2,hard,gauss,3002,2,48,0.13103094818455852,0.4293960312676045,0.08654617997999062,0.7698668345885339,0.07960248457667532,0.09509623456268156,weakspot,"weakspot|alpha=0.5,q=0.1",0.09888444863251909,0.36291534133049563,0.05951873955172339,0.3056538207057159,0.7083210123623993
synth2,hard,gauss,3002,2,48,0.13103094818455852,0.4293960312676045,0.08654617997999062,0.7698668345885339,0.07960248457667532,0.09509623456268156,weakspot,"weakspot|alpha=0.5,q=0.3",0.1008305277586696,0.37166100161361076,0.060451034529507154,0.31835187294564915,0.8987536333494371
synth2,hard,gauss,3002,2,48,0.13103094818455852,0.4293960312676045,0.08654617997999062,0.7698668345885339,0.07960248457667532,0.09509623456268156,weakspot,"weakspot|alpha=0.8,q=0.03",0.10582842144471587,0.3074917698913449,0.07576140683862552,0.2411067558612678,0.22317170542012785
synth2,hard,gauss,3002,2,48,0.13103094818455852,0.4293960312676045,0.08654617997999062,0.7698668345885339,0.07960248457667532,0.09509623456268156,weakspot,"weakspot|alpha=0.8,q=0.1",0.10670140690760985,0.35003891170285484,0.07042098030929553,0.28702846578155977,0.48681213435413956
synth2,hard,gauss,3002,2,48,0.13103094818455852,0.4293960312676045,0.08654617997999062,0.7698668345885339,0.07960248457667532,0.09509623456268156,weakspot,"weakspot|alpha=0.8,q=0.3",0.09714251496810983,0.3692678573437592,0.05656996320339793,0.31460954885100223,0.7761630749697697
synth2,hard,gauss,3002,2,48,0.13103094818455852,0.4293960312676045,0.08654617997999062,0.7698668345885339,0.07960248457667532,0.09509623456268156,weakspot,"weakspot|alpha=1.0,q=0.03",0.22816889343038474,0.2968346822463904,0.21793116163046894,0.22863072207322438,0.1553075845304442
synth2,hard,gauss,3002,2,48,0.13103094818455852,0.4293960312676045,0.08654617997999062,0.7698668345885339,0.07960248457667532,0.09509623456268156,weakspot,"weakspot|alpha=1.0,q=0.1",0.11306380749887027,0.33259176052208667,0.08033326810816377,0.2734237123721566,0.3777637595271978
synth2,hard,gauss,3002,2,48,0.13103094818455852,0.4293960312676045,0.08654617997999062,0.7698668345885339,0.07960248457667532,0.09509623456268156,weakspot,"weakspot|alpha=1.0,q=0.3",0.09972852767995925,0.3690230894756627,0.05957803139384318,0.3136046845178737,0.6893661725591733
synth2,hard,gauss,3002,2,48,0.13103094818455852,0.4293960312676045,0.08654617997999062,0.7698668345885339,0.07960248457667532,0.09509623456268156,weakspot_emb,"weakspot_emb|alpha=0.2,q=0.03",0.09683849852830506,0.3547437992092138,0.05838608512600928,0.2890006169912472,0.8949765718757796
synth2,hard,gauss,3002,2,48,0.13103094818455852,0.4293960312676045,0.08654617997999062,0.7698668345885339,0.07960248457667532,0.09509623456268156,weakspot_emb,"weakspot_emb|alpha=0.2,q=0.1",0.09406111812983843,0.3606469008627656,0.054314487495426146,0.3016909836977661,0.9736719226489424
synth2,hard,gauss,3002,2,48,0.13103094818455852,0.4293960312676045,0.08654617997999062,0.7698668345885339,0.07960248457667532,0.09509623456268156,weakspot_emb,"weakspot_emb|alpha=0.2,q=0.3",0.09447617545682586,0.37506638262308367,0.05264155393447949,0.3207328147871683,0.9940581720119676
synth2,hard,gauss,3002,2,48,0.13103094818455852,0.4293960312676045,0.08654617997999062,0.7698668345885339,0.07960248457667532,0.09509623456268156,weakspot_emb,"weakspot_emb|alpha=0.5,q=0.03",0.09557876037166547,0.33576816725024844,0.05976769970806752,0.26105135782888417,0.5768932250530563
synth2,hard,gauss,3002,2,48,0.13103094818455852,0.4293960312676045,0.08654617997999062,0.7698668345885339,0.07960248457667532,0.09509623456268156,weakspot_emb,"weakspot_emb|alpha=0.5,q=0.1",0.09651232332689637,0.3635125128142916,0.05670390668111697,0.3044828261921081,0.8554320468800747
synth2,hard,gauss,3002,2,48,0.13103094818455852,0.4293960312676045,0.08654617997999062,0.7698668345885339,0.07960248457667532,0.09509623456268156,weakspot_emb,"weakspot_emb|alpha=0.5,q=0.3",0.09592114544396628,0.3713358587063102,0.05485816463869295,0.31630009368537665,0.9639869865149565
synth2,hard,gauss,3002,2,48,0.13103094818455852,0.4293960312676045,0.08654617997999062,0.7698668345885339,0.07960248457667532,0.09509623456268156,weakspot_emb,"weakspot_emb|alpha=0.8,q=0.03",0.09685687269039032,0.3112901091063651,0.06488593051863194,0.23586227444939822,0.34751629011789453
synth2,hard,gauss,3002,2,48,0.13103094818455852,0.4293960312676045,0.08654617997999062,0.7698668345885339,0.07960248457667532,0.09509623456268156,weakspot_emb,"weakspot_emb|alpha=0.8,q=0.1",0.09636069705437618,0.3444295521318457,0.059374849371179775,0.2849269736920485,0.6980121532197333
synth2,hard,gauss,3002,2,48,0.13103094818455852,0.4293960312676045,0.08654617997999062,0.7698668345885339,0.07960248457667532,0.09509623456268156,weakspot_emb,"weakspot_emb|alpha=0.8,q=0.3",0.09922037789775642,0.36690940091118973,0.05930925955705782,0.3118402323739984,0.9127106286386696
synth2,hard,gauss,3002,2,48,0.13103094818455852,0.4293960312676045,0.08654617997999062,0.7698668345885339,0.07960248457667532,0.09509623456268156,weakspot_emb,"weakspot_emb|alpha=1.0,q=0.03",0.13593153939937447,0.30520495365851097,0.11069370486892578,0.22906969232127708,0.2542141004679537
synth2,hard,gauss,3002,2,48,0.13103094818455852,0.4293960312676045,0.08654617997999062,0.7698668345885339,0.07960248457667532,0.09509623456268156,weakspot_emb,"weakspot_emb|alpha=1.0,q=0.1",0.10357008052344034,0.33659630323870465,0.06882701543029983,0.2746715025789512,0.5966588157627407
synth2,hard,gauss,3002,2,48,0.13103094818455852,0.4293960312676045,0.08654617997999062,0.7698668345885339,0.07960248457667532,0.09509623456268156,weakspot_emb,"weakspot_emb|alpha=1.0,q=0.3",0.0993745569911291,0.3642250921600806,0.05988664324430755,0.3088044867976695,0.8699937017733561
synth2,hard,gauss,3002,2,48,0.13103094818455852,0.4293960312676045,0.08654617997999062,0.7698668345885339,0.07960248457667532,0.09509623456268156,loss,loss|alpha=0.2,0.0958984441568536,0.3564253462833369,0.05705516285732909,0.29945549115454095,0.9370000596327094
synth2,hard,gauss,3002,2,48,0.13103094818455852,0.4293960312676045,0.08654617997999062,0.7698668345885339,0.07960248457667532,0.09509623456268156,loss,loss|alpha=0.5,0.09779787793750781,0.34232303083886473,0.06134037884075278,0.2747740473175246,0.7041144317648161
synth2,hard,gauss,3002,2,48,0.13103094818455852,0.4293960312676045,0.08654617997999062,0.7698668345885339,0.07960248457667532,0.09509623456268156,loss,loss|alpha=0.8,0.1041890946907886,0.33365735639463706,0.06997650410638832,0.2710007899301323,0.4817483241912996
synth2,hard,gauss,3002,2,48,0.13103094818455852,0.4293960312676045,0.08654617997999062,0.7698668345885339,0.07960248457667532,0.09509623456268156,loss,loss|alpha=1.0,0.11175182354607412,0.32666591202975925,0.07970918869314894,0.267136522406187,0.3730097903975863
synth2,hard,gauss,3002,2,48,0.13103094818455852,0.4293960312676045,0.08654617997999062,0.7698668345885339,0.07960248457667532,0.09509623456268156,smoothed_loss,smoothed_loss|alpha=0.2,0.09833549812478558,0.3689806124122525,0.05798364109657663,0.3135883169261364,0.9677175388442121
synth2,hard,gauss,3002,2,48,0.13103094818455852,0.4293960312676045,0.08654617997999062,0.7698668345885339,0.07960248457667532,0.09509623456268156,smoothed_loss,smoothed_loss|alpha=0.5,0.09681003256324186,0.35342871972994505,0.0585494469155777,0.29787857556571484,0.8274747081903201
synth2,hard,gauss,3002,2,48,0.13103094818455852,0.4293960312676045,0.08654617997999062,0.7698668345885339,0.07960248457667532,0.09509623456268156,smoothed_loss,smoothed_loss|alpha=0.8,0.09923714834612435,0.3442713823490873,0.06270374775792045,0.2836442235494115,0.651996677579344
synth2,hard,gauss,3002,2,48,0.13103094818455852,0.4293960312676045,0.08654617997999062,0.7698668345885339,0.07960248457667532,0.09509623456268156,smoothed_loss,smoothed_loss|alpha=1.0,0.1010702445521654,0.3391417291591234,0.06557495569522455,0.27742892147913795,0.5452608476372768
synth2,hard,gauss,3002,2,48,0.13103094818455852,0.4293960312676045,0.08654617997999062,0.7698668345885339,0.07960248457667532,0.09509623456268156,jtt,"jtt|q=0.1,lam=2",0.09840351948772602,0.3677804312010244,0.05824074523343074,0.31734892034696055,0.9307692307692305
synth2,hard,gauss,3002,2,48,0.13103094818455852,0.4293960312676045,0.08654617997999062,0.7698668345885339,0.07960248457667532,0.09509623456268156,jtt,"jtt|q=0.1,lam=5",0.09996424948801222,0.3482082100070663,0.06295229444366028,0.30038302605269757,0.5764705882352938
synth2,hard,gauss,3002,2,48,0.13103094818455852,0.4293960312676045,0.08654617997999062,0.7698668345885339,0.07960248457667532,0.09509623456268156,jtt,"jtt|q=0.1,lam=10",0.1126411586038057,0.3402055281711285,0.0787124289843169,0.29226137454498846,0.3311926605504587
synth2,hard,gauss,3002,2,48,0.13103094818455852,0.4293960312676045,0.08654617997999062,0.7698668345885339,0.07960248457667532,0.09509623456268156,jtt,"jtt|q=0.1,lam=20",0.13102932743597956,0.3362249969527333,0.1004356611104423,0.29655815974620137,0.20562347188264063
synth2,hard,gauss,3002,2,48,0.13103094818455852,0.4293960312676045,0.08654617997999062,0.7698668345885339,0.07960248457667532,0.09509623456268156,jtt,"jtt|q=0.2,lam=2",0.09861835707303118,0.36887967957114365,0.058323721515283276,0.3177067853945338,0.8999999999999998
synth2,hard,gauss,3002,2,48,0.13103094818455852,0.4293960312676045,0.08654617997999062,0.7698668345885339,0.07960248457667532,0.09509623456268156,jtt,"jtt|q=0.2,lam=5",0.09996588372504363,0.359064229749247,0.06133559312275647,0.31377316487072004,0.5586206896551724
synth2,hard,gauss,3002,2,48,0.13103094818455852,0.4293960312676045,0.08654617997999062,0.7698668345885339,0.07960248457667532,0.09509623456268156,jtt,"jtt|q=0.2,lam=10",0.10654669106020896,0.3560292246689212,0.06935007085253253,0.3095862540703119,0.3769230769230769
synth2,hard,gauss,3002,2,48,0.13103094818455852,0.4293960312676045,0.08654617997999062,0.7698668345885339,0.07960248457667532,0.09509623456268156,jtt,"jtt|q=0.2,lam=20",0.11640039434262967,0.3509958547328029,0.08142336362085432,0.3084806458062569,0.2851485148514852
synth2,hard,gauss,3002,2,48,0.13103094818455852,0.4293960312676045,0.08654617997999062,0.7698668345885339,0.07960248457667532,0.09509623456268156,density,density|alpha=0.2,0.09476133584088382,0.37730054742263747,0.0526361273344402,0.32268966815071787,0.9977830636725644
synth2,hard,gauss,3002,2,48,0.13103094818455852,0.4293960312676045,0.08654617997999062,0.7698668345885339,0.07960248457667532,0.09509623456268156,density,density|alpha=0.5,0.09462240312990135,0.376284487587191,0.05262796996893227,0.3214314933715214,0.9863035596681995
synth2,hard,gauss,3002,2,48,0.13103094818455852,0.4293960312676045,0.08654617997999062,0.7698668345885339,0.07960248457667532,0.09509623456268156,density,density|alpha=0.8,0.09530377426916038,0.3746948132312504,0.05364794283528372,0.32036768322108444,0.965670609843092
synth2,hard,gauss,3002,2,48,0.13103094818455852,0.4293960312676045,0.08654617997999062,0.7698668345885339,0.07960248457667532,0.09509623456268156,density,density|alpha=1.0,0.09748820687899426,0.3739704267547547,0.056266066081660265,0.3197863493613222,0.9473765024553122
synth2,hard,gauss,3001,2,46,0.1254996672139127,0.3782721093183853,0.08739473060207623,0.7853788101709135,0.05488829502273314,0.05488829502273314,uniform,uniform,0.09701101303729533,0.30437928243728174,0.06575066402532963,0.2960509118847146,1.0
synth2,hard,gauss,3001,2,46,0.1254996672139127,0.3782721093183853,0.08739473060207623,0.7853788101709135,0.05488829502273314,0.05488829502273314,weakspot,"weakspot|alpha=0.2,q=0.03",0.10869904614035118,0.307683447826386,0.07870254830275561,0.29499246295028586,0.7484238448196102
synth2,hard,gauss,3001,2,46,0.1254996672139127,0.3782721093183853,0.08739473060207623,0.7853788101709135,0.05488829502273314,0.05488829502273314,weakspot,"weakspot|alpha=0.2,q=0.1",0.10516263687633226,0.2824560140103982,0.07843601730836605,0.2741167058577042,0.9071291149730293
synth2,hard,gauss,3001,2,46,0.1254996672139127,0.3782721093183853,0.08739473060207623,0.7853788101709135,0.05488829502273314,0.05488829502273314,weakspot,"weakspot|alpha=0.2,q=0.3",0.09970890864655141,0.29532178745698956,0.070220661092849,0.28688215727142646,0.9745997968248225
synth2,hard,gauss,3001,2,46,0.1254996672139127,0.3782721093183853,0.08739473060207623,0.7853788101709135,0.05488829502273314,0.05488829502273314,weakspot,"weakspot|alpha=0.5,q=0.03",0.12045081229727808,0.2892977009294525,0.09499748386135765,0.2727138788179118,0.3224887826599883
synth2,hard,gauss,3001,2,46,0.1254996672139127,0.3782721093183853,0.08739473060207623,0.7853788101709135,0.05488829502273314,0.05488829502273314,weakspot,"weakspot|alpha=0.5,q=0.1",0.10686327668884413,0.26295494527203767,0.08333277198873096,0.2665684084036024,0.60980512251016
synth2,hard,gauss,3001,2,46,0.1254996672139127,0.3782721093183853,0.08739473060207623,0.7853788101709135,0.05488829502273314,0.05488829502273314,weakspot,"weakspot|alpha=0.5,q=0.3",0.10197152922207163,0.2755475034375988,0.07580530065793577,0.26858718991560343,0.8599275418592535
synth2,hard,gauss,3001,2,46,0.1254996672139127,0.3782721093183853,0.08739473060207623,0.7853788101709135,0.05488829502273314,0.05488829502273314,weakspot,"weakspot|alpha=0.8,q=0.03",0.12838042926076113,0.24103435182126395,0.11139807729824575,0.24077310971202068,0.15678255584332676
synth2,hard,gauss,3001,2,46,0.1254996672139127,0.3782721093183853,0.08739473060207623,0.7853788101709135,0.05488829502273314,0.05488829502273314,weakspot,"weakspot|alpha=0.8,q=0.1",0.11955172748137724,0.23860503161295565,0.10160468163415425,0.2391823359413778,0.37906607998891034
synth2,hard,gauss,3001,2,46,0.1254996672139127,0.3782721093183853,0.08739473060207623,0.7853788101709135,0.05488829502273314,0.05488829502273314,weakspot,"weakspot|alpha=0.8,q=0.3",0.1074966634644513,0.26618878836025217,0.08357414521203482,0.26175512007991203,0.7057187878759754
synth2,hard,gauss,3001,2,46,0.1254996672139127,0.3782721093183853,0.08739473060207623,0.7853788101709135,0.05488829502273314,0.05488829502273314,weakspot,"weakspot|alpha=1.0,q=0.03",0.8388117669955849,0.19641841040236863,0.9356512718445048,0.2204868290885699,0.10634301863234777
synth2,hard,gauss,3001,2,46,0.1254996672139127,0.3782721093183853,0.08739473060207623,0.7853788101709135,0.05488829502273314,0.05488829502273314,weakspot,"weakspot|alpha=1.0,q=0.1",0.2094618649854924,0.20495389594721997,0.21014143223982346,0.20829124466740312,0.2809404956564039
synth2,hard,gauss,3001,2,46,0.1254996672139127,0.3782721093183853,0.08739473060207623,0.7853788101709135,0.05488829502273314,0.05488829502273314,weakspot,"weakspot|alpha=1.0,q=0.3",0.10964592319812469,0.2611904294863672,0.08680089405685915,0.26025477159227073,0.6054900871840704
synth2,hard,gauss,3001,2,46,0.1254996672139127,0.3782721093183853,0.08739473060207623,0.7853788101709135,0.05488829502273314,0.05488829502273314,weakspot_emb,"weakspot_emb|alpha=0.2,q=0.03",0.10535879539332636,0.3040785914206688,0.0754021863259134,0.2868231958004797,0.7602195723178343
synth2,hard,gauss,3001,2,46,0.1254996672139127,0.3782721093183853,0.08739473060207623,0.7853788101709135,0.05488829502273314,0.05488829502273314,weakspot_emb,"weakspot_emb|alpha=0.2,q=0.1",0.10289535073608014,0.2881937757512759,0.07496198632067087,0.2755115329961759,0.9044864208997618
synth2,hard,gauss,3001,2,46,0.1254996672139127,0.3782721093183853,0.08739473060207623,0.7853788101709135,0.05488829502273314,0.05488829502273314,weakspot_emb,"weakspot_emb|alpha=0.2,q=0.3",0.09942158878516412,0.297567373255046,0.0695515108040887,0.2884234196021786,0.9861568552858391
synth2,hard,gauss,3001,2,46,0.1254996672139127,0.3782721093183853,0.08739473060207623,0.7853788101709135,0.05488829502273314,0.05488829502273314,weakspot_emb,"weakspot_emb|alpha=0.5,q=0.03",0.11504192980749121,0.29234032787147257,0.08831455334445143,0.25862619042747703,0.3365520062895229
synth2,hard,gauss,3001,2,46,0.1254996672139127,0.3782721093183853,0.08739473060207623,0.7853788101709135,0.05488829502273314,0.05488829502273314,weakspot_emb,"weakspot_emb|alpha=0.5,q=0.1",0.10641723444732537,0.2677025740939631,0.08210379429345939,0.2613082996090915,0.6024101073461283
synth2,hard,gauss,3001,2,46,0.1254996672139127,0.3782721093183853,0.08739473060207623,0.7853788101709135,0.05488829502273314,0.05488829502273314,weakspot_emb,"weakspot_emb|alpha=0.5,q=0.3",0.09846022409985611,0.2844074116149934,0.07042906004406442,0.27847824130871723,0.9193422679837349
synth2,hard,gauss,3001,2,46,0.1254996672139127,0.3782721093183853,0.08739473060207623,0.7853788101709135,0.05488829502273314,0.05488829502273314,weakspot_emb,"weakspot_emb|alpha=0.8,q=0.03",0.12724094428692748,0.26828167974852524,0.10597933744519063,0.21766140882287083,0.16538353848282164
synth2,hard,gauss,3001,2,46,0.1254996672139127,0.3782721093183853,0.08739473060207623,0.7853788101709135,0.05488829502273314,0.05488829502273314,weakspot_emb,"weakspot_emb|alpha=0.8,q=0.1",0.11788511613787454,0.2433302786779233,0.0989745105075565,0.23785532754360528,0.37180295566524363
synth2,hard,gauss,3001,2,46,0.1254996672139127,0.3782721093183853,0.08739473060207623,0.7853788101709135,0.05488829502273314,0.05488829502273314,weakspot_emb,"weakspot_emb|alpha=0.8,q=0.3",0.10154549014336861,0.2741011126214602,0.07553307754885767,0.2699182984969847,0.8165935210232701
synth2,hard,gauss,3001,2,46,0.1254996672139127,0.3782721093183853,0.08739473060207623,0.7853788101709135,0.05488829502273314,0.05488829502273314,weakspot_emb,"weakspot_emb|alpha=1.0,q=0.03",0.6531084077675932,0.21431817559378735,0.7192551516280863,0.1904792309326303,0.11254625167308832
synth2,hard,gauss,3001,2,46,0.1254996672139127,0.3782721093183853,0.08739473060207623,0.7853788101709135,0.05488829502273314,0.05488829502273314,weakspot_emb,"weakspot_emb|alpha=1.0,q=0.1",0.14483191197612882,0.20117180842266832,0.13633878604460214,0.20897284492289794,0.2747256647155597
synth2,hard,gauss,3001,2,46,0.1254996672139127,0.3782721093183853,0.08739473060207623,0.7853788101709135,0.05488829502273314,0.05488829502273314,weakspot_emb,"weakspot_emb|alpha=1.0,q=0.3",0.10129010633087852,0.2652122406965538,0.07657917468311852,0.2651761947516136,0.7402271408984701
synth2,hard,gauss,3001,2,46,0.1254996672139127,0.3782721093183853,0.08739473060207623,0.7853788101709135,0.05488829502273314,0.05488829502273314,loss,loss|alpha=0.2,0.11019323283901343,0.2907334549483916,0.08297715792954445,0.28517497925695845,0.934971213937067
synth2,hard,gauss,3001,2,46,0.1254996672139127,0.3782721093183853,0.08739473060207623,0.7853788101709135,0.05488829502273314,0.05488829502273314,loss,loss|alpha=0.5,0.11024669286313582,0.2819178950760553,0.08436760484254612,0.289737410771404,0.6970109054152308
synth2,hard,gauss,3001,2,46,0.1254996672139127,0.3782721093183853,0.08739473060207623,0.7853788101709135,0.05488829502273314,0.05488829502273314,loss,loss|alpha=0.8,0.11659517988734046,0.30032258583897986,0.08889864343203004,0.3373954574660429,0.4732996695827568
synth2,hard,gauss,3001,2,46,0.1254996672139127,0.3782721093183853,0.08739473060207623,0.7853788101709135,0.05488829502273314,0.05488829502273314,loss,loss|alpha=1.0,0.1283203039624555,0.2992137221880626,0.10255846531164478,0.34154504071330327,0.36512459451082935
synth2,hard,gauss,3001,2,46,0.1254996672139127,0.3782721093183853,0.08739473060207623,0.7853788101709135,0.05488829502273314,0.05488829502273314,smoothed_loss,smoothed_loss|alpha=0.2,0.1043137816901326,0.2969741100440305,0.07527062517188102,0.2970685183611719,0.9619647663271674
synth2,hard,gauss,3001,2,46,0.1254996672139127,0.3782721093183853,0.08739473060207623,0.7853788101709135,0.05488829502273314,0.05488829502273314,smoothed_loss,smoothed_loss|alpha=0.5,0.11249858193895423,0.2792239883666869,0.0873650626730935,0.283918699320088,0.8018478058358425
synth2,hard,gauss,3001,2,46,0.1254996672139127,0.3782721093183853,0.08739473060207623,0.7853788101709135,0.05488829502273314,0.05488829502273314,smoothed_loss,smoothed_loss|alpha=0.8,0.11371414063498071,0.262458330680445,0.09129125352801197,0.28043736772293343,0.6125102239201434
synth2,hard,gauss,3001,2,46,0.1254996672139127,0.3782721093183853,0.08739473060207623,0.7853788101709135,0.05488829502273314,0.05488829502273314,smoothed_loss,smoothed_loss|alpha=1.0,0.11359990266496436,0.2803014508715488,0.08846997997789584,0.3101038895474068,0.5028972344812207
synth2,hard,gauss,3001,2,46,0.1254996672139127,0.3782721093183853,0.08739473060207623,0.7853788101709135,0.05488829502273314,0.05488829502273314,jtt,"jtt|q=0.1,lam=2",0.10520796767137909,0.2845707842271592,0.07816938427804516,0.2859307166371739,0.9307692307692305
synth2,hard,gauss,3001,2,46,0.1254996672139127,0.3782721093183853,0.08739473060207623,0.7853788101709135,0.05488829502273314,0.05488829502273314,jtt,"jtt|q=0.1,lam=5",0.10990670662709118,0.24410503645935394,0.08967657865467873,0.26638419830663024,0.5764705882352938
synth2,hard,gauss,3001,2,46,0.1254996672139127,0.3782721093183853,0.08739473060207623,0.7853788101709135,0.05488829502273314,0.05488829502273314,jtt,"jtt|q=0.1,lam=10",0.12003609657949034,0.2370185947976604,0.10240122055350612,0.27545521982872784,0.3311926605504588
synth2,hard,gauss,3001,2,46,0.1254996672139127,0.3782721093183853,0.08739473060207623,0.7853788101709135,0.05488829502273314,0.05488829502273314,jtt,"jtt|q=0.1,lam=20",0.14046053535788636,0.25938819347763037,0.12253243039392038,0.34376098916530423,0.20562347188264055
synth2,hard,gauss,3001,2,46,0.1254996672139127,0.3782721093183853,0.08739473060207623,0.7853788101709135,0.05488829502273314,0.05488829502273314,jtt,"jtt|q=0.2,lam=2",0.1028403195128347,0.2820792708721651,0.0758204085484247,0.2810422917497198,0.9
synth2,hard,gauss,3001,2,46,0.1254996672139127,0.3782721093183853,0.08739473060207623,0.7853788101709135,0.05488829502273314,0.05488829502273314,jtt,"jtt|q=0.2,lam=5",0.10686602976151069,0.26761512164996404,0.08263342787729043,0.27750792872308855,0.5586206896551724
synth2,hard,gauss,3001,2,46,0.1254996672139127,0.3782721093183853,0.08739473060207623,0.7853788101709135,0.05488829502273314,0.05488829502273314,jtt,"jtt|q=0.2,lam=10",0.12440132835888766,0.2631651005017195,0.10348296915208563,0.2714191557350518,0.3769230769230771
synth2,hard,gauss,3001,2,46,0.1254996672139127,0.3782721093183853,0.08739473060207623,0.7853788101709135,0.05488829502273314,0.05488829502273314,jtt,"jtt|q=0.2,lam=20",0.13330710409546181,0.25350829641951134,0.11518701641485136,0.267898066807883,0.2851485148514851
synth2,hard,gauss,3001,2,46,0.1254996672139127,0.3782721093183853,0.08739473060207623,0.7853788101709135,0.05488829502273314,0.05488829502273314,density,density|alpha=0.2,0.0974342365530126,0.3065244193779208,0.06591431255984463,0.2975963155493895,0.9978563248159122
synth2,hard,gauss,3001,2,46,0.1254996672139127,0.3782721093183853,0.08739473060207623,0.7853788101709135,0.05488829502273314,0.05488829502273314,density,density|alpha=0.5,0.09663121254302173,0.30800362024027356,0.06476724774631287,0.29901292517311373,0.9867511367115585
synth2,hard,gauss,3001,2,46,0.1254996672139127,0.3782721093183853,0.08739473060207623,0.7853788101709135,0.05488829502273314,0.05488829502273314,density,density|alpha=0.8,0.09660027908368926,0.3018300590502125,0.06566230304730887,0.2976429508421223,0.9667697209238364
synth2,hard,gauss,3001,2,46,0.1254996672139127,0.3782721093183853,0.08739473060207623,0.7853788101709135,0.05488829502273314,0.05488829502273314,density,density|alpha=1.0,0.09796951860183531,0.31097655186616796,0.06585913729271264,0.3006148237198104,0.9490304140736544
synth2,hard,gauss,3000,2,48,0.16462562686259305,0.38700307916541504,0.13386995189982373,0.7826599142025586,0.0740997924191901,0.08608794801093224,uniform,uniform,0.11029055944402899,0.335156971118226,0.07919065162568527,0.3065740304390996,1.0
synth2,hard,gauss,3000,2,48,0.16462562686259305,0.38700307916541504,0.13386995189982373,0.7826599142025586,0.0740997924191901,0.08608794801093224,weakspot,"weakspot|alpha=0.2,q=0.03",0.11887953270403474,0.32139623997673006,0.09087067677502796,0.2984082039463789,0.6926782510804862
synth2,hard,gauss,3000,2,48,0.16462562686259305,0.38700307916541504,0.13386995189982373,0.7826599142025586,0.0740997924191901,0.08608794801093224,weakspot,"weakspot|alpha=0.2,q=0.1",0.11853182167590381,0.3244310795541182,0.090055145714375,0.30425947091579714,0.9033036491644353
synth2,hard,gauss,3000,2,48,0.16462562686259305,0.38700307916541504,0.13386995189982373,0.7826599142025586,0.0740997924191901,0.08608794801093224,weakspot,"weakspot|alpha=0.2,q=0.3",0.1116056569158839,0.33127013648799475,0.08122519673601884,0.30634258103833867,0.9808283737178713
synth2,hard,gauss,3000,2,48,0.16462562686259305,0.38700307916541504,0.13386995189982373,0.7826599142025586,0.0740997924191901,0.08608794801093224,weakspot,"weakspot|alpha=0.5,q=0.03",0.11921285072378399,0.29509377434655565,0.09488782827624072,0.26957714071343886,0.26504471804701846
synth2,hard,gauss,3000,2,48,0.16462562686259305,0.38700307916541504,0.13386995189982373,0.7826599142025586,0.0740997924191901,0.08608794801093224,weakspot,"weakspot|alpha=0.5,q=0.1",0.10845593727707804,0.30363837447547465,0.08146143970211484,0.2812719720919936,0.5991444625943413
synth2,hard,gauss,3000,2,48,0.16462562686259305,0.38700307916541504,0.13386995189982373,0.7826599142025586,0.0740997924191901,0.08608794801093224,weakspot,"weakspot|alpha=0.5,q=0.3",0.11164491614674725,0.31766515658630107,0.08315150782186873,0.28752223399611565,0.8911347374158812
synth2,hard,gauss,3000,2,48,0.16462562686259305,0.38700307916541504,0.13386995189982373,0.7826599142025586,0.0740997924191901,0.08608794801093224,weakspot,"weakspot|alpha=0.8,q=0.03",0.17036084944191407,0.29648144276290234,0.15291787609131635,0.26579105444172924,0.12347588360364928
synth2,hard,gauss,3000,2,48,0.16462562686259305,0.38700307916541504,0.13386995189982373,0.7826599142025586,0.0740997924191901,0.08608794801093224,weakspot,"weakspot|alpha=0.8,q=0.1",0.13713108701960658,0.29514993969877557,0.11527645913056958,0.2686584733998394,0.3686283725556578
synth2,hard,gauss,3000,2,48,0.16462562686259305,0.38700307916541504,0.13386995189982373,0.7826599142025586,0.0740997924191901,0.08608794801093224,weakspot,"weakspot|alpha=0.8,q=0.3",0.11271623373293857,0.3173184438635887,0.0844189445685971,0.29699298941005203,0.7617644293889219
synth2,hard,gauss,3000,2,48,0.16462562686259305,0.38700307916541504,0.13386995189982373,0.7826599142025586,0.0740997924191901,0.08608794801093224,weakspot,"weakspot|alpha=1.0,q=0.03",1.4033580492241395,0.2216754011301506,1.5667894000988347,0.22771318731631404,0.08270072158854534
synth2,hard,gauss,3000,2,48,0.16462562686259305,0.38700307916541504,0.13386995189982373,0.7826599142025586,0.0740997924191901,0.08608794801093224,weakspot,"weakspot|alpha=1.0,q=0.1",0.18783161776143714,0.27627061329698605,0.17560015736579776,0.2598454526905599,0.27202104093972324
synth2,hard,gauss,3000,2,48,0.16462562686259305,0.38700307916541504,0.13386995189982373,0.7826599142025586,0.0740997924191901,0.08608794801093224,weakspot,"weakspot|alpha=1.0,q=0.3",0.10935408616117202,0.31222918316095033,0.08129566352545996,0.28863448006663384,0.6717454899549513
synth2,hard,gauss,3000,2,48,0.16462562686259305,0.38700307916541504,0.13386995189982373,0.7826599142025586,0.0740997924191901,0.08608794801093224,weakspot_emb,"weakspot_emb|alpha=0.2,q=0.03",0.11734868835349238,0.3274600291570477,0.08828946478191357,0.29320864037926236,0.7257395269165152
synth2,hard,gauss,3000,2,48,0.16462562686259305,0.38700307916541504,0.13386995189982373,0.7826599142025586,0.0740997924191901,0.08608794801093224,weakspot_emb,"weakspot_emb|alpha=0.2,q=0.1",0.11289450113448261,0.3236386404387229,0.08374775904516536,0.2963411556105158,0.9048418030774237
synth2,hard,gauss,3000,2,48,0.16462562686259305,0.38700307916541504,0.13386995189982373,0.7826599142025586,0.0740997924191901,0.08608794801093224,weakspot_emb,"weakspot_emb|alpha=0.2,q=0.3",0.11076231053406956,0.3321258709933326,0.08014686079496831,0.30476189014651944,0.9929830080428492
synth2,hard,gauss,3000,2,48,0.16462562686259305,0.38700307916541504,0.13386995189982373,0.7826599142025586,0.0740997924191901,0.08608794801093224,weakspot_emb,"weakspot_emb|alpha=0.5,q=0.03",0.11781337815363739,0.3105933328357333,0.09115115334558428,0.2616492747030723,0.2974503868625809
synth2,hard,gauss,3000,2,48,0.16462562686259305,0.38700307916541504,0.13386995189982373,0.7826599142025586,0.0740997924191901,0.08608794801093224,weakspot_emb,"weakspot_emb|alpha=0.5,q=0.1",0.11013393957239802,0.31218802869081985,0.08218906555089744,0.2806161364901963,0.603396605021441
synth2,hard,gauss,3000,2,48,0.16462562686259305,0.38700307916541504,0.13386995189982373,0.7826599142025586,0.0740997924191901,0.08608794801093224,weakspot_emb,"weakspot_emb|alpha=0.5,q=0.3",0.11145549364942531,0.3295483509687772,0.08129239499911085,0.30138108209648656,0.957702024187238
synth2,hard,gauss,3000,2,48,0.16462562686259305,0.38700307916541504,0.13386995189982373,0.7826599142025586,0.0740997924191901,0.08608794801093224,weakspot_emb,"weakspot_emb|alpha=0.8,q=0.03",0.1443855128111541,0.31465770484477923,0.12083619996871192,0.24602348251800626,0.1419148829372308
synth2,hard,gauss,3000,2,48,0.16462562686259305,0.38700307916541504,0.13386995189982373,0.7826599142025586,0.0740997924191901,0.08608794801093224,weakspot_emb,"weakspot_emb|alpha=0.8,q=0.1",0.12913146202442113,0.3033075763098313,0.10504222140327447,0.26879049420594364,0.3727658749952321
synth2,hard,gauss,3000,2,48,0.16462562686259305,0.38700307916541504,0.13386995189982373,0.7826599142025586,0.0740997924191901,0.08608794801093224,weakspot_emb,"weakspot_emb|alpha=0.8,q=0.3",0.1121745494722432,0.3209863738053136,0.0832950541319267,0.29111492084061397,0.898419927012943
synth2,hard,gauss,3000,2,48,0.16462562686259305,0.38700307916541504,0.13386995189982373,0.7826599142025586,0.0740997924191901,0.08608794801093224,weakspot_emb,"weakspot_emb|alpha=1.0,q=0.03",0.6265327499523136,0.27561764452147697,0.6750656871291453,0.22140626967956553,0.09571557220050544
synth2,hard,gauss,3000,2,48,0.16462562686259305,0.38700307916541504,0.13386995189982373,0.7826599142025586,0.0740997924191901,0.08608794801093224,weakspot_emb,"weakspot_emb|alpha=1.0,q=0.1",0.13844999733370034,0.2922146137027679,0.1171837470333683,0.26322260447091983,0.27554744661084185
synth2,hard,gauss,3000,2,48,0.16462562686259305,0.38700307916541504,0.13386995189982373,0.7826599142025586,0.0740997924191901,0.08608794801093224,weakspot_emb,"weakspot_emb|alpha=1.0,q=0.3",0.11609858970361779,0.31841806572305503,0.08811701163149298,0.28944331268212564,0.8498599565305465
synth2,hard,gauss,3000,2,48,0.16462562686259305,0.38700307916541504,0.13386995189982373,0.7826599142025586,0.0740997924191901,0.08608794801093224,loss,loss|alpha=0.2,0.11383704644181951,0.3253083515624608,0.08458973446440583,0.31306331648734775,0.9531510528619456
synth2,hard,gauss,3000,2,48,0.16462562686259305,0.38700307916541504,0.13386995189982373,0.7826599142025586,0.0740997924191901,0.08608794801093224,loss,loss|alpha=0.5,0.1149203491851158,0.31660379466247285,0.08702673663474711,0.31741143852827564,0.7649951594786991
synth2,hard,gauss,3000,2,48,0.16462562686259305,0.38700307916541504,0.13386995189982373,0.7826599142025586,0.0740997924191901,0.08608794801093224,loss,loss|alpha=0.8,0.11451068594802105,0.3032243066229123,0.08841085110226204,0.3208721753695795,0.5597767689777227
synth2,hard,gauss,3000,2,48,0.16462562686259305,0.38700307916541504,0.13386995189982373,0.7826599142025586,0.0740997924191901,0.08608794801093224,loss,loss|alpha=1.0,0.11996561741922099,0.308523493033971,0.09388732272691348,0.31946867500428583,0.44867369151613873
synth2,hard,gauss,3000,2,48,0.16462562686259305,0.38700307916541504,0.13386995189982373,0.7826599142025586,0.0740997924191901,0.08608794801093224,smoothed_loss,smoothed_loss|alpha=0.2,0.11238172797934476,0.33107488346063985,0.08213560573577348,0.3116674750901268,0.9727024944852813
synth2,hard,gauss,3000,2,48,0.16462562686259305,0.38700307916541504,0.13386995189982373,0.7826599142025586,0.0740997924191901,0.08608794801093224,smoothed_loss,smoothed_loss|alpha=0.5,0.11648039723657254,0.32169577520241727,0.08809830455262248,0.312323660993719,0.8507761452695292
synth2,hard,gauss,3000,2,48,0.16462562686259305,0.38700307916541504,0.13386995189982373,0.7826599142025586,0.0740997924191901,0.08608794801093224,smoothed_loss,smoothed_loss|alpha=0.8,0.11599752268146211,0.3097703978871912,0.08919797306564414,0.31381060014685785,0.6901229634685357
synth2,hard,gauss,3000,2,48,0.16462562686259305,0.38700307916541504,0.13386995189982373,0.7826599142025586,0.0740997924191901,0.08608794801093224,smoothed_loss,smoothed_loss|alpha=1.0,0.1173177468911973,0.3080089223136917,0.09094440845769351,0.3161971683831042,0.5876858856067431
synth2,hard,gauss,3000,2,48,0.16462562686259305,0.38700307916541504,0.13386995189982373,0.7826599142025586,0.0740997924191901,0.08608794801093224,jtt,"jtt|q=0.1,lam=2",0.11326989119374818,0.32191615440122584,0.08441329360728429,0.30559580915010964,0.9307692307692305
synth2,hard,gauss,3000,2,48,0.16462562686259305,0.38700307916541504,0.13386995189982373,0.7826599142025586,0.0740997924191901,0.08608794801093224,jtt,"jtt|q=0.1,lam=5",0.11483868954797635,0.3035165720570286,0.08874379743090195,0.3065269222934573,0.5764705882352938
synth2,hard,gauss,3000,2,48,0.16462562686259305,0.38700307916541504,0.13386995189982373,0.7826599142025586,0.0740997924191901,0.08608794801093224,jtt,"jtt|q=0.1,lam=10",0.12854112249043448,0.30477404815821263,0.10416741677770253,0.3256056071371265,0.3311926605504588
synth2,hard,gauss,3000,2,48,0.16462562686259305,0.38700307916541504,0.13386995189982373,0.7826599142025586,0.0740997924191901,0.08608794801093224,jtt,"jtt|q=0.1,lam=20",0.14941824583274108,0.308563586392568,0.1274078202459238,0.3507410451067104,0.20562347188264063
synth2,hard,gauss,3000,2,48,0.16462562686259305,0.38700307916541504,0.13386995189982373,0.7826599142025586,0.0740997924191901,0.08608794801093224,jtt,"jtt|q=0.2,lam=2",0.11231867293871617,0.32238759492168445,0.08326531605660957,0.3026117227173055,0.9000000000000001
synth2,hard,gauss,3000,2,48,0.16462562686259305,0.38700307916541504,0.13386995189982373,0.7826599142025586,0.0740997924191901,0.08608794801093224,jtt,"jtt|q=0.2,lam=5",0.1170319261381795,0.29861655430039863,0.09191805895353565,0.29625798131690095,0.5586206896551724
synth2,hard,gauss,3000,2,48,0.16462562686259305,0.38700307916541504,0.13386995189982373,0.7826599142025586,0.0740997924191901,0.08608794801093224,jtt,"jtt|q=0.2,lam=10",0.12284150655553885,0.29487387585493385,0.09904875428476312,0.300844363963707,0.3769230769230769
synth2,hard,gauss,3000,2,48,0.16462562686259305,0.38700307916541504,0.13386995189982373,0.7826599142025586,0.0740997924191901,0.08608794801093224,jtt,"jtt|q=0.2,lam=20",0.13948229928341782,0.2981990309714451,0.11753115198678116,0.3076791966980379,0.2851485148514852
synth2,hard,gauss,3000,2,48,0.16462562686259305,0.38700307916541504,0.13386995189982373,0.7826599142025586,0.0740997924191901,0.08608794801093224,density,density|alpha=0.2,0.11007424311332113,0.33253446016883514,0.079307121460225,0.3032866824196747,0.9973281611389042
synth2,hard,gauss,3000,2,48,0.16462562686259305,0.38700307916541504,0.13386995189982373,0.7826599142025586,0.0740997924191901,0.08608794801093224,density,density|alpha=0.5,0.10927767727124095,0.3296922934598598,0.07879347025141492,0.2980127375986308,0.9835320062035484
synth2,hard,gauss,3000,2,48,0.16462562686259305,0.38700307916541504,0.13386995189982373,0.7826599142025586,0.0740997924191901,0.08608794801093224,density,density|alpha=0.8,0.10912161335482969,0.3303027438465503,0.07853139439666912,0.29978813426793216,0.9588978529297236
synth2,hard,gauss,3000,2,48,0.16462562686259305,0.38700307916541504,0.13386995189982373,0.7826599142025586,0.0740997924191901,0.08608794801093224,density,density|alpha=1.0,0.10835732002677032,0.32976200158393915,0.07773618307834002,0.2989450343023971,0.9372291544972078
