dataset,region,noise,seed,init_mae,init_in,init_out,arm,mae,err_in,err_out,n_in_region
diamonds,sparse_init,clean,7000,0.20693088243787042,0.1902942342432028,0.20878967414833635,uniform,0.2028489696841647,0.20224676434058947,0.20291625332733235,16
diamonds,sparse_init,clean,7000,0.20693088243787042,0.1902942342432028,0.20878967414833635,hyb_ws,0.1994427616456008,0.1924650299637897,0.20022237480182317,18
diamonds,sparse_init,clean,7000,0.20693088243787042,0.1902942342432028,0.20878967414833635,hyb_randreg,0.20204740739859403,0.19200537039532978,0.2031693915218048,36
diamonds,sparse_init,clean,7000,0.20693088243787042,0.1902942342432028,0.20878967414833635,kc_half,0.2013466606327322,0.1893922981170749,0.20268230647244714,21
diamonds,sparse_init,clean,7000,0.20693088243787042,0.1902942342432028,0.20878967414833635,kc_land,0.2010280652465563,0.1911414588508899,0.20213268330410436,23
diamonds,sparse_init,clean,7000,0.20693088243787042,0.1902942342432028,0.20878967414833635,kc_land_perm,0.20166361125932844,0.196906408226928,0.2021951275514421,22
diamonds,sparse_init,clean,7001,0.20384959071968944,0.1909187926504735,0.2053223549665035,uniform,0.19997371326662397,0.18559820154304585,0.20161102440417436,22
diamonds,sparse_init,clean,7001,0.20384959071968944,0.1909187926504735,0.2053223549665035,hyb_ws,0.19945161941533035,0.1831017050250673,0.2013138068243021,24
diamonds,sparse_init,clean,7001,0.20384959071968944,0.1909187926504735,0.2053223549665035,hyb_randreg,0.20016939836608888,0.19004245478558293,0.20132281522056586,29
diamonds,sparse_init,clean,7001,0.20384959071968944,0.1909187926504735,0.2053223549665035,kc_half,0.19944583741166286,0.18027424466550135,0.20162940227748855,28
diamonds,sparse_init,clean,7001,0.20384959071968944,0.1909187926504735,0.2053223549665035,kc_land,0.19758702315405635,0.18249846981772688,0.1993055467727026,30
diamonds,sparse_init,clean,7001,0.20384959071968944,0.1909187926504735,0.2053223549665035,kc_land_perm,0.19713268320798372,0.18670355831639696,0.19832051725996339,35
diamonds,sparse_init,clean,7002,0.20724246715004097,0.20261769151827702,0.20773642492366048,uniform,0.197998599654507,0.20108409029909896,0.19766904808040278,9
diamonds,sparse_init,clean,7002,0.20724246715004097,0.20261769151827702,0.20773642492366048,hyb_ws,0.19613376268137278,0.19480946508631206,0.1962752067521236,17
diamonds,sparse_init,clean,7002,0.20724246715004097,0.20261769151827702,0.20773642492366048,hyb_randreg,0.19867744105786,0.20436420111756476,0.19807005605978414,15
diamonds,sparse_init,clean,7002,0.20724246715004097,0.20261769151827702,0.20773642492366048,kc_half,0.1966743312479434,0.20207914313369268,0.1960970602496315,10
diamonds,sparse_init,clean,7002,0.20724246715004097,0.20261769151827702,0.20773642492366048,kc_land,0.19588578375174492,0.19893472255669942,0.1955601361649402,6
diamonds,sparse_init,clean,7002,0.20724246715004097,0.20261769151827702,0.20773642492366048,kc_land_perm,0.1965543537471819,0.19679076810824445,0.1965291030710972,7
diamonds,sparse_init,clean,7003,0.2015641391659242,0.1939206354064294,0.20241813819630686,uniform,0.19919752342089692,0.19341911819176433,0.19984313734588618,9
diamonds,sparse_init,clean,7003,0.2015641391659242,0.1939206354064294,0.20241813819630686,hyb_ws,0.20012068917055778,0.1962758433771339,0.20055026893958403,12
diamonds,sparse_init,clean,7003,0.2015641391659242,0.1939206354064294,0.20241813819630686,hyb_randreg,0.1973773744927641,0.19112520867400323,0.19807592109063568,2
diamonds,sparse_init,clean,7003,0.2015641391659242,0.1939206354064294,0.20241813819630686,kc_half,0.20024895067950588,0.2055344267532395,0.19965841110706536,12
diamonds,sparse_init,clean,7003,0.2015641391659242,0.1939206354064294,0.20241813819630686,kc_land,0.19808557799145562,0.1968418564365219,0.19822453743144544,7
diamonds,sparse_init,clean,7003,0.2015641391659242,0.1939206354064294,0.20241813819630686,kc_land_perm,0.2007200812656715,0.19881734181812216,0.20093267194324652,6
diamonds,sparse_init,clean,7004,0.2189856264289845,0.19427267359096267,0.22164028470726593,uniform,0.20202166146916256,0.1911018030445654,0.20319466951698748,19
diamonds,sparse_init,clean,7004,0.2189856264289845,0.19427267359096267,0.22164028470726593,hyb_ws,0.2053528660139212,0.20083585210714364,0.20583808234720738,21
diamonds,sparse_init,clean,7004,0.2189856264289845,0.19427267359096267,0.22164028470726593,hyb_randreg,0.20470949840567992,0.1927526784183232,0.20599389656600509,45
diamonds,sparse_init,clean,7004,0.2189856264289845,0.19427267359096267,0.22164028470726593,kc_half,0.20084270688734265,0.18922337096207797,0.20209085260688933,22
diamonds,sparse_init,clean,7004,0.2189856264289845,0.19427267359096267,0.22164028470726593,kc_land,0.2009261361937086,0.18903214365714713,0.20220378544735915,18
diamonds,sparse_init,clean,7004,0.2189856264289845,0.19427267359096267,0.22164028470726593,kc_land_perm,0.2039596515512831,0.1886399448071566,0.2056052900387474,26
diamonds,sparse_init,clean,7005,0.21102589749930034,0.22266249296356305,0.2096788439099924,uniform,0.20938482363789013,0.22301940835366788,0.2078064825898991,17
diamonds,sparse_init,clean,7005,0.21102589749930034,0.22266249296356305,0.2096788439099924,hyb_ws,0.21048865446161275,0.22565959875760158,0.20873246425719563,18
diamonds,sparse_init,clean,7005,0.21102589749930034,0.22266249296356305,0.2096788439099924,hyb_randreg,0.20946767314776282,0.22607531320237656,0.20754517088202645,8
diamonds,sparse_init,clean,7005,0.21102589749930034,0.22266249296356305,0.2096788439099924,kc_half,0.20972995723147225,0.22415504280763496,0.20806010771568215,14
diamonds,sparse_init,clean,7005,0.21102589749930034,0.22266249296356305,0.2096788439099924,kc_land,0.20861680460911627,0.22946873201945972,0.20620298316552005,16
diamonds,sparse_init,clean,7005,0.21102589749930034,0.22266249296356305,0.2096788439099924,kc_land_perm,0.20825226987209566,0.22090816253237658,0.20678722232564753,14
diamonds,sparse_init,clean,7006,0.2143247822637539,0.21478678526501438,0.2142748705821773,uniform,0.20598029103795085,0.21248378473957988,0.2052776975355588,10
diamonds,sparse_init,clean,7006,0.2143247822637539,0.21478678526501438,0.2142748705821773,hyb_ws,0.20298158074988432,0.2139145889943069,0.2018004524353899,15
diamonds,sparse_init,clean,7006,0.2143247822637539,0.21478678526501438,0.2142748705821773,hyb_randreg,0.2062346459853832,0.22148050156344287,0.20458758679550973,2
diamonds,sparse_init,clean,7006,0.2143247822637539,0.21478678526501438,0.2142748705821773,kc_half,0.2049888692099749,0.22230222459215598,0.20311845131550102,16
diamonds,sparse_init,clean,7006,0.2143247822637539,0.21478678526501438,0.2142748705821773,kc_land,0.20473431644729984,0.227896860218891,0.20223199177391465,6
diamonds,sparse_init,clean,7006,0.2143247822637539,0.21478678526501438,0.2142748705821773,kc_land_perm,0.20654124357434214,0.2247194123567477,0.20457739708538422,8
diamonds,sparse_init,clean,7007,0.20547204667576255,0.19672568730175044,0.20644656462768776,uniform,0.20147976930368702,0.18753049601501193,0.20303399508550382,9
diamonds,sparse_init,clean,7007,0.20547204667576255,0.19672568730175044,0.20644656462768776,hyb_ws,0.1996325142986177,0.19121207199385534,0.20057071862321058,12
diamonds,sparse_init,clean,7007,0.20547204667576255,0.19672568730175044,0.20644656462768776,hyb_randreg,0.20307437090428795,0.2015958478231794,0.20323910770771236,35
diamonds,sparse_init,clean,7007,0.20547204667576255,0.19672568730175044,0.20644656462768776,kc_half,0.20316510161763038,0.20545686626325443,0.20290975357014626,18
diamonds,sparse_init,clean,7007,0.20547204667576255,0.19672568730175044,0.20644656462768776,kc_land,0.20169669847245839,0.19160603179343966,0.20282099892766445,11
diamonds,sparse_init,clean,7007,0.20547204667576255,0.19672568730175044,0.20644656462768776,kc_land_perm,0.19949222809250933,0.19169957638245458,0.20036048409021198,7
diamonds,sparse_init,clean,7008,0.19565404999185332,0.20122607244088403,0.19502114766468054,uniform,0.19583480140974985,0.1964648419106347,0.19576323778938212,14
diamonds,sparse_init,clean,7008,0.19565404999185332,0.20122607244088403,0.19502114766468054,hyb_ws,0.19299859422064458,0.19345171269309383,0.1929471264208786,13
diamonds,sparse_init,clean,7008,0.19565404999185332,0.20122607244088403,0.19502114766468054,hyb_randreg,0.1933502472506221,0.19443108790968097,0.19322747915794505,1
diamonds,sparse_init,clean,7008,0.19565404999185332,0.20122607244088403,0.19502114766468054,kc_half,0.1942855610332228,0.194470958792126,0.19426450249045205,14
diamonds,sparse_init,clean,7008,0.19565404999185332,0.20122607244088403,0.19502114766468054,kc_land,0.1935706562648576,0.19344396473087072,0.1935850466172703,12
diamonds,sparse_init,clean,7008,0.19565404999185332,0.20122607244088403,0.19502114766468054,kc_land_perm,0.19438945856647663,0.19749157574842507,0.19403710227186777,5
diamonds,sparse_init,clean,7009,0.20097901031444115,0.16606355046592128,0.2046335143969015,uniform,0.20060670825689925,0.15773752107967726,0.2050937068595414,14
diamonds,sparse_init,clean,7009,0.20097901031444115,0.16606355046592128,0.2046335143969015,hyb_ws,0.2004019334770568,0.15976305394827595,0.20465549198062152,10
diamonds,sparse_init,clean,7009,0.20097901031444115,0.16606355046592128,0.2046335143969015,hyb_randreg,0.20190353249924095,0.1553559193229992,0.2067755417214988,35
diamonds,sparse_init,clean,7009,0.20097901031444115,0.16606355046592128,0.2046335143969015,kc_half,0.20220556774329992,0.16464413727260013,0.2061370182123403,20
diamonds,sparse_init,clean,7009,0.20097901031444115,0.16606355046592128,0.2046335143969015,kc_land,0.19839230782952563,0.15864836107398278,0.20255219620852333,9
diamonds,sparse_init,clean,7009,0.20097901031444115,0.16606355046592128,0.2046335143969015,kc_land_perm,0.20114499163488817,0.1566837039628426,0.20579863096869241,16
diamonds,sparse_init,outlier,7000,0.21247352657246535,0.19814503225967148,0.214074431162166,uniform,0.21277070889514704,0.20191695711039356,0.21398338488666202,19
diamonds,sparse_init,outlier,7000,0.21247352657246535,0.19814503225967148,0.214074431162166,hyb_ws,0.21468943205090554,0.205155163927341,0.21575468379789636,18
diamonds,sparse_init,outlier,7000,0.21247352657246535,0.19814503225967148,0.214074431162166,hyb_randreg,0.22597745099337072,0.23183904560596355,0.2253225424235368,34
diamonds,sparse_init,outlier,7000,0.21247352657246535,0.19814503225967148,0.214074431162166,kc_half,0.21805596910572816,0.22077208453545544,0.2177525009559921,17
diamonds,sparse_init,outlier,7000,0.21247352657246535,0.19814503225967148,0.214074431162166,kc_land,0.21540520382674838,0.22212289499240542,0.21465464466927364,16
diamonds,sparse_init,outlier,7000,0.21247352657246535,0.19814503225967148,0.214074431162166,kc_land_perm,0.21277936299230935,0.20879361630637794,0.213224685440265,19
diamonds,sparse_init,outlier,7001,0.22634293644183648,0.2358026886283376,0.2252655099187847,uniform,0.2150700373659302,0.18071954073896154,0.2189824164025301,21
diamonds,sparse_init,outlier,7001,0.22634293644183648,0.2358026886283376,0.2252655099187847,hyb_ws,0.21421422497106551,0.19905525475178726,0.21594076878050159,23
diamonds,sparse_init,outlier,7001,0.22634293644183648,0.2358026886283376,0.2252655099187847,hyb_randreg,0.21937993271819692,0.20394935694551464,0.22113741127320308,14
diamonds,sparse_init,outlier,7001,0.22634293644183648,0.2358026886283376,0.2252655099187847,kc_half,0.21394429237939794,0.19072090103690914,0.21658934029337124,19
diamonds,sparse_init,outlier,7001,0.22634293644183648,0.2358026886283376,0.2252655099187847,kc_land,0.21707840685888796,0.2060158120879381,0.2183383905016946,25
diamonds,sparse_init,outlier,7001,0.22634293644183648,0.2358026886283376,0.2252655099187847,kc_land_perm,0.21803915207491292,0.19524622209162656,0.22063517222616996,25
diamonds,sparse_init,outlier,7002,0.20566489081012995,0.19657804934832399,0.2066354278339974,uniform,0.22040244284883115,0.2074989251681184,0.22178062708368312,9
diamonds,sparse_init,outlier,7002,0.20566489081012995,0.19657804934832399,0.2066354278339974,hyb_ws,0.21174283130637814,0.20732246284990632,0.21221495699099305,13
diamonds,sparse_init,outlier,7002,0.20566489081012995,0.19657804934832399,0.2066354278339974,hyb_randreg,0.22442846957059698,0.20325468874683295,0.22668997466134763,32
diamonds,sparse_init,outlier,7002,0.20566489081012995,0.19657804934832399,0.2066354278339974,kc_half,0.23154225552716917,0.23109436551293588,0.23159009325420127,21
diamonds,sparse_init,outlier,7002,0.20566489081012995,0.19657804934832399,0.2066354278339974,kc_land,0.21050544237564423,0.21162790270104606,0.2103855559103412,11
diamonds,sparse_init,outlier,7002,0.20566489081012995,0.19657804934832399,0.2066354278339974,kc_land_perm,0.21532944888838326,0.20354979494235845,0.21658759676419007,10
diamonds,sparse_init,outlier,7003,0.19972372276726388,0.19938478002625687,0.19976159241203456,uniform,0.20486244742010787,0.18951324765398977,0.20657739414216997,11
diamonds,sparse_init,outlier,7003,0.19972372276726388,0.19938478002625687,0.19976159241203456,hyb_ws,0.19967345515762253,0.19114933123558214,0.20062584476758924,9
diamonds,sparse_init,outlier,7003,0.19972372276726388,0.19938478002625687,0.19976159241203456,hyb_randreg,0.20770909450672384,0.1989903384183677,0.2086832301230438,1
diamonds,sparse_init,outlier,7003,0.19972372276726388,0.19938478002625687,0.19976159241203456,kc_half,0.20908459002566387,0.21042998016918607,0.20893427128255776,15
diamonds,sparse_init,outlier,7003,0.19972372276726388,0.19938478002625687,0.19976159241203456,kc_land,0.20102374254153357,0.18992150933013646,0.20226418104931057,7
diamonds,sparse_init,outlier,7003,0.19972372276726388,0.19938478002625687,0.19976159241203456,kc_land_perm,0.20029182932247444,0.19582376547031144,0.20079104045881951,9
diamonds,sparse_init,outlier,7004,0.20893696343105342,0.19866918814740508,0.21003992489563136,uniform,0.22468659201733435,0.19980206344032908,0.22735968091209574,23
diamonds,sparse_init,outlier,7004,0.20893696343105342,0.19866918814740508,0.21003992489563136,hyb_ws,0.22835183905577378,0.19572747472899524,0.23185633887825163,21
diamonds,sparse_init,outlier,7004,0.20893696343105342,0.19866918814740508,0.21003992489563136,hyb_randreg,0.23789844118988446,0.21195441228667886,0.2406853413046253,8
diamonds,sparse_init,outlier,7004,0.20893696343105342,0.19866918814740508,0.21003992489563136,kc_half,0.22616282451557282,0.19902749017648824,0.22907769431722425,21
diamonds,sparse_init,outlier,7004,0.20893696343105342,0.19866918814740508,0.21003992489563136,kc_land,0.22819291836834044,0.2255467079378766,0.22847717353085978,22
diamonds,sparse_init,outlier,7004,0.20893696343105342,0.19866918814740508,0.21003992489563136,kc_land_perm,0.23309957996811823,0.1989679027055325,0.23676599491216122,16
diamonds,sparse_init,outlier,7005,0.21090321431138603,0.21486635391382694,0.21044444082881614,uniform,0.2307823868358037,0.24740970339002127,0.22885760681627787,19
diamonds,sparse_init,outlier,7005,0.21090321431138603,0.21486635391382694,0.21044444082881614,hyb_ws,0.22153746536844113,0.22033943777320192,0.22167614917653716,18
diamonds,sparse_init,outlier,7005,0.21090321431138603,0.21486635391382694,0.21044444082881614,hyb_randreg,0.2200219876407838,0.21542237144537418,0.2205544397247712,29
diamonds,sparse_init,outlier,7005,0.21090321431138603,0.21486635391382694,0.21044444082881614,kc_half,0.22767309391530688,0.2139869297131908,0.22925740581039142,14
diamonds,sparse_init,outlier,7005,0.21090321431138603,0.21486635391382694,0.21044444082881614,kc_land,0.22612760665984713,0.22310858385374283,0.2264770890767323,14
diamonds,sparse_init,outlier,7005,0.21090321431138603,0.21486635391382694,0.21044444082881614,kc_land_perm,0.2258744185579493,0.24680552845039516,0.22345143094138997,3
diamonds,sparse_init,outlier,7006,0.22296111581781378,0.2766274213809438,0.21716337089548116,uniform,0.22897146924874937,0.362224498716233,0.2145757126026777,11
diamonds,sparse_init,outlier,7006,0.22296111581781378,0.2766274213809438,0.21716337089548116,hyb_ws,0.227346463651489,0.287595707382957,0.22083754258354643,26
diamonds,sparse_init,outlier,7006,0.22296111581781378,0.2766274213809438,0.21716337089548116,hyb_randreg,0.24189262138851933,0.4602318082714007,0.2183047313928618,3
diamonds,sparse_init,outlier,7006,0.22296111581781378,0.2766274213809438,0.21716337089548116,kc_half,0.22557615707635748,0.3138517250407514,0.21603946136829277,19
diamonds,sparse_init,outlier,7006,0.22296111581781378,0.2766274213809438,0.21716337089548116,kc_land,0.23109811605973582,0.37363166720859836,0.21569975457827972,13
diamonds,sparse_init,outlier,7006,0.22296111581781378,0.2766274213809438,0.21716337089548116,kc_land_perm,0.2284742589532138,0.3561463672986929,0.2146814273037022,9
diamonds,sparse_init,outlier,7007,0.21545788473455638,0.19987972026904155,0.2171936013087913,uniform,0.2237502535181293,0.19504219629141104,0.22694890062785814,14
diamonds,sparse_init,outlier,7007,0.21545788473455638,0.19987972026904155,0.2171936013087913,hyb_ws,0.221282594197445,0.2009297535415631,0.22355030442334348,6
diamonds,sparse_init,outlier,7007,0.21545788473455638,0.19987972026904155,0.2171936013087913,hyb_randreg,0.23443412711535425,0.2115851714375643,0.23697995407473013,17
diamonds,sparse_init,outlier,7007,0.21545788473455638,0.19987972026904155,0.2171936013087913,kc_half,0.2246281593926349,0.20071561241129277,0.22729249152364858,13
diamonds,sparse_init,outlier,7007,0.21545788473455638,0.19987972026904155,0.2171936013087913,kc_land,0.21489985255179891,0.1936698038484075,0.21726530115698364,6
diamonds,sparse_init,outlier,7007,0.21545788473455638,0.19987972026904155,0.2171936013087913,kc_land_perm,0.22183593683429964,0.19246281045714508,0.22510868584159027,11
diamonds,sparse_init,outlier,7008,0.21893956182879207,0.22361180760118507,0.21840886130676085,uniform,0.22503057144971217,0.24259263640117049,0.22303577119910106,17
diamonds,sparse_init,outlier,7008,0.21893956182879207,0.22361180760118507,0.21840886130676085,hyb_ws,0.22374340682208896,0.21839436452120728,0.22435098178276816,8
diamonds,sparse_init,outlier,7008,0.21893956182879207,0.22361180760118507,0.21840886130676085,hyb_randreg,0.22498519381010254,0.22061827685549848,0.2254812133305587,10
diamonds,sparse_init,outlier,7008,0.21893956182879207,0.22361180760118507,0.21840886130676085,kc_half,0.22745183047389125,0.2111635514065329,0.22930194680448207,16
diamonds,sparse_init,outlier,7008,0.21893956182879207,0.22361180760118507,0.21840886130676085,kc_land,0.22303233726561247,0.21938461562889838,0.2234466664492927,8
diamonds,sparse_init,outlier,7008,0.21893956182879207,0.22361180760118507,0.21840886130676085,kc_land_perm,0.23121125212325752,0.22346243490828913,0.23209140730803124,18
diamonds,sparse_init,outlier,7009,0.20190563820584162,0.1724204849626049,0.2049917671976082,uniform,0.21818910827961457,0.1757432338483177,0.22263179991437335,15
diamonds,sparse_init,outlier,7009,0.20190563820584162,0.1724204849626049,0.2049917671976082,hyb_ws,0.2172116229525116,0.1758951409862884,0.22153610421879125,14
diamonds,sparse_init,outlier,7009,0.20190563820584162,0.1724204849626049,0.2049917671976082,hyb_randreg,0.2148019614312385,0.1629531922036633,0.22022882791487586,20
diamonds,sparse_init,outlier,7009,0.20190563820584162,0.1724204849626049,0.2049917671976082,kc_half,0.21188973336589234,0.15863300005659967,0.21746396753441533,11
diamonds,sparse_init,outlier,7009,0.20190563820584162,0.1724204849626049,0.2049917671976082,kc_land,0.2084571631327874,0.1577092465489618,0.21376880643167442,9
diamonds,sparse_init,outlier,7009,0.20190563820584162,0.1724204849626049,0.2049917671976082,kc_land_perm,0.2093037161649846,0.15125789139361973,0.21537921121838072,20
diamonds,sparse_all,clean,7000,0.20086610787749518,0.18874865580611863,0.20221997550748222,uniform,0.1948483430725845,0.19139104446856808,0.19523462268314995,5
diamonds,sparse_all,clean,7000,0.20086610787749518,0.18874865580611863,0.20221997550748222,hyb_ws,0.1956715738406539,0.1881315856769884,0.19651400720413184,6
diamonds,sparse_all,clean,7000,0.20086610787749518,0.18874865580611863,0.20221997550748222,hyb_randreg,0.1953795125271516,0.18880536777564377,0.19611403342490205,6
diamonds,sparse_all,clean,7000,0.20086610787749518,0.18874865580611863,0.20221997550748222,kc_half,0.19451002000192796,0.18794703301296148,0.19524329425694867,3
diamonds,sparse_all,clean,7000,0.20086610787749518,0.18874865580611863,0.20221997550748222,kc_land,0.19509316774152047,0.18602394863001281,0.1961064601491986,5
diamonds,sparse_all,clean,7000,0.20086610787749518,0.18874865580611863,0.20221997550748222,kc_land_perm,0.19532477424783848,0.1922200429556706,0.19567166195752486,6
diamonds,sparse_all,clean,7001,0.19674854040157494,0.18051410246071375,0.19859757552210186,uniform,0.19542667996630284,0.17860050419296258,0.1973431115706738,8
diamonds,sparse_all,clean,7001,0.19674854040157494,0.18051410246071375,0.19859757552210186,hyb_ws,0.19073720005143116,0.17601770107155296,0.19241368991018087,8
diamonds,sparse_all,clean,7001,0.19674854040157494,0.18051410246071375,0.19859757552210186,hyb_randreg,0.19133806446826515,0.1776959050854664,0.1928918498170718,7
diamonds,sparse_all,clean,7001,0.19674854040157494,0.18051410246071375,0.19859757552210186,kc_half,0.19170269212219887,0.18301397400893438,0.19269230106353144,8
diamonds,sparse_all,clean,7001,0.19674854040157494,0.18051410246071375,0.19859757552210186,kc_land,0.19266043053516105,0.17648606449399912,0.1945026237155663,13
diamonds,sparse_all,clean,7001,0.19674854040157494,0.18051410246071375,0.19859757552210186,kc_land_perm,0.19211385133414036,0.17103211836672846,0.19451497324549413,9
diamonds,sparse_all,clean,7002,0.20667292063183976,0.20092129513696913,0.20728723370351107,uniform,0.20275579503800112,0.19640691097058413,0.20343389942372966,7
diamonds,sparse_all,clean,7002,0.20667292063183976,0.20092129513696913,0.20728723370351107,hyb_ws,0.20102208241291056,0.19821401553877419,0.20132200322459198,3
diamonds,sparse_all,clean,7002,0.20667292063183976,0.20092129513696913,0.20728723370351107,hyb_randreg,0.20267310442217756,0.19627771582702927,0.20335617581059132,11
diamonds,sparse_all,clean,7002,0.20667292063183976,0.20092129513696913,0.20728723370351107,kc_half,0.20174141874165893,0.1983055620294519,0.20210839181606735,4
diamonds,sparse_all,clean,7002,0.20667292063183976,0.20092129513696913,0.20728723370351107,kc_land,0.2004589566816043,0.19866112168473182,0.20065097779637814,6
diamonds,sparse_all,clean,7002,0.20667292063183976,0.20092129513696913,0.20728723370351107,kc_land_perm,0.2015816452223708,0.20081643432452514,0.2016633749972929,5
diamonds,sparse_all,clean,7003,0.20850620789047555,0.20121633872669273,0.20932069577369974,uniform,0.20390508255174758,0.20070203267865439,0.20426295527242117,3
diamonds,sparse_all,clean,7003,0.20850620789047555,0.20121633872669273,0.20932069577369974,hyb_ws,0.20413971682166368,0.20320409445295645,0.20424425272833968,2
diamonds,sparse_all,clean,7003,0.20850620789047555,0.20121633872669273,0.20932069577369974,hyb_randreg,0.20695347825443686,0.2053026537716805,0.20713792279086488,0
diamonds,sparse_all,clean,7003,0.20850620789047555,0.20121633872669273,0.20932069577369974,kc_half,0.20601462175877594,0.20319261596856408,0.20632992090487517,1
diamonds,sparse_all,clean,7003,0.20850620789047555,0.20121633872669273,0.20932069577369974,kc_land,0.20357968723463774,0.20234441423411054,0.20371770272830422,1
diamonds,sparse_all,clean,7003,0.20850620789047555,0.20121633872669273,0.20932069577369974,kc_land_perm,0.20689738113678754,0.20356079486738032,0.20727017371052348,4
diamonds,sparse_all,clean,7004,0.20007485723557875,0.19599602542729327,0.2005130041740103,uniform,0.19851663249078808,0.2134634805877048,0.1969110463718502,4
diamonds,sparse_all,clean,7004,0.20007485723557875,0.19599602542729327,0.2005130041740103,hyb_ws,0.19769896621497438,0.21430028838619225,0.19591565696734628,7
diamonds,sparse_all,clean,7004,0.20007485723557875,0.19599602542729327,0.2005130041740103,hyb_randreg,0.20144086220871477,0.22524993552798714,0.1988832984080842,9
diamonds,sparse_all,clean,7004,0.20007485723557875,0.19599602542729327,0.2005130041740103,kc_half,0.20025432388469488,0.22648802668115448,0.1974363070837463,5
diamonds,sparse_all,clean,7004,0.20007485723557875,0.19599602542729327,0.2005130041740103,kc_land,0.19888075366798766,0.22418820763153682,0.19616223424997628,6
diamonds,sparse_all,clean,7004,0.20007485723557875,0.19599602542729327,0.2005130041740103,kc_land_perm,0.1992312808580116,0.20866437211760994,0.19821798091096723,3
diamonds,sparse_all,clean,7005,0.20309704646722324,0.21135525741275477,0.20214107504675027,uniform,0.2075853682054189,0.2167574371964064,0.20652360847563933,10
diamonds,sparse_all,clean,7005,0.20309704646722324,0.21135525741275477,0.20214107504675027,hyb_ws,0.20129099325905866,0.2123763483890445,0.2000077513123518,2
diamonds,sparse_all,clean,7005,0.20309704646722324,0.21135525741275477,0.20214107504675027,hyb_randreg,0.20550467716495172,0.21373083008640864,0.20455241678492253,9
diamonds,sparse_all,clean,7005,0.20309704646722324,0.21135525741275477,0.20214107504675027,kc_half,0.20342714506768478,0.21682455429733866,0.20187625948043056,6
diamonds,sparse_all,clean,7005,0.20309704646722324,0.21135525741275477,0.20214107504675027,kc_land,0.20348525460022943,0.21467627076535703,0.2021897813203053,6
diamonds,sparse_all,clean,7005,0.20309704646722324,0.21135525741275477,0.20214107504675027,kc_land_perm,0.20161269547111355,0.21128648259411895,0.20049285679439185,3
diamonds,sparse_all,clean,7006,0.24507021076619673,0.21897449024121313,0.24788941603066864,uniform,0.20741477646068956,0.21279841827356016,0.2068331641872769,2
diamonds,sparse_all,clean,7006,0.24507021076619673,0.21897449024121313,0.24788941603066864,hyb_ws,0.20510906225144113,0.2190084372005867,0.2036074677278492,3
diamonds,sparse_all,clean,7006,0.24507021076619673,0.21897449024121313,0.24788941603066864,hyb_randreg,0.20632186806410147,0.22495474666149687,0.2043088978001169,4
diamonds,sparse_all,clean,7006,0.24507021076619673,0.21897449024121313,0.24788941603066864,kc_half,0.20615180313896309,0.2162603895743877,0.20505973978444353,2
diamonds,sparse_all,clean,7006,0.24507021076619673,0.21897449024121313,0.24788941603066864,kc_land,0.2057878437791876,0.21777057134594469,0.20449331088416398,2
diamonds,sparse_all,clean,7006,0.24507021076619673,0.21897449024121313,0.24788941603066864,kc_land_perm,0.20654519487895784,0.21913438839760904,0.2051851435015966,2
diamonds,sparse_all,clean,7007,0.2049462480679947,0.20894559633109214,0.2045006413290389,uniform,0.20431788251436028,0.20036113821308332,0.20475874232675598,4
diamonds,sparse_all,clean,7007,0.2049462480679947,0.20894559633109214,0.2045006413290389,hyb_ws,0.2035497322975474,0.19875380582514854,0.20408409365221034,4
diamonds,sparse_all,clean,7007,0.2049462480679947,0.20894559633109214,0.2045006413290389,hyb_randreg,0.20368352173787752,0.1986215771296286,0.20424752279036654,2
diamonds,sparse_all,clean,7007,0.2049462480679947,0.20894559633109214,0.2045006413290389,kc_half,0.20553612890781453,0.19952068889503086,0.20620636826461544,0
diamonds,sparse_all,clean,7007,0.2049462480679947,0.20894559633109214,0.2045006413290389,kc_land,0.20234726472043593,0.19730083048792535,0.20290953760935976,5
diamonds,sparse_all,clean,7007,0.2049462480679947,0.20894559633109214,0.2045006413290389,kc_land_perm,0.20362534616359698,0.19948805901075245,0.20408632203141883,1
diamonds,sparse_all,clean,7008,0.20406173618074885,0.20221722010684204,0.20427124691520152,uniform,0.1971086969192798,0.20011142681215782,0.19676762960405308,4
diamonds,sparse_all,clean,7008,0.20406173618074885,0.20221722010684204,0.20427124691520152,hyb_ws,0.19779939494119073,0.20111942889301987,0.19742228640768675,4
diamonds,sparse_all,clean,7008,0.20406173618074885,0.20221722010684204,0.20427124691520152,hyb_randreg,0.19773994170054465,0.19417664450113015,0.19814468147152492,9
diamonds,sparse_all,clean,7008,0.20406173618074885,0.20221722010684204,0.20427124691520152,kc_half,0.19781039202155304,0.2011813773031096,0.1974274961432471,4
diamonds,sparse_all,clean,7008,0.20406173618074885,0.20221722010684204,0.20427124691520152,kc_land,0.19667867446947188,0.19892650377349436,0.19642335310086353,4
diamonds,sparse_all,clean,7008,0.20406173618074885,0.20221722010684204,0.20427124691520152,kc_land_perm,0.19644334834610638,0.20112408966975742,0.1959116828505469,3
diamonds,sparse_all,clean,7009,0.1914421432988878,0.1583734853422373,0.19490334776328175,uniform,0.18808358344176054,0.15599948519942453,0.19144173677891752,7
diamonds,sparse_all,clean,7009,0.1914421432988878,0.1583734853422373,0.19490334776328175,hyb_ws,0.1897129782286699,0.15062403090116175,0.19380430963908846,5
diamonds,sparse_all,clean,7009,0.1914421432988878,0.1583734853422373,0.19490334776328175,hyb_randreg,0.18810301074311733,0.14763757030257585,0.1923384158596501,5
diamonds,sparse_all,clean,7009,0.1914421432988878,0.1583734853422373,0.19490334776328175,kc_half,0.18789792644873815,0.14609005685830398,0.19227383989109512,3
diamonds,sparse_all,clean,7009,0.1914421432988878,0.1583734853422373,0.19490334776328175,kc_land,0.18946635518440813,0.1514371608631433,0.19344676519483603,4
diamonds,sparse_all,clean,7009,0.1914421432988878,0.1583734853422373,0.19490334776328175,kc_land_perm,0.19074526311233783,0.14960187396375296,0.19505162723476635,5
diamonds,sparse_all,outlier,7000,0.23209951233834003,0.21670476076316927,0.23381954850654976,uniform,0.2145569687170622,0.22828420963947216,0.21302324141000029,3
diamonds,sparse_all,outlier,7000,0.23209951233834003,0.21670476076316927,0.23381954850654976,hyb_ws,0.21783965953470313,0.23271911482973712,0.21617719676966596,4
diamonds,sparse_all,outlier,7000,0.23209951233834003,0.21670476076316927,0.23381954850654976,hyb_randreg,0.2237433250159487,0.22166175281252218,0.22397589645168453,3
diamonds,sparse_all,outlier,7000,0.23209951233834003,0.21670476076316927,0.23381954850654976,kc_half,0.22483507553091742,0.22842082507571487,0.22443444425881942,3
diamonds,sparse_all,outlier,7000,0.23209951233834003,0.21670476076316927,0.23381954850654976,kc_land,0.21692855113905365,0.2285182413402158,0.21563364967688936,5
diamonds,sparse_all,outlier,7000,0.23209951233834003,0.21670476076316927,0.23381954850654976,kc_land_perm,0.21832858262690172,0.22117593362207533,0.21801045169303299,5
diamonds,sparse_all,outlier,7001,0.21037639778066625,0.1986915428744026,0.21170725427096473,uniform,0.20601210014825222,0.20269115662123122,0.20639034183651495,6
diamonds,sparse_all,outlier,7001,0.21037639778066625,0.1986915428744026,0.21170725427096473,hyb_ws,0.20917523417783368,0.1983982391693847,0.2104026891927197,5
diamonds,sparse_all,outlier,7001,0.21037639778066625,0.1986915428744026,0.21170725427096473,hyb_randreg,0.21671110212252234,0.23739091344223393,0.21435575741916338,8
diamonds,sparse_all,outlier,7001,0.21037639778066625,0.1986915428744026,0.21170725427096473,kc_half,0.20633859251689787,0.19093541072769432,0.2080929510108506,9
diamonds,sparse_all,outlier,7001,0.21037639778066625,0.1986915428744026,0.21170725427096473,kc_land,0.20257945619775683,0.18935486604233154,0.20408568214416978,7
diamonds,sparse_all,outlier,7001,0.21037639778066625,0.1986915428744026,0.21170725427096473,kc_land_perm,0.20576307959729334,0.19079543809718413,0.20746783185948897,10
diamonds,sparse_all,outlier,7002,0.21079616457037714,0.2000718681579433,0.21194159301951918,uniform,0.21396350413221094,0.21508757898938152,0.21384344522383578,4
diamonds,sparse_all,outlier,7002,0.21079616457037714,0.2000718681579433,0.21194159301951918,hyb_ws,0.21835046874683678,0.2095506889620636,0.2192903456137218,2
diamonds,sparse_all,outlier,7002,0.21079616457037714,0.2000718681579433,0.21194159301951918,hyb_randreg,0.2208937421489357,0.23139143437063867,0.21977251658236754,0
diamonds,sparse_all,outlier,7002,0.21079616457037714,0.2000718681579433,0.21194159301951918,kc_half,0.21891223212667904,0.22966316447780655,0.2177639587765033,3
diamonds,sparse_all,outlier,7002,0.21079616457037714,0.2000718681579433,0.21194159301951918,kc_land,0.22144790434486117,0.21539872084060765,0.22209399865383792,2
diamonds,sparse_all,outlier,7002,0.21079616457037714,0.2000718681579433,0.21194159301951918,kc_land_perm,0.22016670902595917,0.22118413790115726,0.220058040640285,1
diamonds,sparse_all,outlier,7003,0.21470958397026146,0.19602495536119535,0.21679719394826164,uniform,0.23195676847272587,0.2067556923487919,0.23477245290902973,4
diamonds,sparse_all,outlier,7003,0.21470958397026146,0.19602495536119535,0.21679719394826164,hyb_ws,0.22867287647758358,0.22213906843916714,0.2294028906052777,1
diamonds,sparse_all,outlier,7003,0.21470958397026146,0.19602495536119535,0.21679719394826164,hyb_randreg,0.2347674959984713,0.23360458112521046,0.23489742700988064,10
diamonds,sparse_all,outlier,7003,0.21470958397026146,0.19602495536119535,0.21679719394826164,kc_half,0.23354633678620987,0.2225667423441721,0.23477307301903347,4
diamonds,sparse_all,outlier,7003,0.21470958397026146,0.19602495536119535,0.21679719394826164,kc_land,0.23186834417947716,0.2066693470974228,0.23468379632705524,1
diamonds,sparse_all,outlier,7003,0.21470958397026146,0.19602495536119535,0.21679719394826164,kc_land_perm,0.2355953560720464,0.21107583103416824,0.2383348916654947,1
diamonds,sparse_all,outlier,7004,0.21017097300113044,0.1981428022595801,0.2114630356389271,uniform,0.23285239723046908,0.22182464680172256,0.23403699500631453,5
diamonds,sparse_all,outlier,7004,0.21017097300113044,0.1981428022595801,0.2114630356389271,hyb_ws,0.22688747109716198,0.2551284248285846,0.22385383597872566,12
diamonds,sparse_all,outlier,7004,0.21017097300113044,0.1981428022595801,0.2114630356389271,hyb_randreg,0.22763479125570393,0.25221621931511584,0.22499426133127098,5
diamonds,sparse_all,outlier,7004,0.21017097300113044,0.1981428022595801,0.2114630356389271,kc_half,0.23082615238705242,0.22919989574245572,0.23100084440756832,7
diamonds,sparse_all,outlier,7004,0.21017097300113044,0.1981428022595801,0.2114630356389271,kc_land,0.22219802111705686,0.24369334585806654,0.21988899952250765,9
diamonds,sparse_all,outlier,7004,0.21017097300113044,0.1981428022595801,0.2114630356389271,kc_land_perm,0.23853807733696333,0.25695981827491426,0.23655921922956444,5
diamonds,sparse_all,outlier,7005,0.21978307288240273,0.23871558218481356,0.21759144349314177,uniform,0.22113816617033052,0.21470244149593307,0.22188316637671127,6
diamonds,sparse_all,outlier,7005,0.21978307288240273,0.23871558218481356,0.21759144349314177,hyb_ws,0.21906114526901266,0.21160352474076702,0.21992444025345392,2
diamonds,sparse_all,outlier,7005,0.21978307288240273,0.23871558218481356,0.21759144349314177,hyb_randreg,0.2183945443613365,0.21848058088825964,0.21838458476338027,14
diamonds,sparse_all,outlier,7005,0.21978307288240273,0.23871558218481356,0.21759144349314177,kc_half,0.21664508907370653,0.2164507805731203,0.2166675822474145,5
diamonds,sparse_all,outlier,7005,0.21978307288240273,0.23871558218481356,0.21759144349314177,kc_land,0.22660309014574084,0.2169440423677948,0.22772122259423394,3
diamonds,sparse_all,outlier,7005,0.21978307288240273,0.23871558218481356,0.21759144349314177,kc_land_perm,0.21895020382079497,0.22428042507903934,0.2183331768132158,4
diamonds,sparse_all,outlier,7006,0.24335941204481482,0.2201798359231476,0.24586357677818055,uniform,0.24075381282678326,0.2844242854258145,0.23603595013602918,4
diamonds,sparse_all,outlier,7006,0.24335941204481482,0.2201798359231476,0.24586357677818055,hyb_ws,0.23596834296392155,0.3000298433409861,0.229047571455042,1
diamonds,sparse_all,outlier,7006,0.24335941204481482,0.2201798359231476,0.24586357677818055,hyb_randreg,0.24215729187125384,0.3034358178139884,0.23553717411012742,0
diamonds,sparse_all,outlier,7006,0.24335941204481482,0.2201798359231476,0.24586357677818055,kc_half,0.23934162564788447,0.30137531353676816,0.2326399252942378,0
diamonds,sparse_all,outlier,7006,0.24335941204481482,0.2201798359231476,0.24586357677818055,kc_land,0.23383430608955735,0.2897701928028911,0.227791370959862,2
diamonds,sparse_all,outlier,7006,0.24335941204481482,0.2201798359231476,0.24586357677818055,kc_land_perm,0.24424832952201084,0.3089080689727073,0.23726292830711568,0
diamonds,sparse_all,outlier,7007,0.21229697183708163,0.21250844999832258,0.21227340897443714,uniform,0.23156550732724718,0.19693302629128268,0.2354242527830465,4
diamonds,sparse_all,outlier,7007,0.21229697183708163,0.21250844999832258,0.21227340897443714,hyb_ws,0.2273969064225778,0.19943274988662854,0.2305126682372251,0
diamonds,sparse_all,outlier,7007,0.21229697183708163,0.21250844999832258,0.21227340897443714,hyb_randreg,0.22191834992833379,0.20182148292265512,0.22415753961137824,0
diamonds,sparse_all,outlier,7007,0.21229697183708163,0.21250844999832258,0.21227340897443714,kc_half,0.23037833595297266,0.21668675547333566,0.2319038496435351,7
diamonds,sparse_all,outlier,7007,0.21229697183708163,0.21250844999832258,0.21227340897443714,kc_land,0.2158279667748555,0.1965151058912584,0.21797980262212482,1
diamonds,sparse_all,outlier,7007,0.21229697183708163,0.21250844999832258,0.21227340897443714,kc_land_perm,0.22228581614737297,0.19913024257226042,0.22486580642345524,2
diamonds,sparse_all,outlier,7008,0.21389609097679155,0.20845969044528437,0.21451358858727457,uniform,0.24539271142278654,0.20870411735277922,0.2495600127536782,3
diamonds,sparse_all,outlier,7008,0.21389609097679155,0.20845969044528437,0.21451358858727457,hyb_ws,0.22995763353221485,0.1942940091118373,0.23400851292072097,5
diamonds,sparse_all,outlier,7008,0.21389609097679155,0.20845969044528437,0.21451358858727457,hyb_randreg,0.2421823162927782,0.21108923635245128,0.24571404697642335,3
diamonds,sparse_all,outlier,7008,0.21389609097679155,0.20845969044528437,0.21451358858727457,kc_half,0.23794532095050835,0.21512445183196344,0.2405374463960446,4
diamonds,sparse_all,outlier,7008,0.21389609097679155,0.20845969044528437,0.21451358858727457,kc_land,0.21943366554516916,0.20793618918633922,0.22073961497568215,3
diamonds,sparse_all,outlier,7008,0.21389609097679155,0.20845969044528437,0.21451358858727457,kc_land_perm,0.23449702652748647,0.21673656680878003,0.23651436159575823,4
diamonds,sparse_all,outlier,7009,0.1951101169095457,0.15242538497536232,0.19957780909486894,uniform,0.2124634139389653,0.20271859929632421,0.21348337658728372,4
diamonds,sparse_all,outlier,7009,0.1951101169095457,0.15242538497536232,0.19957780909486894,hyb_ws,0.2087307533159264,0.160149040386915,0.2138156661024758,4
diamonds,sparse_all,outlier,7009,0.1951101169095457,0.15242538497536232,0.19957780909486894,hyb_randreg,0.20952486822027977,0.16078427576891421,0.21462641048459005,7
diamonds,sparse_all,outlier,7009,0.1951101169095457,0.15242538497536232,0.19957780909486894,kc_half,0.20243728199238153,0.1659703770284396,0.20625417152050474,6
diamonds,sparse_all,outlier,7009,0.1951101169095457,0.15242538497536232,0.19957780909486894,kc_land,0.20807995153954806,0.15705885240310236,0.21342018809649718,4
diamonds,sparse_all,outlier,7009,0.1951101169095457,0.15242538497536232,0.19957780909486894,kc_land_perm,0.20985976752414706,0.16250283833332485,0.2148164856029434,3
diamonds,hard,clean,7000,0.3130062928285578,0.341981566295147,0.3097689220854869,uniform,0.21508826518153495,0.3302429664945735,0.20222217570742673,16
diamonds,hard,clean,7000,0.3130062928285578,0.341981566295147,0.3097689220854869,hyb_ws,0.21845509499125362,0.33564993383821423,0.2053610635247505,7
diamonds,hard,clean,7000,0.3130062928285578,0.341981566295147,0.3097689220854869,hyb_randreg,0.21597976996284785,0.3228968441049877,0.20403406017820633,20
diamonds,hard,clean,7000,0.3130062928285578,0.341981566295147,0.3097689220854869,kc_half,0.21714362570423412,0.3281765678532392,0.20473805518063767,9
diamonds,hard,clean,7000,0.3130062928285578,0.341981566295147,0.3097689220854869,kc_land,0.21607740669268258,0.3299891900383076,0.20335018687474452,16
diamonds,hard,clean,7000,0.3130062928285578,0.341981566295147,0.3097689220854869,kc_land_perm,0.21536288135647216,0.3215668450109674,0.20349684650680375,18
diamonds,hard,clean,7001,0.21882151771827657,0.3554355376207261,0.20326174769875502,uniform,0.22158848595451094,0.34702695114303717,0.2073015652466003,15
diamonds,hard,clean,7001,0.21882151771827657,0.3554355376207261,0.20326174769875502,hyb_ws,0.2230334575266399,0.3447304675757317,0.20917267303483303,23
diamonds,hard,clean,7001,0.21882151771827657,0.3554355376207261,0.20326174769875502,hyb_randreg,0.220862114561365,0.33954158984596794,0.20734501475869097,17
diamonds,hard,clean,7001,0.21882151771827657,0.3554355376207261,0.20326174769875502,kc_half,0.22135862155199335,0.3321865800311566,0.20873577693545817,13
diamonds,hard,clean,7001,0.21882151771827657,0.3554355376207261,0.20326174769875502,kc_land,0.21943576416771482,0.32430204377753175,0.2074919300378303,42
diamonds,hard,clean,7001,0.21882151771827657,0.3554355376207261,0.20326174769875502,kc_land_perm,0.22073235399112837,0.3461325293166166,0.2064497943397431,21
diamonds,hard,clean,7002,0.22014510104633395,0.3631773919743656,0.2048682708586692,uniform,0.21816619698938125,0.3514133684480749,0.2039344847085136,10
diamonds,hard,clean,7002,0.22014510104633395,0.3631773919743656,0.2048682708586692,hyb_ws,0.21840831680884265,0.36423800110186094,0.20283270581351748,25
diamonds,hard,clean,7002,0.22014510104633395,0.3631773919743656,0.2048682708586692,hyb_randreg,0.2162864836164241,0.35009518242521864,0.2019947963612513,11
diamonds,hard,clean,7002,0.22014510104633395,0.3631773919743656,0.2048682708586692,kc_half,0.21662641737174163,0.34997851664250285,0.2023834980805092,8
diamonds,hard,clean,7002,0.22014510104633395,0.3631773919743656,0.2048682708586692,kc_land,0.2166580510941271,0.35059807831941814,0.20235233706287026,16
diamonds,hard,clean,7002,0.22014510104633395,0.3631773919743656,0.2048682708586692,kc_land_perm,0.2160496543801483,0.34839308681297043,0.20191446762888393,3
diamonds,hard,clean,7003,0.20504039103018226,0.21249590903213414,0.20420739541128718,uniform,0.20351340094499334,0.21945064350923812,0.20173275294309606,10
diamonds,hard,clean,7003,0.20504039103018226,0.21249590903213414,0.20420739541128718,hyb_ws,0.20160545741613742,0.2254411247623627,0.1989423283796776,10
diamonds,hard,clean,7003,0.20504039103018226,0.21249590903213414,0.20420739541128718,hyb_randreg,0.2055608953517526,0.22092829458008773,0.20384391522674128,0
diamonds,hard,clean,7003,0.20504039103018226,0.21249590903213414,0.20420739541128718,kc_half,0.20311030348200246,0.22612767818501528,0.20053860125003717,12
diamonds,hard,clean,7003,0.20504039103018226,0.21249590903213414,0.20420739541128718,kc_land,0.19934675491548576,0.21310980168254703,0.19780902706658116,3
diamonds,hard,clean,7003,0.20504039103018226,0.21249590903213414,0.20420739541128718,kc_land_perm,0.19902145262732898,0.21585631053835846,0.19714051519535733,2
diamonds,hard,clean,7004,0.23105801729950984,0.3618343841625814,0.21701005762540357,uniform,0.21145799576414007,0.31097045038653803,0.2007683965411361,16
diamonds,hard,clean,7004,0.23105801729950984,0.3618343841625814,0.21701005762540357,hyb_ws,0.21286699782934196,0.3078727167928944,0.2026615108531907,30
diamonds,hard,clean,7004,0.23105801729950984,0.3618343841625814,0.21701005762540357,hyb_randreg,0.2145784495263732,0.3106763419828516,0.2042556415880804,40
diamonds,hard,clean,7004,0.23105801729950984,0.3618343841625814,0.21701005762540357,kc_half,0.2171084396220891,0.3251584555007556,0.2055017380271493,14
diamonds,hard,clean,7004,0.23105801729950984,0.3618343841625814,0.21701005762540357,kc_land,0.2132027521947288,0.2950516461693301,0.2044105675706576,35
diamonds,hard,clean,7004,0.23105801729950984,0.3618343841625814,0.21701005762540357,kc_land_perm,0.21411839111479095,0.3084127567767993,0.20398931750547217,19
diamonds,hard,clean,7005,0.22464039595932786,0.3670761108572818,0.20815202171033179,uniform,0.21984672247060463,0.3404723522851501,0.20588308610434622,12
diamonds,hard,clean,7005,0.22464039595932786,0.3670761108572818,0.20815202171033179,hyb_ws,0.21653858974649592,0.32598573063839525,0.20386897650517422,29
diamonds,hard,clean,7005,0.22464039595932786,0.3670761108572818,0.20815202171033179,hyb_randreg,0.21951865584825794,0.34357965740963636,0.20515734046528106,2
diamonds,hard,clean,7005,0.22464039595932786,0.3670761108572818,0.20815202171033179,kc_half,0.2211769722988498,0.3431372325410567,0.2070588389653726,13
diamonds,hard,clean,7005,0.22464039595932786,0.3670761108572818,0.20815202171033179,kc_land,0.21725315617288635,0.3293293920700597,0.20427919860041022,21
diamonds,hard,clean,7005,0.22464039595932786,0.3670761108572818,0.20815202171033179,kc_land_perm,0.21735792411202037,0.3347439254093491,0.20376930750437983,6
diamonds,hard,clean,7006,0.2488724983498567,0.3638948722744678,0.2364462585075857,uniform,0.21581537227115383,0.32804610538106915,0.20369072243379455,11
diamonds,hard,clean,7006,0.2488724983498567,0.3638948722744678,0.2364462585075857,hyb_ws,0.21704945413374316,0.31991017936501515,0.2059370766156833,28
diamonds,hard,clean,7006,0.2488724983498567,0.3638948722744678,0.2364462585075857,hyb_randreg,0.21782154881142554,0.3317641114455204,0.20551196448253442,0
diamonds,hard,clean,7006,0.2488724983498567,0.3638948722744678,0.2364462585075857,kc_half,0.21637192987040318,0.3283745118677241,0.2042719279371746,6
diamonds,hard,clean,7006,0.2488724983498567,0.3638948722744678,0.2364462585075857,kc_land,0.21645047883622529,0.32931828184163514,0.20425700427331397,8
diamonds,hard,clean,7006,0.2488724983498567,0.3638948722744678,0.2364462585075857,kc_land_perm,0.21744218387088463,0.33209380829283836,0.2050559972989838,4
diamonds,hard,clean,7007,0.2139096397026543,0.3165719737399427,0.20247101898885808,uniform,0.21600944889226537,0.32036492581515413,0.20438217847101545,8
diamonds,hard,clean,7007,0.2139096397026543,0.3165719737399427,0.20247101898885808,hyb_ws,0.2165563781526655,0.3195253957188715,0.2050835868095011,25
diamonds,hard,clean,7007,0.2139096397026543,0.3165719737399427,0.20247101898885808,hyb_randreg,0.21677661231679804,0.31500950059880306,0.20583151973522426,23
diamonds,hard,clean,7007,0.2139096397026543,0.3165719737399427,0.20247101898885808,kc_half,0.21457172363747803,0.31418345053041447,0.2034730010800823,12
diamonds,hard,clean,7007,0.2139096397026543,0.3165719737399427,0.20247101898885808,kc_land,0.2158021955138099,0.32945283973259754,0.20313925905042182,16
diamonds,hard,clean,7007,0.2139096397026543,0.3165719737399427,0.20247101898885808,kc_land_perm,0.2158185195386651,0.3219828043291968,0.20398971203630242,2
diamonds,hard,clean,7008,0.21336330800815395,0.32272582927782656,0.20094128443409315,uniform,0.2120137658303108,0.3396444234294915,0.19751674236136155,12
diamonds,hard,clean,7008,0.21336330800815395,0.32272582927782656,0.20094128443409315,hyb_ws,0.20932593997616608,0.3236943587268908,0.19633531780180757,23
diamonds,hard,clean,7008,0.21336330800815395,0.32272582927782656,0.20094128443409315,hyb_randreg,0.20697474062199972,0.3175533120465665,0.19441459108379724,2
diamonds,hard,clean,7008,0.21336330800815395,0.32272582927782656,0.20094128443409315,kc_half,0.20772413170553602,0.31924457751050467,0.1950569986631009,14
diamonds,hard,clean,7008,0.21336330800815395,0.32272582927782656,0.20094128443409315,kc_land,0.20658525092524685,0.32500044003907375,0.19313497331989013,19
diamonds,hard,clean,7008,0.21336330800815395,0.32272582927782656,0.20094128443409315,kc_land_perm,0.20740511915309817,0.3182327215921627,0.19481668324131135,7
diamonds,hard,clean,7009,0.2111317170315511,0.32666980188664063,0.19903866700115097,uniform,0.21419207096894635,0.30556261471940815,0.20462857025604247,15
diamonds,hard,clean,7009,0.2111317170315511,0.32666980188664063,0.19903866700115097,hyb_ws,0.2123461484589277,0.30140897973703923,0.20302418959275695,19
diamonds,hard,clean,7009,0.2111317170315511,0.32666980188664063,0.19903866700115097,hyb_randreg,0.21372716667839797,0.29648457945724377,0.2050651784311783,19
diamonds,hard,clean,7009,0.2111317170315511,0.32666980188664063,0.19903866700115097,kc_half,0.21292269382830623,0.2991466968830747,0.20389786721749228,14
diamonds,hard,clean,7009,0.2111317170315511,0.32666980188664063,0.19903866700115097,kc_land,0.21304042118765995,0.3104841646668401,0.20284125554871785,13
diamonds,hard,clean,7009,0.2111317170315511,0.32666980188664063,0.19903866700115097,kc_land_perm,0.2133859622042075,0.3087499322527177,0.2034044806664043,8
diamonds,hard,outlier,7000,0.22960091659350076,0.33788801065125046,0.21750213621239584,uniform,0.23820146540267226,0.32183737105711724,0.22885693119670036,13
diamonds,hard,outlier,7000,0.22960091659350076,0.33788801065125046,0.21750213621239584,hyb_ws,0.24177411476005933,0.34172506630647714,0.23060672106309993,18
diamonds,hard,outlier,7000,0.22960091659350076,0.33788801065125046,0.21750213621239584,hyb_randreg,0.2387464026451742,0.32010771909501745,0.22965600542092823,2
diamonds,hard,outlier,7000,0.22960091659350076,0.33788801065125046,0.21750213621239584,kc_half,0.2375609760497899,0.3196917767041921,0.22838460532631308,11
diamonds,hard,outlier,7000,0.22960091659350076,0.33788801065125046,0.21750213621239584,kc_land,0.23501496051174342,0.3182508923238005,0.22571511487848966,24
diamonds,hard,outlier,7000,0.22960091659350076,0.33788801065125046,0.21750213621239584,kc_land_perm,0.23746142904508855,0.3229424505353429,0.2279107423749712,13
diamonds,hard,outlier,7001,0.22814832466755258,0.3464335770337411,0.21467612521955173,uniform,0.24779223076898274,0.3557611899414997,0.23549501431073727,14
diamonds,hard,outlier,7001,0.22814832466755258,0.3464335770337411,0.21467612521955173,hyb_ws,0.24677687486039263,0.3389036929313428,0.2362840125404208,16
diamonds,hard,outlier,7001,0.22814832466755258,0.3464335770337411,0.21467612521955173,hyb_randreg,0.2502456590040464,0.3609573494142921,0.23763605683813424,16
diamonds,hard,outlier,7001,0.22814832466755258,0.3464335770337411,0.21467612521955173,kc_half,0.24853967546138642,0.3574842869876345,0.23613133624828828,11
diamonds,hard,outlier,7001,0.22814832466755258,0.3464335770337411,0.21467612521955173,kc_land,0.2478183508466892,0.34177790172080963,0.237116747864925,24
diamonds,hard,outlier,7001,0.22814832466755258,0.3464335770337411,0.21467612521955173,kc_land_perm,0.2414077203594697,0.34344135535767706,0.22978651269746275,10
diamonds,hard,outlier,7002,0.23846880234516352,0.3703432829489689,0.2243837028672806,uniform,0.24236533061248383,0.35445595345008973,0.23039328290487013,10
diamonds,hard,outlier,7002,0.23846880234516352,0.3703432829489689,0.2243837028672806,hyb_ws,0.2433260301551747,0.3522018673575505,0.23169734361391373,21
diamonds,hard,outlier,7002,0.23846880234516352,0.3703432829489689,0.2243837028672806,hyb_randreg,0.24409745213262546,0.35741672222010995,0.23199417646749848,0
diamonds,hard,outlier,7002,0.23846880234516352,0.3703432829489689,0.2243837028672806,kc_half,0.2403267648736727,0.35071239732652093,0.22853682183914045,16
diamonds,hard,outlier,7002,0.23846880234516352,0.3703432829489689,0.2243837028672806,kc_land,0.23718105853893484,0.3511805514065802,0.22500513041306014,7
diamonds,hard,outlier,7002,0.23846880234516352,0.3703432829489689,0.2243837028672806,kc_land_perm,0.2443223901073609,0.3552698325213974,0.23247244191372,2
diamonds,hard,outlier,7003,0.23643862587521164,0.21056665649351258,0.23932926836866442,uniform,0.2202829772447746,0.22200354151010218,0.22009074077043841,9
diamonds,hard,outlier,7003,0.23643862587521164,0.21056665649351258,0.23932926836866442,hyb_ws,0.22516420851835864,0.23022690169981017,0.22459856019736268,3
diamonds,hard,outlier,7003,0.23643862587521164,0.21056665649351258,0.23932926836866442,hyb_randreg,0.2223885464659286,0.22644898890455495,0.22193487835577633,2
diamonds,hard,outlier,7003,0.23643862587521164,0.21056665649351258,0.23932926836866442,kc_half,0.220912731206678,0.2255172838784444,0.22039827034674192,16
diamonds,hard,outlier,7003,0.23643862587521164,0.21056665649351258,0.23932926836866442,kc_land,0.22190865485034844,0.2276412621250334,0.22126815787302123,2
diamonds,hard,outlier,7003,0.23643862587521164,0.21056665649351258,0.23932926836866442,kc_land_perm,0.229823345879341,0.22505468603112136,0.23035614222702977,3
diamonds,hard,outlier,7004,0.3018681485690607,0.3662185543675152,0.2949556465065467,uniform,0.2467590039063708,0.32756303791443536,0.2380790578390593,21
diamonds,hard,outlier,7004,0.3018681485690607,0.3662185543675152,0.2949556465065467,hyb_ws,0.2506873919149803,0.3279325793913994,0.24238973611740264,26
diamonds,hard,outlier,7004,0.3018681485690607,0.3662185543675152,0.2949556465065467,hyb_randreg,0.24457481813534607,0.3423729490507388,0.2340693710713449,3
diamonds,hard,outlier,7004,0.3018681485690607,0.3662185543675152,0.2949556465065467,kc_half,0.23923480230605065,0.3349830120514649,0.22894955718389653,15
diamonds,hard,outlier,7004,0.3018681485690607,0.3662185543675152,0.2949556465065467,kc_land,0.23891259611806337,0.32119851064093546,0.2300734668725278,21
diamonds,hard,outlier,7004,0.3018681485690607,0.3662185543675152,0.2949556465065467,kc_land_perm,0.2489455878577171,0.3169507386693545,0.24164049413819458,13
diamonds,hard,outlier,7005,0.22323556865755043,0.3592989460990833,0.20748485690350965,uniform,0.2447594618487513,0.37373589054290807,0.22982913607244027,18
diamonds,hard,outlier,7005,0.22323556865755043,0.3592989460990833,0.20748485690350965,hyb_ws,0.23522194091979332,0.34821506962321574,0.22214184373376253,21
diamonds,hard,outlier,7005,0.22323556865755043,0.3592989460990833,0.20748485690350965,hyb_randreg,0.2514729822210123,0.3593941051389835,0.23898002099061952,21
diamonds,hard,outlier,7005,0.22323556865755043,0.3592989460990833,0.20748485690350965,kc_half,0.24810749628135495,0.3783777667283554,0.23302739523937302,11
diamonds,hard,outlier,7005,0.22323556865755043,0.3592989460990833,0.20748485690350965,kc_land,0.24530762701340458,0.36700944960694987,0.23121941045097189,10
diamonds,hard,outlier,7005,0.22323556865755043,0.3592989460990833,0.20748485690350965,kc_land_perm,0.24736740348617353,0.3773999340448876,0.23231482324018568,6
diamonds,hard,outlier,7006,0.22994320543264643,0.37484162508993224,0.21428935954169312,uniform,0.24909664813231797,0.3787423300922436,0.23509060492889106,10
diamonds,hard,outlier,7006,0.22994320543264643,0.37484162508993224,0.21428935954169312,hyb_ws,0.24524450451549307,0.3537544869160512,0.23352181943620837,22
diamonds,hard,outlier,7006,0.22994320543264643,0.37484162508993224,0.21428935954169312,hyb_randreg,0.24723186414168555,0.33843210679145647,0.237379206348497,36
diamonds,hard,outlier,7006,0.22994320543264643,0.37484162508993224,0.21428935954169312,kc_half,0.2557755513735662,0.39139456577833104,0.24112418970656938,8
diamonds,hard,outlier,7006,0.22994320543264643,0.37484162508993224,0.21428935954169312,kc_land,0.2448481938450924,0.38046147151854975,0.2301974519357715,5
diamonds,hard,outlier,7006,0.22994320543264643,0.37484162508993224,0.21428935954169312,kc_land_perm,0.24518568768959773,0.3975375391772153,0.22872662340146177,2
diamonds,hard,outlier,7007,0.2261113630672839,0.3217752073168722,0.21545251295778545,uniform,0.23409496400232307,0.3346321700053104,0.2228931247116318,13
diamonds,hard,outlier,7007,0.2261113630672839,0.3217752073168722,0.21545251295778545,hyb_ws,0.22815835596121606,0.32751527220641496,0.21708802436512697,23
diamonds,hard,outlier,7007,0.2261113630672839,0.3217752073168722,0.21545251295778545,hyb_randreg,0.23215288263591488,0.331698053388255,0.2210615757529784,0
diamonds,hard,outlier,7007,0.2261113630672839,0.3217752073168722,0.21545251295778545,kc_half,0.2373852977533691,0.33194248444080154,0.22684975125110174,17
diamonds,hard,outlier,7007,0.2261113630672839,0.3217752073168722,0.21545251295778545,kc_land,0.22339799281684045,0.3272941634029466,0.211821898233615,5
diamonds,hard,outlier,7007,0.2261113630672839,0.3217752073168722,0.21545251295778545,kc_land_perm,0.232304666655248,0.3334189295014868,0.22103853178407773,2
diamonds,hard,outlier,7008,0.22196022649577257,0.3287013259841235,0.20983595907059235,uniform,0.23678724069121193,0.3383428783094397,0.2252519678214355,12
diamonds,hard,outlier,7008,0.22196022649577257,0.3287013259841235,0.20983595907059235,hyb_ws,0.2409093655371007,0.3299408518469422,0.23079665773798733,17
diamonds,hard,outlier,7008,0.22196022649577257,0.3287013259841235,0.20983595907059235,hyb_randreg,0.2406461128808879,0.3258605360203055,0.2309669690499073,1
diamonds,hard,outlier,7008,0.22196022649577257,0.3287013259841235,0.20983595907059235,kc_half,0.23808269087369235,0.32252405772731535,0.22849135521771285,16
diamonds,hard,outlier,7008,0.22196022649577257,0.3287013259841235,0.20983595907059235,kc_land,0.23162106523460216,0.3225964634697651,0.22128755674909364,11
diamonds,hard,outlier,7008,0.22196022649577257,0.3287013259841235,0.20983595907059235,kc_land_perm,0.23882951806770222,0.3285204227790212,0.2286419097374633,5
diamonds,hard,outlier,7009,0.22080766087207548,0.32525834690242306,0.20987509804260798,uniform,0.2323157791224363,0.3045309215773753,0.22475722099196904,15
diamonds,hard,outlier,7009,0.22080766087207548,0.32525834690242306,0.20987509804260798,hyb_ws,0.23253615553867113,0.31076875524587866,0.2243477668921559,21
diamonds,hard,outlier,7009,0.22080766087207548,0.32525834690242306,0.20987509804260798,hyb_randreg,0.24448135846760016,0.31695207426935706,0.23689605018567092,2
diamonds,hard,outlier,7009,0.22080766087207548,0.32525834690242306,0.20987509804260798,kc_half,0.23920632171710196,0.30812317050477417,0.23199298681223376,13
diamonds,hard,outlier,7009,0.22080766087207548,0.32525834690242306,0.20987509804260798,kc_land,0.2338441631380496,0.30290766909395506,0.22661547803523596,10
diamonds,hard,outlier,7009,0.22080766087207548,0.32525834690242306,0.20987509804260798,kc_land_perm,0.23787994266636123,0.30811594736411313,0.23052853538095722,4
diamonds,hard_sparse,clean,7000,0.22233416808852458,0.33026375946355174,0.21027533103105905,uniform,0.21416158381524422,0.3425301623148306,0.19981912451651337,6
diamonds,hard_sparse,clean,7000,0.22233416808852458,0.33026375946355174,0.21027533103105905,hyb_ws,0.21029020794492215,0.31809285047443125,0.19824555472178076,8
diamonds,hard_sparse,clean,7000,0.22233416808852458,0.33026375946355174,0.21027533103105905,hyb_randreg,0.2133166188927629,0.3327027250577198,0.19997775989378772,2
diamonds,hard_sparse,clean,7000,0.22233416808852458,0.33026375946355174,0.21027533103105905,kc_half,0.21248971880304296,0.3328139718152763,0.19904604184058663,5
diamonds,hard_sparse,clean,7000,0.22233416808852458,0.33026375946355174,0.21027533103105905,kc_land,0.21176300273278034,0.32321296543327205,0.19931083902916785,12
diamonds,hard_sparse,clean,7000,0.22233416808852458,0.33026375946355174,0.21027533103105905,kc_land_perm,0.20945430864198453,0.3208973512421049,0.1970029181124547,8
diamonds,hard_sparse,clean,7001,0.21442736270097626,0.34002215731796415,0.20012263671981556,uniform,0.209476652236712,0.33971618684310223,0.1946429096430017,10
diamonds,hard_sparse,clean,7001,0.21442736270097626,0.34002215731796415,0.20012263671981556,hyb_ws,0.20988359245429603,0.3452431598261718,0.19446669937295458,14
diamonds,hard_sparse,clean,7001,0.21442736270097626,0.34002215731796415,0.20012263671981556,hyb_randreg,0.20821053826534883,0.3535218433130752,0.1916601835550954,9
diamonds,hard_sparse,clean,7001,0.21442736270097626,0.34002215731796415,0.20012263671981556,kc_half,0.21044254120064385,0.3455661029838264,0.19505252817660554,5
diamonds,hard_sparse,clean,7001,0.21442736270097626,0.34002215731796415,0.20012263671981556,kc_land,0.20878253538323907,0.3329220940151063,0.19464355474262818,21
diamonds,hard_sparse,clean,7001,0.21442736270097626,0.34002215731796415,0.20012263671981556,kc_land_perm,0.20832448844392748,0.33247875510565916,0.1941838326197425,13
diamonds,hard_sparse,clean,7002,0.2203659790366002,0.36430065457826355,0.2049927679798537,uniform,0.21869022691582782,0.3590962139309132,0.20369390400829518,7
diamonds,hard_sparse,clean,7002,0.2203659790366002,0.36430065457826355,0.2049927679798537,hyb_ws,0.21944049434197582,0.37686393636552346,0.20262659046231635,14
diamonds,hard_sparse,clean,7002,0.2203659790366002,0.36430065457826355,0.2049927679798537,hyb_randreg,0.21908745612531902,0.3619017642397777,0.20383390799798615,11
diamonds,hard_sparse,clean,7002,0.2203659790366002,0.36430065457826355,0.2049927679798537,kc_half,0.21768040414240933,0.35635947533320794,0.20286852769535668,2
diamonds,hard_sparse,clean,7002,0.2203659790366002,0.36430065457826355,0.2049927679798537,kc_land,0.21707373753281914,0.3651609241645248,0.2012570097962839,9
diamonds,hard_sparse,clean,7002,0.2203659790366002,0.36430065457826355,0.2049927679798537,kc_land_perm,0.2167657727807671,0.365066004461191,0.2009262903710705,7
diamonds,hard_sparse,clean,7003,0.20440816158440037,0.2199270253018293,0.20267425852314233,uniform,0.20662276830152565,0.222807842767079,0.20481443035401245,4
diamonds,hard_sparse,clean,7003,0.20440816158440037,0.2199270253018293,0.20267425852314233,hyb_ws,0.20708008314851872,0.22486285527233918,0.2050932364576416,2
diamonds,hard_sparse,clean,7003,0.20440816158440037,0.2199270253018293,0.20267425852314233,hyb_randreg,0.2053607084121024,0.22551020507749825,0.2031094305745568,0
diamonds,hard_sparse,clean,7003,0.20440816158440037,0.2199270253018293,0.20267425852314233,kc_half,0.2047857741144295,0.22590177396246106,0.2024265100958334,0
diamonds,hard_sparse,clean,7003,0.20440816158440037,0.2199270253018293,0.20267425852314233,kc_land,0.2073288657910146,0.2265749765621754,0.20517852211952856,3
diamonds,hard_sparse,clean,7003,0.20440816158440037,0.2199270253018293,0.20267425852314233,kc_land_perm,0.2069173430782508,0.22885096600953597,0.20446672706424948,1
diamonds,hard_sparse,clean,7004,0.21899028946814408,0.35987676831888255,0.20385630447531836,uniform,0.21140446238747204,0.33559748101429876,0.19806368408536554,7
diamonds,hard_sparse,clean,7004,0.21899028946814408,0.35987676831888255,0.20385630447531836,hyb_ws,0.21112825622286938,0.3350325403785508,0.1978184936945182,9
diamonds,hard_sparse,clean,7004,0.21899028946814408,0.35987676831888255,0.20385630447531836,hyb_randreg,0.21370762063627666,0.3556527552948123,0.19845991514139522,4
diamonds,hard_sparse,clean,7004,0.21899028946814408,0.35987676831888255,0.20385630447531836,kc_half,0.21060560491845529,0.34993210555099963,0.19563919233666482,8
diamonds,hard_sparse,clean,7004,0.21899028946814408,0.35987676831888255,0.20385630447531836,kc_land,0.21320776261262994,0.3488001126427221,0.1986424714133842,13
diamonds,hard_sparse,clean,7004,0.21899028946814408,0.35987676831888255,0.20385630447531836,kc_land_perm,0.21235170763747974,0.34218355362145814,0.19840520812425058,9
diamonds,hard_sparse,clean,7005,0.24701126313171448,0.40554164023706574,0.2286597689898119,uniform,0.219441154432762,0.35242555005016757,0.20404686595822272,5
diamonds,hard_sparse,clean,7005,0.24701126313171448,0.40554164023706574,0.2286597689898119,hyb_ws,0.21942193691478468,0.3518328285123079,0.20409403732957626,6
diamonds,hard_sparse,clean,7005,0.24701126313171448,0.40554164023706574,0.2286597689898119,hyb_randreg,0.21900639781681822,0.35332921222593344,0.20345717383361522,8
diamonds,hard_sparse,clean,7005,0.24701126313171448,0.40554164023706574,0.2286597689898119,kc_half,0.22155269140957956,0.36013039431239763,0.205510921059602,3
diamonds,hard_sparse,clean,7005,0.24701126313171448,0.40554164023706574,0.2286597689898119,kc_land,0.2177770245985709,0.3492757328995375,0.20255471945354966,16
diamonds,hard_sparse,clean,7005,0.24701126313171448,0.40554164023706574,0.2286597689898119,kc_land_perm,0.2165843931129168,0.3578251136473923,0.20023435154476973,3
diamonds,hard_sparse,clean,7006,0.22612480448396216,0.3517167845092353,0.2125566958385725,uniform,0.22381454447289162,0.38312518134387324,0.20660370004638667,4
diamonds,hard_sparse,clean,7006,0.22612480448396216,0.3517167845092353,0.2125566958385725,hyb_ws,0.22511377471965965,0.3844122407084448,0.20790424515300418,6
diamonds,hard_sparse,clean,7006,0.22612480448396216,0.3517167845092353,0.2125566958385725,hyb_randreg,0.22479649705641247,0.3734415004169085,0.20873789558533398,1
diamonds,hard_sparse,clean,7006,0.22612480448396216,0.3517167845092353,0.2125566958385725,kc_half,0.22443185466680896,0.38526419517169713,0.20705661566489583,3
diamonds,hard_sparse,clean,7006,0.22612480448396216,0.3517167845092353,0.2125566958385725,kc_land,0.22320717001591664,0.36441836861814664,0.2079516665658142,6
diamonds,hard_sparse,clean,7006,0.22612480448396216,0.3517167845092353,0.2125566958385725,kc_land_perm,0.22453610115423622,0.38225486904017675,0.20749723149342825,3
diamonds,hard_sparse,clean,7007,0.22586446135218144,0.3417988355330574,0.21294707206445398,uniform,0.21622048505875274,0.3299110274196289,0.20355310315080297,3
diamonds,hard_sparse,clean,7007,0.22586446135218144,0.3417988355330574,0.21294707206445398,hyb_ws,0.21843196572011853,0.33061444408101565,0.20593261206001298,5
diamonds,hard_sparse,clean,7007,0.22586446135218144,0.3417988355330574,0.21294707206445398,hyb_randreg,0.2185776532621075,0.3292099459072844,0.20625102104462598,12
diamonds,hard_sparse,clean,7007,0.22586446135218144,0.3417988355330574,0.21294707206445398,kc_half,0.21920663929410233,0.3304319067990404,0.20681393791330765,1
diamonds,hard_sparse,clean,7007,0.22586446135218144,0.3417988355330574,0.21294707206445398,kc_land,0.21684792910305853,0.3332713364835862,0.20387605181503646,6
diamonds,hard_sparse,clean,7007,0.22586446135218144,0.3417988355330574,0.21294707206445398,kc_land_perm,0.22033463191567723,0.33354607122750135,0.20772063159224252,2
diamonds,hard_sparse,clean,7008,0.21589385262706634,0.32537256101547735,0.20345863185243618,uniform,0.21039577804947526,0.31786813300326333,0.19818845042666192,4
diamonds,hard_sparse,clean,7008,0.21589385262706634,0.32537256101547735,0.20345863185243618,hyb_ws,0.2085953958904203,0.3094588175215503,0.19713874889000244,9
diamonds,hard_sparse,clean,7008,0.21589385262706634,0.32537256101547735,0.20345863185243618,hyb_randreg,0.21003414922099398,0.3117355367912306,0.19848232123417422,8
diamonds,hard_sparse,clean,7008,0.21589385262706634,0.32537256101547735,0.20345863185243618,kc_half,0.20977532896986326,0.3125087370533121,0.1981062781630573,1
diamonds,hard_sparse,clean,7008,0.21589385262706634,0.32537256101547735,0.20345863185243618,kc_land,0.21075527336944164,0.33069940436555595,0.197131329759638,6
diamonds,hard_sparse,clean,7008,0.21589385262706634,0.32537256101547735,0.20345863185243618,kc_land_perm,0.2116697465542658,0.3319228163270649,0.19801071190301242,5
diamonds,hard_sparse,clean,7009,0.21153220412321522,0.34948353681436145,0.19709322177305102,uniform,0.20904102549867334,0.34655842859421865,0.19464746135252267,5
diamonds,hard_sparse,clean,7009,0.21153220412321522,0.34948353681436145,0.19709322177305102,hyb_ws,0.21178046100277254,0.3615374713394071,0.19610581120504145,3
diamonds,hard_sparse,clean,7009,0.21153220412321522,0.34948353681436145,0.19709322177305102,hyb_randreg,0.21006473333347037,0.348562058584115,0.19556860346050867,5
diamonds,hard_sparse,clean,7009,0.21153220412321522,0.34948353681436145,0.19709322177305102,kc_half,0.20977645921510582,0.3567528138751951,0.19439285291403602,4
diamonds,hard_sparse,clean,7009,0.21153220412321522,0.34948353681436145,0.19709322177305102,kc_land,0.21016520773505212,0.34846066302946765,0.19569020702900858,9
diamonds,hard_sparse,clean,7009,0.21153220412321522,0.34948353681436145,0.19709322177305102,kc_land_perm,0.20867089926526727,0.35246321494997335,0.1936205574689393,4
diamonds,hard_sparse,outlier,7000,0.2255717600987213,0.3339188460197144,0.21346627690243467,uniform,0.2455063103137652,0.371126151315271,0.2314709639873046,5
diamonds,hard_sparse,outlier,7000,0.2255717600987213,0.3339188460197144,0.21346627690243467,hyb_ws,0.24202428285522665,0.35515362868156686,0.22938448379402912,5
diamonds,hard_sparse,outlier,7000,0.2255717600987213,0.3339188460197144,0.21346627690243467,hyb_randreg,0.24082580601193485,0.3557737308634727,0.22798281941095702,2
diamonds,hard_sparse,outlier,7000,0.2255717600987213,0.3339188460197144,0.21346627690243467,kc_half,0.2391042661350724,0.34597525632175663,0.22716370525262464,5
diamonds,hard_sparse,outlier,7000,0.2255717600987213,0.3339188460197144,0.21346627690243467,kc_land,0.23179836750014304,0.3387455588151945,0.2198492927617743,8
diamonds,hard_sparse,outlier,7000,0.2255717600987213,0.3339188460197144,0.21346627690243467,kc_land_perm,0.2412199272684576,0.36030635534926103,0.22791455092368743,6
diamonds,hard_sparse,outlier,7001,0.26230348452231705,0.3571463495510043,0.25150127572344955,uniform,0.22834709901995806,0.34964989179852185,0.21453121423955354,8
diamonds,hard_sparse,outlier,7001,0.26230348452231705,0.3571463495510043,0.25150127572344955,hyb_ws,0.23821413906726666,0.40569556452081595,0.21913869963242907,9
diamonds,hard_sparse,outlier,7001,0.26230348452231705,0.3571463495510043,0.25150127572344955,hyb_randreg,0.2369885265484236,0.34965275218012964,0.22415653872236738,10
diamonds,hard_sparse,outlier,7001,0.26230348452231705,0.3571463495510043,0.25150127572344955,kc_half,0.23740699640202725,0.3466081003019339,0.22496944377182346,12
diamonds,hard_sparse,outlier,7001,0.26230348452231705,0.3571463495510043,0.25150127572344955,kc_land,0.2229073288098731,0.3351056401818307,0.21012840668480187,14
diamonds,hard_sparse,outlier,7001,0.26230348452231705,0.3571463495510043,0.25150127572344955,kc_land_perm,0.2332285627440526,0.3636691833106399,0.21837191729383423,13
diamonds,hard_sparse,outlier,7002,0.22900330328273305,0.36480965816839456,0.2144982526502302,uniform,0.2528450062581364,0.36582001042432083,0.24077850055582672,4
diamonds,hard_sparse,outlier,7002,0.22900330328273305,0.36480965816839456,0.2144982526502302,hyb_ws,0.24678204761851458,0.37892096735538106,0.2326687042265859,6
diamonds,hard_sparse,outlier,7002,0.22900330328273305,0.36480965816839456,0.2144982526502302,hyb_randreg,0.24809385420933458,0.37954528733746135,0.2340539391048916,6
diamonds,hard_sparse,outlier,7002,0.22900330328273305,0.36480965816839456,0.2144982526502302,kc_half,0.24487533249215032,0.37303941374166366,0.23118652912681772,2
diamonds,hard_sparse,outlier,7002,0.22900330328273305,0.36480965816839456,0.2144982526502302,kc_land,0.2425813635966564,0.36858129435833364,0.22912370635426363,6
diamonds,hard_sparse,outlier,7002,0.22900330328273305,0.36480965816839456,0.2144982526502302,kc_land_perm,0.249196435320359,0.36685073577998445,0.23663014866363086,3
diamonds,hard_sparse,outlier,7003,0.2238699259350674,0.23768020523628672,0.22232692085471997,uniform,0.23763135597398247,0.2352208829751981,0.23790067508057258,2
diamonds,hard_sparse,outlier,7003,0.2238699259350674,0.23768020523628672,0.22232692085471997,hyb_ws,0.23085423809170444,0.2345376823256984,0.23044269151525487,3
diamonds,hard_sparse,outlier,7003,0.2238699259350674,0.23768020523628672,0.22232692085471997,hyb_randreg,0.23789307100341212,0.27827296096993354,0.23338147684928714,8
diamonds,hard_sparse,outlier,7003,0.2238699259350674,0.23768020523628672,0.22232692085471997,kc_half,0.23530354630884673,0.2531713099650177,0.23330720362130347,5
diamonds,hard_sparse,outlier,7003,0.2238699259350674,0.23768020523628672,0.22232692085471997,kc_land,0.226911054489292,0.23103671634489678,0.22645009949597533,3
diamonds,hard_sparse,outlier,7003,0.2238699259350674,0.23768020523628672,0.22232692085471997,kc_land_perm,0.23540946251067066,0.2429919493442664,0.2345622808244268,2
diamonds,hard_sparse,outlier,7004,0.23973082310715382,0.37115330213124764,0.22561345825074508,uniform,0.2391687055643592,0.3470448072082524,0.2275806857864438,7
diamonds,hard_sparse,outlier,7004,0.23973082310715382,0.37115330213124764,0.22561345825074508,hyb_ws,0.23983769805679692,0.35128449989018057,0.22786611469263499,10
diamonds,hard_sparse,outlier,7004,0.23973082310715382,0.37115330213124764,0.22561345825074508,hyb_randreg,0.24873940638681313,0.36255449064293177,0.2365134228066985,8
diamonds,hard_sparse,outlier,7004,0.23973082310715382,0.37115330213124764,0.22561345825074508,kc_half,0.24539260498497714,0.34979949389748943,0.23417724703977924,6
diamonds,hard_sparse,outlier,7004,0.23973082310715382,0.37115330213124764,0.22561345825074508,kc_land,0.2418115466619046,0.35088534145013095,0.23009487103127563,17
diamonds,hard_sparse,outlier,7004,0.23973082310715382,0.37115330213124764,0.22561345825074508,kc_land_perm,0.24081422489390486,0.3620171795780447,0.22779463839959524,6
diamonds,hard_sparse,outlier,7005,0.2268030064892931,0.3574702799861534,0.2116769483299634,uniform,0.25839496385620564,0.3670195225728117,0.24582057281927636,3
diamonds,hard_sparse,outlier,7005,0.2268030064892931,0.3574702799861534,0.2116769483299634,hyb_ws,0.24315638617640753,0.35652738304019593,0.23003254692997183,9
diamonds,hard_sparse,outlier,7005,0.2268030064892931,0.3574702799861534,0.2116769483299634,hyb_randreg,0.25014491320500465,0.3530923177058227,0.2382277101735292,1
diamonds,hard_sparse,outlier,7005,0.2268030064892931,0.3574702799861534,0.2116769483299634,kc_half,0.24799930147642793,0.3555678501063271,0.23554715428496117,7
diamonds,hard_sparse,outlier,7005,0.2268030064892931,0.3574702799861534,0.2116769483299634,kc_land,0.2428308171533222,0.3541919063963373,0.22993964503732459,7
diamonds,hard_sparse,outlier,7005,0.2268030064892931,0.3574702799861534,0.2116769483299634,kc_land_perm,0.2476209161834307,0.34987133617262123,0.23578439615678803,5
diamonds,hard_sparse,outlier,7006,0.24406397498816443,0.3781906608769602,0.2295738344073804,uniform,0.2476239744256991,0.37911012468925653,0.23341909946647824,3
diamonds,hard_sparse,outlier,7006,0.24406397498816443,0.3781906608769602,0.2295738344073804,hyb_ws,0.25353867207197256,0.3878520297794854,0.23902836472960964,1
diamonds,hard_sparse,outlier,7006,0.24406397498816443,0.3781906608769602,0.2295738344073804,hyb_randreg,0.25229202788801613,0.3868763065858466,0.23775245207301507,0
diamonds,hard_sparse,outlier,7006,0.24406397498816443,0.3781906608769602,0.2295738344073804,kc_half,0.25428942122242293,0.3825950779347559,0.24042814528951154,4
diamonds,hard_sparse,outlier,7006,0.24406397498816443,0.3781906608769602,0.2295738344073804,kc_land,0.24925141278457438,0.3820574277188663,0.2349039485672963,1
diamonds,hard_sparse,outlier,7006,0.24406397498816443,0.3781906608769602,0.2295738344073804,kc_land_perm,0.2488014144894416,0.37541374761380847,0.2351230737917953,2
diamonds,hard_sparse,outlier,7007,0.2183355625982998,0.32214964135588364,0.2067686146733787,uniform,0.23629995777566518,0.34655547606691983,0.2240153056959783,4
diamonds,hard_sparse,outlier,7007,0.2183355625982998,0.32214964135588364,0.2067686146733787,hyb_ws,0.22681970907963014,0.33217242942097697,0.2150813259574073,2
diamonds,hard_sparse,outlier,7007,0.2183355625982998,0.32214964135588364,0.2067686146733787,hyb_randreg,0.23448637759236407,0.32828759804535346,0.2240350607261099,0
diamonds,hard_sparse,outlier,7007,0.2183355625982998,0.32214964135588364,0.2067686146733787,kc_half,0.23356219078906998,0.3301953622580754,0.22279533839699683,4
diamonds,hard_sparse,outlier,7007,0.2183355625982998,0.32214964135588364,0.2067686146733787,kc_land,0.22407371064936127,0.333055163106029,0.21193101477964085,4
diamonds,hard_sparse,outlier,7007,0.2183355625982998,0.32214964135588364,0.2067686146733787,kc_land_perm,0.2290988176517288,0.32279205652433707,0.21865953207575883,3
diamonds,hard_sparse,outlier,7008,0.2617047100051424,0.3316944490828986,0.25375487327247964,uniform,0.2295443592299823,0.3229356391849946,0.21893644101682944,3
diamonds,hard_sparse,outlier,7008,0.2617047100051424,0.3316944490828986,0.25375487327247964,hyb_ws,0.24402130861920615,0.3394577082786236,0.23318109395855963,8
diamonds,hard_sparse,outlier,7008,0.2617047100051424,0.3316944490828986,0.25375487327247964,hyb_randreg,0.23804340797759868,0.33274651669941185,0.2272864847152101,3
diamonds,hard_sparse,outlier,7008,0.2617047100051424,0.3316944490828986,0.25375487327247964,kc_half,0.2276854430956862,0.3183614581668302,0.21738594027023334,4
diamonds,hard_sparse,outlier,7008,0.2617047100051424,0.3316944490828986,0.25375487327247964,kc_land,0.23014270498689926,0.3401003433837943,0.21765308458992452,3
diamonds,hard_sparse,outlier,7008,0.2617047100051424,0.3316944490828986,0.25375487327247964,kc_land_perm,0.2333670320274985,0.3234326489524076,0.22313686173090527,5
diamonds,hard_sparse,outlier,7009,0.22278200652416547,0.3313190633289125,0.2114217346299376,uniform,0.22367559969832976,0.3443545435143665,0.21104447025721462,4
diamonds,hard_sparse,outlier,7009,0.22278200652416547,0.3313190633289125,0.2114217346299376,hyb_ws,0.22546073852874957,0.35315262950974546,0.21209558341088228,2
diamonds,hard_sparse,outlier,7009,0.22278200652416547,0.3313190633289125,0.2114217346299376,hyb_randreg,0.2291914610891017,0.35582265510493255,0.2159373261727803,1
diamonds,hard_sparse,outlier,7009,0.22278200652416547,0.3313190633289125,0.2114217346299376,kc_half,0.2361388309522158,0.35507895674370316,0.2236896987580778,4
diamonds,hard_sparse,outlier,7009,0.22278200652416547,0.3313190633289125,0.2114217346299376,kc_land,0.2225464603584091,0.3541920106720365,0.2087674867133208,5
diamonds,hard_sparse,outlier,7009,0.22278200652416547,0.3313190633289125,0.2114217346299376,kc_land_perm,0.23066895020592165,0.3566412212783878,0.21748378292161769,6
sulfur,sparse_init,clean,7000,0.31119104010988374,0.26365136586312304,0.31659086947866943,uniform,0.21878031243722962,0.21568333962114164,0.219132084405204,22
sulfur,sparse_init,clean,7000,0.31119104010988374,0.26365136586312304,0.31659086947866943,hyb_ws,0.21805593731131323,0.23321809050318112,0.21633373282849527,26
sulfur,sparse_init,clean,7000,0.31119104010988374,0.26365136586312304,0.31659086947866943,hyb_randreg,0.22600393690152742,0.23274165078608797,0.2252386286429248,21
sulfur,sparse_init,clean,7000,0.31119104010988374,0.26365136586312304,0.31659086947866943,kc_half,0.2266438208596769,0.21921579849408854,0.22748753832213794,24
sulfur,sparse_init,clean,7000,0.31119104010988374,0.26365136586312304,0.31659086947866943,kc_land,0.21641739780827543,0.21979171015767904,0.21603412402248567,33
sulfur,sparse_init,clean,7000,0.31119104010988374,0.26365136586312304,0.31659086947866943,kc_land_perm,0.22666975785805368,0.22267663978864408,0.22712331915324274,31
sulfur,sparse_init,clean,7001,0.4086026815512645,0.30722617275158876,0.4204960149858633,uniform,0.2646293214458881,0.18272404695490144,0.2742383201291882,13
sulfur,sparse_init,clean,7001,0.4086026815512645,0.30722617275158876,0.4204960149858633,hyb_ws,0.2581209992726374,0.16853522779092167,0.26863106184870456,19
sulfur,sparse_init,clean,7001,0.4086026815512645,0.30722617275158876,0.4204960149858633,hyb_randreg,0.2663988270424386,0.18593301324492434,0.2758389504488509,18
sulfur,sparse_init,clean,7001,0.4086026815512645,0.30722617275158876,0.4204960149858633,kc_half,0.26208665591829416,0.1681701947119833,0.27310478823858764,11
sulfur,sparse_init,clean,7001,0.4086026815512645,0.30722617275158876,0.4204960149858633,kc_land,0.26558901546875097,0.1916824625790153,0.27425961664575904,13
sulfur,sparse_init,clean,7001,0.4086026815512645,0.30722617275158876,0.4204960149858633,kc_land_perm,0.259636267382754,0.17861506128604934,0.26914154854493727,15
sulfur,sparse_init,clean,7002,0.3295448375089235,0.24068999905977412,0.3390895986712352,uniform,0.2916962497996683,0.2169749820038234,0.29972278687186865,8
sulfur,sparse_init,clean,7002,0.3295448375089235,0.24068999905977412,0.3390895986712352,hyb_ws,0.2848992555211299,0.214474228866382,0.2924642916069666,12
sulfur,sparse_init,clean,7002,0.3295448375089235,0.24068999905977412,0.3390895986712352,hyb_randreg,0.286934291550806,0.22107651662769312,0.29400871477067525,13
sulfur,sparse_init,clean,7002,0.3295448375089235,0.24068999905977412,0.3390895986712352,kc_half,0.2895543496446895,0.21769712743887298,0.29727323176425124,20
sulfur,sparse_init,clean,7002,0.3295448375089235,0.24068999905977412,0.3390895986712352,kc_land,0.2881287564620805,0.2154461815428412,0.29593629773247493,10
sulfur,sparse_init,clean,7002,0.3295448375089235,0.24068999905977412,0.3390895986712352,kc_land_perm,0.28838147059416264,0.21473940177063316,0.2962920804234897,19
sulfur,sparse_init,clean,7003,0.294724209505693,0.2305529398577519,0.30205296174960833,uniform,0.27277974226521384,0.21385538511839908,0.2795092649477191,11
sulfur,sparse_init,clean,7003,0.294724209505693,0.2305529398577519,0.30205296174960833,hyb_ws,0.2661104880527839,0.21668021395974513,0.2717557282695377,18
sulfur,sparse_init,clean,7003,0.294724209505693,0.2305529398577519,0.30205296174960833,hyb_randreg,0.2752717688483094,0.2208809333927817,0.28148353557164274,3
sulfur,sparse_init,clean,7003,0.294724209505693,0.2305529398577519,0.30205296174960833,kc_half,0.2778827383075725,0.2215526957272601,0.2843159743682767,14
sulfur,sparse_init,clean,7003,0.294724209505693,0.2305529398577519,0.30205296174960833,kc_land,0.2701446144257863,0.2111141101967724,0.27688625975556225,7
sulfur,sparse_init,clean,7003,0.294724209505693,0.2305529398577519,0.30205296174960833,kc_land_perm,0.2790555589238153,0.209675266580174,0.28697921348116706,8
sulfur,sparse_init,clean,7004,0.31487802519024216,0.19583397629611002,0.3282154596368186,uniform,0.26457073031555567,0.2128192482372372,0.27036885299488916,13
sulfur,sparse_init,clean,7004,0.31487802519024216,0.19583397629611002,0.3282154596368186,hyb_ws,0.25180193493796144,0.18150865416363476,0.2596774401234086,11
sulfur,sparse_init,clean,7004,0.31487802519024216,0.19583397629611002,0.3282154596368186,hyb_randreg,0.24898307364040884,0.18630806967298805,0.25600504378187966,6
sulfur,sparse_init,clean,7004,0.31487802519024216,0.19583397629611002,0.3282154596368186,kc_half,0.25321279580133166,0.18490078842632984,0.26086632345552285,15
sulfur,sparse_init,clean,7004,0.31487802519024216,0.19583397629611002,0.3282154596368186,kc_land,0.2477895437832572,0.1755077249724162,0.2558878404139964,12
sulfur,sparse_init,clean,7004,0.31487802519024216,0.19583397629611002,0.3282154596368186,kc_land_perm,0.25001439612935283,0.18223977653761925,0.2576077160335699,21
sulfur,sparse_init,clean,7005,0.2697259930855161,0.2325044933940557,0.2739769164486076,uniform,0.24566915358638441,0.24206330970199783,0.24608096305507482,22
sulfur,sparse_init,clean,7005,0.2697259930855161,0.2325044933940557,0.2739769164486076,hyb_ws,0.24437337575992774,0.21425026244496867,0.24781361989896208,30
sulfur,sparse_init,clean,7005,0.2697259930855161,0.2325044933940557,0.2739769164486076,hyb_randreg,0.24437469303700604,0.2216851624303062,0.24696597647676838,32
sulfur,sparse_init,clean,7005,0.2697259930855161,0.2325044933940557,0.2739769164486076,kc_half,0.24282739887990057,0.22219838513563248,0.24518335866685037,27
sulfur,sparse_init,clean,7005,0.2697259930855161,0.2325044933940557,0.2739769164486076,kc_land,0.24621845124980626,0.22634678843429937,0.2484879169195438,37
sulfur,sparse_init,clean,7005,0.2697259930855161,0.2325044933940557,0.2739769164486076,kc_land_perm,0.2420118823736786,0.21275836427987854,0.24535281340946075,45
sulfur,sparse_init,clean,7006,0.26051126257820245,0.2099506401066234,0.26642718014748246,uniform,0.25204699406290687,0.1894173897925792,0.259375060019139,9
sulfur,sparse_init,clean,7006,0.26051126257820245,0.2099506401066234,0.26642718014748246,hyb_ws,0.2553261136622772,0.19797336366171825,0.2620367537768357,11
sulfur,sparse_init,clean,7006,0.26051126257820245,0.2099506401066234,0.26642718014748246,hyb_randreg,0.25806659471743365,0.20135118462236765,0.2647026619695511,1
sulfur,sparse_init,clean,7006,0.26051126257820245,0.2099506401066234,0.26642718014748246,kc_half,0.25778486828834535,0.20015582910066126,0.2645278360123441,16
sulfur,sparse_init,clean,7006,0.26051126257820245,0.2099506401066234,0.26642718014748246,kc_land,0.25543037834724996,0.1926289729147641,0.2627785461428969,7
sulfur,sparse_init,clean,7006,0.26051126257820245,0.2099506401066234,0.26642718014748246,kc_land_perm,0.25408671234194624,0.20313895726827388,0.2600479269121414,11
sulfur,sparse_init,clean,7007,0.25444221585595334,0.35155278393874917,0.24329128105937808,uniform,0.2045992613655011,0.1913062411649813,0.20612566167838128,16
sulfur,sparse_init,clean,7007,0.25444221585595334,0.35155278393874917,0.24329128105937808,hyb_ws,0.20427011789144597,0.1866457417661025,0.206293875685103,27
sulfur,sparse_init,clean,7007,0.25444221585595334,0.35155278393874917,0.24329128105937808,hyb_randreg,0.20335708041329315,0.18576528705497258,0.2053770968189866,33
sulfur,sparse_init,clean,7007,0.25444221585595334,0.35155278393874917,0.24329128105937808,kc_half,0.20235269551656532,0.17743111723843785,0.20521437061427672,21
sulfur,sparse_init,clean,7007,0.25444221585595334,0.35155278393874917,0.24329128105937808,kc_land,0.1977398935261417,0.18770474783445268,0.19889220122541035,27
sulfur,sparse_init,clean,7007,0.25444221585595334,0.35155278393874917,0.24329128105937808,kc_land_perm,0.20225972370558412,0.18365051785881414,0.20439656674038603,23
sulfur,sparse_init,clean,7008,0.3040760372450235,0.1597742628162003,0.32096027167274677,uniform,0.28226226750201044,0.17158007338770084,0.2952127951015345,10
sulfur,sparse_init,clean,7008,0.3040760372450235,0.1597742628162003,0.32096027167274677,hyb_ws,0.28537346388981233,0.20955411967417387,0.2942448141345351,3
sulfur,sparse_init,clean,7008,0.3040760372450235,0.1597742628162003,0.32096027167274677,hyb_randreg,0.2828719755466219,0.1879792539207911,0.2939750334525765,18
sulfur,sparse_init,clean,7008,0.3040760372450235,0.1597742628162003,0.32096027167274677,kc_half,0.28825035523594317,0.19482769880815168,0.29918140607181154,17
sulfur,sparse_init,clean,7008,0.3040760372450235,0.1597742628162003,0.32096027167274677,kc_land,0.28261245071263374,0.16574012805348698,0.29628726310978043,8
sulfur,sparse_init,clean,7008,0.3040760372450235,0.1597742628162003,0.32096027167274677,kc_land_perm,0.2810531112510624,0.17679078096632134,0.2932524735491095,11
sulfur,sparse_init,clean,7009,0.3357106896990053,0.23281127109863695,0.3477826885292161,uniform,0.2272093072804861,0.2018487285552185,0.2301845707063555,29
sulfur,sparse_init,clean,7009,0.3357106896990053,0.23281127109863695,0.3477826885292161,hyb_ws,0.23455765333780365,0.20567146135007117,0.23794653619669964,35
sulfur,sparse_init,clean,7009,0.3357106896990053,0.23281127109863695,0.3477826885292161,hyb_randreg,0.24076097259345255,0.20022164496145411,0.2455169830977652,38
sulfur,sparse_init,clean,7009,0.3357106896990053,0.23281127109863695,0.3477826885292161,kc_half,0.24166785194453688,0.21513862530399472,0.24478021931577368,35
sulfur,sparse_init,clean,7009,0.3357106896990053,0.23281127109863695,0.3477826885292161,kc_land,0.24105392987331925,0.21215743442339846,0.244444021518282,35
sulfur,sparse_init,clean,7009,0.3357106896990053,0.23281127109863695,0.3477826885292161,kc_land_perm,0.2349993811149012,0.19082834956579972,0.24018145744189082,49
sulfur,sparse_init,outlier,7000,0.26057084375087775,0.34453997209033654,0.25103314765886797,uniform,0.262864386468062,0.32442142008852143,0.2558723848764285,24
sulfur,sparse_init,outlier,7000,0.26057084375087775,0.34453997209033654,0.25103314765886797,hyb_ws,0.24923383759660248,0.29143475303598815,0.24444041513021347,32
sulfur,sparse_init,outlier,7000,0.26057084375087775,0.34453997209033654,0.25103314765886797,hyb_randreg,0.2649007355990042,0.43740856136013023,0.2453063055014153,29
sulfur,sparse_init,outlier,7000,0.26057084375087775,0.34453997209033654,0.25103314765886797,kc_half,0.2663871958214429,0.3974143484144472,0.25150437893448696,19
sulfur,sparse_init,outlier,7000,0.26057084375087775,0.34453997209033654,0.25103314765886797,kc_land,0.2422723903660934,0.28885744476457315,0.23698099220501886,36
sulfur,sparse_init,outlier,7000,0.26057084375087775,0.34453997209033654,0.25103314765886797,kc_land_perm,0.2511465370389867,0.32781080815940206,0.2424385686043738,19
sulfur,sparse_init,outlier,7001,0.3990220698231465,0.29960152896178766,0.4106859321588366,uniform,0.2787051277277159,0.20176151814908624,0.28773203164476174,13
sulfur,sparse_init,outlier,7001,0.3990220698231465,0.29960152896178766,0.4106859321588366,hyb_ws,0.286281951973255,0.1809714922118052,0.29863681038102285,12
sulfur,sparse_init,outlier,7001,0.3990220698231465,0.29960152896178766,0.4106859321588366,hyb_randreg,0.2860016342747407,0.17740370639399944,0.2987421732998556,24
sulfur,sparse_init,outlier,7001,0.3990220698231465,0.29960152896178766,0.4106859321588366,kc_half,0.29548759137225816,0.21458196761681889,0.30497931259496336,14
sulfur,sparse_init,outlier,7001,0.3990220698231465,0.29960152896178766,0.4106859321588366,kc_land,0.2744609294652337,0.18606214951156333,0.28483173605197715,9
sulfur,sparse_init,outlier,7001,0.3990220698231465,0.29960152896178766,0.4106859321588366,kc_land_perm,0.28662859670045104,0.1948022569075029,0.29740151924599245,14
sulfur,sparse_init,outlier,7002,0.34425337797937594,0.2218084923523528,0.357406372337982,uniform,0.3107449790530703,0.24967841645930208,0.317304731624051,11
sulfur,sparse_init,outlier,7002,0.34425337797937594,0.2218084923523528,0.357406372337982,hyb_ws,0.31899181302467317,0.26352567381133024,0.3249499697286535,8
sulfur,sparse_init,outlier,7002,0.34425337797937594,0.2218084923523528,0.357406372337982,hyb_randreg,0.3213018182051892,0.23713233492979463,0.33034327986378637,35
sulfur,sparse_init,outlier,7002,0.34425337797937594,0.2218084923523528,0.357406372337982,kc_half,0.3231349860701289,0.25628346392758794,0.3303161573301803,16
sulfur,sparse_init,outlier,7002,0.34425337797937594,0.2218084923523528,0.357406372337982,kc_land,0.31388495762631885,0.267843947768443,0.31883066964870427,9
sulfur,sparse_init,outlier,7002,0.34425337797937594,0.2218084923523528,0.357406372337982,kc_land_perm,0.3098018045877014,0.2667300379595752,0.3144285613572786,10
sulfur,sparse_init,outlier,7003,0.3131767477127597,0.2228871078788952,0.32348837788877205,uniform,0.2956299660366341,0.25928422247747346,0.2997808726826664,10
sulfur,sparse_init,outlier,7003,0.3131767477127597,0.2228871078788952,0.32348837788877205,hyb_ws,0.2928898514870823,0.2109788995156609,0.30224458416348415,5
sulfur,sparse_init,outlier,7003,0.3131767477127597,0.2228871078788952,0.32348837788877205,hyb_randreg,0.2975552922341563,0.2098247097347747,0.3075746623803252,1
sulfur,sparse_init,outlier,7003,0.3131767477127597,0.2228871078788952,0.32348837788877205,kc_half,0.2944034130954798,0.21331411803237865,0.3036643075177281,9
sulfur,sparse_init,outlier,7003,0.3131767477127597,0.2228871078788952,0.32348837788877205,kc_land,0.2954583589096806,0.21483114402761738,0.30466648094356524,9
sulfur,sparse_init,outlier,7003,0.3131767477127597,0.2228871078788952,0.32348837788877205,kc_land_perm,0.3012185413823221,0.20966674574015667,0.31167431748630203,12
sulfur,sparse_init,outlier,7004,0.3541894299636071,0.23295949770675525,0.36777176599349626,uniform,0.28598523856962615,0.24942478549801783,0.2900813916382551,16
sulfur,sparse_init,outlier,7004,0.3541894299636071,0.23295949770675525,0.36777176599349626,hyb_ws,0.27726048518090646,0.19996199180998855,0.28592083903925514,12
sulfur,sparse_init,outlier,7004,0.3541894299636071,0.23295949770675525,0.36777176599349626,hyb_randreg,0.2891166011200364,0.2037363781094347,0.29868241426245296,39
sulfur,sparse_init,outlier,7004,0.3541894299636071,0.23295949770675525,0.36777176599349626,kc_half,0.28444012244793293,0.2416761888908829,0.2892312998800962,19
sulfur,sparse_init,outlier,7004,0.3541894299636071,0.23295949770675525,0.36777176599349626,kc_land,0.27632873649940654,0.18743983992050664,0.28628765374191323,19
sulfur,sparse_init,outlier,7004,0.3541894299636071,0.23295949770675525,0.36777176599349626,kc_land_perm,0.2847611058269858,0.23765667357839673,0.2900385832237557,12
sulfur,sparse_init,outlier,7005,0.30547353910785824,0.2429159258235986,0.31261800190633915,uniform,0.2775974171183346,0.22205879950834792,0.2839402675974696,23
sulfur,sparse_init,outlier,7005,0.30547353910785824,0.2429159258235986,0.31261800190633915,hyb_ws,0.2742611302431555,0.22317903256730898,0.2800950188356617,17
sulfur,sparse_init,outlier,7005,0.30547353910785824,0.2429159258235986,0.31261800190633915,hyb_randreg,0.2813551831457077,0.2259512104401172,0.2876826563516386,32
sulfur,sparse_init,outlier,7005,0.30547353910785824,0.2429159258235986,0.31261800190633915,kc_half,0.2796320803725121,0.2254813576369903,0.28581642475177776,21
sulfur,sparse_init,outlier,7005,0.30547353910785824,0.2429159258235986,0.31261800190633915,kc_land,0.278783175042434,0.22831219882923415,0.28454726981887185,27
sulfur,sparse_init,outlier,7005,0.30547353910785824,0.2429159258235986,0.31261800190633915,kc_land_perm,0.2914328327712225,0.24274043734821704,0.29699380272203924,36
sulfur,sparse_init,outlier,7006,0.2994829388687087,0.2163898677178379,0.30920536188245196,uniform,0.27126716046006116,0.2087655583957996,0.2785802493360527,11
sulfur,sparse_init,outlier,7006,0.2994829388687087,0.2163898677178379,0.30920536188245196,hyb_ws,0.2759945974679127,0.1973240347997425,0.2851995585843504,4
sulfur,sparse_init,outlier,7006,0.2994829388687087,0.2163898677178379,0.30920536188245196,hyb_randreg,0.2913192901847153,0.20369775920430702,0.30157157208384716,38
sulfur,sparse_init,outlier,7006,0.2994829388687087,0.2163898677178379,0.30920536188245196,kc_half,0.28943707971465665,0.22109389567867455,0.29743367120057584,10
sulfur,sparse_init,outlier,7006,0.2994829388687087,0.2163898677178379,0.30920536188245196,kc_land,0.2719629030579478,0.21851178404406996,0.2782170272877202,4
sulfur,sparse_init,outlier,7006,0.2994829388687087,0.2163898677178379,0.30920536188245196,kc_land_perm,0.28090492211388596,0.2155049302607875,0.2885571412109115,18
sulfur,sparse_init,outlier,7007,0.311380848998076,0.22985210323847977,0.32074256673858703,uniform,0.26354405129170955,0.24180037634580576,0.26604081664224244,14
sulfur,sparse_init,outlier,7007,0.311380848998076,0.22985210323847977,0.32074256673858703,hyb_ws,0.2568604209192938,0.24208041620253493,0.2585575675032694,16
sulfur,sparse_init,outlier,7007,0.311380848998076,0.22985210323847977,0.32074256673858703,hyb_randreg,0.24383858303234948,0.22406664098112455,0.24610893981192153,35
sulfur,sparse_init,outlier,7007,0.311380848998076,0.22985210323847977,0.32074256673858703,kc_half,0.2627691877171026,0.23055844506909007,0.26646785716274957,16
sulfur,sparse_init,outlier,7007,0.311380848998076,0.22985210323847977,0.32074256673858703,kc_land,0.2506086827044887,0.2186048134303748,0.2542835974594873,16
sulfur,sparse_init,outlier,7007,0.311380848998076,0.22985210323847977,0.32074256673858703,kc_land_perm,0.2522810603539612,0.2256730397543083,0.255336384904423,22
sulfur,sparse_init,outlier,7008,0.3009194475146345,0.15221323019162086,0.31831903004977624,uniform,0.33433651286446103,0.18982002722057137,0.3512458698833915,13
sulfur,sparse_init,outlier,7008,0.3009194475146345,0.15221323019162086,0.31831903004977624,hyb_ws,0.31327794866093267,0.185234103396861,0.328259900955165,10
sulfur,sparse_init,outlier,7008,0.3009194475146345,0.15221323019162086,0.31831903004977624,hyb_randreg,0.32840471898150186,0.22029212344236604,0.3410545870437464,4
sulfur,sparse_init,outlier,7008,0.3009194475146345,0.15221323019162086,0.31831903004977624,kc_half,0.32440628206884536,0.22726570327444817,0.33577235370102976,20
sulfur,sparse_init,outlier,7008,0.3009194475146345,0.15221323019162086,0.31831903004977624,kc_land,0.3060653598058775,0.20379000389294286,0.3180322333405102,9
sulfur,sparse_init,outlier,7008,0.3009194475146345,0.15221323019162086,0.31831903004977624,kc_land_perm,0.32403533251038835,0.20795520498249884,0.3376174529890774,14
sulfur,sparse_init,outlier,7009,0.2816503224829379,0.20466931613764813,0.2906816137301506,uniform,0.25120098722311734,0.20344415055015166,0.256803744598158,25
sulfur,sparse_init,outlier,7009,0.2816503224829379,0.20466931613764813,0.2906816137301506,hyb_ws,0.250939286255887,0.23070046936798155,0.2533136725946915,34
sulfur,sparse_init,outlier,7009,0.2816503224829379,0.20466931613764813,0.2906816137301506,hyb_randreg,0.24950484181839738,0.20238122215349744,0.25503331116455885,40
sulfur,sparse_init,outlier,7009,0.2816503224829379,0.20466931613764813,0.2906816137301506,kc_half,0.2521879746534018,0.20940402520690443,0.2572073206778512,30
sulfur,sparse_init,outlier,7009,0.2816503224829379,0.20466931613764813,0.2906816137301506,kc_land,0.23876140628813428,0.20375704144308673,0.24286806361632418,39
sulfur,sparse_init,outlier,7009,0.2816503224829379,0.20466931613764813,0.2906816137301506,kc_land_perm,0.24117198504554818,0.19733799653954426,0.24631452000993975,38
sulfur,sparse_all,clean,7000,0.2203128480866627,0.2334595102417866,0.21881957465701618,uniform,0.20614331253529541,0.22893335942657042,0.20355468805544014,10
sulfur,sparse_all,clean,7000,0.2203128480866627,0.2334595102417866,0.21881957465701618,hyb_ws,0.20494110986483785,0.21725228090497672,0.2035427363168488,9
sulfur,sparse_all,clean,7000,0.2203128480866627,0.2334595102417866,0.21881957465701618,hyb_randreg,0.20246886626604338,0.21421403754637589,0.20113478222306574,8
sulfur,sparse_all,clean,7000,0.2203128480866627,0.2334595102417866,0.21881957465701618,kc_half,0.20479782846978417,0.21297725176881607,0.20386876257167585,8
sulfur,sparse_all,clean,7000,0.2203128480866627,0.2334595102417866,0.21881957465701618,kc_land,0.2023430775779537,0.21216216769066798,0.20122776890145386,14
sulfur,sparse_all,clean,7000,0.2203128480866627,0.2334595102417866,0.21881957465701618,kc_land_perm,0.19887731354588115,0.2112665163569268,0.19747007670097397,16
sulfur,sparse_all,clean,7001,0.2771132414118589,0.20665824001461208,0.2853789119668432,uniform,0.25620217409345186,0.17571385816908835,0.26564493741418727,4
sulfur,sparse_all,clean,7001,0.2771132414118589,0.20665824001461208,0.2853789119668432,hyb_ws,0.24361367468647124,0.1843675286404441,0.25056433986505544,1
sulfur,sparse_all,clean,7001,0.2771132414118589,0.20665824001461208,0.2853789119668432,hyb_randreg,0.2459652295486502,0.1762618468034659,0.25414272137909083,12
sulfur,sparse_all,clean,7001,0.2771132414118589,0.20665824001461208,0.2853789119668432,kc_half,0.2450639052109149,0.187967215110406,0.2517623995802484,5
sulfur,sparse_all,clean,7001,0.2771132414118589,0.20665824001461208,0.2853789119668432,kc_land,0.24863047858384293,0.1895947970522289,0.25555645239481445,2
sulfur,sparse_all,clean,7001,0.2771132414118589,0.20665824001461208,0.2853789119668432,kc_land_perm,0.2508412590719461,0.17925703034195617,0.25923940881121865,4
sulfur,sparse_all,clean,7002,0.37070970946597964,0.21481376304164,0.3874560071438988,uniform,0.2953796411948033,0.2301793195090748,0.30238344097721265,4
sulfur,sparse_all,clean,7002,0.37070970946597964,0.21481376304164,0.3874560071438988,hyb_ws,0.29293577863747583,0.2403493577154757,0.2985845968317549,3
sulfur,sparse_all,clean,7002,0.37070970946597964,0.21481376304164,0.3874560071438988,hyb_randreg,0.2916677357203482,0.23522277841134645,0.29773103678233404,5
sulfur,sparse_all,clean,7002,0.37070970946597964,0.21481376304164,0.3874560071438988,kc_half,0.29138720784458244,0.23295804587008234,0.2976636516004258,7
sulfur,sparse_all,clean,7002,0.37070970946597964,0.21481376304164,0.3874560071438988,kc_land,0.2886388594482172,0.25966931653973613,0.291750759406271,2
sulfur,sparse_all,clean,7002,0.37070970946597964,0.21481376304164,0.3874560071438988,kc_land_perm,0.290708895332944,0.23294397245563844,0.29691398671622043,4
sulfur,sparse_all,clean,7003,0.3025475012931873,0.2123632937699142,0.31284709045322684,uniform,0.26918634467914104,0.21675217214759138,0.27517464850586393,3
sulfur,sparse_all,clean,7003,0.3025475012931873,0.2123632937699142,0.31284709045322684,hyb_ws,0.279522592262064,0.2257823862626647,0.2856600531143631,2
sulfur,sparse_all,clean,7003,0.3025475012931873,0.2123632937699142,0.31284709045322684,hyb_randreg,0.2759926778251345,0.21363584842575875,0.2831142098735312,0
sulfur,sparse_all,clean,7003,0.3025475012931873,0.2123632937699142,0.31284709045322684,kc_half,0.27555996902016683,0.21311824476234234,0.2826911965816453,1
sulfur,sparse_all,clean,7003,0.3025475012931873,0.2123632937699142,0.31284709045322684,kc_land,0.2710047411943324,0.21669225941088188,0.2772075594481526,2
sulfur,sparse_all,clean,7003,0.3025475012931873,0.2123632937699142,0.31284709045322684,kc_land_perm,0.2754206294268287,0.2147690285838926,0.2823474139242114,2
sulfur,sparse_all,clean,7004,0.26028593857862276,0.16442457775352243,0.27102603544059534,uniform,0.24723701928852165,0.18636934463270113,0.25405650021326326,6
sulfur,sparse_all,clean,7004,0.26028593857862276,0.16442457775352243,0.27102603544059534,hyb_ws,0.2466088300223842,0.19420918892801636,0.25247957101794444,7
sulfur,sparse_all,clean,7004,0.26028593857862276,0.16442457775352243,0.27102603544059534,hyb_randreg,0.25059119197551066,0.19888455122779652,0.2563842907303977,5
sulfur,sparse_all,clean,7004,0.26028593857862276,0.16442457775352243,0.27102603544059534,kc_half,0.25375605683161706,0.2006842442294025,0.2597021064503806,9
sulfur,sparse_all,clean,7004,0.26028593857862276,0.16442457775352243,0.27102603544059534,kc_land,0.25155912739066427,0.19474409669299728,0.2579245589645202,4
sulfur,sparse_all,clean,7004,0.26028593857862276,0.16442457775352243,0.27102603544059534,kc_land_perm,0.24453133269498506,0.1790294055245503,0.25187002511914,13
sulfur,sparse_all,clean,7005,0.27405544248864067,0.23837732437328146,0.27813010221769285,uniform,0.2367555866243106,0.20892548324559526,0.2399339549767544,6
sulfur,sparse_all,clean,7005,0.27405544248864067,0.23837732437328146,0.27813010221769285,hyb_ws,0.2358572961261085,0.2121161466375299,0.23856868088664254,10
sulfur,sparse_all,clean,7005,0.27405544248864067,0.23837732437328146,0.27813010221769285,hyb_randreg,0.24330423915946495,0.20966141102385713,0.24714645630030035,13
sulfur,sparse_all,clean,7005,0.27405544248864067,0.23837732437328146,0.27813010221769285,kc_half,0.2415514738445148,0.20838997155723957,0.24533872062384154,13
sulfur,sparse_all,clean,7005,0.27405544248864067,0.23837732437328146,0.27813010221769285,kc_land,0.23349527991382776,0.20946485073754798,0.23623970218744186,13
sulfur,sparse_all,clean,7005,0.27405544248864067,0.23837732437328146,0.27813010221769285,kc_land_perm,0.23131619782344484,0.21688255401602716,0.23296460839755107,17
sulfur,sparse_all,clean,7006,0.3088317264971937,0.2728397206145714,0.31304302235444553,uniform,0.2613862195485668,0.20608186893247923,0.2678571837787094,4
sulfur,sparse_all,clean,7006,0.3088317264971937,0.2728397206145714,0.31304302235444553,hyb_ws,0.2530531671367658,0.21290657177654917,0.2577505766469391,2
sulfur,sparse_all,clean,7006,0.3088317264971937,0.2728397206145714,0.31304302235444553,hyb_randreg,0.25199783396939757,0.2180432773723303,0.25597073517413677,7
sulfur,sparse_all,clean,7006,0.3088317264971937,0.2728397206145714,0.31304302235444553,kc_half,0.2525165998828225,0.21515406634077355,0.25688825627883427,1
sulfur,sparse_all,clean,7006,0.3088317264971937,0.2728397206145714,0.31304302235444553,kc_land,0.24487590759704997,0.2041799466685874,0.2496375964071661,2
sulfur,sparse_all,clean,7006,0.3088317264971937,0.2728397206145714,0.31304302235444553,kc_land_perm,0.25033692987342504,0.20582447624386724,0.2555451728420888,0
sulfur,sparse_all,clean,7007,0.2253621392824081,0.1940817874048592,0.2289539745593173,uniform,0.2013776195655164,0.21905143170695981,0.19934818517246328,8
sulfur,sparse_all,clean,7007,0.2253621392824081,0.1940817874048592,0.2289539745593173,hyb_ws,0.2011065189376517,0.20980082546716128,0.20010817604741812,4
sulfur,sparse_all,clean,7007,0.2253621392824081,0.1940817874048592,0.2289539745593173,hyb_randreg,0.19287341685773451,0.1866529116837288,0.19358770006054676,8
sulfur,sparse_all,clean,7007,0.2253621392824081,0.1940817874048592,0.2289539745593173,kc_half,0.2001030209150045,0.2169379149860599,0.1981699171364998,3
sulfur,sparse_all,clean,7007,0.2253621392824081,0.1940817874048592,0.2289539745593173,kc_land,0.19930046268347065,0.224268353935454,0.1964334695965651,6
sulfur,sparse_all,clean,7007,0.2253621392824081,0.1940817874048592,0.2289539745593173,kc_land_perm,0.19878857144373563,0.2126523779176026,0.19719662934027044,7
sulfur,sparse_all,clean,7008,0.3173766703008267,0.199350960975298,0.331186436345897,uniform,0.2832248102873076,0.17074512272387754,0.2963856561652962,6
sulfur,sparse_all,clean,7008,0.3173766703008267,0.199350960975298,0.331186436345897,hyb_ws,0.27659157241412097,0.19932186644185884,0.28563262429973324,1
sulfur,sparse_all,clean,7008,0.3173766703008267,0.199350960975298,0.331186436345897,hyb_randreg,0.27118838254833605,0.18041846089465977,0.2818090463776828,0
sulfur,sparse_all,clean,7008,0.3173766703008267,0.199350960975298,0.331186436345897,kc_half,0.27295742352414176,0.1764536322235724,0.28424898692959794,5
sulfur,sparse_all,clean,7008,0.3173766703008267,0.199350960975298,0.331186436345897,kc_land,0.27420269811770004,0.18337495451154673,0.2848301274868646,1
sulfur,sparse_all,clean,7008,0.3173766703008267,0.199350960975298,0.331186436345897,kc_land_perm,0.27268674686776523,0.17152246042150243,0.2845236181386348,2
sulfur,sparse_all,clean,7009,0.2491619570022765,0.2009531843459749,0.25481773479994313,uniform,0.23560396990460927,0.19703360698828146,0.24012898454842427,14
sulfur,sparse_all,clean,7009,0.2491619570022765,0.2009531843459749,0.25481773479994313,hyb_ws,0.2323499765952248,0.20320166763491823,0.23576961060732782,19
sulfur,sparse_all,clean,7009,0.2491619570022765,0.2009531843459749,0.25481773479994313,hyb_randreg,0.23580144690156574,0.21743813351444313,0.23795580210340692,15
sulfur,sparse_all,clean,7009,0.2491619570022765,0.2009531843459749,0.25481773479994313,kc_half,0.23084253204873048,0.20273035820311805,0.2341406083099476,16
sulfur,sparse_all,clean,7009,0.2491619570022765,0.2009531843459749,0.25481773479994313,kc_land,0.22891350809162214,0.1977423434256854,0.23257046037086612,21
sulfur,sparse_all,clean,7009,0.2491619570022765,0.2009531843459749,0.25481773479994313,kc_land_perm,0.22699146100041617,0.19748011087611553,0.23045368643399333,19
sulfur,sparse_all,outlier,7000,0.2634239736678895,0.23273841457365815,0.2669094157921786,uniform,0.23036930488943463,0.23360740779494235,0.23000150255495605,8
sulfur,sparse_all,outlier,7000,0.2634239736678895,0.23273841457365815,0.2669094157921786,hyb_ws,0.23391581467896538,0.23280761673727,0.234041690169002,15
sulfur,sparse_all,outlier,7000,0.2634239736678895,0.23273841457365815,0.2669094157921786,hyb_randreg,0.22806557895782686,0.2191861151631142,0.22907415947793894,17
sulfur,sparse_all,outlier,7000,0.2634239736678895,0.23273841457365815,0.2669094157921786,kc_half,0.23983580705243865,0.25877490608826836,0.23768459535794575,14
sulfur,sparse_all,outlier,7000,0.2634239736678895,0.23273841457365815,0.2669094157921786,kc_land,0.22857115635361427,0.22847251337783983,0.22858236078961539,14
sulfur,sparse_all,outlier,7000,0.2634239736678895,0.23273841457365815,0.2669094157921786,kc_land_perm,0.23937285693192012,0.22831100570499815,0.24062932555680436,18
sulfur,sparse_all,outlier,7001,0.38930325802643606,0.25521675291295903,0.4050340770620953,uniform,0.28744630804512433,0.193925647914161,0.29841800560238824,4
sulfur,sparse_all,outlier,7001,0.38930325802643606,0.25521675291295903,0.4050340770620953,hyb_ws,0.2890343676395132,0.18044643467490884,0.3017737340767013,2
sulfur,sparse_all,outlier,7001,0.38930325802643606,0.25521675291295903,0.4050340770620953,hyb_randreg,0.2919286284668634,0.1792748417155788,0.3051449945103102,3
sulfur,sparse_all,outlier,7001,0.38930325802643606,0.25521675291295903,0.4050340770620953,kc_half,0.290066860341367,0.20970933268983208,0.2994942797865192,4
sulfur,sparse_all,outlier,7001,0.38930325802643606,0.25521675291295903,0.4050340770620953,kc_land,0.2686533726835294,0.17755872974752365,0.2793404536983681,2
sulfur,sparse_all,outlier,7001,0.38930325802643606,0.25521675291295903,0.4050340770620953,kc_land_perm,0.286157555409221,0.1756503733434256,0.2991220851487835,2
sulfur,sparse_all,outlier,7002,0.4257714068218241,0.23404312653954673,0.4463668034855904,uniform,0.32057810226923716,0.22675307197228384,0.330656760008777,4
sulfur,sparse_all,outlier,7002,0.4257714068218241,0.23404312653954673,0.4463668034855904,hyb_ws,0.31535427309007713,0.21775612139004483,0.32583823844434423,3
sulfur,sparse_all,outlier,7002,0.4257714068218241,0.23404312653954673,0.4463668034855904,hyb_randreg,0.31334574661993964,0.2061166324812916,0.3248642671863281,6
sulfur,sparse_all,outlier,7002,0.4257714068218241,0.23404312653954673,0.4463668034855904,kc_half,0.3104838192439803,0.22112384781227604,0.3200828416458356,3
sulfur,sparse_all,outlier,7002,0.4257714068218241,0.23404312653954673,0.4463668034855904,kc_land,0.30191442967865806,0.2250541051660704,0.31017074360747415,2
sulfur,sparse_all,outlier,7002,0.4257714068218241,0.23404312653954673,0.4463668034855904,kc_land_perm,0.31324256412915646,0.23856505237528083,0.32126440093992714,6
sulfur,sparse_all,outlier,7003,0.3629437375090132,0.20981403113109384,0.3804320883766865,uniform,0.3088997386162714,0.22356575569061074,0.3186454024044388,2
sulfur,sparse_all,outlier,7003,0.3629437375090132,0.20981403113109384,0.3804320883766865,hyb_ws,0.29378303328762423,0.2209339301898698,0.30210284729043185,1
sulfur,sparse_all,outlier,7003,0.3629437375090132,0.20981403113109384,0.3804320883766865,hyb_randreg,0.3032310935744651,0.21531308131002908,0.31327186934839785,6
sulfur,sparse_all,outlier,7003,0.3629437375090132,0.20981403113109384,0.3804320883766865,kc_half,0.30949646604676445,0.21454416543297022,0.3203406006572535,3
sulfur,sparse_all,outlier,7003,0.3629437375090132,0.20981403113109384,0.3804320883766865,kc_land,0.2937955483580315,0.2202711481874337,0.30219248542486854,2
sulfur,sparse_all,outlier,7003,0.3629437375090132,0.20981403113109384,0.3804320883766865,kc_land_perm,0.3076209451167431,0.22514815268389662,0.3170398434168732,2
sulfur,sparse_all,outlier,7004,0.28819466266146054,0.18865969532593985,0.2993463423490376,uniform,0.28000112919260883,0.21542989911965532,0.2872355483528536,6
sulfur,sparse_all,outlier,7004,0.28819466266146054,0.18865969532593985,0.2993463423490376,hyb_ws,0.27216260707891515,0.2343104644771776,0.2764034782127767,2
sulfur,sparse_all,outlier,7004,0.28819466266146054,0.18865969532593985,0.2993463423490376,hyb_randreg,0.27509524578888317,0.20105752410780392,0.283390269930522,8
sulfur,sparse_all,outlier,7004,0.28819466266146054,0.18865969532593985,0.2993463423490376,kc_half,0.27830543268966274,0.22375144229321844,0.2844175422614634,2
sulfur,sparse_all,outlier,7004,0.28819466266146054,0.18865969532593985,0.2993463423490376,kc_land,0.2704666838418119,0.2379702661850683,0.27410751128570054,2
sulfur,sparse_all,outlier,7004,0.28819466266146054,0.18865969532593985,0.2993463423490376,kc_land_perm,0.2754242547737712,0.21067949773497632,0.28267811551512073,9
sulfur,sparse_all,outlier,7005,0.2871679443597808,0.23888851511522943,0.29268175104230626,uniform,0.2667973985649404,0.2434146969624595,0.26946784638026555,10
sulfur,sparse_all,outlier,7005,0.2871679443597808,0.23888851511522943,0.29268175104230626,hyb_ws,0.267798629488247,0.2385372544782424,0.27114045783200796,11
sulfur,sparse_all,outlier,7005,0.2871679443597808,0.23888851511522943,0.29268175104230626,hyb_randreg,0.2762017921036454,0.21980075420966094,0.2826431362642397,11
sulfur,sparse_all,outlier,7005,0.2871679443597808,0.23888851511522943,0.29268175104230626,kc_half,0.27396156525149795,0.22259081279014073,0.27982841998942454,10
sulfur,sparse_all,outlier,7005,0.2871679443597808,0.23888851511522943,0.29268175104230626,kc_land,0.2701495867524917,0.23626045236882598,0.274019933576253,13
sulfur,sparse_all,outlier,7005,0.2871679443597808,0.23888851511522943,0.29268175104230626,kc_land_perm,0.27527814295876335,0.24006079636428165,0.2793001797564619,13
sulfur,sparse_all,outlier,7006,0.2780190928820721,0.21958577684445366,0.284856166163212,uniform,0.2738778891831788,0.21533409880879684,0.2807278886712732,4
sulfur,sparse_all,outlier,7006,0.2780190928820721,0.21958577684445366,0.284856166163212,hyb_ws,0.27840878361987403,0.24746065651136046,0.2820299132647965,1
sulfur,sparse_all,outlier,7006,0.2780190928820721,0.21958577684445366,0.284856166163212,hyb_randreg,0.2731343426173157,0.20750827100783834,0.2808130144978996,0
sulfur,sparse_all,outlier,7006,0.2780190928820721,0.21958577684445366,0.284856166163212,kc_half,0.27488910500860536,0.213151328722505,0.2821128213626618,4
sulfur,sparse_all,outlier,7006,0.2780190928820721,0.21958577684445366,0.284856166163212,kc_land,0.26561451604399633,0.21936372054290879,0.2710261561766285,0
sulfur,sparse_all,outlier,7006,0.2780190928820721,0.21958577684445366,0.284856166163212,kc_land_perm,0.27004102441054306,0.2020793981282925,0.2779929711886115,5
sulfur,sparse_all,outlier,7007,0.3133931484817338,0.2581211440101966,0.3197398780921778,uniform,0.24281097648454827,0.25098067544866776,0.24187287281308306,10
sulfur,sparse_all,outlier,7007,0.3133931484817338,0.2581211440101966,0.3197398780921778,hyb_ws,0.24506539551431022,0.2519521523626435,0.24427460849605123,8
sulfur,sparse_all,outlier,7007,0.3133931484817338,0.2581211440101966,0.3197398780921778,hyb_randreg,0.2445168130146817,0.23818079939775788,0.24524435972877667,6
sulfur,sparse_all,outlier,7007,0.3133931484817338,0.2581211440101966,0.3197398780921778,kc_half,0.24207381583460236,0.2657618697361199,0.23935378288938905,4
sulfur,sparse_all,outlier,7007,0.3133931484817338,0.2581211440101966,0.3197398780921778,kc_land,0.23601198208549892,0.2588721132713913,0.23338701718901406,8
sulfur,sparse_all,outlier,7007,0.3133931484817338,0.2581211440101966,0.3197398780921778,kc_land_perm,0.24890325501051389,0.24614277238922738,0.2492202335054888,7
sulfur,sparse_all,outlier,7008,0.326745744369916,0.1722366623002718,0.34482429935097736,uniform,0.32031680271141005,0.24429948370127547,0.32921131727863884,6
sulfur,sparse_all,outlier,7008,0.326745744369916,0.1722366623002718,0.34482429935097736,hyb_ws,0.3256448019898687,0.24253022399949323,0.3353697414419679,5
sulfur,sparse_all,outlier,7008,0.326745744369916,0.1722366623002718,0.34482429935097736,hyb_randreg,0.33618135088526563,0.2724791566184775,0.3436349167601006,0
sulfur,sparse_all,outlier,7008,0.326745744369916,0.1722366623002718,0.34482429935097736,kc_half,0.3379752565987037,0.28035600205402,0.3447170794566267,3
sulfur,sparse_all,outlier,7008,0.326745744369916,0.1722366623002718,0.34482429935097736,kc_land,0.31543338139601396,0.23888262498228405,0.32439031156561815,3
sulfur,sparse_all,outlier,7008,0.326745744369916,0.1722366623002718,0.34482429935097736,kc_land_perm,0.330897967084273,0.2097951330353084,0.3450677764857017,1
sulfur,sparse_all,outlier,7009,0.2927917792934282,0.21960903710241433,0.3013774641314801,uniform,0.25258927123500635,0.2130894022808908,0.2572233340731987,14
sulfur,sparse_all,outlier,7009,0.2927917792934282,0.21960903710241433,0.3013774641314801,hyb_ws,0.2572825089399048,0.22284637530214343,0.2613225022717092,18
sulfur,sparse_all,outlier,7009,0.2927917792934282,0.21960903710241433,0.3013774641314801,hyb_randreg,0.26248712106253735,0.21821077710535416,0.2676815524765086,15
sulfur,sparse_all,outlier,7009,0.2927917792934282,0.21960903710241433,0.3013774641314801,kc_half,0.263630281258261,0.20944819795788056,0.26998683851696487,17
sulfur,sparse_all,outlier,7009,0.2927917792934282,0.21960903710241433,0.3013774641314801,kc_land,0.2473797702555545,0.2161330104551323,0.2510455912377269,20
sulfur,sparse_all,outlier,7009,0.2927917792934282,0.21960903710241433,0.3013774641314801,kc_land_perm,0.25766626608258447,0.21857610762625648,0.2622522623260643,22
sulfur,hard,clean,7000,0.27043369918948607,0.3299146106997267,0.26367751547674156,uniform,0.22598981528961587,0.30798455719864015,0.21667638135340153,16
sulfur,hard,clean,7000,0.27043369918948607,0.3299146106997267,0.26367751547674156,hyb_ws,0.227158546451403,0.31087055820328147,0.21765005513882882,24
sulfur,hard,clean,7000,0.27043369918948607,0.3299146106997267,0.26367751547674156,hyb_randreg,0.22640766556429623,0.29650411694635503,0.21844570783493097,8
sulfur,hard,clean,7000,0.27043369918948607,0.3299146106997267,0.26367751547674156,kc_half,0.2327282693465189,0.29559825569837894,0.22558713503929204,20
sulfur,hard,clean,7000,0.27043369918948607,0.3299146106997267,0.26367751547674156,kc_land,0.22206438037375373,0.3042743944251481,0.2127264945906332,23
sulfur,hard,clean,7000,0.27043369918948607,0.3299146106997267,0.26367751547674156,kc_land_perm,0.22744127139900805,0.29631594784227244,0.21961808988763507,20
sulfur,hard,clean,7001,0.3172919113532548,0.38691058743676815,0.30912435717585945,uniform,0.28597519077633266,0.3794059105114956,0.2750140448856152,9
sulfur,hard,clean,7001,0.3172919113532548,0.38691058743676815,0.30912435717585945,hyb_ws,0.2840993914859766,0.375033417212382,0.2734311538309235,32
sulfur,hard,clean,7001,0.3172919113532548,0.38691058743676815,0.30912435717585945,hyb_randreg,0.28213071378287174,0.38366276077665246,0.2702191328506405,18
sulfur,hard,clean,7001,0.3172919113532548,0.38691058743676815,0.30912435717585945,kc_half,0.2845899181285055,0.3878902151479783,0.2724708888692377,6
sulfur,hard,clean,7001,0.3172919113532548,0.38691058743676815,0.30912435717585945,kc_land,0.2787961878427103,0.38757663394314984,0.2660342360655638,7
sulfur,hard,clean,7001,0.3172919113532548,0.38691058743676815,0.30912435717585945,kc_land_perm,0.2813995206100541,0.37533884098895154,0.27037870648739015,5
sulfur,hard,clean,7002,0.3533162353219501,0.4039799026239477,0.3478739587679148,uniform,0.31682755740002094,0.40431163772325507,0.3074300426809139,13
sulfur,hard,clean,7002,0.3533162353219501,0.4039799026239477,0.3478739587679148,hyb_ws,0.31555546518722305,0.410060724665097,0.30540373742492655,22
sulfur,hard,clean,7002,0.3533162353219501,0.4039799026239477,0.3478739587679148,hyb_randreg,0.32720833495773827,0.4392423545656066,0.31517367282931824,10
sulfur,hard,clean,7002,0.3533162353219501,0.4039799026239477,0.3478739587679148,kc_half,0.32102655254898493,0.4151458206405353,0.3109162878702691,10
sulfur,hard,clean,7002,0.3533162353219501,0.4039799026239477,0.3478739587679148,kc_land,0.31299188130802985,0.4057212142194652,0.30303092306615914,6
sulfur,hard,clean,7002,0.3533162353219501,0.4039799026239477,0.3478739587679148,kc_land_perm,0.3101803048274693,0.40188180206840635,0.30032975639737974,7
sulfur,hard,clean,7003,0.32613119829243076,0.36383415778980305,0.32182528926905407,uniform,0.2959070100083802,0.3594123186138777,0.2886543145966103,11
sulfur,hard,clean,7003,0.32613119829243076,0.36383415778980305,0.32182528926905407,hyb_ws,0.28650096311010054,0.35596589135152806,0.27856764261456146,22
sulfur,hard,clean,7003,0.32613119829243076,0.36383415778980305,0.32182528926905407,hyb_randreg,0.29160845540046504,0.35635679609069815,0.2842137981071515,2
sulfur,hard,clean,7003,0.32613119829243076,0.36383415778980305,0.32182528926905407,kc_half,0.2936826767489017,0.35692603365189424,0.28645989782683284,17
sulfur,hard,clean,7003,0.32613119829243076,0.36383415778980305,0.32182528926905407,kc_land,0.2848179921291409,0.35592600865550567,0.2766970208823973,12
sulfur,hard,clean,7003,0.32613119829243076,0.36383415778980305,0.32182528926905407,kc_land_perm,0.288073803514231,0.3539500689420094,0.28055033030381626,6
sulfur,hard,clean,7004,0.3268217475279057,0.38856992403486307,0.3199036171046908,uniform,0.2870725687746451,0.4132582689157246,0.2729349993676795,14
sulfur,hard,clean,7004,0.3268217475279057,0.38856992403486307,0.3199036171046908,hyb_ws,0.27903395839679296,0.3825841066937677,0.2674324266304096,26
sulfur,hard,clean,7004,0.3268217475279057,0.38856992403486307,0.3199036171046908,hyb_randreg,0.27902772984357793,0.4149457106757867,0.26379977702862656,2
sulfur,hard,clean,7004,0.3268217475279057,0.38856992403486307,0.3199036171046908,kc_half,0.2859406523278848,0.4187826820399583,0.27105732233790264,14
sulfur,hard,clean,7004,0.3268217475279057,0.38856992403486307,0.3199036171046908,kc_land,0.27555122613846217,0.39649121560719647,0.26200137466337187,13
sulfur,hard,clean,7004,0.3268217475279057,0.38856992403486307,0.3199036171046908,kc_land_perm,0.2758083749424131,0.3874008109546802,0.2633058028787646,12
sulfur,hard,clean,7005,0.273175721685647,0.35318952895533706,0.2640376545601393,uniform,0.2629381438410378,0.3167586465416423,0.2567915126133922,17
sulfur,hard,clean,7005,0.273175721685647,0.35318952895533706,0.2640376545601393,hyb_ws,0.2479604764757113,0.3008596484109553,0.24191906686750791,30
sulfur,hard,clean,7005,0.273175721685647,0.35318952895533706,0.2640376545601393,hyb_randreg,0.24606637688383892,0.3100623898255672,0.23875764002976965,11
sulfur,hard,clean,7005,0.273175721685647,0.35318952895533706,0.2640376545601393,kc_half,0.2507543394912987,0.3263561530309321,0.2421201490870509,14
sulfur,hard,clean,7005,0.273175721685647,0.35318952895533706,0.2640376545601393,kc_land,0.25199902208443603,0.30146544291209787,0.2463496536890763,23
sulfur,hard,clean,7005,0.273175721685647,0.35318952895533706,0.2640376545601393,kc_land_perm,0.24653957617490244,0.2965711750699235,0.24082566098076352,28
sulfur,hard,clean,7006,0.3981926338067592,0.4221283526864413,0.395392000963814,uniform,0.28432967363034195,0.39011542200097854,0.2719520616316553,8
sulfur,hard,clean,7006,0.3981926338067592,0.4221283526864413,0.395392000963814,hyb_ws,0.27933405156691193,0.3955127675404196,0.26574039560687285,14
sulfur,hard,clean,7006,0.3981926338067592,0.4221283526864413,0.395392000963814,hyb_randreg,0.28197030276574514,0.3979488203860154,0.26840007129886634,0
sulfur,hard,clean,7006,0.3981926338067592,0.4221283526864413,0.395392000963814,kc_half,0.2806853091791169,0.39858356708330844,0.26689045576893644,12
sulfur,hard,clean,7006,0.3981926338067592,0.4221283526864413,0.395392000963814,kc_land,0.26981843528342786,0.39372466190495387,0.2553206109454163,6
sulfur,hard,clean,7006,0.3981926338067592,0.4221283526864413,0.395392000963814,kc_land_perm,0.2799539546783925,0.40383712121388154,0.26545882851855734,4
sulfur,hard,clean,7007,0.2760563182079382,0.34757898231271467,0.26784357082466953,uniform,0.2325017405128358,0.3426311161171937,0.21985589247799872,14
sulfur,hard,clean,7007,0.2760563182079382,0.34757898231271467,0.26784357082466953,hyb_ws,0.2208681339738131,0.31649190490511575,0.20988792393376388,31
sulfur,hard,clean,7007,0.2760563182079382,0.34757898231271467,0.26784357082466953,hyb_randreg,0.22517354143276203,0.3239355877198528,0.2138329720151808,20
sulfur,hard,clean,7007,0.2760563182079382,0.34757898231271467,0.26784357082466953,kc_half,0.22871200294212815,0.33497924743284585,0.21650963261599224,16
sulfur,hard,clean,7007,0.2760563182079382,0.34757898231271467,0.26784357082466953,kc_land,0.2279628648041234,0.33889547328366176,0.21522478378584867,19
sulfur,hard,clean,7007,0.2760563182079382,0.34757898231271467,0.26784357082466953,kc_land_perm,0.22158187532208876,0.3322004694332019,0.2088798516950602,13
sulfur,hard,clean,7008,0.3067436555827008,0.33181990643875675,0.30380957317312596,uniform,0.3041865848565957,0.3265691872077451,0.30156767662282546,10
sulfur,hard,clean,7008,0.3067436555827008,0.33181990643875675,0.30380957317312596,hyb_ws,0.299063735649747,0.31756237164845974,0.2968992764251,20
sulfur,hard,clean,7008,0.3067436555827008,0.33181990643875675,0.30380957317312596,hyb_randreg,0.30682933739177587,0.32662520759311764,0.3045130934335626,1
sulfur,hard,clean,7008,0.3067436555827008,0.33181990643875675,0.30380957317312596,kc_half,0.30399866360359773,0.3242762858512195,0.30162605156177885,11
sulfur,hard,clean,7008,0.3067436555827008,0.33181990643875675,0.30380957317312596,kc_land,0.29694399179649306,0.33777153046218333,0.2921669075460255,4
sulfur,hard,clean,7008,0.3067436555827008,0.33181990643875675,0.30380957317312596,kc_land_perm,0.3025086526525951,0.335811541411162,0.29861200077048405,2
sulfur,hard,clean,7009,0.3489835903922722,0.35157762167960943,0.3486792626993444,uniform,0.25011902113305345,0.2954861033566485,0.24479662601184957,21
sulfur,hard,clean,7009,0.3489835903922722,0.35157762167960943,0.3486792626993444,hyb_ws,0.24731126360809597,0.30098050917128233,0.24101487167051547,35
sulfur,hard,clean,7009,0.3489835903922722,0.35157762167960943,0.3486792626993444,hyb_randreg,0.245469475268564,0.31185998063811715,0.2376806450296779,25
sulfur,hard,clean,7009,0.3489835903922722,0.35157762167960943,0.3486792626993444,kc_half,0.24779840199125364,0.31157593690553026,0.2403161213588525,23
sulfur,hard,clean,7009,0.3489835903922722,0.35157762167960943,0.3486792626993444,kc_land,0.25782628441726785,0.298019993744287,0.25311082131186335,37
sulfur,hard,clean,7009,0.3489835903922722,0.35157762167960943,0.3486792626993444,kc_land_perm,0.25595581254069727,0.3064225425415574,0.25003513471936734,23
sulfur,hard,outlier,7000,0.2715194287660606,0.3438771823490758,0.2633006193390366,uniform,0.2578018250549655,0.29564764943014893,0.253503078856448,17
sulfur,hard,outlier,7000,0.2715194287660606,0.3438771823490758,0.2633006193390366,hyb_ws,0.2538207557028256,0.3010132608776858,0.24846035979209535,23
sulfur,hard,outlier,7000,0.2715194287660606,0.3438771823490758,0.2633006193390366,hyb_randreg,0.25476859930381995,0.32236486507647555,0.24709062702229334,15
sulfur,hard,outlier,7000,0.2715194287660606,0.3438771823490758,0.2633006193390366,kc_half,0.25571865174494546,0.31529616285411577,0.2489514956946834,17
sulfur,hard,outlier,7000,0.2715194287660606,0.3438771823490758,0.2633006193390366,kc_land,0.24867200460159164,0.31370344922474047,0.2412853594439511,29
sulfur,hard,outlier,7000,0.2715194287660606,0.3438771823490758,0.2633006193390366,kc_land_perm,0.25054482206456297,0.3091985201112375,0.24388259801026366,25
sulfur,hard,outlier,7001,0.3558063248448683,0.38354074317042763,0.3525525662703613,uniform,0.3198100955852553,0.4137024151286274,0.30879479552709427,12
sulfur,hard,outlier,7001,0.3558063248448683,0.38354074317042763,0.3525525662703613,hyb_ws,0.3046509293068041,0.3697090955178233,0.2970184070138912,14
sulfur,hard,outlier,7001,0.3558063248448683,0.38354074317042763,0.3525525662703613,hyb_randreg,0.3115045928600806,0.3664031884996281,0.30506397549454717,22
sulfur,hard,outlier,7001,0.3558063248448683,0.38354074317042763,0.3525525662703613,kc_half,0.309440805540082,0.38990021535660147,0.3000014334387026,11
sulfur,hard,outlier,7001,0.3558063248448683,0.38354074317042763,0.3525525662703613,kc_land,0.31396021215519904,0.413869616906588,0.30223899707263385,16
sulfur,hard,outlier,7001,0.3558063248448683,0.38354074317042763,0.3525525662703613,kc_land_perm,0.3147309169705412,0.38516767417153136,0.30646738679612334,21
sulfur,hard,outlier,7002,0.38865672646123095,0.39700685585176226,0.3877597579663455,uniform,0.3405304776029364,0.39341873071251277,0.33484923668197414,13
sulfur,hard,outlier,7002,0.38865672646123095,0.39700685585176226,0.3877597579663455,hyb_ws,0.3376320594666769,0.3927619853460065,0.33171001870223066,15
sulfur,hard,outlier,7002,0.38865672646123095,0.39700685585176226,0.3877597579663455,hyb_randreg,0.3361382372725584,0.4058716401371683,0.3286474952151197,1
sulfur,hard,outlier,7002,0.38865672646123095,0.39700685585176226,0.3877597579663455,kc_half,0.3419585350080828,0.3981549111279039,0.33592193646586505,11
sulfur,hard,outlier,7002,0.38865672646123095,0.39700685585176226,0.3877597579663455,kc_land,0.3275633919700001,0.38999900842283497,0.32085657602766904,2
sulfur,hard,outlier,7002,0.38865672646123095,0.39700685585176226,0.3877597579663455,kc_land_perm,0.3332708563381856,0.4001365932617227,0.32608815813045233,14
sulfur,hard,outlier,7003,0.3289051636807661,0.38472389514153094,0.32253032248329716,uniform,0.31444872919282696,0.366088188278174,0.30855118651177055,8
sulfur,hard,outlier,7003,0.3289051636807661,0.38472389514153094,0.32253032248329716,hyb_ws,0.3005152461170338,0.3680063405205196,0.2928073495417053,13
sulfur,hard,outlier,7003,0.3289051636807661,0.38472389514153094,0.32253032248329716,hyb_randreg,0.3142469660609991,0.3884308434629706,0.30577471265297457,2
sulfur,hard,outlier,7003,0.3289051636807661,0.38472389514153094,0.32253032248329716,kc_half,0.3261460938907054,0.37208914346959043,0.32089911608364613,11
sulfur,hard,outlier,7003,0.3289051636807661,0.38472389514153094,0.32253032248329716,kc_land,0.2978214609708739,0.37658412590120144,0.2888262819676889,8
sulfur,hard,outlier,7003,0.3289051636807661,0.38472389514153094,0.32253032248329716,kc_land_perm,0.3147019523227229,0.37389557632407666,0.3079416777153259,5
sulfur,hard,outlier,7004,0.4997969126661214,0.5346334189340551,0.49589390682070095,uniform,0.2939356799197623,0.3956067124589779,0.2825446801662722,13
sulfur,hard,outlier,7004,0.4997969126661214,0.5346334189340551,0.49589390682070095,hyb_ws,0.2870729641535492,0.37662481535120856,0.2770397709279009,18
sulfur,hard,outlier,7004,0.4997969126661214,0.5346334189340551,0.49589390682070095,hyb_randreg,0.28942803700866904,0.38599833571540065,0.27860851229951894,11
sulfur,hard,outlier,7004,0.4997969126661214,0.5346334189340551,0.49589390682070095,kc_half,0.2974607101893568,0.4076818183886368,0.28511177868968773,16
sulfur,hard,outlier,7004,0.4997969126661214,0.5346334189340551,0.49589390682070095,kc_land,0.28517963106357397,0.37737988059082683,0.27484971709096273,12
sulfur,hard,outlier,7004,0.4997969126661214,0.5346334189340551,0.49589390682070095,kc_land_perm,0.30065725192403164,0.3758137353482755,0.29223688416757615,11
sulfur,hard,outlier,7005,0.29539271287440183,0.38313647377402077,0.28537183767416674,uniform,0.2924034964659362,0.32789846578100673,0.2883497534522373,20
sulfur,hard,outlier,7005,0.29539271287440183,0.38313647377402077,0.28537183767416674,hyb_ws,0.26982385637366396,0.3150291734966407,0.26466113213399245,28
sulfur,hard,outlier,7005,0.29539271287440183,0.38313647377402077,0.28537183767416674,hyb_randreg,0.2795733293100697,0.3207087446880941,0.2748754127905738,36
sulfur,hard,outlier,7005,0.29539271287440183,0.38313647377402077,0.28537183767416674,kc_half,0.2862034221050141,0.3363762417693835,0.2804733786335959,20
sulfur,hard,outlier,7005,0.29539271287440183,0.38313647377402077,0.28537183767416674,kc_land,0.2672874340355327,0.30063494825823733,0.2634789435532739,31
sulfur,hard,outlier,7005,0.29539271287440183,0.38313647377402077,0.28537183767416674,kc_land_perm,0.2817208799126496,0.3391847206543331,0.2751581571538501,31
sulfur,hard,outlier,7006,0.3147631113894065,0.40366631207786907,0.30436086590254097,uniform,0.28938436900040587,0.39377480774080975,0.27717001719023293,8
sulfur,hard,outlier,7006,0.3147631113894065,0.40366631207786907,0.30436086590254097,hyb_ws,0.299424248066063,0.39649969184790895,0.2880657976486955,17
sulfur,hard,outlier,7006,0.3147631113894065,0.40366631207786907,0.30436086590254097,hyb_randreg,0.2883279100908658,0.3938298018648593,0.2759835111371368,17
sulfur,hard,outlier,7006,0.3147631113894065,0.40366631207786907,0.30436086590254097,kc_half,0.2934930669049986,0.3857729180603223,0.28269573162600375,17
sulfur,hard,outlier,7006,0.3147631113894065,0.40366631207786907,0.30436086590254097,kc_land,0.2888044376298256,0.4001089710355236,0.2757810923360564,3
sulfur,hard,outlier,7006,0.3147631113894065,0.40366631207786907,0.30436086590254097,kc_land_perm,0.2931049617502778,0.3993009204234547,0.2806793525115005,7
sulfur,hard,outlier,7007,0.2621122285805226,0.3280251024865214,0.25454363770837335,uniform,0.2611312371066008,0.3512406526471367,0.2507842250657143,16
sulfur,hard,outlier,7007,0.2621122285805226,0.3280251024865214,0.25454363770837335,hyb_ws,0.2602829675158641,0.33555481528286746,0.2516397118636888,20
sulfur,hard,outlier,7007,0.2621122285805226,0.3280251024865214,0.25454363770837335,hyb_randreg,0.26900823206226415,0.3391998432468779,0.2609483257612439,2
sulfur,hard,outlier,7007,0.2621122285805226,0.3280251024865214,0.25454363770837335,kc_half,0.27656610254203384,0.3378458914719107,0.2695295158533189,12
sulfur,hard,outlier,7007,0.2621122285805226,0.3280251024865214,0.25454363770837335,kc_land,0.25661606750584426,0.3319022656571236,0.24797116403919794,11
sulfur,hard,outlier,7007,0.2621122285805226,0.3280251024865214,0.25454363770837335,kc_land_perm,0.2685383625586395,0.3342837183746546,0.26098900732001123,14
sulfur,hard,outlier,7008,0.33729697864246094,0.34623073648550595,0.3362516715952016,uniform,0.3460113423948618,0.3859040618126873,0.3413436380005393,11
sulfur,hard,outlier,7008,0.33729697864246094,0.34623073648550595,0.3362516715952016,hyb_ws,0.3332500092719613,0.3581274563034268,0.33033918818673813,20
sulfur,hard,outlier,7008,0.33729697864246094,0.34623073648550595,0.3362516715952016,hyb_randreg,0.3276675252626174,0.36072690551473663,0.32379936543976395,23
sulfur,hard,outlier,7008,0.33729697864246094,0.34623073648550595,0.3362516715952016,kc_half,0.338608953186153,0.3724293085967635,0.3346517543821749,14
sulfur,hard,outlier,7008,0.33729697864246094,0.34623073648550595,0.3362516715952016,kc_land,0.33664969133632244,0.3921755916385577,0.3301528043699341,4
sulfur,hard,outlier,7008,0.33729697864246094,0.34623073648550595,0.3362516715952016,kc_land_perm,0.3299874962520044,0.36576065319357487,0.3258018071264758,3
sulfur,hard,outlier,7009,0.3387709457955657,0.31719349040757644,0.34130237910924044,uniform,0.2755081593822014,0.31795498988606224,0.2705283636247653,22
sulfur,hard,outlier,7009,0.3387709457955657,0.31719349040757644,0.34130237910924044,hyb_ws,0.2596900279161446,0.299016204628939,0.2550763423800067,30
sulfur,hard,outlier,7009,0.3387709457955657,0.31719349040757644,0.34130237910924044,hyb_randreg,0.2511812658976887,0.30482993511618317,0.2448872879446809,32
sulfur,hard,outlier,7009,0.3387709457955657,0.31719349040757644,0.34130237910924044,kc_half,0.2529199757533067,0.3006232665720267,0.24732350029412722,25
sulfur,hard,outlier,7009,0.3387709457955657,0.31719349040757644,0.34130237910924044,kc_land,0.2532239918537283,0.3022222338354132,0.24747559474973177,32
sulfur,hard,outlier,7009,0.3387709457955657,0.31719349040757644,0.34130237910924044,kc_land_perm,0.2582279374122231,0.31767210731302525,0.2512540403847547,33
sulfur,hard_sparse,clean,7000,0.23860544552436877,0.34771773524609845,0.22621184468737943,uniform,0.2141554495983844,0.2806165432590096,0.2066064166881575,11
sulfur,hard_sparse,clean,7000,0.23860544552436877,0.34771773524609845,0.22621184468737943,hyb_ws,0.21271120782383832,0.2893619953657908,0.2040047709315453,14
sulfur,hard_sparse,clean,7000,0.23860544552436877,0.34771773524609845,0.22621184468737943,hyb_randreg,0.21817891297085223,0.30993153227967785,0.20775712324980522,9
sulfur,hard_sparse,clean,7000,0.23860544552436877,0.34771773524609845,0.22621184468737943,kc_half,0.2202015124199621,0.3171968583276817,0.20918422368656858,9
sulfur,hard_sparse,clean,7000,0.23860544552436877,0.34771773524609845,0.22621184468737943,kc_land,0.2131735421668239,0.2983943543477983,0.20349367263179122,18
sulfur,hard_sparse,clean,7000,0.23860544552436877,0.34771773524609845,0.22621184468737943,kc_land_perm,0.2142637712391649,0.3055963098235914,0.20388969670062201,12
sulfur,hard_sparse,clean,7001,0.33226702969556515,0.4227183336972995,0.32165542419815496,uniform,0.27146841150849027,0.3889288366041819,0.25768813817324154,4
sulfur,hard_sparse,clean,7001,0.33226702969556515,0.4227183336972995,0.32165542419815496,hyb_ws,0.27426266827817336,0.37896869976644204,0.26197872044994075,5
sulfur,hard_sparse,clean,7001,0.33226702969556515,0.4227183336972995,0.32165542419815496,hyb_randreg,0.27264379993446347,0.3849702447094436,0.2594658371396334,6
sulfur,hard_sparse,clean,7001,0.33226702969556515,0.4227183336972995,0.32165542419815496,kc_half,0.27588004595763094,0.3793989144210871,0.2637353742384546,5
sulfur,hard_sparse,clean,7001,0.33226702969556515,0.4227183336972995,0.32165542419815496,kc_land,0.2800776283821754,0.38347586138359624,0.2679471094267014,8
sulfur,hard_sparse,clean,7001,0.33226702969556515,0.4227183336972995,0.32165542419815496,kc_land_perm,0.2758771292052758,0.3783394541034098,0.2638564095244892,7
sulfur,hard_sparse,clean,7002,0.3395922040461671,0.4046693691428513,0.33260163370909246,uniform,0.31075965957793494,0.41135004456472773,0.29995426938555525,6
sulfur,hard_sparse,clean,7002,0.3395922040461671,0.4046693691428513,0.33260163370909246,hyb_ws,0.30949148179063846,0.40303867297189,0.29944266944890935,9
sulfur,hard_sparse,clean,7002,0.3395922040461671,0.4046693691428513,0.33260163370909246,hyb_randreg,0.3117931836361305,0.40389751434106813,0.3018993629513255,4
sulfur,hard_sparse,clean,7002,0.3395922040461671,0.4046693691428513,0.33260163370909246,kc_half,0.3103304404078055,0.41200518521364593,0.2994085685958825,6
sulfur,hard_sparse,clean,7002,0.3395922040461671,0.4046693691428513,0.33260163370909246,kc_land,0.31038415301339817,0.42779517728382965,0.29777189459232195,6
sulfur,hard_sparse,clean,7002,0.3395922040461671,0.4046693691428513,0.33260163370909246,kc_land_perm,0.31474297981158134,0.4185930724934233,0.30358743275716416,6
sulfur,hard_sparse,clean,7003,0.3187865153709972,0.3628103305306078,0.3137587258959442,uniform,0.2800393328833468,0.3631177550289865,0.2705512679586358,5
sulfur,hard_sparse,clean,7003,0.3187865153709972,0.3628103305306078,0.3137587258959442,hyb_ws,0.28582699942985496,0.36213064555695734,0.27711265544319424,4
sulfur,hard_sparse,clean,7003,0.3187865153709972,0.3628103305306078,0.3137587258959442,hyb_randreg,0.29400079985678296,0.3737890467916806,0.28488849310377234,0
sulfur,hard_sparse,clean,7003,0.3187865153709972,0.3628103305306078,0.3137587258959442,kc_half,0.28764604705660135,0.3728943686172395,0.27791016632126386,2
sulfur,hard_sparse,clean,7003,0.3187865153709972,0.3628103305306078,0.3137587258959442,kc_land,0.2834663044580138,0.36460481968293523,0.27419978879165785,5
sulfur,hard_sparse,clean,7003,0.3187865153709972,0.3628103305306078,0.3137587258959442,kc_land_perm,0.28333481054850584,0.3702202543884791,0.2734119604163641,2
sulfur,hard_sparse,clean,7004,0.3061067682929079,0.3826765998632232,0.29752805210640887,uniform,0.27392174358903687,0.4027383602543879,0.2594894120582788,9
sulfur,hard_sparse,clean,7004,0.3061067682929079,0.3826765998632232,0.29752805210640887,hyb_ws,0.2650252528694011,0.3837210273114155,0.25172683832947007,12
sulfur,hard_sparse,clean,7004,0.3061067682929079,0.3826765998632232,0.29752805210640887,hyb_randreg,0.27063036983988353,0.4006082845445376,0.2560679290208745,5
sulfur,hard_sparse,clean,7004,0.3061067682929079,0.3826765998632232,0.29752805210640887,kc_half,0.27252099051205336,0.4156865558972285,0.2564810342011761,5
sulfur,hard_sparse,clean,7004,0.3061067682929079,0.3826765998632232,0.29752805210640887,kc_land,0.26321167149298014,0.38893504055158207,0.24912590064765994,15
sulfur,hard_sparse,clean,7004,0.3061067682929079,0.3826765998632232,0.29752805210640887,kc_land_perm,0.2626143034597495,0.3860867026672383,0.24878072634531576,9
sulfur,hard_sparse,clean,7005,0.27223090353758883,0.34636818112733037,0.26376397211369085,uniform,0.24769070074051158,0.31168562777918996,0.24038208790322518,10
sulfur,hard_sparse,clean,7005,0.27223090353758883,0.34636818112733037,0.26376397211369085,hyb_ws,0.2531982446503721,0.30930994932986566,0.24678994411594532,11
sulfur,hard_sparse,clean,7005,0.27223090353758883,0.34636818112733037,0.26376397211369085,hyb_randreg,0.25585793485352265,0.31054343139700236,0.24961251602822274,15
sulfur,hard_sparse,clean,7005,0.27223090353758883,0.34636818112733037,0.26376397211369085,kc_half,0.25602593068825946,0.307090647871066,0.25019402705456845,11
sulfur,hard_sparse,clean,7005,0.27223090353758883,0.34636818112733037,0.26376397211369085,kc_land,0.2409990414179581,0.3165665914277629,0.23236876411878823,15
sulfur,hard_sparse,clean,7005,0.27223090353758883,0.34636818112733037,0.26376397211369085,kc_land_perm,0.2541547162668823,0.30975253508579365,0.24780510464689526,11
sulfur,hard_sparse,clean,7006,0.3025481827658615,0.40533358671442754,0.29052163033513007,uniform,0.2778473332734509,0.41202042831670627,0.26214821938818866,4
sulfur,hard_sparse,clean,7006,0.3025481827658615,0.40533358671442754,0.29052163033513007,hyb_ws,0.26423706194549246,0.3994378813010082,0.2484176977148415,7
sulfur,hard_sparse,clean,7006,0.3025481827658615,0.40533358671442754,0.29052163033513007,hyb_randreg,0.2705755834638978,0.40262359304776424,0.25512511822635525,12
sulfur,hard_sparse,clean,7006,0.3025481827658615,0.40533358671442754,0.29052163033513007,kc_half,0.2700473034037397,0.40360328852162136,0.2544203953433118,3
sulfur,hard_sparse,clean,7006,0.3025481827658615,0.40533358671442754,0.29052163033513007,kc_land,0.26550702152027666,0.3941289041716941,0.25045743513911395,3
sulfur,hard_sparse,clean,7006,0.3025481827658615,0.40533358671442754,0.29052163033513007,kc_land_perm,0.2740694095401361,0.40503796622701105,0.25874524722463743,0
sulfur,hard_sparse,clean,7007,0.23900260784851343,0.3820069676004144,0.2225818173753297,uniform,0.21993666729645345,0.35654123152143735,0.20425074743561358,4
sulfur,hard_sparse,clean,7007,0.23900260784851343,0.3820069676004144,0.2225818173753297,hyb_ws,0.21415906576759738,0.34482545570631745,0.19915500984375326,9
sulfur,hard_sparse,clean,7007,0.23900260784851343,0.3820069676004144,0.2225818173753297,hyb_randreg,0.2159644370538357,0.3531370207156422,0.20021329311050678,9
sulfur,hard_sparse,clean,7007,0.23900260784851343,0.3820069676004144,0.2225818173753297,kc_half,0.21774042978164498,0.36427929129578906,0.20091378236140323,6
sulfur,hard_sparse,clean,7007,0.23900260784851343,0.3820069676004144,0.2225818173753297,kc_land,0.21479000407549742,0.3497909771209558,0.19928822010260752,11
sulfur,hard_sparse,clean,7007,0.23900260784851343,0.3820069676004144,0.2225818173753297,kc_land_perm,0.21748577109183384,0.3394343648690195,0.20348275530693963,8
sulfur,hard_sparse,clean,7008,0.31893188657901284,0.3340699130557117,0.31716064025292046,uniform,0.29978641304338755,0.3350633928686553,0.29565877982730626,4
sulfur,hard_sparse,clean,7008,0.31893188657901284,0.3340699130557117,0.31716064025292046,hyb_ws,0.2912722862318083,0.33103243293322865,0.28662009369679153,3
sulfur,hard_sparse,clean,7008,0.31893188657901284,0.3340699130557117,0.31716064025292046,hyb_randreg,0.2969644413951063,0.3372785705495696,0.2922474293549722,3
sulfur,hard_sparse,clean,7008,0.31893188657901284,0.3340699130557117,0.31716064025292046,kc_half,0.2981007580814152,0.3391696395823334,0.2932954351691324,1
sulfur,hard_sparse,clean,7008,0.31893188657901284,0.3340699130557117,0.31716064025292046,kc_land,0.29528695722258486,0.34388988399849785,0.2896001026235601,4
sulfur,hard_sparse,clean,7008,0.31893188657901284,0.3340699130557117,0.31716064025292046,kc_land_perm,0.29259290010132577,0.3327200602057623,0.2878977646409072,2
sulfur,hard_sparse,clean,7009,0.267366580364407,0.30331691238215785,0.26314894364724073,uniform,0.23747165748854196,0.31421324432086917,0.228468454564079,12
sulfur,hard_sparse,clean,7009,0.267366580364407,0.30331691238215785,0.26314894364724073,hyb_ws,0.24199137624689052,0.30828256598273474,0.2342141975627971,20
sulfur,hard_sparse,clean,7009,0.267366580364407,0.30331691238215785,0.26314894364724073,hyb_randreg,0.2496674163143154,0.3083816152418175,0.24277915833958053,18
sulfur,hard_sparse,clean,7009,0.267366580364407,0.30331691238215785,0.26314894364724073,kc_half,0.24575859541019837,0.30553098348424695,0.2387461923400586,14
sulfur,hard_sparse,clean,7009,0.267366580364407,0.30331691238215785,0.26314894364724073,kc_land,0.24000476524040107,0.299752190679328,0.2329952907475661,23
sulfur,hard_sparse,clean,7009,0.267366580364407,0.30331691238215785,0.26314894364724073,kc_land_perm,0.24544749421333287,0.30316997614353425,0.23867558292543214,21
sulfur,hard_sparse,outlier,7000,0.3096037008476383,0.3752652072588715,0.30214548965170757,uniform,0.24143277286785753,0.3032606986843047,0.23441000178402946,10
sulfur,hard_sparse,outlier,7000,0.3096037008476383,0.3752652072588715,0.30214548965170757,hyb_ws,0.22639592474333772,0.28861495115123015,0.2193287302070292,13
sulfur,hard_sparse,outlier,7000,0.3096037008476383,0.3752652072588715,0.30214548965170757,hyb_randreg,0.22923685569753488,0.2849915036597625,0.22290392241006585,16
sulfur,hard_sparse,outlier,7000,0.3096037008476383,0.3752652072588715,0.30214548965170757,kc_half,0.2351232953502647,0.29321271771290053,0.22852516497054437,11
sulfur,hard_sparse,outlier,7000,0.3096037008476383,0.3752652072588715,0.30214548965170757,kc_land,0.22746651159099882,0.2971069481669223,0.21955635064362217,17
sulfur,hard_sparse,outlier,7000,0.3096037008476383,0.3752652072588715,0.30214548965170757,kc_land_perm,0.2352736930605842,0.29716018821761453,0.22824426933450725,20
sulfur,hard_sparse,outlier,7001,0.3499307071572201,0.3991083919784733,0.344161258099978,uniform,0.3075071055214327,0.3791115549589898,0.2991065835203784,5
sulfur,hard_sparse,outlier,7001,0.3499307071572201,0.3991083919784733,0.344161258099978,hyb_ws,0.3023395623277461,0.39028096207613494,0.29202241487123126,6
sulfur,hard_sparse,outlier,7001,0.3499307071572201,0.3991083919784733,0.344161258099978,hyb_randreg,0.30175432194374774,0.38927929053109445,0.2914860295396456,3
sulfur,hard_sparse,outlier,7001,0.3499307071572201,0.3991083919784733,0.344161258099978,kc_half,0.2980168363145183,0.3875057235336486,0.2875181400485868,3
sulfur,hard_sparse,outlier,7001,0.3499307071572201,0.3991083919784733,0.344161258099978,kc_land,0.2876134161585887,0.3906422224309178,0.2755262377690976,6
sulfur,hard_sparse,outlier,7001,0.3499307071572201,0.3991083919784733,0.344161258099978,kc_land_perm,0.29438206217988,0.37991970176835244,0.28434692010525475,2
sulfur,hard_sparse,outlier,7002,0.3864600534032063,0.410864800223649,0.38383850252659174,uniform,0.34019404965693817,0.40327863439356004,0.3334175217284195,5
sulfur,hard_sparse,outlier,7002,0.3864600534032063,0.410864800223649,0.38383850252659174,hyb_ws,0.3472538436863266,0.416971021742056,0.3397648444931863,6
sulfur,hard_sparse,outlier,7002,0.3864600534032063,0.410864800223649,0.38383850252659174,hyb_randreg,0.35219957923454154,0.4051792290870061,0.346508520501774,2
sulfur,hard_sparse,outlier,7002,0.3864600534032063,0.410864800223649,0.38383850252659174,kc_half,0.3464439284932223,0.4051143782563174,0.3401415656726019,2
sulfur,hard_sparse,outlier,7002,0.3864600534032063,0.410864800223649,0.38383850252659174,kc_land,0.3340765475064501,0.4157937283630265,0.32529851146759303,3
sulfur,hard_sparse,outlier,7002,0.3864600534032063,0.410864800223649,0.38383850252659174,kc_land_perm,0.33626393378849695,0.41059917838213195,0.32827886321753064,5
sulfur,hard_sparse,outlier,7003,0.3184463726908951,0.3781668619752387,0.3116259268394798,uniform,0.31911706309597276,0.3701651836603251,0.3132870548978155,3
sulfur,hard_sparse,outlier,7003,0.3184463726908951,0.3781668619752387,0.3116259268394798,hyb_ws,0.3004508939601865,0.36608113919006907,0.29295551776401607,5
sulfur,hard_sparse,outlier,7003,0.3184463726908951,0.3781668619752387,0.3116259268394798,hyb_randreg,0.3076694731694854,0.36014941061453803,0.30167594270918696,1
sulfur,hard_sparse,outlier,7003,0.3184463726908951,0.3781668619752387,0.3116259268394798,kc_half,0.3117096579123147,0.377763701015899,0.30416588140187756,3
sulfur,hard_sparse,outlier,7003,0.3184463726908951,0.3781668619752387,0.3116259268394798,kc_land,0.2984403920780791,0.35957556243878863,0.291458380978388,7
sulfur,hard_sparse,outlier,7003,0.3184463726908951,0.3781668619752387,0.3116259268394798,kc_land_perm,0.31075231389403557,0.35909582775974336,0.30523118835505497,2
sulfur,hard_sparse,outlier,7004,0.3102323043166013,0.38644659732151426,0.3016934218920864,uniform,0.29140204238893497,0.39319117580323604,0.27999781087212555,5
sulfur,hard_sparse,outlier,7004,0.3102323043166013,0.38644659732151426,0.3016934218920864,hyb_ws,0.28238362037986287,0.40155226632705243,0.2690322263524185,8
sulfur,hard_sparse,outlier,7004,0.3102323043166013,0.38644659732151426,0.3016934218920864,hyb_randreg,0.28817185943359175,0.39275511784208633,0.276454580273563,11
sulfur,hard_sparse,outlier,7004,0.3102323043166013,0.38644659732151426,0.3016934218920864,kc_half,0.3028007261601456,0.409286065765603,0.290870341989726,2
sulfur,hard_sparse,outlier,7004,0.3102323043166013,0.38644659732151426,0.3016934218920864,kc_land,0.28191912614336995,0.40358151252820695,0.2682883389003649,13
sulfur,hard_sparse,outlier,7004,0.3102323043166013,0.38644659732151426,0.3016934218920864,kc_land_perm,0.28333275575782346,0.3854896789710192,0.27188731787766834,6
sulfur,hard_sparse,outlier,7005,0.3298026281907438,0.4097661159822464,0.32067030785800954,uniform,0.2833652987389686,0.38535281491783957,0.2717176993982062,6
sulfur,hard_sparse,outlier,7005,0.3298026281907438,0.4097661159822464,0.32067030785800954,hyb_ws,0.28149794193519645,0.35840350277037614,0.2727148556002595,11
sulfur,hard_sparse,outlier,7005,0.3298026281907438,0.4097661159822464,0.32067030785800954,hyb_randreg,0.2810939961886934,0.3623457606777827,0.27181454676236283,9
sulfur,hard_sparse,outlier,7005,0.3298026281907438,0.4097661159822464,0.32067030785800954,kc_half,0.2864835492261454,0.3637627326716518,0.27765779289949977,10
sulfur,hard_sparse,outlier,7005,0.3298026281907438,0.4097661159822464,0.32067030785800954,kc_land,0.2802227041706636,0.369398089823191,0.2700383286504585,15
sulfur,hard_sparse,outlier,7005,0.3298026281907438,0.4097661159822464,0.32067030785800954,kc_land_perm,0.2889113385866326,0.3613950501531285,0.2806332545358629,11
sulfur,hard_sparse,outlier,7006,0.29955015923802286,0.4202664180306251,0.28542558162447906,uniform,0.3034450260974873,0.40891708160515217,0.2911041181785508,4
sulfur,hard_sparse,outlier,7006,0.29955015923802286,0.4202664180306251,0.28542558162447906,hyb_ws,0.2992105576531118,0.4116864136691484,0.2860501600907774,4
sulfur,hard_sparse,outlier,7006,0.29955015923802286,0.4202664180306251,0.28542558162447906,hyb_randreg,0.31180419359911354,0.418042648921558,0.2993736119794251,0
sulfur,hard_sparse,outlier,7006,0.29955015923802286,0.4202664180306251,0.28542558162447906,kc_half,0.30434329426608037,0.3976734960149306,0.29342306122146483,1
sulfur,hard_sparse,outlier,7006,0.29955015923802286,0.4202664180306251,0.28542558162447906,kc_land,0.3073068096596542,0.41574610973730375,0.2946187150680499,3
sulfur,hard_sparse,outlier,7006,0.29955015923802286,0.4202664180306251,0.28542558162447906,kc_land_perm,0.3097769261238042,0.40011666154798775,0.2992065968463027,5
sulfur,hard_sparse,outlier,7007,0.24587172799040122,0.36918927956971265,0.23171151861172884,uniform,0.2612131984469489,0.40732951954570146,0.2444350701602471,4
sulfur,hard_sparse,outlier,7007,0.24587172799040122,0.36918927956971265,0.23171151861172884,hyb_ws,0.2556942749054187,0.38174213607665014,0.24122055171630297,5
sulfur,hard_sparse,outlier,7007,0.24587172799040122,0.36918927956971265,0.23171151861172884,hyb_randreg,0.25733420961474784,0.36154826853310257,0.2453676008426291,8
sulfur,hard_sparse,outlier,7007,0.24587172799040122,0.36918927956971265,0.23171151861172884,kc_half,0.2430834926968003,0.35185650066794727,0.23059339256187483,5
sulfur,hard_sparse,outlier,7007,0.24587172799040122,0.36918927956971265,0.23171151861172884,kc_land,0.25051290143243676,0.36131106665730395,0.2377902581568946,8
sulfur,hard_sparse,outlier,7007,0.24587172799040122,0.36918927956971265,0.23171151861172884,kc_land_perm,0.25118574972732177,0.34277051546232845,0.24066932735195312,10
sulfur,hard_sparse,outlier,7008,0.35809215732071825,0.3545872596996573,0.35850225285359294,uniform,0.3274796907641347,0.3589839649922412,0.3237934883342055,5
sulfur,hard_sparse,outlier,7008,0.35809215732071825,0.3545872596996573,0.35850225285359294,hyb_ws,0.31995358394680773,0.3921709489329821,0.31150368840667725,3
sulfur,hard_sparse,outlier,7008,0.35809215732071825,0.3545872596996573,0.35850225285359294,hyb_randreg,0.32736208804853795,0.38577998869288865,0.3205268184674201,0
sulfur,hard_sparse,outlier,7008,0.35809215732071825,0.3545872596996573,0.35850225285359294,kc_half,0.3370423923443758,0.39221683986004285,0.3305866276113223,3
sulfur,hard_sparse,outlier,7008,0.35809215732071825,0.3545872596996573,0.35850225285359294,kc_land,0.3208735502520203,0.37272702854459705,0.31480636024794617,2
sulfur,hard_sparse,outlier,7008,0.35809215732071825,0.3545872596996573,0.35850225285359294,kc_land_perm,0.32119470449332893,0.3704047641969849,0.3154368114422728,1
sulfur,hard_sparse,outlier,7009,0.2689144772299485,0.3014619462998867,0.26509605907090544,uniform,0.2636191511796422,0.3261479873790365,0.2562833659271993,13
sulfur,hard_sparse,outlier,7009,0.2689144772299485,0.3014619462998867,0.26509605907090544,hyb_ws,0.25488177586334787,0.3354775023550888,0.24542641130286422,17
sulfur,hard_sparse,outlier,7009,0.2689144772299485,0.3014619462998867,0.26509605907090544,hyb_randreg,0.2595462400017916,0.31344796401426184,0.2532225740561946,17
sulfur,hard_sparse,outlier,7009,0.2689144772299485,0.3014619462998867,0.26509605907090544,kc_half,0.25366569086287644,0.32029078417962575,0.2458493391329785,13
sulfur,hard_sparse,outlier,7009,0.2689144772299485,0.3014619462998867,0.26509605907090544,kc_land,0.24574699093070726,0.31054912683663793,0.23814450571269302,22
sulfur,hard_sparse,outlier,7009,0.2689144772299485,0.3014619462998867,0.26509605907090544,kc_land_perm,0.25542534088050683,0.3201532040332331,0.2478315692257177,27
brazilian_houses,sparse_init,clean,7000,0.05927538309495728,0.0512356351877681,0.06017117051112368,uniform,0.09014085189671492,0.13539760794369327,0.08509835143135278,3
brazilian_houses,sparse_init,clean,7000,0.05927538309495728,0.0512356351877681,0.06017117051112368,hyb_ws,0.09446630616764697,0.13274651204774057,0.09020113179756707,13
brazilian_houses,sparse_init,clean,7000,0.05927538309495728,0.0512356351877681,0.06017117051112368,hyb_randreg,0.09127094981801893,0.13513210448214272,0.0863839470338251,0
brazilian_houses,sparse_init,clean,7000,0.05927538309495728,0.0512356351877681,0.06017117051112368,kc_half,0.09444200810335643,0.13955541439018163,0.0894154796451689,14
brazilian_houses,sparse_init,clean,7000,0.05927538309495728,0.0512356351877681,0.06017117051112368,kc_land,0.09314966263664158,0.13786747416456396,0.0881672112827386,0
brazilian_houses,sparse_init,clean,7000,0.05927538309495728,0.0512356351877681,0.06017117051112368,kc_land_perm,0.09385160409602646,0.1394247348822881,0.08877385320819903,0
brazilian_houses,sparse_init,clean,7001,0.13138032995891313,0.08070720712112904,0.1371989828600188,uniform,0.09247071975262965,0.046250352726963324,0.09777807516360361,1
brazilian_houses,sparse_init,clean,7001,0.13138032995891313,0.08070720712112904,0.1371989828600188,hyb_ws,0.08172296508349539,0.042666035541928965,0.08620776301301752,12
brazilian_houses,sparse_init,clean,7001,0.13138032995891313,0.08070720712112904,0.1371989828600188,hyb_randreg,0.08846645979463282,0.03600469890280684,0.09449049699848797,47
brazilian_houses,sparse_init,clean,7001,0.13138032995891313,0.08070720712112904,0.1371989828600188,kc_half,0.08076837835221821,0.04052546239351208,0.085389359783374,21
brazilian_houses,sparse_init,clean,7001,0.13138032995891313,0.08070720712112904,0.1371989828600188,kc_land,0.08528110855018535,0.05648807374659864,0.0885873321675426,0
brazilian_houses,sparse_init,clean,7001,0.13138032995891313,0.08070720712112904,0.1371989828600188,kc_land_perm,0.07721404209496328,0.05558678923207366,0.07969743902347794,0
brazilian_houses,sparse_init,clean,7002,0.16001404196759397,0.11422603453815622,0.16517235713002018,uniform,0.1198436322809608,0.09454655014082718,0.12269351218826374,9
brazilian_houses,sparse_init,clean,7002,0.16001404196759397,0.11422603453815622,0.16517235713002018,hyb_ws,0.11564269117635022,0.08882942985643695,0.1186633784738648,8
brazilian_houses,sparse_init,clean,7002,0.16001404196759397,0.11422603453815622,0.16517235713002018,hyb_randreg,0.11188533910005657,0.08888976126589115,0.11447593966273724,8
brazilian_houses,sparse_init,clean,7002,0.16001404196759397,0.11422603453815622,0.16517235713002018,kc_half,0.10982110634793903,0.08895598241889358,0.1121716974998899,10
brazilian_houses,sparse_init,clean,7002,0.16001404196759397,0.11422603453815622,0.16517235713002018,kc_land,0.12051159173665463,0.09850250254175734,0.12299105797418826,0
brazilian_houses,sparse_init,clean,7002,0.16001404196759397,0.11422603453815622,0.16517235713002018,kc_land_perm,0.12556080918285387,0.10248646197398673,0.12816028362502108,0
brazilian_houses,sparse_init,clean,7003,0.09172207904809387,0.08413714560244923,0.09251597293815168,uniform,0.10258877232197329,0.08076430688969605,0.10487307842493741,39
brazilian_houses,sparse_init,clean,7003,0.09172207904809387,0.08413714560244923,0.09251597293815168,hyb_ws,0.10365464977037675,0.07824207263095909,0.10631451354718961,55
brazilian_houses,sparse_init,clean,7003,0.09172207904809387,0.08413714560244923,0.09251597293815168,hyb_randreg,0.09605033556254944,0.07623247127393498,0.09812461630416361,41
brazilian_houses,sparse_init,clean,7003,0.09172207904809387,0.08413714560244923,0.09251597293815168,kc_half,0.10092206089235278,0.07864725024153653,0.10325350337693147,36
brazilian_houses,sparse_init,clean,7003,0.09172207904809387,0.08413714560244923,0.09251597293815168,kc_land,0.10239482811580303,0.0808935236560473,0.10464530985848389,63
brazilian_houses,sparse_init,clean,7003,0.09172207904809387,0.08413714560244923,0.09251597293815168,kc_land_perm,0.1035319937180175,0.08101357295715787,0.10588893419533475,67
brazilian_houses,sparse_init,clean,7004,0.14359569854437876,0.11017064077383176,0.14736124747263232,uniform,0.10532156617022762,0.09265934057370387,0.10674804777428662,9
brazilian_houses,sparse_init,clean,7004,0.14359569854437876,0.11017064077383176,0.14736124747263232,hyb_ws,0.10249635914206136,0.08711783981241111,0.10422884880228622,5
brazilian_houses,sparse_init,clean,7004,0.14359569854437876,0.11017064077383176,0.14736124747263232,hyb_randreg,0.10721107526039458,0.0905774832654947,0.10908495697331098,0
brazilian_houses,sparse_init,clean,7004,0.14359569854437876,0.11017064077383176,0.14736124747263232,kc_half,0.10340468015642061,0.08689295674462157,0.10526483258528807,11
brazilian_houses,sparse_init,clean,7004,0.14359569854437876,0.11017064077383176,0.14736124747263232,kc_land,0.10432633167139858,0.0880660832828573,0.1061581538125277,0
brazilian_houses,sparse_init,clean,7004,0.14359569854437876,0.11017064077383176,0.14736124747263232,kc_land_perm,0.10649006837064165,0.09137440851834044,0.10819294521074792,1
brazilian_houses,sparse_init,clean,7005,0.21110257675447666,0.08929767834324935,0.223591943405242,uniform,0.08353860745427041,0.04273172633152592,0.08772277497843275,31
brazilian_houses,sparse_init,clean,7005,0.21110257675447666,0.08929767834324935,0.223591943405242,hyb_ws,0.08517675775892428,0.04417305957656101,0.089381106084128,31
brazilian_houses,sparse_init,clean,7005,0.21110257675447666,0.08929767834324935,0.223591943405242,hyb_randreg,0.08821401449467632,0.04121344754740055,0.0930332567505712,41
brazilian_houses,sparse_init,clean,7005,0.21110257675447666,0.08929767834324935,0.223591943405242,kc_half,0.08561480228384843,0.052702984856292184,0.08898944288005872,27
brazilian_houses,sparse_init,clean,7005,0.21110257675447666,0.08929767834324935,0.223591943405242,kc_land,0.08874072742490977,0.043680246831256236,0.09336104131157986,40
brazilian_houses,sparse_init,clean,7005,0.21110257675447666,0.08929767834324935,0.223591943405242,kc_land_perm,0.087847254327957,0.04443850266548119,0.09229820681374559,46
brazilian_houses,sparse_init,clean,7006,0.12270286369070828,0.06534567967692152,0.12882900453999485,uniform,0.05991780059191983,0.03324290299469369,0.06276686270385379,3
brazilian_houses,sparse_init,clean,7006,0.12270286369070828,0.06534567967692152,0.12882900453999485,hyb_ws,0.053433329967711704,0.01611136799689603,0.05741957161705727,27
brazilian_houses,sparse_init,clean,7006,0.12270286369070828,0.06534567967692152,0.12882900453999485,hyb_randreg,0.049218078471499054,0.03141650431827701,0.05111940874907065,0
brazilian_houses,sparse_init,clean,7006,0.12270286369070828,0.06534567967692152,0.12882900453999485,kc_half,0.05000041419965931,0.028967710815415368,0.05224685125176727,18
brazilian_houses,sparse_init,clean,7006,0.12270286369070828,0.06534567967692152,0.12882900453999485,kc_land,0.056103023449712866,0.02780012269682191,0.05912596747035921,0
brazilian_houses,sparse_init,clean,7006,0.12270286369070828,0.06534567967692152,0.12882900453999485,kc_land_perm,0.05605328806767968,0.03127495043787164,0.058699784560514744,0
brazilian_houses,sparse_init,clean,7007,0.12339232858420132,0.08367531041558957,0.1278913061501977,uniform,0.08846977876827208,0.04972352056669191,0.09285879270872381,36
brazilian_houses,sparse_init,clean,7007,0.12339232858420132,0.08367531041558957,0.1278913061501977,hyb_ws,0.08902584066638,0.04993788993611792,0.09345356010618426,32
brazilian_houses,sparse_init,clean,7007,0.12339232858420132,0.08367531041558957,0.1278913061501977,hyb_randreg,0.10101700618178627,0.055765063275437524,0.10614295685333762,17
brazilian_houses,sparse_init,clean,7007,0.12339232858420132,0.08367531041558957,0.1278913061501977,kc_half,0.10262333708738205,0.05606268417934572,0.10789753294977304,23
brazilian_houses,sparse_init,clean,7007,0.12339232858420132,0.08367531041558957,0.1278913061501977,kc_land,0.09590433418867793,0.05806145726388439,0.10019101687957437,45
brazilian_houses,sparse_init,clean,7007,0.12339232858420132,0.08367531041558957,0.1278913061501977,kc_land_perm,0.0962732035626554,0.056103672917309826,0.1008234398478365,41
brazilian_houses,sparse_init,clean,7008,0.0674323383789029,0.06816337666565314,0.06735066039355728,uniform,0.04141927200894307,0.03103081299277435,0.042579961426536125,42
brazilian_houses,sparse_init,clean,7008,0.0674323383789029,0.06816337666565314,0.06735066039355728,hyb_ws,0.04079437411453994,0.027824444234697345,0.04224348801440006,52
brazilian_houses,sparse_init,clean,7008,0.0674323383789029,0.06816337666565314,0.06735066039355728,hyb_randreg,0.04096145183078596,0.030120019445570634,0.042172751391335306,61
brazilian_houses,sparse_init,clean,7008,0.0674323383789029,0.06816337666565314,0.06735066039355728,kc_half,0.04563295615425313,0.0328336350848644,0.047063008146997515,37
brazilian_houses,sparse_init,clean,7008,0.0674323383789029,0.06816337666565314,0.06735066039355728,kc_land,0.0410814777193971,0.030047064045567288,0.04231433883581722,68
brazilian_houses,sparse_init,clean,7008,0.0674323383789029,0.06816337666565314,0.06735066039355728,kc_land_perm,0.04128732664061242,0.02851080673428735,0.04271483108817848,66
brazilian_houses,sparse_init,clean,7009,0.1621552060080253,0.13760664701088868,0.1647471213029137,uniform,0.11560559388085122,0.10133529117558272,0.11711229803602327,8
brazilian_houses,sparse_init,clean,7009,0.1621552060080253,0.13760664701088868,0.1647471213029137,hyb_ws,0.12374253561683897,0.10969000751971873,0.12522624643306338,13
brazilian_houses,sparse_init,clean,7009,0.1621552060080253,0.13760664701088868,0.1647471213029137,hyb_randreg,0.12321910419569924,0.10342780839952255,0.12530873244173008,26
brazilian_houses,sparse_init,clean,7009,0.1621552060080253,0.13760664701088868,0.1647471213029137,kc_half,0.12672724022191456,0.10436545702613376,0.12908826874065096,13
brazilian_houses,sparse_init,clean,7009,0.1621552060080253,0.13760664701088868,0.1647471213029137,kc_land,0.12166079506768435,0.1063824383020313,0.12327393279142108,1
brazilian_houses,sparse_init,clean,7009,0.1621552060080253,0.13760664701088868,0.1647471213029137,kc_land_perm,0.12656275432204947,0.10679745313723811,0.128649637973956,0
brazilian_houses,sparse_init,outlier,7000,0.21688201212875619,0.24403997353164453,0.2138560764459114,uniform,0.16320442208410685,0.1782090747150991,0.16153260610604964,3
brazilian_houses,sparse_init,outlier,7000,0.21688201212875619,0.24403997353164453,0.2138560764459114,hyb_ws,0.16968447946517515,0.17500942804070882,0.1690911745530359,12
brazilian_houses,sparse_init,outlier,7000,0.21688201212875619,0.24403997353164453,0.2138560764459114,hyb_randreg,0.16695059623282377,0.17554624255305898,0.16599287070506208,3
brazilian_houses,sparse_init,outlier,7000,0.21688201212875619,0.24403997353164453,0.2138560764459114,kc_half,0.16356675613017171,0.16864663540598607,0.16300075679991285,17
brazilian_houses,sparse_init,outlier,7000,0.21688201212875619,0.24403997353164453,0.2138560764459114,kc_land,0.1671783125706055,0.17334243362317311,0.1664915071963128,0
brazilian_houses,sparse_init,outlier,7000,0.21688201212875619,0.24403997353164453,0.2138560764459114,kc_land_perm,0.18176147513652458,0.16755275011081383,0.18334460898906974,0
brazilian_houses,sparse_init,outlier,7001,0.20308587169899137,0.2797249794757726,0.19428561740578235,uniform,0.18810400230346125,0.19359405144280675,0.18747359532313507,2
brazilian_houses,sparse_init,outlier,7001,0.20308587169899137,0.2797249794757726,0.19428561740578235,hyb_ws,0.19401509453916418,0.1414945626702703,0.20004588024986217,19
brazilian_houses,sparse_init,outlier,7001,0.20308587169899137,0.2797249794757726,0.19428561740578235,hyb_randreg,0.19928723066853415,0.14462076125087464,0.20556442838315955,43
brazilian_houses,sparse_init,outlier,7001,0.20308587169899137,0.2797249794757726,0.19428561740578235,kc_half,0.1957069412582415,0.12492643726656183,0.20383446847244777,15
brazilian_houses,sparse_init,outlier,7001,0.20308587169899137,0.2797249794757726,0.19428561740578235,kc_land,0.1971630981204312,0.22738105960760946,0.1936932541592502,0
brazilian_houses,sparse_init,outlier,7001,0.20308587169899137,0.2797249794757726,0.19428561740578235,kc_land_perm,0.20531868836028186,0.20225739423097525,0.2056702081989871,0
brazilian_houses,sparse_init,outlier,7002,0.18368485689950106,0.09714715464837574,0.19343388872473213,uniform,0.14375397974548484,0.11840103425550526,0.14661015302043393,8
brazilian_houses,sparse_init,outlier,7002,0.18368485689950106,0.09714715464837574,0.19343388872473213,hyb_ws,0.1327129441542306,0.10562366795166037,0.13576472631335185,14
brazilian_houses,sparse_init,outlier,7002,0.18368485689950106,0.09714715464837574,0.19343388872473213,hyb_randreg,0.14671405826596248,0.13108900079943298,0.1484743220417468,9
brazilian_houses,sparse_init,outlier,7002,0.18368485689950106,0.09714715464837574,0.19343388872473213,kc_half,0.1469888928238967,0.11284593267496941,0.15083531809797612,11
brazilian_houses,sparse_init,outlier,7002,0.18368485689950106,0.09714715464837574,0.19343388872473213,kc_land,0.1416990482928664,0.14462878613781457,0.1413689943770934,1
brazilian_houses,sparse_init,outlier,7002,0.18368485689950106,0.09714715464837574,0.19343388872473213,kc_land_perm,0.15476660846117726,0.15450403072351915,0.15479618954149757,0
brazilian_houses,sparse_init,outlier,7003,0.24016932769246294,0.30240342068249493,0.23365545825219167,uniform,0.20444787621605218,0.253312831664154,0.19933331722272699,41
brazilian_houses,sparse_init,outlier,7003,0.24016932769246294,0.30240342068249493,0.23365545825219167,hyb_ws,0.1862677121547997,0.20029901525081892,0.1847990946807894,54
brazilian_houses,sparse_init,outlier,7003,0.24016932769246294,0.30240342068249493,0.23365545825219167,hyb_randreg,0.1825356373513252,0.15084718009944753,0.1858523800462884,61
brazilian_houses,sparse_init,outlier,7003,0.24016932769246294,0.30240342068249493,0.23365545825219167,kc_half,0.1874379787251941,0.19824037124738011,0.1863073223413475,41
brazilian_houses,sparse_init,outlier,7003,0.24016932769246294,0.30240342068249493,0.23365545825219167,kc_land,0.18753920995335074,0.17663419429775887,0.18868060761517602,75
brazilian_houses,sparse_init,outlier,7003,0.24016932769246294,0.30240342068249493,0.23365545825219167,kc_land_perm,0.19176004400887714,0.1700028740942712,0.19403730647715542,61
brazilian_houses,sparse_init,outlier,7004,0.18664527812970072,0.10392615645032058,0.19596412215755857,uniform,0.1643693346261843,0.14733222336633114,0.16628867539398418,9
brazilian_houses,sparse_init,outlier,7004,0.18664527812970072,0.10392615645032058,0.19596412215755857,hyb_ws,0.16385374103341377,0.12070344627263146,0.16871490080479534,7
brazilian_houses,sparse_init,outlier,7004,0.18664527812970072,0.10392615645032058,0.19596412215755857,hyb_randreg,0.14971805326877785,0.13959250793157527,0.1508587614361122,0
brazilian_houses,sparse_init,outlier,7004,0.18664527812970072,0.10392615645032058,0.19596412215755857,kc_half,0.17302212170183232,0.10476745730876477,0.18071145107017508,21
brazilian_houses,sparse_init,outlier,7004,0.18664527812970072,0.10392615645032058,0.19596412215755857,kc_land,0.1585058708710294,0.14970032930341376,0.15949787207683871,0
brazilian_houses,sparse_init,outlier,7004,0.18664527812970072,0.10392615645032058,0.19596412215755857,kc_land_perm,0.14785417957449087,0.14193357067981938,0.1485211744569226,1
brazilian_houses,sparse_init,outlier,7005,0.181340464395215,0.13752113442797426,0.18583351586925398,uniform,0.16194580131909328,0.13579358807631184,0.16462734027342477,31
brazilian_houses,sparse_init,outlier,7005,0.181340464395215,0.13752113442797426,0.18583351586925398,hyb_ws,0.18328694710248297,0.12843396597681925,0.18891134318262273,27
brazilian_houses,sparse_init,outlier,7005,0.181340464395215,0.13752113442797426,0.18583351586925398,hyb_randreg,0.18274355291057073,0.13516472990835143,0.18762208713240802,31
brazilian_houses,sparse_init,outlier,7005,0.181340464395215,0.13752113442797426,0.18583351586925398,kc_half,0.17239384132493774,0.12786120229963843,0.17696003253701365,26
brazilian_houses,sparse_init,outlier,7005,0.181340464395215,0.13752113442797426,0.18583351586925398,kc_land,0.20501999080888794,0.11933998503199668,0.2138052615225052,39
brazilian_houses,sparse_init,outlier,7005,0.181340464395215,0.13752113442797426,0.18583351586925398,kc_land_perm,0.2003999266908833,0.13091939703098096,0.20752417063616543,38
brazilian_houses,sparse_init,outlier,7006,0.14397031794781265,0.10047996066383501,0.1486153865453819,uniform,0.15857008995557714,0.14556394489771196,0.15995923549855887,2
brazilian_houses,sparse_init,outlier,7006,0.14397031794781265,0.10047996066383501,0.1486153865453819,hyb_ws,0.12383196570780056,0.11747173718125305,0.12451128175961224,9
brazilian_houses,sparse_init,outlier,7006,0.14397031794781265,0.10047996066383501,0.1486153865453819,hyb_randreg,0.14104540641325491,0.10829832471350478,0.1445430194558956,35
brazilian_houses,sparse_init,outlier,7006,0.14397031794781265,0.10047996066383501,0.1486153865453819,kc_half,0.15423100259235076,0.12001511243364377,0.1578854944576692,16
brazilian_houses,sparse_init,outlier,7006,0.14397031794781265,0.10047996066383501,0.1486153865453819,kc_land,0.13399011405096517,0.1062839422447963,0.13694932332522672,0
brazilian_houses,sparse_init,outlier,7006,0.14397031794781265,0.10047996066383501,0.1486153865453819,kc_land_perm,0.15527927459931243,0.11825513110314878,0.15923370719187446,0
brazilian_houses,sparse_init,outlier,7007,0.2031535450966925,0.16207743569433836,0.20780647482860407,uniform,0.15727976190801257,0.14270539070605232,0.15893068567066157,33
brazilian_houses,sparse_init,outlier,7007,0.2031535450966925,0.16207743569433836,0.20780647482860407,hyb_ws,0.16135698818952363,0.17481658320568452,0.15983234160684137,33
brazilian_houses,sparse_init,outlier,7007,0.2031535450966925,0.16207743569433836,0.20780647482860407,hyb_randreg,0.15790943048079814,0.15885816854656146,0.15780196140404731,48
brazilian_houses,sparse_init,outlier,7007,0.2031535450966925,0.16207743569433836,0.20780647482860407,kc_half,0.16577472624239115,0.18780091869584836,0.16327969136107834,21
brazilian_houses,sparse_init,outlier,7007,0.2031535450966925,0.16207743569433836,0.20780647482860407,kc_land,0.15489967210613775,0.15136589047013807,0.155299964097747,51
brazilian_houses,sparse_init,outlier,7007,0.2031535450966925,0.16207743569433836,0.20780647482860407,kc_land_perm,0.1459646792942037,0.13170370498466877,0.14758010276873215,51
brazilian_houses,sparse_init,outlier,7008,0.1811754352749402,0.12341570941618712,0.18762885656321668,uniform,0.13359891226432963,0.1648099028507283,0.13011174766851746,44
brazilian_houses,sparse_init,outlier,7008,0.1811754352749402,0.12341570941618712,0.18762885656321668,hyb_ws,0.1508543579069336,0.21040884767065135,0.14420040991221034,38
brazilian_houses,sparse_init,outlier,7008,0.1811754352749402,0.12341570941618712,0.18762885656321668,hyb_randreg,0.14141696020881064,0.20387291957592113,0.13443883467640974,35
brazilian_houses,sparse_init,outlier,7008,0.1811754352749402,0.12341570941618712,0.18762885656321668,kc_half,0.14426645016575168,0.17373692521300238,0.1409737511749249,44
brazilian_houses,sparse_init,outlier,7008,0.1811754352749402,0.12341570941618712,0.18762885656321668,kc_land,0.13748090465773025,0.1656988709562707,0.1343281468889661,59
brazilian_houses,sparse_init,outlier,7008,0.1811754352749402,0.12341570941618712,0.18762885656321668,kc_land_perm,0.14496212056657015,0.15661414773613433,0.1436602542735838,71
brazilian_houses,sparse_init,outlier,7009,0.1559533094234759,0.08215934360677284,0.1637447121161184,uniform,0.18047278106940395,0.18770063343128046,0.17970964132306985,10
brazilian_houses,sparse_init,outlier,7009,0.1559533094234759,0.08215934360677284,0.1637447121161184,hyb_ws,0.20594110311731145,0.26444996822985656,0.19976355019498082,17
brazilian_houses,sparse_init,outlier,7009,0.1559533094234759,0.08215934360677284,0.1637447121161184,hyb_randreg,0.18867277854904477,0.1735584473549081,0.19026859792885686,21
brazilian_houses,sparse_init,outlier,7009,0.1559533094234759,0.08215934360677284,0.1637447121161184,kc_half,0.18532409794456675,0.1539493409743135,0.1886367450320838,10
brazilian_houses,sparse_init,outlier,7009,0.1559533094234759,0.08215934360677284,0.1637447121161184,kc_land,0.17420400098745967,0.16857366122380388,0.17479847024940454,2
brazilian_houses,sparse_init,outlier,7009,0.1559533094234759,0.08215934360677284,0.1637447121161184,kc_land_perm,0.19504122200059523,0.1783980197618769,0.19679846447024432,0
brazilian_houses,sparse_all,clean,7000,0.07182420738197831,0.05926872672754015,0.07322313701310632,uniform,0.0902612588444685,0.13911565800590378,0.08481790956307492,3
brazilian_houses,sparse_all,clean,7000,0.07182420738197831,0.05926872672754015,0.07322313701310632,hyb_ws,0.09781296549338762,0.1437542214835316,0.09269419815466916,2
brazilian_houses,sparse_all,clean,7000,0.07182420738197831,0.05926872672754015,0.07322313701310632,hyb_randreg,0.10099734046921324,0.1554034282357453,0.09493542293812701,3
brazilian_houses,sparse_all,clean,7000,0.07182420738197831,0.05926872672754015,0.07322313701310632,kc_half,0.09195864131652985,0.1365448887319618,0.08699084881483822,2
brazilian_houses,sparse_all,clean,7000,0.07182420738197831,0.05926872672754015,0.07322313701310632,kc_land,0.09415588417161153,0.1418321311834137,0.08884380441286392,0
brazilian_houses,sparse_all,clean,7000,0.07182420738197831,0.05926872672754015,0.07322313701310632,kc_land_perm,0.09406148909144889,0.1402122086653078,0.0889193833539892,0
brazilian_houses,sparse_all,clean,7001,0.11008571016140037,0.08408922294111691,0.11307081404511185,uniform,0.10562137874922803,0.05563890949933506,0.11136072583143423,2
brazilian_houses,sparse_all,clean,7001,0.11008571016140037,0.08408922294111691,0.11307081404511185,hyb_ws,0.09306304570671041,0.05043683774418824,0.0979576938896979,11
brazilian_houses,sparse_all,clean,7001,0.11008571016140037,0.08408922294111691,0.11307081404511185,hyb_randreg,0.08616807024743049,0.05006301677403628,0.09031391250803204,12
brazilian_houses,sparse_all,clean,7001,0.11008571016140037,0.08408922294111691,0.11307081404511185,kc_half,0.0987674638444787,0.051096157830071175,0.1042414265194887,2
brazilian_houses,sparse_all,clean,7001,0.11008571016140037,0.08408922294111691,0.11307081404511185,kc_land,0.09235921566005625,0.06263512351554047,0.09577234998657255,0
brazilian_houses,sparse_all,clean,7001,0.11008571016140037,0.08408922294111691,0.11307081404511185,kc_land_perm,0.0837904456848175,0.0623511753668992,0.0862522571037089,0
brazilian_houses,sparse_all,clean,7002,0.1143330039137663,0.058591971243646804,0.12061259173891188,uniform,0.09931216416028305,0.09723686664932235,0.09954595984649696,5
brazilian_houses,sparse_all,clean,7002,0.1143330039137663,0.058591971243646804,0.12061259173891188,hyb_ws,0.10140406699776355,0.08479661498425543,0.10327500387272066,2
brazilian_houses,sparse_all,clean,7002,0.1143330039137663,0.058591971243646804,0.12061259173891188,hyb_randreg,0.1060951461978151,0.10395928755881614,0.10633576448677046,0
brazilian_houses,sparse_all,clean,7002,0.1143330039137663,0.058591971243646804,0.12061259173891188,kc_half,0.10958136420326267,0.11715465487199712,0.10872818403056794,4
brazilian_houses,sparse_all,clean,7002,0.1143330039137663,0.058591971243646804,0.12061259173891188,kc_land,0.10722044628767026,0.10591242780156654,0.10736780302949836,0
brazilian_houses,sparse_all,clean,7002,0.1143330039137663,0.058591971243646804,0.12061259173891188,kc_land_perm,0.10143014873700196,0.1103769097328443,0.10042223824929233,0
brazilian_houses,sparse_all,clean,7003,0.17267477716096907,0.17241697331843023,0.17270176077221525,uniform,0.1120166319229172,0.09341819333879214,0.11396327876726503,11
brazilian_houses,sparse_all,clean,7003,0.17267477716096907,0.17241697331843023,0.17270176077221525,hyb_ws,0.10771531540420698,0.09739447625114774,0.10879556893610685,17
brazilian_houses,sparse_all,clean,7003,0.17267477716096907,0.17241697331843023,0.17270176077221525,hyb_randreg,0.11270108543705816,0.09541545050695152,0.11451032477384647,16
brazilian_houses,sparse_all,clean,7003,0.17267477716096907,0.17241697331843023,0.17270176077221525,kc_half,0.10847860157212989,0.08823830739042364,0.11059709687587654,15
brazilian_houses,sparse_all,clean,7003,0.17267477716096907,0.17241697331843023,0.17270176077221525,kc_land,0.11024134680293515,0.08397726929041867,0.11299033475577794,29
brazilian_houses,sparse_all,clean,7003,0.17267477716096907,0.17241697331843023,0.17270176077221525,kc_land_perm,0.11244298861633277,0.09099646744509464,0.11468773634455681,26
brazilian_houses,sparse_all,clean,7004,0.16469294423415115,0.12937369191453568,0.16867188642871145,uniform,0.11646616503461425,0.09613157765870423,0.11875698781270703,1
brazilian_houses,sparse_all,clean,7004,0.16469294423415115,0.12937369191453568,0.16867188642871145,hyb_ws,0.11768735087198093,0.09698174455000644,0.12001997133384454,2
brazilian_houses,sparse_all,clean,7004,0.16469294423415115,0.12937369191453568,0.16867188642871145,hyb_randreg,0.12272444076517786,0.10449668645137367,0.12477791517326985,0
brazilian_houses,sparse_all,clean,7004,0.16469294423415115,0.12937369191453568,0.16867188642871145,kc_half,0.11626193512119296,0.0897865078660648,0.11924456322642991,4
brazilian_houses,sparse_all,clean,7004,0.16469294423415115,0.12937369191453568,0.16867188642871145,kc_land,0.1219388994734461,0.10034721378910799,0.12437134250603496,0
brazilian_houses,sparse_all,clean,7004,0.16469294423415115,0.12937369191453568,0.16867188642871145,kc_land_perm,0.12137188140998818,0.10750319584515806,0.12293427853203442,0
brazilian_houses,sparse_all,clean,7005,0.18664831946111674,0.09889983286421225,0.1956456835774476,uniform,0.07673374531587365,0.045139588916019796,0.07997327844176824,11
brazilian_houses,sparse_all,clean,7005,0.18664831946111674,0.09889983286421225,0.1956456835774476,hyb_ws,0.07477664894424667,0.044070693777391486,0.07792510961736412,15
brazilian_houses,sparse_all,clean,7005,0.18664831946111674,0.09889983286421225,0.1956456835774476,hyb_randreg,0.07601711948038474,0.04732267202676881,0.07895932853571691,6
brazilian_houses,sparse_all,clean,7005,0.18664831946111674,0.09889983286421225,0.1956456835774476,kc_half,0.07734061040942054,0.0478064961397844,0.08036891540068423,9
brazilian_houses,sparse_all,clean,7005,0.18664831946111674,0.09889983286421225,0.1956456835774476,kc_land,0.08265124774119233,0.04500453910256133,0.0865113843491225,15
brazilian_houses,sparse_all,clean,7005,0.18664831946111674,0.09889983286421225,0.1956456835774476,kc_land_perm,0.07808315908438417,0.04397663553145195,0.08158029986765063,11
brazilian_houses,sparse_all,clean,7006,0.08326306261160825,0.06200122886591502,0.08553397235865794,uniform,0.06026924774368034,0.03203969115200806,0.06328435810460604,1
brazilian_houses,sparse_all,clean,7006,0.08326306261160825,0.06200122886591502,0.08553397235865794,hyb_ws,0.06166868115969026,0.02200340721415275,0.0659052046082175,5
brazilian_houses,sparse_all,clean,7006,0.08326306261160825,0.06200122886591502,0.08553397235865794,hyb_randreg,0.05829121178758549,0.03384651089689345,0.060902073587200074,0
brazilian_houses,sparse_all,clean,7006,0.08326306261160825,0.06200122886591502,0.08553397235865794,kc_half,0.05679380755881494,0.02605409721587717,0.06007701956555926,5
brazilian_houses,sparse_all,clean,7006,0.08326306261160825,0.06200122886591502,0.08553397235865794,kc_land,0.05725874290596198,0.039993390428583776,0.05910280102889169,0
brazilian_houses,sparse_all,clean,7006,0.08326306261160825,0.06200122886591502,0.08553397235865794,kc_land_perm,0.06157122341876328,0.038883533758400264,0.06399442436201179,0
brazilian_houses,sparse_all,clean,7007,0.15868103484263904,0.1080259120987541,0.1644190351089238,uniform,0.11569989519140327,0.06683921300624576,0.12123462874257473,8
brazilian_houses,sparse_all,clean,7007,0.15868103484263904,0.1080259120987541,0.1644190351089238,hyb_ws,0.10961686444247136,0.07237572188594461,0.11383538518294073,13
brazilian_houses,sparse_all,clean,7007,0.15868103484263904,0.1080259120987541,0.1644190351089238,hyb_randreg,0.10732197893089299,0.0736450989508727,0.11113675492640321,3
brazilian_houses,sparse_all,clean,7007,0.15868103484263904,0.1080259120987541,0.1644190351089238,kc_half,0.10542055857597982,0.06856985275185894,0.109594852277738,7
brazilian_houses,sparse_all,clean,7007,0.15868103484263904,0.1080259120987541,0.1644190351089238,kc_land,0.10944014925777244,0.06451133166778562,0.11452949764606209,20
brazilian_houses,sparse_all,clean,7007,0.15868103484263904,0.1080259120987541,0.1644190351089238,kc_land_perm,0.10258407131298931,0.06419425915650522,0.10693270853750614,17
brazilian_houses,sparse_all,clean,7008,0.08062571742041524,0.07907049908030146,0.08079948000316281,uniform,0.03898927410140504,0.03524849724046048,0.0394072263799208,13
brazilian_houses,sparse_all,clean,7008,0.08062571742041524,0.07907049908030146,0.08079948000316281,hyb_ws,0.0364415507092822,0.030120577456652982,0.03714778507491781,19
brazilian_houses,sparse_all,clean,7008,0.08062571742041524,0.07907049908030146,0.08079948000316281,hyb_randreg,0.03930647467493755,0.03066530205629435,0.04027194198808223,15
brazilian_houses,sparse_all,clean,7008,0.08062571742041524,0.07907049908030146,0.08079948000316281,kc_half,0.03708409147938673,0.029131035948328107,0.03797267633861006,14
brazilian_houses,sparse_all,clean,7008,0.08062571742041524,0.07907049908030146,0.08079948000316281,kc_land,0.03976432120465817,0.03019211624454205,0.040833811586527734,24
brazilian_houses,sparse_all,clean,7008,0.08062571742041524,0.07907049908030146,0.08079948000316281,kc_land_perm,0.04097045090353858,0.031684865648807,0.04200791762738575,25
brazilian_houses,sparse_all,clean,7009,0.14396054179235046,0.10389786380376237,0.1481904873400676,uniform,0.11424016484435551,0.09740802623084949,0.11601735582013198,4
brazilian_houses,sparse_all,clean,7009,0.14396054179235046,0.10389786380376237,0.1481904873400676,hyb_ws,0.10874386452687912,0.08914935008628351,0.11081271596864462,5
brazilian_houses,sparse_all,clean,7009,0.14396054179235046,0.10389786380376237,0.1481904873400676,hyb_randreg,0.11518268391816014,0.10501581358665979,0.11625613457228758,5
brazilian_houses,sparse_all,clean,7009,0.14396054179235046,0.10389786380376237,0.1481904873400676,kc_half,0.10895214847207871,0.09593141395493535,0.11032691922540892,4
brazilian_houses,sparse_all,clean,7009,0.14396054179235046,0.10389786380376237,0.1481904873400676,kc_land,0.10684902191167711,0.09769938223538124,0.10781507010303835,0
brazilian_houses,sparse_all,clean,7009,0.14396054179235046,0.10389786380376237,0.1481904873400676,kc_land_perm,0.11250098834810737,0.1030725076755445,0.11349647746278924,0
brazilian_houses,sparse_all,outlier,7000,0.19964999322079843,0.22104007347937007,0.19726671392552553,uniform,0.17755931055658744,0.1807431381288713,0.17720456900157608,1
brazilian_houses,sparse_all,outlier,7000,0.19964999322079843,0.22104007347937007,0.19726671392552553,hyb_ws,0.1706589960609203,0.1951290383766685,0.16793254788959078,0
brazilian_houses,sparse_all,outlier,7000,0.19964999322079843,0.22104007347937007,0.19726671392552553,hyb_randreg,0.16462723449546718,0.1854630281068027,0.16230571372910274,6
brazilian_houses,sparse_all,outlier,7000,0.19964999322079843,0.22104007347937007,0.19726671392552553,kc_half,0.16845799198878522,0.1882539691248187,0.1662523274065264,4
brazilian_houses,sparse_all,outlier,7000,0.19964999322079843,0.22104007347937007,0.19726671392552553,kc_land,0.16665790870797387,0.18698705491644435,0.16439283851358746,0
brazilian_houses,sparse_all,outlier,7000,0.19964999322079843,0.22104007347937007,0.19726671392552553,kc_land_perm,0.16663729078939424,0.18596456211621018,0.16448384933286372,0
brazilian_houses,sparse_all,outlier,7001,0.23653669914639341,0.15285221393780987,0.24614595441560644,uniform,0.15649863882540263,0.08156049365436593,0.16510357634225517,1
brazilian_houses,sparse_all,outlier,7001,0.23653669914639341,0.15285221393780987,0.24614595441560644,hyb_ws,0.17716185970125117,0.09241322233795733,0.1868933085846617,4
brazilian_houses,sparse_all,outlier,7001,0.23653669914639341,0.15285221393780987,0.24614595441560644,hyb_randreg,0.22888581974973782,0.08772737889881384,0.24509464852080262,0
brazilian_houses,sparse_all,outlier,7001,0.23653669914639341,0.15285221393780987,0.24614595441560644,kc_half,0.15460633911571176,0.06936778769927365,0.1643940434589594,3
brazilian_houses,sparse_all,outlier,7001,0.23653669914639341,0.15285221393780987,0.24614595441560644,kc_land,0.20637011178890133,0.08587850014772039,0.2202058263920693,0
brazilian_houses,sparse_all,outlier,7001,0.23653669914639341,0.15285221393780987,0.24614595441560644,kc_land_perm,0.17261249100712792,0.08400036847592815,0.182787573081502,0
brazilian_houses,sparse_all,outlier,7002,0.1944948773150431,0.0660932222474695,0.2089601541724471,uniform,0.1701951452741164,0.19161257095186965,0.1677823337582638,3
brazilian_houses,sparse_all,outlier,7002,0.1944948773150431,0.0660932222474695,0.2089601541724471,hyb_ws,0.16572780396658862,0.16436112264360772,0.16588176945638206,1
brazilian_houses,sparse_all,outlier,7002,0.1944948773150431,0.0660932222474695,0.2089601541724471,hyb_randreg,0.18160459301739915,0.16852119246956743,0.18307852270359434,0
brazilian_houses,sparse_all,outlier,7002,0.1944948773150431,0.0660932222474695,0.2089601541724471,kc_half,0.16896268540563938,0.15768223822104574,0.1702335007351972,2
brazilian_houses,sparse_all,outlier,7002,0.1944948773150431,0.0660932222474695,0.2089601541724471,kc_land,0.16610854898019034,0.15710963498832162,0.16712233484019226,1
brazilian_houses,sparse_all,outlier,7002,0.1944948773150431,0.0660932222474695,0.2089601541724471,kc_land_perm,0.17316177713228947,0.16737509761973793,0.1738136840036618,0
brazilian_houses,sparse_all,outlier,7003,0.11118917511553082,0.10132914147329287,0.11222119741611301,uniform,0.16187720803491992,0.18077888215852184,0.15989882236995306,19
brazilian_houses,sparse_all,outlier,7003,0.11118917511553082,0.10132914147329287,0.11222119741611301,hyb_ws,0.16315010730079546,0.19075092445741879,0.16026120652687656,10
brazilian_houses,sparse_all,outlier,7003,0.11118917511553082,0.10132914147329287,0.11222119741611301,hyb_randreg,0.16804239122539208,0.17234526891780458,0.16759202098362894,16
brazilian_houses,sparse_all,outlier,7003,0.11118917511553082,0.10132914147329287,0.11222119741611301,kc_half,0.15585852665718675,0.1711623702089324,0.15425671591261025,14
brazilian_houses,sparse_all,outlier,7003,0.11118917511553082,0.10132914147329287,0.11222119741611301,kc_land,0.15219814854218958,0.1711815023676313,0.1502112136899824,13
brazilian_houses,sparse_all,outlier,7003,0.11118917511553082,0.10132914147329287,0.11222119741611301,kc_land_perm,0.155081818468182,0.16769099400400864,0.15376205113096073,20
brazilian_houses,sparse_all,outlier,7004,0.21367303995811673,0.11825574290939053,0.22442241556444054,uniform,0.16592784729071564,0.15238404287640964,0.16745364445004635,3
brazilian_houses,sparse_all,outlier,7004,0.21367303995811673,0.11825574290939053,0.22442241556444054,hyb_ws,0.17697663146187484,0.15271808885731752,0.17970951317393208,0
brazilian_houses,sparse_all,outlier,7004,0.21367303995811673,0.11825574290939053,0.22442241556444054,hyb_randreg,0.1708121005114651,0.18540044443868667,0.16916862922063763,0
brazilian_houses,sparse_all,outlier,7004,0.21367303995811673,0.11825574290939053,0.22442241556444054,kc_half,0.17033514162506141,0.16922717855848304,0.17045996083005843,3
brazilian_houses,sparse_all,outlier,7004,0.21367303995811673,0.11825574290939053,0.22442241556444054,kc_land,0.18037927739492182,0.16698951839839182,0.18188772034167972,0
brazilian_houses,sparse_all,outlier,7004,0.21367303995811673,0.11825574290939053,0.22442241556444054,kc_land_perm,0.1738458548925828,0.1499661181796651,0.17653606167108954,0
brazilian_houses,sparse_all,outlier,7005,0.2281367071908971,0.1308625480902011,0.23811079406671262,uniform,0.2512936080186618,0.15833507691686532,0.2608251883852187,10
brazilian_houses,sparse_all,outlier,7005,0.2281367071908971,0.1308625480902011,0.23811079406671262,hyb_ws,0.20749992668841102,0.12203577235782284,0.21626306489430377,9
brazilian_houses,sparse_all,outlier,7005,0.2281367071908971,0.1308625480902011,0.23811079406671262,hyb_randreg,0.2093144745623307,0.1490817505984447,0.2154904870525638,5
brazilian_houses,sparse_all,outlier,7005,0.2281367071908971,0.1308625480902011,0.23811079406671262,kc_half,0.20183108706677677,0.1328227794445066,0.20890691133234587,5
brazilian_houses,sparse_all,outlier,7005,0.2281367071908971,0.1308625480902011,0.23811079406671262,kc_land,0.22590317758109515,0.1358011072859019,0.23514186836108739,11
brazilian_houses,sparse_all,outlier,7005,0.2281367071908971,0.1308625480902011,0.23811079406671262,kc_land_perm,0.23545875242577752,0.11396047352484553,0.2479166795898201,14
brazilian_houses,sparse_all,outlier,7006,0.1232476208630788,0.0843885477169032,0.12739803653392107,uniform,0.1357101231716742,0.04113247471229709,0.14581166503811566,2
brazilian_houses,sparse_all,outlier,7006,0.1232476208630788,0.0843885477169032,0.12739803653392107,hyb_ws,0.12498370968972973,0.12613717702020036,0.12486051146350903,2
brazilian_houses,sparse_all,outlier,7006,0.1232476208630788,0.0843885477169032,0.12739803653392107,hyb_randreg,0.1103093475878652,0.04796514366526351,0.11696813638535394,13
brazilian_houses,sparse_all,outlier,7006,0.1232476208630788,0.0843885477169032,0.12739803653392107,kc_half,0.12574700266263478,0.03600332107910155,0.13533224369507635,3
brazilian_houses,sparse_all,outlier,7006,0.1232476208630788,0.0843885477169032,0.12739803653392107,kc_land,0.11749330677234777,0.05604710238665832,0.12405618305703957,0
brazilian_houses,sparse_all,outlier,7006,0.1232476208630788,0.0843885477169032,0.12739803653392107,kc_land_perm,0.11541759991246564,0.041197462178808486,0.12334481993603831,0
brazilian_houses,sparse_all,outlier,7007,0.21400082364544704,0.15596073404642172,0.22057536204422337,uniform,0.15316598317108066,0.10998202034553678,0.1580576817154715,9
brazilian_houses,sparse_all,outlier,7007,0.21400082364544704,0.15596073404642172,0.22057536204422337,hyb_ws,0.17221525258907217,0.17577314634783606,0.1718122292771276,6
brazilian_houses,sparse_all,outlier,7007,0.21400082364544704,0.15596073404642172,0.22057536204422337,hyb_randreg,0.1651372578741571,0.11157866817199924,0.17120415072380313,11
brazilian_houses,sparse_all,outlier,7007,0.21400082364544704,0.15596073404642172,0.22057536204422337,kc_half,0.18844220319997737,0.18668924603065148,0.1886407708503853,4
brazilian_houses,sparse_all,outlier,7007,0.21400082364544704,0.15596073404642172,0.22057536204422337,kc_land,0.1566764480521394,0.10756059793356593,0.1622400859586964,13
brazilian_houses,sparse_all,outlier,7007,0.21400082364544704,0.15596073404642172,0.22057536204422337,kc_land_perm,0.16645541247918935,0.14679195787302857,0.16868280630738514,16
brazilian_houses,sparse_all,outlier,7008,0.1597011764854972,0.2544002458879296,0.14912056895359677,uniform,0.12819915599162213,0.27566924753576927,0.11172250874294307,13
brazilian_houses,sparse_all,outlier,7008,0.1597011764854972,0.2544002458879296,0.14912056895359677,hyb_ws,0.127085624651447,0.24413896771195442,0.11400740233062319,17
brazilian_houses,sparse_all,outlier,7008,0.1597011764854972,0.2544002458879296,0.14912056895359677,hyb_randreg,0.12681698784727663,0.28139968947199745,0.1095456576490727,9
brazilian_houses,sparse_all,outlier,7008,0.1597011764854972,0.2544002458879296,0.14912056895359677,kc_half,0.11776697378789808,0.24598430756572806,0.10344141287108662,12
brazilian_houses,sparse_all,outlier,7008,0.1597011764854972,0.2544002458879296,0.14912056895359677,kc_land,0.11247365472663118,0.23110976310783946,0.09921859203367796,27
brazilian_houses,sparse_all,outlier,7008,0.1597011764854972,0.2544002458879296,0.14912056895359677,kc_land_perm,0.11627483799806708,0.26585463362249584,0.09956247617454836,26
brazilian_houses,sparse_all,outlier,7009,0.18850131373988915,0.1707719307991913,0.19037323863854763,uniform,0.20700673368586273,0.15669397620040507,0.21231891537725156,2
brazilian_houses,sparse_all,outlier,7009,0.18850131373988915,0.1707719307991913,0.19037323863854763,hyb_ws,0.18836111309752096,0.13813183288221093,0.1936644809920064,5
brazilian_houses,sparse_all,outlier,7009,0.18850131373988915,0.1707719307991913,0.19037323863854763,hyb_randreg,0.19608475058740868,0.18934867401654942,0.19679596707443694,0
brazilian_houses,sparse_all,outlier,7009,0.18850131373988915,0.1707719307991913,0.19037323863854763,kc_half,0.2287704878779951,0.17899565056284714,0.23402587423907478,1
brazilian_houses,sparse_all,outlier,7009,0.18850131373988915,0.1707719307991913,0.19037323863854763,kc_land,0.19096343600020635,0.19011030133112683,0.19105351268444856,0
brazilian_houses,sparse_all,outlier,7009,0.18850131373988915,0.1707719307991913,0.19037323863854763,kc_land_perm,0.19084760254834163,0.17634384896446362,0.19237895519318446,0
brazilian_houses,hard,clean,7000,0.10917321729408906,0.30858456470795353,0.08695483710154678,uniform,0.1255322220729543,0.31142450057330506,0.10482013436007831,3
brazilian_houses,hard,clean,7000,0.10917321729408906,0.30858456470795353,0.08695483710154678,hyb_ws,0.12815641483991863,0.29903689485611556,0.10911693929490751,18
brazilian_houses,hard,clean,7000,0.10917321729408906,0.30858456470795353,0.08695483710154678,hyb_randreg,0.12279014124446426,0.30955365851052535,0.10198098024871809,0
brazilian_houses,hard,clean,7000,0.10917321729408906,0.30858456470795353,0.08695483710154678,kc_half,0.1233125358164509,0.3106712837149244,0.10243705431956623,9
brazilian_houses,hard,clean,7000,0.10917321729408906,0.30858456470795353,0.08695483710154678,kc_land,0.1254023703517971,0.315087751928239,0.1042676557054639,0
brazilian_houses,hard,clean,7000,0.10917321729408906,0.30858456470795353,0.08695483710154678,kc_land_perm,0.1243064170382004,0.3188351295520934,0.10263205923934765,0
brazilian_houses,hard,clean,7001,0.17749363021576112,0.4341684219838433,0.14802038210861232,uniform,0.12627182674756723,0.31022809149310765,0.10514864361625101,2
brazilian_houses,hard,clean,7001,0.17749363021576112,0.4341684219838433,0.14802038210861232,hyb_ws,0.1298384763132054,0.292942104120402,0.11110974313133107,34
brazilian_houses,hard,clean,7001,0.17749363021576112,0.4341684219838433,0.14802038210861232,hyb_randreg,0.1205303617302656,0.31169984040077825,0.09857890542807742,0
brazilian_houses,hard,clean,7001,0.17749363021576112,0.4341684219838433,0.14802038210861232,kc_half,0.11819283167166489,0.29201194829319976,0.09823366889349534,13
brazilian_houses,hard,clean,7001,0.17749363021576112,0.4341684219838433,0.14802038210861232,kc_land,0.13088729235687227,0.3209349859711711,0.10906464749369191,0
brazilian_houses,hard,clean,7001,0.17749363021576112,0.4341684219838433,0.14802038210861232,kc_land_perm,0.12559592247592674,0.3186018299803937,0.10343359418946062,0
brazilian_houses,hard,clean,7002,0.1512386545132568,0.37436068601825634,0.1261025146635976,uniform,0.14354531190634373,0.3401729497878174,0.121393936845983,5
brazilian_houses,hard,clean,7002,0.1512386545132568,0.37436068601825634,0.1261025146635976,hyb_ws,0.13587166531001635,0.3284981783001189,0.11417104284520645,34
brazilian_houses,hard,clean,7002,0.1512386545132568,0.37436068601825634,0.1261025146635976,hyb_randreg,0.1348565839693776,0.33417925372221174,0.11240159613908614,5
brazilian_houses,hard,clean,7002,0.1512386545132568,0.37436068601825634,0.1261025146635976,kc_half,0.13358172441451735,0.3376736043492789,0.11058945421324379,7
brazilian_houses,hard,clean,7002,0.1512386545132568,0.37436068601825634,0.1261025146635976,kc_land,0.14898238944681738,0.34490183485705256,0.12691079684844597,1
brazilian_houses,hard,clean,7002,0.1512386545132568,0.37436068601825634,0.1261025146635976,kc_land_perm,0.13745489374595127,0.3448412730459785,0.11409147688461302,0
brazilian_houses,hard,clean,7003,0.181180970068227,0.34513899917037466,0.16401993912933885,uniform,0.13789133742233475,0.26133943727540004,0.12497036811984599,28
brazilian_houses,hard,clean,7003,0.181180970068227,0.34513899917037466,0.16401993912933885,hyb_ws,0.1365531354945515,0.24991446643605414,0.12468792024273447,46
brazilian_houses,hard,clean,7003,0.181180970068227,0.34513899917037466,0.16401993912933885,hyb_randreg,0.13973152253040705,0.2737504062386894,0.12570413867913974,16
brazilian_houses,hard,clean,7003,0.181180970068227,0.34513899917037466,0.16401993912933885,kc_half,0.13819777756691004,0.27293412388624927,0.12409529889940672,25
brazilian_houses,hard,clean,7003,0.181180970068227,0.34513899917037466,0.16401993912933885,kc_land,0.13688934374451223,0.2404634497737336,0.12604853010599387,77
brazilian_houses,hard,clean,7003,0.181180970068227,0.34513899917037466,0.16401993912933885,kc_land_perm,0.1345847071284628,0.24614571945789965,0.1229079262190851,39
brazilian_houses,hard,clean,7004,0.1579463090711456,0.28273164764158065,0.14388843365500478,uniform,0.140534155978449,0.3006713187232296,0.12249366893766009,8
brazilian_houses,hard,clean,7004,0.1579463090711456,0.28273164764158065,0.14388843365500478,hyb_ws,0.14625372373563186,0.2827248760815177,0.13087936582183946,41
brazilian_houses,hard,clean,7004,0.1579463090711456,0.28273164764158065,0.14388843365500478,hyb_randreg,0.13989390565488805,0.29658539717418486,0.12224159576189357,0
brazilian_houses,hard,clean,7004,0.1579463090711456,0.28273164764158065,0.14388843365500478,kc_half,0.1323086442691307,0.29042862900579297,0.11449540537668337,7
brazilian_houses,hard,clean,7004,0.1579463090711456,0.28273164764158065,0.14388843365500478,kc_land,0.14172560120460898,0.305115309156367,0.12331869391101734,1
brazilian_houses,hard,clean,7004,0.1579463090711456,0.28273164764158065,0.14388843365500478,kc_land_perm,0.14171280648568943,0.3019368750924166,0.12366252893750461,0
brazilian_houses,hard,clean,7005,0.19019581356741094,0.28893913541718425,0.18007108486616627,uniform,0.12123427302837327,0.2673070524200542,0.10625657900033982,25
brazilian_houses,hard,clean,7005,0.19019581356741094,0.28893913541718425,0.18007108486616627,hyb_ws,0.13034040774672365,0.2819257482871669,0.11479747867256575,35
brazilian_houses,hard,clean,7005,0.19019581356741094,0.28893913541718425,0.18007108486616627,hyb_randreg,0.1298843825196466,0.2784261495855262,0.11465352878521792,8
brazilian_houses,hard,clean,7005,0.19019581356741094,0.28893913541718425,0.18007108486616627,kc_half,0.12328092141411427,0.2807275971703577,0.10713699545454357,17
brazilian_houses,hard,clean,7005,0.19019581356741094,0.28893913541718425,0.18007108486616627,kc_land,0.12320285403639929,0.2800345043993848,0.10712199021748235,55
brazilian_houses,hard,clean,7005,0.19019581356741094,0.28893913541718425,0.18007108486616627,kc_land_perm,0.12456116022654208,0.2723558216460047,0.10940691159147041,27
brazilian_houses,hard,clean,7006,0.17042238191412695,0.33795284875026954,0.15252897842803095,uniform,0.08838958184390203,0.319625823780373,0.06369196441515886,2
brazilian_houses,hard,clean,7006,0.17042238191412695,0.33795284875026954,0.15252897842803095,hyb_ws,0.08705281707565413,0.3178965809112318,0.0623971190013506,28
brazilian_houses,hard,clean,7006,0.17042238191412695,0.33795284875026954,0.15252897842803095,hyb_randreg,0.08885405281689936,0.3190601656734087,0.06426646024285049,0
brazilian_houses,hard,clean,7006,0.17042238191412695,0.33795284875026954,0.15252897842803095,kc_half,0.08891899054796804,0.3180230351452499,0.06444910642662027,10
brazilian_houses,hard,clean,7006,0.17042238191412695,0.33795284875026954,0.15252897842803095,kc_land,0.08933809158050783,0.32099434704829116,0.06459561382440258,0
brazilian_houses,hard,clean,7006,0.17042238191412695,0.33795284875026954,0.15252897842803095,kc_land_perm,0.08521809240421314,0.32040677885859836,0.06009832677848189,0
brazilian_houses,hard,clean,7007,0.20405069548336205,0.29891146418805087,0.19330526468380504,uniform,0.1428457308796067,0.28996315023019553,0.1261808854368876,28
brazilian_houses,hard,clean,7007,0.20405069548336205,0.29891146418805087,0.19330526468380504,hyb_ws,0.1428502859497555,0.2848469889869086,0.12676549381612864,35
brazilian_houses,hard,clean,7007,0.20405069548336205,0.29891146418805087,0.19330526468380504,hyb_randreg,0.1453339465954566,0.2842384696526754,0.12959942366634775,45
brazilian_houses,hard,clean,7007,0.20405069548336205,0.29891146418805087,0.19330526468380504,kc_half,0.13677437077828397,0.2914357465692995,0.11925497752836932,17
brazilian_houses,hard,clean,7007,0.20405069548336205,0.29891146418805087,0.19330526468380504,kc_land,0.14556853305763878,0.28565969161843363,0.12969959302584264,61
brazilian_houses,hard,clean,7007,0.20405069548336205,0.29891146418805087,0.19330526468380504,kc_land_perm,0.14367941902796252,0.29173014059640184,0.12690885301673102,29
brazilian_houses,hard,clean,7008,0.10268454824756386,0.27896744073268614,0.08298868310609103,uniform,0.06774907717398782,0.24667657502879728,0.04775773361155497,35
brazilian_houses,hard,clean,7008,0.10268454824756386,0.27896744073268614,0.08298868310609103,hyb_ws,0.07152072437861247,0.24088650788405608,0.05259769909534725,49
brazilian_houses,hard,clean,7008,0.10268454824756386,0.27896744073268614,0.08298868310609103,hyb_randreg,0.06891770370678993,0.256971854655187,0.04790665071033198,18
brazilian_houses,hard,clean,7008,0.10268454824756386,0.27896744073268614,0.08298868310609103,kc_half,0.06920069915769372,0.263126270692638,0.04753363974773051,22
brazilian_houses,hard,clean,7008,0.10268454824756386,0.27896744073268614,0.08298868310609103,kc_land,0.0671600446865653,0.23702346034077595,0.048181419591236604,85
brazilian_houses,hard,clean,7008,0.10268454824756386,0.27896744073268614,0.08298868310609103,kc_land_perm,0.06757934451848766,0.2449195350050254,0.04776534880542813,55
brazilian_houses,hard,clean,7009,0.3728460020485591,0.577503513135819,0.35123760811950067,uniform,0.16836293413008177,0.4847420325285095,0.13495861804710793,6
brazilian_houses,hard,clean,7009,0.3728460020485591,0.577503513135819,0.35123760811950067,hyb_ws,0.17590788703020624,0.4822329228990958,0.14356511099319247,11
brazilian_houses,hard,clean,7009,0.3728460020485591,0.577503513135819,0.35123760811950067,hyb_randreg,0.17665374813010748,0.484349389842482,0.1441662591488673,25
brazilian_houses,hard,clean,7009,0.3728460020485591,0.577503513135819,0.35123760811950067,kc_half,0.17830980311285116,0.5034898074341998,0.14397625926244895,8
brazilian_houses,hard,clean,7009,0.3728460020485591,0.577503513135819,0.35123760811950067,kc_land,0.16807098857529892,0.4744896714579186,0.13571832498736058,3
brazilian_houses,hard,clean,7009,0.3728460020485591,0.577503513135819,0.35123760811950067,kc_land_perm,0.1735020691859241,0.4985401770695608,0.13918350721479386,0
brazilian_houses,hard,outlier,7000,0.1700857945266549,0.3822959298953666,0.14644137544278346,uniform,0.18748385095821443,0.33444738348068165,0.17110919784859802,3
brazilian_houses,hard,outlier,7000,0.1700857945266549,0.3822959298953666,0.14644137544278346,hyb_ws,0.17894848280720094,0.3109657200246566,0.16423914351178565,22
brazilian_houses,hard,outlier,7000,0.1700857945266549,0.3822959298953666,0.14644137544278346,hyb_randreg,0.1919942078940798,0.3281999043853545,0.1768181911413704,20
brazilian_houses,hard,outlier,7000,0.1700857945266549,0.3822959298953666,0.14644137544278346,kc_half,0.1875529345601679,0.3286176141200408,0.17183553069700894,11
brazilian_houses,hard,outlier,7000,0.1700857945266549,0.3822959298953666,0.14644137544278346,kc_land,0.17434021052235146,0.3452440955710398,0.15529812719239203,0
brazilian_houses,hard,outlier,7000,0.1700857945266549,0.3822959298953666,0.14644137544278346,kc_land_perm,0.17905244035866394,0.35009425777802,0.15999498862619332,0
brazilian_houses,hard,outlier,7001,0.3081617618392046,0.5560440777746105,0.2796981291286731,uniform,0.2124064631487179,0.3712553305701294,0.19416629219620354,3
brazilian_houses,hard,outlier,7001,0.3081617618392046,0.5560440777746105,0.2796981291286731,hyb_ws,0.18691230042234197,0.31817328008409473,0.17183996942439267,36
brazilian_houses,hard,outlier,7001,0.3081617618392046,0.5560440777746105,0.2796981291286731,hyb_randreg,0.20272062987753905,0.3966411274571002,0.18045328177197076,0
brazilian_houses,hard,outlier,7001,0.3081617618392046,0.5560440777746105,0.2796981291286731,kc_half,0.17708862023538524,0.3469390522296672,0.15758517040772518,8
brazilian_houses,hard,outlier,7001,0.3081617618392046,0.5560440777746105,0.2796981291286731,kc_land,0.1901005248141526,0.3801029295571215,0.16828308034533904,0
brazilian_houses,hard,outlier,7001,0.3081617618392046,0.5560440777746105,0.2796981291286731,kc_land_perm,0.2012027237071315,0.38213082456795566,0.18042725616123975,0
brazilian_houses,hard,outlier,7002,0.2968849198828615,0.40926007409071596,0.2842251319957458,uniform,0.22963492041315442,0.37841682755372447,0.21287367635420287,8
brazilian_houses,hard,outlier,7002,0.2968849198828615,0.40926007409071596,0.2842251319957458,hyb_ws,0.2233455212675065,0.379425327224937,0.2057621217090199,14
brazilian_houses,hard,outlier,7002,0.2968849198828615,0.40926007409071596,0.2842251319957458,hyb_randreg,0.2263992278341446,0.36831626711345483,0.2104113555370318,6
brazilian_houses,hard,outlier,7002,0.2968849198828615,0.40926007409071596,0.2842251319957458,kc_half,0.2215764261663117,0.37559407794011185,0.2042253416132132,9
brazilian_houses,hard,outlier,7002,0.2968849198828615,0.40926007409071596,0.2842251319957458,kc_land,0.21047042179142528,0.37137972934776825,0.19234294764390963,0
brazilian_houses,hard,outlier,7002,0.2968849198828615,0.40926007409071596,0.2842251319957458,kc_land_perm,0.2308214989534116,0.36790488660268716,0.21537816877317334,1
brazilian_houses,hard,outlier,7003,0.18644171202973,0.3550502919443808,0.1687939208704777,uniform,0.18716232125234888,0.2982302557686975,0.17553714942641793,33
brazilian_houses,hard,outlier,7003,0.18644171202973,0.3550502919443808,0.1687939208704777,hyb_ws,0.1838898157689478,0.2952370256094403,0.17223541297150327,33
brazilian_houses,hard,outlier,7003,0.18644171202973,0.3550502919443808,0.1687939208704777,hyb_randreg,0.193798972044224,0.284453883215881,0.18431037460316957,32
brazilian_houses,hard,outlier,7003,0.18644171202973,0.3550502919443808,0.1687939208704777,kc_half,0.18827917089260343,0.2929695163350344,0.1773215235789659,29
brazilian_houses,hard,outlier,7003,0.18644171202973,0.3550502919443808,0.1687939208704777,kc_land,0.18700619414293068,0.2663760030902592,0.17869877696783057,75
brazilian_houses,hard,outlier,7003,0.18644171202973,0.3550502919443808,0.1687939208704777,kc_land_perm,0.18487620878009295,0.29396027264276997,0.17345868317833799,44
brazilian_houses,hard,outlier,7004,0.203999765874367,0.3185961827446868,0.19108973838271762,uniform,0.2017142326826182,0.2828679012081905,0.19257174707681662,9
brazilian_houses,hard,outlier,7004,0.203999765874367,0.3185961827446868,0.19108973838271762,hyb_ws,0.20675343980627894,0.27160869751830186,0.19944707558559208,21
brazilian_houses,hard,outlier,7004,0.203999765874367,0.3185961827446868,0.19108973838271762,hyb_randreg,0.1987002413789129,0.2883538955019068,0.18860017742347127,0
brazilian_houses,hard,outlier,7004,0.203999765874367,0.3185961827446868,0.19108973838271762,kc_half,0.20973137800399264,0.2801974531934321,0.20179291890754675,7
brazilian_houses,hard,outlier,7004,0.203999765874367,0.3185961827446868,0.19108973838271762,kc_land,0.20002034195144097,0.2932296235197476,0.18951971356891964,1
brazilian_houses,hard,outlier,7004,0.203999765874367,0.3185961827446868,0.19108973838271762,kc_land_perm,0.1927303880079091,0.2937105999841285,0.181354314057876,0
brazilian_houses,hard,outlier,7005,0.22776371289900707,0.31915736798842514,0.218392588397005,uniform,0.19681636573612543,0.3574034753591359,0.18035043277588292,28
brazilian_houses,hard,outlier,7005,0.22776371289900707,0.31915736798842514,0.218392588397005,hyb_ws,0.19486953233759172,0.35203891183278807,0.1787540391809729,24
brazilian_houses,hard,outlier,7005,0.22776371289900707,0.31915736798842514,0.218392588397005,hyb_randreg,0.1843898139690314,0.31572374475851384,0.17092338005125648,39
brazilian_houses,hard,outlier,7005,0.22776371289900707,0.31915736798842514,0.218392588397005,kc_half,0.1979010041878201,0.3625018600746844,0.18102351841331255,16
brazilian_houses,hard,outlier,7005,0.22776371289900707,0.31915736798842514,0.218392588397005,kc_land,0.1781778654307166,0.3469688066209798,0.16087074577173702,44
brazilian_houses,hard,outlier,7005,0.22776371289900707,0.31915736798842514,0.218392588397005,kc_land_perm,0.1732265191840932,0.3333010915819441,0.15681313965487587,18
brazilian_houses,hard,outlier,7006,0.2814391201619295,0.3980610015097946,0.26898310295100636,uniform,0.14803271350942704,0.3594803403346916,0.1254486559680457,2
brazilian_houses,hard,outlier,7006,0.2814391201619295,0.3980610015097946,0.26898310295100636,hyb_ws,0.15014587537958174,0.35055996889610946,0.12874027490991385,31
brazilian_houses,hard,outlier,7006,0.2814391201619295,0.3980610015097946,0.26898310295100636,hyb_randreg,0.1761369132771633,0.36531398962822054,0.1559315033514555,0
brazilian_houses,hard,outlier,7006,0.2814391201619295,0.3980610015097946,0.26898310295100636,kc_half,0.1777561423517845,0.3424765656678133,0.1601628707967244,12
brazilian_houses,hard,outlier,7006,0.2814391201619295,0.3980610015097946,0.26898310295100636,kc_land,0.14556850668852586,0.3566577108559907,0.12302273114656641,0
brazilian_houses,hard,outlier,7006,0.2814391201619295,0.3980610015097946,0.26898310295100636,kc_land_perm,0.16355750584818873,0.3600746355121609,0.14256812785972905,0
brazilian_houses,hard,outlier,7007,0.19782827929729885,0.2996219297122466,0.18629752067807157,uniform,0.1900675834471936,0.292497261304049,0.17846477830170512,32
brazilian_houses,hard,outlier,7007,0.19782827929729885,0.2996219297122466,0.18629752067807157,hyb_ws,0.17970375042768513,0.28048613791509797,0.16828754343982624,33
brazilian_houses,hard,outlier,7007,0.19782827929729885,0.2996219297122466,0.18629752067807157,hyb_randreg,0.17477247181487734,0.281664467760156,0.16266419395522572,13
brazilian_houses,hard,outlier,7007,0.19782827929729885,0.2996219297122466,0.18629752067807157,kc_half,0.17148664118528217,0.2852013265458823,0.1586055176278749,21
brazilian_houses,hard,outlier,7007,0.19782827929729885,0.2996219297122466,0.18629752067807157,kc_land,0.18587885753793182,0.2809261182549403,0.17511230170385933,54
brazilian_houses,hard,outlier,7007,0.19782827929729885,0.2996219297122466,0.18629752067807157,kc_land_perm,0.20338290607251705,0.2783325916084209,0.19489291942817727,37
brazilian_houses,hard,outlier,7008,0.16742569983245176,0.28572510398916523,0.15420825667764382,uniform,0.13475298649162115,0.2890570119127454,0.11751279243400804,49
brazilian_houses,hard,outlier,7008,0.16742569983245176,0.28572510398916523,0.15420825667764382,hyb_ws,0.13697448487666333,0.3245474193248097,0.1160171975925736,39
brazilian_houses,hard,outlier,7008,0.16742569983245176,0.28572510398916523,0.15420825667764382,hyb_randreg,0.1371285381435196,0.29971718924196256,0.11896271331262077,21
brazilian_houses,hard,outlier,7008,0.16742569983245176,0.28572510398916523,0.15420825667764382,kc_half,0.15112514637361152,0.3102373474332273,0.13334774091892407,28
brazilian_houses,hard,outlier,7008,0.16742569983245176,0.28572510398916523,0.15420825667764382,kc_land,0.12618669188123355,0.25405243644136155,0.11190041358407639,72
brazilian_houses,hard,outlier,7008,0.16742569983245176,0.28572510398916523,0.15420825667764382,kc_land_perm,0.1394769247153112,0.2903597291070655,0.12261897936637145,52
brazilian_houses,hard,outlier,7009,0.2517293785059065,0.5633455897589675,0.21882794326580995,uniform,0.2318797164360771,0.5010176479101754,0.20346327369890038,6
brazilian_houses,hard,outlier,7009,0.2517293785059065,0.5633455897589675,0.21882794326580995,hyb_ws,0.24312873017501216,0.48698148830045157,0.2173819768295401,24
brazilian_houses,hard,outlier,7009,0.2517293785059065,0.5633455897589675,0.21882794326580995,hyb_randreg,0.22795154772383108,0.5306974802550796,0.19598666485292535,0
brazilian_houses,hard,outlier,7009,0.2517293785059065,0.5633455897589675,0.21882794326580995,kc_half,0.22977224848544736,0.5166931808011151,0.1994782197003216,8
brazilian_houses,hard,outlier,7009,0.2517293785059065,0.5633455897589675,0.21882794326580995,kc_land,0.2210027080980269,0.522068613992482,0.1892152078073465,1
brazilian_houses,hard,outlier,7009,0.2517293785059065,0.5633455897589675,0.21882794326580995,kc_land_perm,0.22313496435751567,0.5092892272440522,0.1929218829803302,1
brazilian_houses,hard_sparse,clean,7000,0.12499256221129014,0.3541751736996335,0.09945707257338358,uniform,0.1276943019568664,0.37218431455451517,0.10045326415423868,2
brazilian_houses,hard_sparse,clean,7000,0.12499256221129014,0.3541751736996335,0.09945707257338358,hyb_ws,0.14004805093689113,0.35167064013107285,0.11646909615309924,6
brazilian_houses,hard_sparse,clean,7000,0.12499256221129014,0.3541751736996335,0.09945707257338358,hyb_randreg,0.12712458592205986,0.36761398633772024,0.10032929568402711,4
brazilian_houses,hard_sparse,clean,7000,0.12499256221129014,0.3541751736996335,0.09945707257338358,kc_half,0.12409036543496603,0.357818456885191,0.09804841915223746,0
brazilian_houses,hard_sparse,clean,7000,0.12499256221129014,0.3541751736996335,0.09945707257338358,kc_land,0.12429772572231365,0.36184615587986313,0.09783011791648501,0
brazilian_houses,hard_sparse,clean,7000,0.12499256221129014,0.3541751736996335,0.09945707257338358,kc_land_perm,0.12408798918337462,0.3650192651672428,0.097243465240743,0
brazilian_houses,hard_sparse,clean,7001,0.17208466513909884,0.47264279052561514,0.1375724166276036,uniform,0.11986121329663289,0.41784723894277476,0.08564431180103357,1
brazilian_houses,hard_sparse,clean,7001,0.17208466513909884,0.47264279052561514,0.1375724166276036,hyb_ws,0.11836902649834294,0.38775108280546683,0.08743663876185044,11
brazilian_houses,hard_sparse,clean,7001,0.17208466513909884,0.47264279052561514,0.1375724166276036,hyb_randreg,0.11790806042670277,0.39024000596550273,0.08663694516416498,15
brazilian_houses,hard_sparse,clean,7001,0.17208466513909884,0.47264279052561514,0.1375724166276036,kc_half,0.114829880738557,0.40414079581725626,0.08160911791458152,4
brazilian_houses,hard_sparse,clean,7001,0.17208466513909884,0.47264279052561514,0.1375724166276036,kc_land,0.11480277645153293,0.412689247298205,0.08059730655498086,0
brazilian_houses,hard_sparse,clean,7001,0.17208466513909884,0.47264279052561514,0.1375724166276036,kc_land_perm,0.11269850100712535,0.4075195714238913,0.07884502246428599,0
brazilian_houses,hard_sparse,clean,7002,0.14255454518860577,0.3965778836221057,0.11393717326494306,uniform,0.14581917771095082,0.41325786291757893,0.11569048021201218,4
brazilian_houses,hard_sparse,clean,7002,0.14255454518860577,0.3965778836221057,0.11393717326494306,hyb_ws,0.13410371031738055,0.39872144328851594,0.10429281133175893,11
brazilian_houses,hard_sparse,clean,7002,0.14255454518860577,0.3965778836221057,0.11393717326494306,hyb_randreg,0.15180451010984566,0.4307949125234992,0.12037443695893338,0
brazilian_houses,hard_sparse,clean,7002,0.14255454518860577,0.3965778836221057,0.11393717326494306,kc_half,0.14298737205583464,0.4149829529056345,0.11234531079180993,3
brazilian_houses,hard_sparse,clean,7002,0.14255454518860577,0.3965778836221057,0.11393717326494306,kc_land,0.13471948816575907,0.402292938843284,0.10457560846495305,9
brazilian_houses,hard_sparse,clean,7002,0.14255454518860577,0.3965778836221057,0.11393717326494306,kc_land_perm,0.13690478935592618,0.41260728573983757,0.10584512008319065,1
brazilian_houses,hard_sparse,clean,7003,0.17886785304947803,0.3183559732375173,0.16426801942581964,uniform,0.12192168909139472,0.2784791959230267,0.10553525023771107,15
brazilian_houses,hard_sparse,clean,7003,0.17886785304947803,0.3183559732375173,0.16426801942581964,hyb_ws,0.12375283167284751,0.27901422714332885,0.10750205319085017,16
brazilian_houses,hard_sparse,clean,7003,0.17886785304947803,0.3183559732375173,0.16426801942581964,hyb_randreg,0.12558089413886012,0.28622406370728415,0.10876682032874337,12
brazilian_houses,hard_sparse,clean,7003,0.17886785304947803,0.3183559732375173,0.16426801942581964,kc_half,0.12778221546998073,0.2831737233063174,0.11151781848849175,13
brazilian_houses,hard_sparse,clean,7003,0.17886785304947803,0.3183559732375173,0.16426801942581964,kc_land,0.1243771828021645,0.25040038583498403,0.11118668461121209,33
brazilian_houses,hard_sparse,clean,7003,0.17886785304947803,0.3183559732375173,0.16426801942581964,kc_land_perm,0.1324203665435253,0.27875486361156965,0.11710394169160902,23
brazilian_houses,hard_sparse,clean,7004,0.18034168736075976,0.31760737049784576,0.16487782041485716,uniform,0.14297418389330202,0.30112917394700006,0.12515700142550015,3
brazilian_houses,hard_sparse,clean,7004,0.18034168736075976,0.31760737049784576,0.16487782041485716,hyb_ws,0.13045499106397318,0.2958579124875862,0.11182128225268993,11
brazilian_houses,hard_sparse,clean,7004,0.18034168736075976,0.31760737049784576,0.16487782041485716,hyb_randreg,0.14177438663673894,0.3062109682124869,0.12324954225894255,0
brazilian_houses,hard_sparse,clean,7004,0.18034168736075976,0.31760737049784576,0.16487782041485716,kc_half,0.1316669390498487,0.2971803119623896,0.11302078716401304,2
brazilian_houses,hard_sparse,clean,7004,0.18034168736075976,0.31760737049784576,0.16487782041485716,kc_land,0.1372588006073992,0.3078586582247052,0.11803962332366931,1
brazilian_houses,hard_sparse,clean,7004,0.18034168736075976,0.31760737049784576,0.16487782041485716,kc_land_perm,0.1436076900102151,0.3046155316078714,0.12546911536569472,0
brazilian_houses,hard_sparse,clean,7005,0.1973571464706017,0.29133258414399743,0.18772129674223806,uniform,0.10738913028488722,0.2763442594168199,0.09006517547863616,8
brazilian_houses,hard_sparse,clean,7005,0.1973571464706017,0.29133258414399743,0.18772129674223806,hyb_ws,0.1174833271678964,0.29832513586679416,0.0989405617776015,14
brazilian_houses,hard_sparse,clean,7005,0.1973571464706017,0.29133258414399743,0.18772129674223806,hyb_randreg,0.11242687885305666,0.2927666386437061,0.09393559146548179,3
brazilian_houses,hard_sparse,clean,7005,0.1973571464706017,0.29133258414399743,0.18772129674223806,kc_half,0.105474235934917,0.3049181037093335,0.08502409293268907,4
brazilian_houses,hard_sparse,clean,7005,0.1973571464706017,0.29133258414399743,0.18772129674223806,kc_land,0.10470943881955563,0.27996778500299885,0.08673917840603829,23
brazilian_houses,hard_sparse,clean,7005,0.1973571464706017,0.29133258414399743,0.18772129674223806,kc_land_perm,0.12189139103821299,0.2829871720099133,0.10537330103780711,12
brazilian_houses,hard_sparse,clean,7006,0.12248787591658584,0.3615192248306894,0.09695768757102857,uniform,0.09411573579308527,0.34297712589018836,0.06753563159345001,1
brazilian_houses,hard_sparse,clean,7006,0.12248787591658584,0.3615192248306894,0.09695768757102857,hyb_ws,0.10165674851216518,0.3363307981685148,0.07659194962800607,13
brazilian_houses,hard_sparse,clean,7006,0.12248787591658584,0.3615192248306894,0.09695768757102857,hyb_randreg,0.10962885352088057,0.3522378314261829,0.08371654984864847,2
brazilian_houses,hard_sparse,clean,7006,0.12248787591658584,0.3615192248306894,0.09695768757102857,kc_half,0.09731813879723408,0.3489158579464714,0.07044577587758671,4
brazilian_houses,hard_sparse,clean,7006,0.12248787591658584,0.3615192248306894,0.09695768757102857,kc_land,0.09610427326706818,0.34085667700588695,0.06996303700719433,1
brazilian_houses,hard_sparse,clean,7006,0.12248787591658584,0.3615192248306894,0.09695768757102857,kc_land_perm,0.09793351209059198,0.35452540409862404,0.07052773723859962,0
brazilian_houses,hard_sparse,clean,7007,0.13930919041843579,0.2833491508705968,0.1229929466377429,uniform,0.12079749002290624,0.2729275388781184,0.1035648348923548,9
brazilian_houses,hard_sparse,clean,7007,0.13930919041843579,0.2833491508705968,0.1229929466377429,hyb_ws,0.12612560723249963,0.2761825041899402,0.10912779007088583,10
brazilian_houses,hard_sparse,clean,7007,0.13930919041843579,0.2833491508705968,0.1229929466377429,hyb_randreg,0.11765018898616969,0.27412865279669946,0.09992496361158423,3
brazilian_houses,hard_sparse,clean,7007,0.13930919041843579,0.2833491508705968,0.1229929466377429,kc_half,0.12771469394223886,0.2829092304754973,0.11013490647520961,6
brazilian_houses,hard_sparse,clean,7007,0.13930919041843579,0.2833491508705968,0.1229929466377429,kc_land,0.12138249463879229,0.27505033421008934,0.10397564501298714,25
brazilian_houses,hard_sparse,clean,7007,0.13930919041843579,0.2833491508705968,0.1229929466377429,kc_land_perm,0.11962318950678409,0.2697215959586596,0.10262067032339604,17
brazilian_houses,hard_sparse,clean,7008,0.12283910144044846,0.26728571609179314,0.10670026344994248,uniform,0.07382322449357795,0.2696996153135255,0.05193820250646874,15
brazilian_houses,hard_sparse,clean,7008,0.12283910144044846,0.26728571609179314,0.10670026344994248,hyb_ws,0.07064181054154978,0.2456728137430681,0.05108581741008495,18
brazilian_houses,hard_sparse,clean,7008,0.12283910144044846,0.26728571609179314,0.10670026344994248,hyb_randreg,0.06957104157652264,0.24889010119043603,0.04953594931282247,14
brazilian_houses,hard_sparse,clean,7008,0.12283910144044846,0.26728571609179314,0.10670026344994248,kc_half,0.06785946120963943,0.24516065996969766,0.04804982199297923,16
brazilian_houses,hard_sparse,clean,7008,0.12283910144044846,0.26728571609179314,0.10670026344994248,kc_land,0.07438412452742497,0.2550828994014092,0.054194878418658526,29
brazilian_houses,hard_sparse,clean,7008,0.12283910144044846,0.26728571609179314,0.10670026344994248,kc_land_perm,0.07318519094294891,0.24894361587801409,0.05354792389906447,24
brazilian_houses,hard_sparse,clean,7009,0.14279683054268644,0.48057064174090053,0.1071335923233062,uniform,0.15623909515473383,0.49762772950139134,0.12019419235749139,3
brazilian_houses,hard_sparse,clean,7009,0.14279683054268644,0.48057064174090053,0.1071335923233062,hyb_ws,0.15886230666970422,0.4751817893360472,0.12546428500620424,10
brazilian_houses,hard_sparse,clean,7009,0.14279683054268644,0.48057064174090053,0.1071335923233062,hyb_randreg,0.16097505278459004,0.5058869392595065,0.1245581537703783,0
brazilian_houses,hard_sparse,clean,7009,0.14279683054268644,0.48057064174090053,0.1071335923233062,kc_half,0.1666064656632172,0.5101807867869311,0.1303307910724879,2
brazilian_houses,hard_sparse,clean,7009,0.14279683054268644,0.48057064174090053,0.1071335923233062,kc_land,0.15710938662685756,0.4772574957933722,0.12330712634448925,4
brazilian_houses,hard_sparse,clean,7009,0.14279683054268644,0.48057064174090053,0.1071335923233062,kc_land_perm,0.16272664472536366,0.5081995370006062,0.12625051292626396,0
brazilian_houses,hard_sparse,outlier,7000,0.19920462741794898,0.41462800581975273,0.17520218931316345,uniform,0.19999022529410745,0.3620178093991577,0.18193713798482014,1
brazilian_houses,hard_sparse,outlier,7000,0.19920462741794898,0.41462800581975273,0.17520218931316345,hyb_ws,0.19525348931978356,0.39057505296301004,0.17349079217587307,4
brazilian_houses,hard_sparse,outlier,7000,0.19920462741794898,0.41462800581975273,0.17520218931316345,hyb_randreg,0.1981267952289599,0.4006845552335636,0.17555784225262036,0
brazilian_houses,hard_sparse,outlier,7000,0.19920462741794898,0.41462800581975273,0.17520218931316345,kc_half,0.19276009661653948,0.38158088937467016,0.17172171431700894,6
brazilian_houses,hard_sparse,outlier,7000,0.19920462741794898,0.41462800581975273,0.17520218931316345,kc_land,0.1847203547757267,0.3791384170898064,0.16305832560430522,0
brazilian_houses,hard_sparse,outlier,7000,0.19920462741794898,0.41462800581975273,0.17520218931316345,kc_land_perm,0.19520566129563416,0.3811939551612692,0.17448287556623165,0
brazilian_houses,hard_sparse,outlier,7001,0.3236141204548578,0.5633083718998404,0.2960907002777862,uniform,0.2528630386989293,0.44985221555714155,0.23024332273862178,1
brazilian_houses,hard_sparse,outlier,7001,0.3236141204548578,0.5633083718998404,0.2960907002777862,hyb_ws,0.23477096315789947,0.40665169472804397,0.21503437971116043,13
brazilian_houses,hard_sparse,outlier,7001,0.3236141204548578,0.5633083718998404,0.2960907002777862,hyb_randreg,0.2656204564052613,0.4423295372759933,0.2453294471191014,0
brazilian_houses,hard_sparse,outlier,7001,0.3236141204548578,0.5633083718998404,0.2960907002777862,kc_half,0.2815844818390566,0.4337606817949952,0.2641105146200358,3
brazilian_houses,hard_sparse,outlier,7001,0.3236141204548578,0.5633083718998404,0.2960907002777862,kc_land,0.237245737867963,0.4530888443479758,0.2124610779265568,0
brazilian_houses,hard_sparse,outlier,7001,0.3236141204548578,0.5633083718998404,0.2960907002777862,kc_land_perm,0.23310218103842062,0.44789830448324275,0.20843774322926045,0
brazilian_houses,hard_sparse,outlier,7002,0.20489652013201362,0.37981455027420735,0.18519087278637014,uniform,0.2055462930112499,0.4115813561285564,0.18233511065728353,4
brazilian_houses,hard_sparse,outlier,7002,0.20489652013201362,0.37981455027420735,0.18519087278637014,hyb_ws,0.225254001377574,0.4317543070599882,0.20199040643977767,17
brazilian_houses,hard_sparse,outlier,7002,0.20489652013201362,0.37981455027420735,0.18519087278637014,hyb_randreg,0.24364613363779025,0.4067159990059876,0.2252752586797597,8
brazilian_houses,hard_sparse,outlier,7002,0.20489652013201362,0.37981455027420735,0.18519087278637014,kc_half,0.2423948306430582,0.41746566034540034,0.22267196943876094,5
brazilian_houses,hard_sparse,outlier,7002,0.20489652013201362,0.37981455027420735,0.18519087278637014,kc_land,0.19311944994221864,0.41431143258036796,0.16820074257964548,0
brazilian_houses,hard_sparse,outlier,7002,0.20489652013201362,0.37981455027420735,0.18519087278637014,kc_land_perm,0.21241349859165087,0.4250974124483747,0.18845328020167226,0
brazilian_houses,hard_sparse,outlier,7003,0.17599515141704053,0.358824073712163,0.15685895656759247,uniform,0.2009261918220547,0.32355754294597044,0.18809070933766806,15
brazilian_houses,hard_sparse,outlier,7003,0.17599515141704053,0.358824073712163,0.15685895656759247,hyb_ws,0.17870867581393676,0.3191806351426767,0.16400586648347767,14
brazilian_houses,hard_sparse,outlier,7003,0.17599515141704053,0.358824073712163,0.15685895656759247,hyb_randreg,0.17790107551263606,0.3354267988781532,0.16141329612696056,9
brazilian_houses,hard_sparse,outlier,7003,0.17599515141704053,0.358824073712163,0.15685895656759247,kc_half,0.1771489893340503,0.32512825034747067,0.16166041161405964,12
brazilian_houses,hard_sparse,outlier,7003,0.17599515141704053,0.358824073712163,0.15685895656759247,kc_land,0.1863921647957626,0.30517966795012424,0.17395900718860904,26
brazilian_houses,hard_sparse,outlier,7003,0.17599515141704053,0.358824073712163,0.15685895656759247,kc_land_perm,0.18682796701815238,0.31909333187471106,0.17298411910855951,19
brazilian_houses,hard_sparse,outlier,7004,0.2085079287057692,0.2986347924881212,0.19835455462180462,uniform,0.19491305717527807,0.3229981438972653,0.18048344378935186,2
brazilian_houses,hard_sparse,outlier,7004,0.2085079287057692,0.2986347924881212,0.19835455462180462,hyb_ws,0.18401872798328503,0.3130564206598192,0.16948179737577562,9
brazilian_houses,hard_sparse,outlier,7004,0.2085079287057692,0.2986347924881212,0.19835455462180462,hyb_randreg,0.18229987199652173,0.3301907189315166,0.16563901163249586,7
brazilian_houses,hard_sparse,outlier,7004,0.2085079287057692,0.2986347924881212,0.19835455462180462,kc_half,0.18492408436091376,0.3041270634093892,0.17149509784780315,2
brazilian_houses,hard_sparse,outlier,7004,0.2085079287057692,0.2986347924881212,0.19835455462180462,kc_land,0.18511143115311154,0.3121852778134329,0.17079574050014068,2
brazilian_houses,hard_sparse,outlier,7004,0.2085079287057692,0.2986347924881212,0.19835455462180462,kc_land_perm,0.17821585815690405,0.3097531823890465,0.16339732788874894,0
brazilian_houses,hard_sparse,outlier,7005,0.40019351647619056,0.36388965633672365,0.4039159629954523,uniform,0.21330356977827963,0.35984700838702727,0.19827761631564067,10
brazilian_houses,hard_sparse,outlier,7005,0.40019351647619056,0.36388965633672365,0.4039159629954523,hyb_ws,0.2048915129436429,0.3864613754354427,0.18627409595165023,9
brazilian_houses,hard_sparse,outlier,7005,0.40019351647619056,0.36388965633672365,0.4039159629954523,hyb_randreg,0.20840889076900834,0.37484706531398126,0.19134301399648082,12
brazilian_houses,hard_sparse,outlier,7005,0.40019351647619056,0.36388965633672365,0.4039159629954523,kc_half,0.1917803071813231,0.38720667731988684,0.17174210164341083,6
brazilian_houses,hard_sparse,outlier,7005,0.40019351647619056,0.36388965633672365,0.4039159629954523,kc_land,0.18557493949190182,0.3397281506405253,0.1697687116674013,18
brazilian_houses,hard_sparse,outlier,7005,0.40019351647619056,0.36388965633672365,0.4039159629954523,kc_land_perm,0.1981409806249255,0.36567649484124326,0.1809625872157551,12
brazilian_houses,hard_sparse,outlier,7006,0.33363581278710586,0.43293272874120026,0.32303022076765914,uniform,0.21836039495135004,0.3456283340390331,0.20476730571840987,2
brazilian_houses,hard_sparse,outlier,7006,0.33363581278710586,0.43293272874120026,0.32303022076765914,hyb_ws,0.2225912295930492,0.33714039422871184,0.21035659275039126,7
brazilian_houses,hard_sparse,outlier,7006,0.33363581278710586,0.43293272874120026,0.32303022076765914,hyb_randreg,0.22446632874644235,0.3652474308283796,0.20942994097565434,12
brazilian_houses,hard_sparse,outlier,7006,0.33363581278710586,0.43293272874120026,0.32303022076765914,kc_half,0.2045215788372729,0.35307422893201185,0.18865513640878118,4
brazilian_houses,hard_sparse,outlier,7006,0.33363581278710586,0.43293272874120026,0.32303022076765914,kc_land,0.2052873822672276,0.36098243458568774,0.18865808226863176,0
brazilian_houses,hard_sparse,outlier,7006,0.33363581278710586,0.43293272874120026,0.32303022076765914,kc_land_perm,0.21193550668776998,0.3612096979421331,0.19599199871206877,0
brazilian_houses,hard_sparse,outlier,7007,0.1938163988958614,0.34147668382671004,0.17709005991260082,uniform,0.17957909162624164,0.36984763411495303,0.1580262675814586,9
brazilian_houses,hard_sparse,outlier,7007,0.1938163988958614,0.34147668382671004,0.17709005991260082,hyb_ws,0.17360310666955608,0.36465739973796846,0.15196127608819124,8
brazilian_houses,hard_sparse,outlier,7007,0.1938163988958614,0.34147668382671004,0.17709005991260082,hyb_randreg,0.17655155336321224,0.3476735945130623,0.1571675648444288,2
brazilian_houses,hard_sparse,outlier,7007,0.1938163988958614,0.34147668382671004,0.17709005991260082,kc_half,0.17900648803104763,0.34034176530148197,0.16073110315794253,3
brazilian_houses,hard_sparse,outlier,7007,0.1938163988958614,0.34147668382671004,0.17709005991260082,kc_land,0.17848186918718847,0.3336773339714882,0.16090197657176683,24
brazilian_houses,hard_sparse,outlier,7007,0.1938163988958614,0.34147668382671004,0.17709005991260082,kc_land_perm,0.18931040229181223,0.33015606303720346,0.17335599541082855,18
brazilian_houses,hard_sparse,outlier,7008,0.31952612884102927,0.35757379685613866,0.31527511090270965,uniform,0.14126013684258526,0.29922190510197305,0.12361126779303719,12
brazilian_houses,hard_sparse,outlier,7008,0.31952612884102927,0.35757379685613866,0.31527511090270965,hyb_ws,0.15065390316153754,0.28486469515981583,0.1356587007203736,18
brazilian_houses,hard_sparse,outlier,7008,0.31952612884102927,0.35757379685613866,0.31527511090270965,hyb_randreg,0.14381715495254677,0.30192101495533136,0.12615241017180207,13
brazilian_houses,hard_sparse,outlier,7008,0.31952612884102927,0.35757379685613866,0.31527511090270965,kc_half,0.14481259359209167,0.3022239457436344,0.1272252218397514,13
brazilian_houses,hard_sparse,outlier,7008,0.31952612884102927,0.35757379685613866,0.31527511090270965,kc_land,0.14110563258473294,0.28003720494292483,0.12558298331069373,31
brazilian_houses,hard_sparse,outlier,7008,0.31952612884102927,0.35757379685613866,0.31527511090270965,kc_land_perm,0.1489131664079539,0.2933378682048709,0.13277677671302318,28
brazilian_houses,hard_sparse,outlier,7009,0.19314100817524907,0.49841621847486106,0.16090907607617447,uniform,0.23386586168783902,0.5126450653661146,0.20443146262617473,3
brazilian_houses,hard_sparse,outlier,7009,0.19314100817524907,0.49841621847486106,0.16090907607617447,hyb_ws,0.2343148752499617,0.5007526574510366,0.20618352290037334,7
brazilian_houses,hard_sparse,outlier,7009,0.19314100817524907,0.49841621847486106,0.16090907607617447,hyb_randreg,0.2425435393848024,0.4942504715263149,0.21596751725156366,8
brazilian_houses,hard_sparse,outlier,7009,0.19314100817524907,0.49841621847486106,0.16090907607617447,kc_half,0.23021790386017552,0.5015702441357798,0.20156765676639968,3
brazilian_houses,hard_sparse,outlier,7009,0.19314100817524907,0.49841621847486106,0.16090907607617447,kc_land,0.23355363784083571,0.5160701813275138,0.20372463850089348,1
brazilian_houses,hard_sparse,outlier,7009,0.19314100817524907,0.49841621847486106,0.16090907607617447,kc_land_perm,0.24554757242728567,0.5103142166739779,0.21759266416243314,0
nyc_taxi,sparse_init,clean,7000,0.5916484129035541,0.48609697916381295,0.6042295295160695,uniform,0.6238659140061867,0.566752544909995,0.6306734952135112,15
nyc_taxi,sparse_init,clean,7000,0.5916484129035541,0.48609697916381295,0.6042295295160695,hyb_ws,0.6323761987245677,0.5570369543507399,0.64135619819386,1
nyc_taxi,sparse_init,clean,7000,0.5916484129035541,0.48609697916381295,0.6042295295160695,hyb_randreg,0.6268840600643353,0.5192996636053872,0.6397074940015237,1
nyc_taxi,sparse_init,clean,7000,0.5916484129035541,0.48609697916381295,0.6042295295160695,kc_half,0.611488172962398,0.472306304860452,0.6280778416281588,18
nyc_taxi,sparse_init,clean,7000,0.5916484129035541,0.48609697916381295,0.6042295295160695,kc_land,0.6148942229028546,0.5954649604376381,0.6172100779140975,1
nyc_taxi,sparse_init,clean,7000,0.5916484129035541,0.48609697916381295,0.6042295295160695,kc_land_perm,0.6437864028919376,0.5701503691668398,0.6525633895642631,7
nyc_taxi,sparse_init,clean,7001,0.6650855402607059,0.6720352828435187,0.6643112010621207,uniform,0.6328714660129604,0.6125157622837885,0.6351394952420235,19
nyc_taxi,sparse_init,clean,7001,0.6650855402607059,0.6720352828435187,0.6643112010621207,hyb_ws,0.6490972482661439,0.6634049263827625,0.6475030890761566,23
nyc_taxi,sparse_init,clean,7001,0.6650855402607059,0.6720352828435187,0.6643112010621207,hyb_randreg,0.6410963549036419,0.6572151070077018,0.6393004061418393,8
nyc_taxi,sparse_init,clean,7001,0.6650855402607059,0.6720352828435187,0.6643112010621207,kc_half,0.6499633330194915,0.6321063824153821,0.651952951578049,12
nyc_taxi,sparse_init,clean,7001,0.6650855402607059,0.6720352828435187,0.6643112010621207,kc_land,0.6416575789231859,0.6198770526796704,0.6440843616471785,22
nyc_taxi,sparse_init,clean,7001,0.6650855402607059,0.6720352828435187,0.6643112010621207,kc_land_perm,0.6339016063919901,0.6243523492082186,0.6349655830884869,14
nyc_taxi,sparse_init,clean,7002,0.6724636381586804,0.5611212616381607,0.6849037813941581,uniform,0.6059967695280127,0.5778781535355517,0.6091384270124401,17
nyc_taxi,sparse_init,clean,7002,0.6724636381586804,0.5611212616381607,0.6849037813941581,hyb_ws,0.6112513138235873,0.5436232689786915,0.6188073099402209,11
nyc_taxi,sparse_init,clean,7002,0.6724636381586804,0.5611212616381607,0.6849037813941581,hyb_randreg,0.6083318096720542,0.56026007939244,0.6137028034387035,25
nyc_taxi,sparse_init,clean,7002,0.6724636381586804,0.5611212616381607,0.6849037813941581,kc_half,0.6042308676815931,0.5392231224579579,0.6114941010278692,15
nyc_taxi,sparse_init,clean,7002,0.6724636381586804,0.5611212616381607,0.6849037813941581,kc_land,0.6203433813110653,0.5891304670674617,0.6238307608346698,5
nyc_taxi,sparse_init,clean,7002,0.6724636381586804,0.5611212616381607,0.6849037813941581,kc_land_perm,0.5968982384635305,0.5109424157030711,0.6065019740804579,16
nyc_taxi,sparse_init,clean,7003,0.6089006252682356,0.5726755584673948,0.6131053205219045,uniform,0.6455017360586891,0.5752157043638093,0.6536599361661304,15
nyc_taxi,sparse_init,clean,7003,0.6089006252682356,0.5726755584673948,0.6131053205219045,hyb_ws,0.6348450297726532,0.5800965108476576,0.6411997685764472,9
nyc_taxi,sparse_init,clean,7003,0.6089006252682356,0.5726755584673948,0.6131053205219045,hyb_randreg,0.6426776038205307,0.5710146707701736,0.6509956228353043,19
nyc_taxi,sparse_init,clean,7003,0.6089006252682356,0.5726755584673948,0.6131053205219045,kc_half,0.6236719675529164,0.5475288984644789,0.6325100023578243,11
nyc_taxi,sparse_init,clean,7003,0.6089006252682356,0.5726755584673948,0.6131053205219045,kc_land,0.6354842335635381,0.5545879776919164,0.6448739775486372,10
nyc_taxi,sparse_init,clean,7003,0.6089006252682356,0.5726755584673948,0.6131053205219045,kc_land_perm,0.6637048405048431,0.5430201057579089,0.6777128900736836,17
nyc_taxi,sparse_init,clean,7004,0.6599304716887425,0.5000975645448278,0.6770506862098317,uniform,0.6697302323156348,0.4986914722327719,0.6880507416297971,20
nyc_taxi,sparse_init,clean,7004,0.6599304716887425,0.5000975645448278,0.6770506862098317,hyb_ws,0.661330121199367,0.5219372279920086,0.6762609403721452,4
nyc_taxi,sparse_init,clean,7004,0.6599304716887425,0.5000975645448278,0.6770506862098317,hyb_randreg,0.6586450408000085,0.4796652728732613,0.6778161368940165,20
nyc_taxi,sparse_init,clean,7004,0.6599304716887425,0.5000975645448278,0.6770506862098317,kc_half,0.6729026372102656,0.6094749006891076,0.6796965851852691,15
nyc_taxi,sparse_init,clean,7004,0.6599304716887425,0.5000975645448278,0.6770506862098317,kc_land,0.6481030817271296,0.4933777025526611,0.6646762125714472,3
nyc_taxi,sparse_init,clean,7004,0.6599304716887425,0.5000975645448278,0.6770506862098317,kc_land_perm,0.6688170536341238,0.5160927978968711,0.6851758377388337,12
nyc_taxi,sparse_init,clean,7005,0.6466842115315294,0.5865500961202226,0.6531806949139143,uniform,0.6481342217324406,0.558207772708693,0.6578492674718482,11
nyc_taxi,sparse_init,clean,7005,0.6466842115315294,0.5865500961202226,0.6531806949139143,hyb_ws,0.6256527931389079,0.5095950744754731,0.6381908846288636,4
nyc_taxi,sparse_init,clean,7005,0.6466842115315294,0.5865500961202226,0.6531806949139143,hyb_randreg,0.6041026857759028,0.4693812789738175,0.6186570759844383,35
nyc_taxi,sparse_init,clean,7005,0.6466842115315294,0.5865500961202226,0.6531806949139143,kc_half,0.6225397570821212,0.5125409411970996,0.6344232856680375,10
nyc_taxi,sparse_init,clean,7005,0.6466842115315294,0.5865500961202226,0.6531806949139143,kc_land,0.6349513553135335,0.5589389219443773,0.6431632248464896,1
nyc_taxi,sparse_init,clean,7005,0.6466842115315294,0.5865500961202226,0.6531806949139143,kc_land_perm,0.6579868116999191,0.6090516090262996,0.6632734402436067,3
nyc_taxi,sparse_init,clean,7006,0.636375957611797,0.6545838060080341,0.6342682150498895,uniform,0.6494656927328522,0.7725705637955442,0.6352150591230845,25
nyc_taxi,sparse_init,clean,7006,0.636375957611797,0.6545838060080341,0.6342682150498895,hyb_ws,0.6230958388650322,0.6795878592411494,0.6165563162831387,13
nyc_taxi,sparse_init,clean,7006,0.636375957611797,0.6545838060080341,0.6342682150498895,hyb_randreg,0.6467305083205817,0.769542856915403,0.632513737144333,17
nyc_taxi,sparse_init,clean,7006,0.636375957611797,0.6545838060080341,0.6342682150498895,kc_half,0.6506843789302164,0.7003106985401332,0.6449396306350655,18
nyc_taxi,sparse_init,clean,7006,0.636375957611797,0.6545838060080341,0.6342682150498895,kc_land,0.6384498468231873,0.6747936549739989,0.6342426835365521,16
nyc_taxi,sparse_init,clean,7006,0.636375957611797,0.6545838060080341,0.6342682150498895,kc_land_perm,0.641459814980881,0.6936752594871661,0.6354153492988424,16
nyc_taxi,sparse_init,clean,7007,0.5923943540108514,0.706628956525043,0.5805421987831095,uniform,0.6111985566994508,0.7951732382932888,0.592110675827684,22
nyc_taxi,sparse_init,clean,7007,0.5923943540108514,0.706628956525043,0.5805421987831095,hyb_ws,0.6145745874952315,0.7086189529297761,0.6048172250770778,25
nyc_taxi,sparse_init,clean,7007,0.5923943540108514,0.706628956525043,0.5805421987831095,hyb_randreg,0.6057131423686114,0.6994725929733817,0.5959853406502358,29
nyc_taxi,sparse_init,clean,7007,0.5923943540108514,0.706628956525043,0.5805421987831095,kc_half,0.6114008953472589,0.7229754950189756,0.5998247227543878,18
nyc_taxi,sparse_init,clean,7007,0.5923943540108514,0.706628956525043,0.5805421987831095,kc_land,0.6110860956852046,0.6836879686306984,0.6035534510308156,39
nyc_taxi,sparse_init,clean,7007,0.5923943540108514,0.706628956525043,0.5805421987831095,kc_land_perm,0.6345177906769834,0.7625119049558222,0.6212380481359117,33
nyc_taxi,sparse_init,clean,7008,0.6417079971799304,0.5438409081327914,0.6524614287178515,uniform,0.6262421071738232,0.47007521475395914,0.6434013994596905,18
nyc_taxi,sparse_init,clean,7008,0.6417079971799304,0.5438409081327914,0.6524614287178515,hyb_ws,0.6207347342323203,0.48181247535201477,0.6359992221670044,4
nyc_taxi,sparse_init,clean,7008,0.6417079971799304,0.5438409081327914,0.6524614287178515,hyb_randreg,0.6424214955356199,0.5075807739719018,0.6572375126663726,0
nyc_taxi,sparse_init,clean,7008,0.6417079971799304,0.5438409081327914,0.6524614287178515,kc_half,0.6221067085314235,0.47027669678055667,0.6387894734185886,12
nyc_taxi,sparse_init,clean,7008,0.6417079971799304,0.5438409081327914,0.6524614287178515,kc_land,0.6354686074093462,0.48925483064739456,0.6515342721145995,4
nyc_taxi,sparse_init,clean,7008,0.6417079971799304,0.5438409081327914,0.6524614287178515,kc_land_perm,0.6296782557865997,0.46571143566351464,0.6476945878533983,13
nyc_taxi,sparse_init,clean,7009,0.5942195497311702,0.4471571611876164,0.6099268219995189,uniform,0.6225579934445995,0.47530431629671976,0.6382856966485513,12
nyc_taxi,sparse_init,clean,7009,0.5942195497311702,0.4471571611876164,0.6099268219995189,hyb_ws,0.6023209426909832,0.44877961220354873,0.6187202104187501,5
nyc_taxi,sparse_init,clean,7009,0.5942195497311702,0.4471571611876164,0.6099268219995189,hyb_randreg,0.6018165976502711,0.45102579989496827,0.6179220896075337,25
nyc_taxi,sparse_init,clean,7009,0.5942195497311702,0.4471571611876164,0.6099268219995189,kc_half,0.60731636745855,0.46709110937426535,0.6222933872760745,9
nyc_taxi,sparse_init,clean,7009,0.5942195497311702,0.4471571611876164,0.6099268219995189,kc_land,0.6085909288364882,0.46124712586037314,0.6243282580973571,2
nyc_taxi,sparse_init,clean,7009,0.5942195497311702,0.4471571611876164,0.6099268219995189,kc_land_perm,0.6028588372655633,0.4659341214710698,0.6174833365175486,6
nyc_taxi,sparse_init,outlier,7000,0.6061593006948326,0.5395482349272699,0.6140989520705971,uniform,0.6358559641194195,0.5612093105158571,0.6447534107996427,10
nyc_taxi,sparse_init,outlier,7000,0.6061593006948326,0.5395482349272699,0.6140989520705971,hyb_ws,0.656148061922612,0.64194041281945,0.6578415310098943,4
nyc_taxi,sparse_init,outlier,7000,0.6061593006948326,0.5395482349272699,0.6140989520705971,hyb_randreg,0.6279085205014868,0.5019344317392574,0.6429238987367162,39
nyc_taxi,sparse_init,outlier,7000,0.6061593006948326,0.5395482349272699,0.6140989520705971,kc_half,0.6382101196698211,0.5433486243746762,0.6495170578331483,14
nyc_taxi,sparse_init,outlier,7000,0.6061593006948326,0.5395482349272699,0.6140989520705971,kc_land,0.6402645882619901,0.6004067785931937,0.6450154072096417,1
nyc_taxi,sparse_init,outlier,7000,0.6061593006948326,0.5395482349272699,0.6140989520705971,kc_land_perm,0.6713549587731997,0.6642045492744967,0.6722072459714225,5
nyc_taxi,sparse_init,outlier,7001,0.6132851108831908,0.7059576020238241,0.602959556855018,uniform,0.6778265404924116,0.7109052102982516,0.674140920433467,19
nyc_taxi,sparse_init,outlier,7001,0.6132851108831908,0.7059576020238241,0.602959556855018,hyb_ws,0.6743957693204916,0.689572315622165,0.6727048009773487,21
nyc_taxi,sparse_init,outlier,7001,0.6132851108831908,0.7059576020238241,0.602959556855018,hyb_randreg,0.6772614639558107,0.6779846510272884,0.6771808865688526,45
nyc_taxi,sparse_init,outlier,7001,0.6132851108831908,0.7059576020238241,0.602959556855018,kc_half,0.6791871849755522,0.707035215253548,0.6760843619298516,18
nyc_taxi,sparse_init,outlier,7001,0.6132851108831908,0.7059576020238241,0.602959556855018,kc_land,0.6856004250744582,0.7189473908753532,0.6818849115189819,24
nyc_taxi,sparse_init,outlier,7001,0.6132851108831908,0.7059576020238241,0.602959556855018,kc_land_perm,0.7010436748506336,0.7458103803462661,0.6960557757387279,15
nyc_taxi,sparse_init,outlier,7002,0.6207180519661202,0.5376366029632431,0.6300006374300324,uniform,0.6117269562573728,0.5790605504246928,0.6153767325621915,13
nyc_taxi,sparse_init,outlier,7002,0.6207180519661202,0.5376366029632431,0.6300006374300324,hyb_ws,0.6313917614244103,0.6269809391662541,0.631884577029685,12
nyc_taxi,sparse_init,outlier,7002,0.6207180519661202,0.5376366029632431,0.6300006374300324,hyb_randreg,0.6069487008680389,0.5896810125733213,0.6088779978926294,35
nyc_taxi,sparse_init,outlier,7002,0.6207180519661202,0.5376366029632431,0.6300006374300324,kc_half,0.6223269663625492,0.566489953765383,0.6285655653242114,9
nyc_taxi,sparse_init,outlier,7002,0.6207180519661202,0.5376366029632431,0.6300006374300324,kc_land,0.631306308721101,0.619363659797396,0.6326406458159675,2
nyc_taxi,sparse_init,outlier,7002,0.6207180519661202,0.5376366029632431,0.6300006374300324,kc_land_perm,0.6182748216269436,0.5788829819125392,0.6226760221731333,11
nyc_taxi,sparse_init,outlier,7003,0.640536686299849,0.582798980561524,0.647238384287333,uniform,0.6736924862651645,0.6236994250869959,0.6794952522947734,13
nyc_taxi,sparse_init,outlier,7003,0.640536686299849,0.582798980561524,0.647238384287333,hyb_ws,0.6795985725167989,0.6119550507695346,0.6874500527196062,13
nyc_taxi,sparse_init,outlier,7003,0.640536686299849,0.582798980561524,0.647238384287333,hyb_randreg,0.6968834164726345,0.6048644365253925,0.7075641909307965,21
nyc_taxi,sparse_init,outlier,7003,0.640536686299849,0.582798980561524,0.647238384287333,kc_half,0.6909795997326778,0.6345912834747138,0.6975246721554772,21
nyc_taxi,sparse_init,outlier,7003,0.640536686299849,0.582798980561524,0.647238384287333,kc_land,0.6783700083138531,0.6045033759491439,0.6869438138561854,8
nyc_taxi,sparse_init,outlier,7003,0.640536686299849,0.582798980561524,0.647238384287333,kc_land_perm,0.6846004687004172,0.6146394305847422,0.6927209463388438,20
nyc_taxi,sparse_init,outlier,7004,0.823236631024774,0.6362364268171631,0.8432668217328684,uniform,0.6770211154981648,0.5232224941366939,0.6934949783453526,14
nyc_taxi,sparse_init,outlier,7004,0.823236631024774,0.6362364268171631,0.8432668217328684,hyb_ws,0.6917019625807379,0.6181863631484097,0.699576453856772,2
nyc_taxi,sparse_init,outlier,7004,0.823236631024774,0.6362364268171631,0.8432668217328684,hyb_randreg,0.695081582303453,0.5323703099769114,0.7125101077367139,21
nyc_taxi,sparse_init,outlier,7004,0.823236631024774,0.6362364268171631,0.8432668217328684,kc_half,0.7076072900457361,0.5522560762560871,0.7242474560398114,13
nyc_taxi,sparse_init,outlier,7004,0.823236631024774,0.6362364268171631,0.8432668217328684,kc_land,0.681281553432719,0.578398280123895,0.692301710302499,2
nyc_taxi,sparse_init,outlier,7004,0.823236631024774,0.6362364268171631,0.8432668217328684,kc_land_perm,0.6996744907577663,0.605475598077221,0.7097644358082427,12
nyc_taxi,sparse_init,outlier,7005,0.637202724300749,0.5078533614112846,0.6511767551946245,uniform,0.6548976713072343,0.558258226326802,0.6653379437566438,15
nyc_taxi,sparse_init,outlier,7005,0.637202724300749,0.5078533614112846,0.6511767551946245,hyb_ws,0.6691712906558684,0.5400370184706415,0.683122084603857,8
nyc_taxi,sparse_init,outlier,7005,0.637202724300749,0.5078533614112846,0.6511767551946245,hyb_randreg,0.6824181303582232,0.58449131431872,0.6929974816755102,10
nyc_taxi,sparse_init,outlier,7005,0.637202724300749,0.5078533614112846,0.6511767551946245,kc_half,0.6630821937452807,0.5997529521290228,0.6699238569669816,16
nyc_taxi,sparse_init,outlier,7005,0.637202724300749,0.5078533614112846,0.6511767551946245,kc_land,0.6542403546529115,0.5422130595663467,0.6663430264212661,2
nyc_taxi,sparse_init,outlier,7005,0.637202724300749,0.5078533614112846,0.6511767551946245,kc_land_perm,0.6699031027674732,0.5489364358219861,0.6829715238502267,5
nyc_taxi,sparse_init,outlier,7006,0.6364343088375546,0.70679798944348,0.628289001319714,uniform,0.6468059393404518,0.6834595120274157,0.6425629176765495,20
nyc_taxi,sparse_init,outlier,7006,0.6364343088375546,0.70679798944348,0.628289001319714,hyb_ws,0.6505979381310348,0.6841542032150534,0.6467134611408346,20
nyc_taxi,sparse_init,outlier,7006,0.6364343088375546,0.70679798944348,0.628289001319714,hyb_randreg,0.6641955691335344,0.7245667566080232,0.6572069937355112,11
nyc_taxi,sparse_init,outlier,7006,0.6364343088375546,0.70679798944348,0.628289001319714,kc_half,0.6491197419814286,0.7338422209895169,0.639312258358456,13
nyc_taxi,sparse_init,outlier,7006,0.6364343088375546,0.70679798944348,0.628289001319714,kc_land,0.6631585315696659,0.7306131281054057,0.655349979948374,14
nyc_taxi,sparse_init,outlier,7006,0.6364343088375546,0.70679798944348,0.628289001319714,kc_land_perm,0.6913977215838821,0.7370714190883302,0.6861105292646781,17
nyc_taxi,sparse_init,outlier,7007,0.6215703386343985,0.6993250790285271,0.6135030697634843,uniform,0.6408000397454405,0.7488163099720135,0.6295930536512928,25
nyc_taxi,sparse_init,outlier,7007,0.6215703386343985,0.6993250790285271,0.6135030697634843,hyb_ws,0.6435127074916841,0.7822157440005271,0.6291218847192432,24
nyc_taxi,sparse_init,outlier,7007,0.6215703386343985,0.6993250790285271,0.6135030697634843,hyb_randreg,0.665626080803211,0.8238846521103039,0.6492063173342631,16
nyc_taxi,sparse_init,outlier,7007,0.6215703386343985,0.6993250790285271,0.6135030697634843,kc_half,0.6521112464139924,0.7548912574506257,0.6414475366596396,25
nyc_taxi,sparse_init,outlier,7007,0.6215703386343985,0.6993250790285271,0.6135030697634843,kc_land,0.6271201200943544,0.722331292861673,0.6172416981957582,32
nyc_taxi,sparse_init,outlier,7007,0.6215703386343985,0.6993250790285271,0.6135030697634843,kc_land_perm,0.6427066838096092,0.7465145684765997,0.6319363293298108,36
nyc_taxi,sparse_init,outlier,7008,0.7066413418344148,0.6186681487969347,0.7163076527231058,uniform,0.6569958110245547,0.6065682267821104,0.6625366887604062,13
nyc_taxi,sparse_init,outlier,7008,0.7066413418344148,0.6186681487969347,0.7163076527231058,hyb_ws,0.6646002045541325,0.6437687693375354,0.6668891191894744,6
nyc_taxi,sparse_init,outlier,7008,0.7066413418344148,0.6186681487969347,0.7163076527231058,hyb_randreg,0.651040605565571,0.6522605385892903,0.650906561870401,12
nyc_taxi,sparse_init,outlier,7008,0.7066413418344148,0.6186681487969347,0.7163076527231058,kc_half,0.667832138431487,0.7155871384174047,0.6625849186772074,16
nyc_taxi,sparse_init,outlier,7008,0.7066413418344148,0.6186681487969347,0.7163076527231058,kc_land,0.6612063717747627,0.601607518155604,0.6677549694532275,8
nyc_taxi,sparse_init,outlier,7008,0.7066413418344148,0.6186681487969347,0.7163076527231058,kc_land_perm,0.6749903205318504,0.6691403166485711,0.6756331067520996,7
nyc_taxi,sparse_init,outlier,7009,0.5961332891723339,0.4604356535996065,0.6106267278361613,uniform,0.6530959146648503,0.5039442656176153,0.6690263342919208,11
nyc_taxi,sparse_init,outlier,7009,0.5961332891723339,0.4604356535996065,0.6106267278361613,hyb_ws,0.6486295262998668,0.5231445760523769,0.6620321800894438,5
nyc_taxi,sparse_init,outlier,7009,0.5961332891723339,0.4604356535996065,0.6106267278361613,hyb_randreg,0.6666895686594286,0.5284798166363298,0.6814513185988078,35
nyc_taxi,sparse_init,outlier,7009,0.5961332891723339,0.4604356535996065,0.6106267278361613,kc_half,0.6691442186941655,0.5772314205967377,0.6789611362552078,12
nyc_taxi,sparse_init,outlier,7009,0.5961332891723339,0.4604356535996065,0.6106267278361613,kc_land,0.6535337428240041,0.5627226778121687,0.6632329877311898,2
nyc_taxi,sparse_init,outlier,7009,0.5961332891723339,0.4604356535996065,0.6106267278361613,kc_land_perm,0.6490054737216975,0.5469235957428752,0.6599085187963587,9
nyc_taxi,sparse_all,clean,7000,0.5954108443667522,0.4718185545955499,0.6101423260238681,uniform,0.5895658572669811,0.495048984829679,0.600831718391293,6
nyc_taxi,sparse_all,clean,7000,0.5954108443667522,0.4718185545955499,0.6101423260238681,hyb_ws,0.5914189652983232,0.5279603008520873,0.5989828687829613,0
nyc_taxi,sparse_all,clean,7000,0.5954108443667522,0.4718185545955499,0.6101423260238681,hyb_randreg,0.5934120862694222,0.5192367672016621,0.6022533526160551,1
nyc_taxi,sparse_all,clean,7000,0.5954108443667522,0.4718185545955499,0.6101423260238681,kc_half,0.5804274374414256,0.523250809412347,0.5872425587453953,2
nyc_taxi,sparse_all,clean,7000,0.5954108443667522,0.4718185545955499,0.6101423260238681,kc_land,0.5789473238285111,0.5087697228357121,0.5873120854465673,0
nyc_taxi,sparse_all,clean,7000,0.5954108443667522,0.4718185545955499,0.6101423260238681,kc_land_perm,0.5916545831004024,0.546134680665775,0.5970802905534386,2
nyc_taxi,sparse_all,clean,7001,0.6324205358597985,0.5976377121443637,0.6362960324727158,uniform,0.6618057805187246,0.6223591439561219,0.6662009184074726,5
nyc_taxi,sparse_all,clean,7001,0.6324205358597985,0.5976377121443637,0.6362960324727158,hyb_ws,0.6584143276094324,0.6457246074722974,0.6598282141820891,2
nyc_taxi,sparse_all,clean,7001,0.6324205358597985,0.5976377121443637,0.6362960324727158,hyb_randreg,0.654389149791139,0.6254937966002263,0.6576086653870147,0
nyc_taxi,sparse_all,clean,7001,0.6324205358597985,0.5976377121443637,0.6362960324727158,kc_half,0.6429795161114602,0.6048131631719355,0.64723200500525,5
nyc_taxi,sparse_all,clean,7001,0.6324205358597985,0.5976377121443637,0.6362960324727158,kc_land,0.6489259149363794,0.6221707100717146,0.6519069755506419,4
nyc_taxi,sparse_all,clean,7001,0.6324205358597985,0.5976377121443637,0.6362960324727158,kc_land_perm,0.6663373448626904,0.7752126989918475,0.6542064704515227,3
nyc_taxi,sparse_all,clean,7002,0.5801877624904448,0.49974779291728083,0.5891752187907261,uniform,0.6230364663848322,0.6247968457552964,0.6228397814190383,6
nyc_taxi,sparse_all,clean,7002,0.5801877624904448,0.49974779291728083,0.5891752187907261,hyb_ws,0.6168558673167943,0.5549713962817986,0.6237701411789588,3
nyc_taxi,sparse_all,clean,7002,0.5801877624904448,0.49974779291728083,0.5891752187907261,hyb_randreg,0.6273094542698113,0.546962539799305,0.6362865136408906,3
nyc_taxi,sparse_all,clean,7002,0.5801877624904448,0.49974779291728083,0.5891752187907261,kc_half,0.6315934339863841,0.5653670511275106,0.6389928241779536,6
nyc_taxi,sparse_all,clean,7002,0.5801877624904448,0.49974779291728083,0.5891752187907261,kc_land,0.6284421858298054,0.5661645326365325,0.6354003894383923,2
nyc_taxi,sparse_all,clean,7002,0.5801877624904448,0.49974779291728083,0.5891752187907261,kc_land_perm,0.6170671971362535,0.588160251684952,0.6202969336763934,6
nyc_taxi,sparse_all,clean,7003,0.648078535070588,0.6365050880368286,0.6494218816012921,uniform,0.6200984617522134,0.5379975381378052,0.6296280332431715,4
nyc_taxi,sparse_all,clean,7003,0.648078535070588,0.6365050880368286,0.6494218816012921,hyb_ws,0.6386538731973943,0.6023677240399411,0.6428656583674559,5
nyc_taxi,sparse_all,clean,7003,0.648078535070588,0.6365050880368286,0.6494218816012921,hyb_randreg,0.6504103053391367,0.6083372430816877,0.6552937857797333,3
nyc_taxi,sparse_all,clean,7003,0.648078535070588,0.6365050880368286,0.6494218816012921,kc_half,0.6202969277246666,0.5235811430962293,0.6315228670118959,4
nyc_taxi,sparse_all,clean,7003,0.648078535070588,0.6365050880368286,0.6494218816012921,kc_land,0.6278282091346971,0.5280777950557702,0.6394063821974297,2
nyc_taxi,sparse_all,clean,7003,0.648078535070588,0.6365050880368286,0.6494218816012921,kc_land_perm,0.6151946122609326,0.5071052873351735,0.627740694618387,6
nyc_taxi,sparse_all,clean,7004,0.7553169912489481,0.5950392110240337,0.7724848575503714,uniform,0.6767747136181861,0.49238651084135887,0.6965251244885521,4
nyc_taxi,sparse_all,clean,7004,0.7553169912489481,0.5950392110240337,0.7724848575503714,hyb_ws,0.6616875222987767,0.4931151993542766,0.6797438436327157,1
nyc_taxi,sparse_all,clean,7004,0.7553169912489481,0.5950392110240337,0.7724848575503714,hyb_randreg,0.6523899071575848,0.4713564271927997,0.6717809829246404,8
nyc_taxi,sparse_all,clean,7004,0.7553169912489481,0.5950392110240337,0.7724848575503714,kc_half,0.6414372821863015,0.46291068870230045,0.6605598373145353,2
nyc_taxi,sparse_all,clean,7004,0.7553169912489481,0.5950392110240337,0.7724848575503714,kc_land,0.6607567448556773,0.49652913373692453,0.6783476901927814,1
nyc_taxi,sparse_all,clean,7004,0.7553169912489481,0.5950392110240337,0.7724848575503714,kc_land_perm,0.6562168271795282,0.5004720987702763,0.6728991437846708,4
nyc_taxi,sparse_all,clean,7005,0.5881680139504057,0.5373603253383497,0.5936569332187442,uniform,0.6212836768098173,0.601108502600697,0.6234632662673124,6
nyc_taxi,sparse_all,clean,7005,0.5881680139504057,0.5373603253383497,0.5936569332187442,hyb_ws,0.6567053027362916,0.665473388509228,0.6557580580128997,1
nyc_taxi,sparse_all,clean,7005,0.5881680139504057,0.5373603253383497,0.5936569332187442,hyb_randreg,0.6394360397242169,0.5486919177437606,0.6492394213232137,2
nyc_taxi,sparse_all,clean,7005,0.5881680139504057,0.5373603253383497,0.5936569332187442,kc_half,0.6357096713165322,0.6476977375129707,0.6344145616720416,2
nyc_taxi,sparse_all,clean,7005,0.5881680139504057,0.5373603253383497,0.5936569332187442,kc_land,0.619239404284339,0.6375715703184703,0.6172589209731724,0
nyc_taxi,sparse_all,clean,7005,0.5881680139504057,0.5373603253383497,0.5936569332187442,kc_land_perm,0.6303362339168485,0.6059931780052837,0.6329660931427515,0
nyc_taxi,sparse_all,clean,7006,0.6306579890912487,0.6759913945094966,0.6254101890219119,uniform,0.6375748244289976,0.6759824866476627,0.633128749165191,7
nyc_taxi,sparse_all,clean,7006,0.6306579890912487,0.6759913945094966,0.6254101890219119,hyb_ws,0.6047083812534562,0.6454160806942938,0.599996053424182,4
nyc_taxi,sparse_all,clean,7006,0.6306579890912487,0.6759913945094966,0.6254101890219119,hyb_randreg,0.6182365434754943,0.6607454328635943,0.6133157096969556,2
nyc_taxi,sparse_all,clean,7006,0.6306579890912487,0.6759913945094966,0.6254101890219119,kc_half,0.6155456880079292,0.6825214384238257,0.6077925676668982,3
nyc_taxi,sparse_all,clean,7006,0.6306579890912487,0.6759913945094966,0.6254101890219119,kc_land,0.6307733512152058,0.6380634508988543,0.6299294484624263,6
nyc_taxi,sparse_all,clean,7006,0.6306579890912487,0.6759913945094966,0.6254101890219119,kc_land_perm,0.6375221404892929,0.7236923193020466,0.6275470709754039,10
nyc_taxi,sparse_all,clean,7007,0.6536567920296357,0.8213771303718785,0.6362553441221624,uniform,0.6265864932897168,0.7367686301912131,0.6151547925515924,10
nyc_taxi,sparse_all,clean,7007,0.6536567920296357,0.8213771303718785,0.6362553441221624,hyb_ws,0.6202883225192143,0.7545390999724464,0.6063594339092763,8
nyc_taxi,sparse_all,clean,7007,0.6536567920296357,0.8213771303718785,0.6362553441221624,hyb_randreg,0.6357616845356564,0.7685537507610861,0.6219841412407443,14
nyc_taxi,sparse_all,clean,7007,0.6536567920296357,0.8213771303718785,0.6362553441221624,kc_half,0.6341286504277795,0.7938249306781344,0.6175597206887804,9
nyc_taxi,sparse_all,clean,7007,0.6536567920296357,0.8213771303718785,0.6362553441221624,kc_land,0.6181052829642877,0.7604279866110739,0.6033389097382414,13
nyc_taxi,sparse_all,clean,7007,0.6536567920296357,0.8213771303718785,0.6362553441221624,kc_land_perm,0.6489956809424369,0.8048569388803959,0.6328246453506398,7
nyc_taxi,sparse_all,clean,7008,0.6014802875525714,0.46307221137657,0.616688278164585,uniform,0.6168648825808611,0.5966138105835553,0.6190900281166363,4
nyc_taxi,sparse_all,clean,7008,0.6014802875525714,0.46307221137657,0.616688278164585,hyb_ws,0.6174621880378253,0.49966617655798146,0.6304053679895505,3
nyc_taxi,sparse_all,clean,7008,0.6014802875525714,0.46307221137657,0.616688278164585,hyb_randreg,0.6300757300719948,0.5205161284962911,0.642113910489303,8
nyc_taxi,sparse_all,clean,7008,0.6014802875525714,0.46307221137657,0.616688278164585,kc_half,0.6252639221819177,0.521431730143953,0.6366727867898627,3
nyc_taxi,sparse_all,clean,7008,0.6014802875525714,0.46307221137657,0.616688278164585,kc_land,0.6155475918136235,0.521759663577745,0.6258528136730597,0
nyc_taxi,sparse_all,clean,7008,0.6014802875525714,0.46307221137657,0.616688278164585,kc_land_perm,0.6232806260405914,0.5147502572039006,0.6352057165121034,6
nyc_taxi,sparse_all,clean,7009,0.6036051904763521,0.45910105710864746,0.6190392235366547,uniform,0.6265805431694907,0.4729516520977515,0.6429891629685199,6
nyc_taxi,sparse_all,clean,7009,0.6036051904763521,0.45910105710864746,0.6190392235366547,hyb_ws,0.6310226478695602,0.4820357316277687,0.6469354729025795,3
nyc_taxi,sparse_all,clean,7009,0.6036051904763521,0.45910105710864746,0.6190392235366547,hyb_randreg,0.610106979455259,0.4701290453508801,0.6250575833745426,5
nyc_taxi,sparse_all,clean,7009,0.6036051904763521,0.45910105710864746,0.6190392235366547,kc_half,0.6120003474699527,0.47699983848679484,0.6264193282301903,3
nyc_taxi,sparse_all,clean,7009,0.6036051904763521,0.45910105710864746,0.6190392235366547,kc_land,0.6292464235307667,0.4895908329695596,0.6441625989476527,1
nyc_taxi,sparse_all,clean,7009,0.6036051904763521,0.45910105710864746,0.6190392235366547,kc_land_perm,0.6230515122122748,0.5381795303442083,0.6321164222845144,2
nyc_taxi,sparse_all,outlier,7000,0.6207061272676039,0.5893139484402261,0.6244478922873193,uniform,0.6226153010585526,0.5099131400548516,0.6360487427450597,3
nyc_taxi,sparse_all,outlier,7000,0.6207061272676039,0.5893139484402261,0.6244478922873193,hyb_ws,0.643463598487724,0.5262383965127859,0.6574361603347649,0
nyc_taxi,sparse_all,outlier,7000,0.6207061272676039,0.5893139484402261,0.6244478922873193,hyb_randreg,0.6528786029255754,0.5701618989376175,0.6627379526454609,9
nyc_taxi,sparse_all,outlier,7000,0.6207061272676039,0.5893139484402261,0.6244478922873193,kc_half,0.6391525501515611,0.5284563916953012,0.6523468880089666,0
nyc_taxi,sparse_all,outlier,7000,0.6207061272676039,0.5893139484402261,0.6244478922873193,kc_land,0.632260883600277,0.5594955674858425,0.6409340858008223,0
nyc_taxi,sparse_all,outlier,7000,0.6207061272676039,0.5893139484402261,0.6244478922873193,kc_land_perm,0.6541389331652503,0.5450396769504368,0.6671429295691423,1
nyc_taxi,sparse_all,outlier,7001,0.634920241799959,0.711430040156812,0.626395532397042,uniform,0.6568945716726939,0.6022867431749314,0.6629789671235421,1
nyc_taxi,sparse_all,outlier,7001,0.634920241799959,0.711430040156812,0.626395532397042,hyb_ws,0.6555183550472564,0.6068215783727068,0.6609441420565632,3
nyc_taxi,sparse_all,outlier,7001,0.634920241799959,0.711430040156812,0.626395532397042,hyb_randreg,0.6606762133561863,0.6354133798853041,0.663490994190258,1
nyc_taxi,sparse_all,outlier,7001,0.634920241799959,0.711430040156812,0.626395532397042,kc_half,0.6459763883016046,0.5798346470259104,0.6533458904554124,3
nyc_taxi,sparse_all,outlier,7001,0.634920241799959,0.711430040156812,0.626395532397042,kc_land,0.6453858376593379,0.6385053809170039,0.6461524570407428,6
nyc_taxi,sparse_all,outlier,7001,0.634920241799959,0.711430040156812,0.626395532397042,kc_land_perm,0.6585113650181736,0.649505939751729,0.6595147480500836,5
nyc_taxi,sparse_all,outlier,7002,0.5734740822525634,0.4901849683004386,0.582779869859221,uniform,0.6138297588249905,0.6307114555048177,0.6119435881564826,7
nyc_taxi,sparse_all,outlier,7002,0.5734740822525634,0.4901849683004386,0.582779869859221,hyb_ws,0.5999862029561571,0.544706971344009,0.6061624817521781,1
nyc_taxi,sparse_all,outlier,7002,0.5734740822525634,0.4901849683004386,0.582779869859221,hyb_randreg,0.5811790965049868,0.4911817110940819,0.5912343908171559,8
nyc_taxi,sparse_all,outlier,7002,0.5734740822525634,0.4901849683004386,0.582779869859221,kc_half,0.6124048307878179,0.7009059379313888,0.6025167137584361,2
nyc_taxi,sparse_all,outlier,7002,0.5734740822525634,0.4901849683004386,0.582779869859221,kc_land,0.6003186035803619,0.5464168915509536,0.6063409738515744,7
nyc_taxi,sparse_all,outlier,7002,0.5734740822525634,0.4901849683004386,0.582779869859221,kc_land_perm,0.6232884893879841,0.5796363891550889,0.6281656834662565,2
nyc_taxi,sparse_all,outlier,7003,0.5946728130116479,0.5499726624050099,0.5998612233499185,uniform,0.6340610830110328,0.5317576080640892,0.645935593495946,2
nyc_taxi,sparse_all,outlier,7003,0.5946728130116479,0.5499726624050099,0.5998612233499185,hyb_ws,0.6243583908130612,0.5617184978688438,0.6316290926726579,6
nyc_taxi,sparse_all,outlier,7003,0.5946728130116479,0.5499726624050099,0.5998612233499185,hyb_randreg,0.6525242246986914,0.5601891686226762,0.6632416865646577,1
nyc_taxi,sparse_all,outlier,7003,0.5946728130116479,0.5499726624050099,0.5998612233499185,kc_half,0.6553277609071503,0.5532830865302626,0.6671722320401818,1
nyc_taxi,sparse_all,outlier,7003,0.5946728130116479,0.5499726624050099,0.5998612233499185,kc_land,0.6227755580446287,0.5286809668260329,0.6336972516682159,2
nyc_taxi,sparse_all,outlier,7003,0.5946728130116479,0.5499726624050099,0.5998612233499185,kc_land_perm,0.6355545465383283,0.5585278683957313,0.6444951431084511,2
nyc_taxi,sparse_all,outlier,7004,0.8108945749525764,0.6303171583563135,0.8302368003117667,uniform,0.6883237266334732,0.5687166314969687,0.7011352256143276,3
nyc_taxi,sparse_all,outlier,7004,0.8108945749525764,0.6303171583563135,0.8302368003117667,hyb_ws,0.6751809080121633,0.6324034318515386,0.6797629404711065,1
nyc_taxi,sparse_all,outlier,7004,0.8108945749525764,0.6303171583563135,0.8302368003117667,hyb_randreg,0.6754408935315264,0.5640320307232689,0.6873742535942986,4
nyc_taxi,sparse_all,outlier,7004,0.8108945749525764,0.6303171583563135,0.8302368003117667,kc_half,0.655337951801022,0.5608346847208255,0.6654604993681507,3
nyc_taxi,sparse_all,outlier,7004,0.8108945749525764,0.6303171583563135,0.8302368003117667,kc_land,0.6556818436556883,0.610146872098872,0.6605592402769138,1
nyc_taxi,sparse_all,outlier,7004,0.8108945749525764,0.6303171583563135,0.8302368003117667,kc_land_perm,0.6575672182928666,0.5413242368315774,0.6700183762849835,3
nyc_taxi,sparse_all,outlier,7005,0.602993074356291,0.5160717566088008,0.6123834660243024,uniform,0.6263533911926474,0.5445283946696104,0.6351932107616182,4
nyc_taxi,sparse_all,outlier,7005,0.602993074356291,0.5160717566088008,0.6123834660243024,hyb_ws,0.6311986094956206,0.5342862797486432,0.6416683625707786,1
nyc_taxi,sparse_all,outlier,7005,0.602993074356291,0.5160717566088008,0.6123834660243024,hyb_randreg,0.660193493442948,0.5908989570373293,0.6676796067942476,4
nyc_taxi,sparse_all,outlier,7005,0.602993074356291,0.5160717566088008,0.6123834660243024,kc_half,0.6591914025122273,0.5683411232734937,0.669006252623891,4
nyc_taxi,sparse_all,outlier,7005,0.602993074356291,0.5160717566088008,0.6123834660243024,kc_land,0.6362997250281971,0.564409344944134,0.6440662757852011,0
nyc_taxi,sparse_all,outlier,7005,0.602993074356291,0.5160717566088008,0.6123834660243024,kc_land_perm,0.6744594986432197,0.6224653129623123,0.68007659903534,0
nyc_taxi,sparse_all,outlier,7006,0.6238298846368593,0.7143779550839431,0.6133480298989125,uniform,0.6432173395869265,0.7897103088421876,0.6262592971208363,5
nyc_taxi,sparse_all,outlier,7006,0.6238298846368593,0.7143779550839431,0.6133480298989125,hyb_ws,0.6526724498132362,0.7772319020034058,0.6382534337298553,3
nyc_taxi,sparse_all,outlier,7006,0.6238298846368593,0.7143779550839431,0.6133480298989125,hyb_randreg,0.6582213405559546,0.8029853469443774,0.6414634430242406,9
nyc_taxi,sparse_all,outlier,7006,0.6238298846368593,0.7143779550839431,0.6133480298989125,kc_half,0.6624631122066512,0.7925717352981112,0.6474017234805827,2
nyc_taxi,sparse_all,outlier,7006,0.6238298846368593,0.7143779550839431,0.6133480298989125,kc_land,0.6626746801333684,0.792714427927636,0.6476212644193878,6
nyc_taxi,sparse_all,outlier,7006,0.6238298846368593,0.7143779550839431,0.6133480298989125,kc_land_perm,0.6670781186533218,0.8369890456420365,0.6474092107871247,8
nyc_taxi,sparse_all,outlier,7007,0.6419720249392523,0.8008814669885203,0.6254847318348028,uniform,0.694194911934572,0.9225280234372855,0.6705047215579106,7
nyc_taxi,sparse_all,outlier,7007,0.6419720249392523,0.8008814669885203,0.6254847318348028,hyb_ws,0.6893744609423297,0.9151220634771707,0.6659525242554919,6
nyc_taxi,sparse_all,outlier,7007,0.6419720249392523,0.8008814669885203,0.6254847318348028,hyb_randreg,0.6796074731754796,0.9059428088364805,0.6561245575550226,9
nyc_taxi,sparse_all,outlier,7007,0.6419720249392523,0.8008814669885203,0.6254847318348028,kc_half,0.6772253443846382,0.9184417056247909,0.6521984812979115,3
nyc_taxi,sparse_all,outlier,7007,0.6419720249392523,0.8008814669885203,0.6254847318348028,kc_land,0.6535480797748491,0.8038801966013626,0.6379507078303764,8
nyc_taxi,sparse_all,outlier,7007,0.6419720249392523,0.8008814669885203,0.6254847318348028,kc_land_perm,0.6557658228243792,0.8451538754549442,0.636116289769994,6
nyc_taxi,sparse_all,outlier,7008,0.639578485441245,0.5865596462409371,0.6454040848650304,uniform,0.6626757338237194,0.5226853810107627,0.6780575816910697,3
nyc_taxi,sparse_all,outlier,7008,0.639578485441245,0.5865596462409371,0.6454040848650304,hyb_ws,0.6967837936905918,0.6431305391792159,0.702679101345005,1
nyc_taxi,sparse_all,outlier,7008,0.639578485441245,0.5865596462409371,0.6454040848650304,hyb_randreg,0.6994829627967615,0.5444503190790958,0.7165176262019214,7
nyc_taxi,sparse_all,outlier,7008,0.639578485441245,0.5865596462409371,0.6454040848650304,kc_half,0.69689048859246,0.5911431761865691,0.7085097826303991,3
nyc_taxi,sparse_all,outlier,7008,0.639578485441245,0.5865596462409371,0.6454040848650304,kc_land,0.7045490562629882,0.6995116994143988,0.7051025505227113,1
nyc_taxi,sparse_all,outlier,7008,0.639578485441245,0.5865596462409371,0.6454040848650304,kc_land_perm,0.6945883999799878,0.6481169717711665,0.6996945835456628,5
nyc_taxi,sparse_all,outlier,7009,0.6468757675890722,0.501339412451439,0.662420049017718,uniform,0.6243363456002987,0.5125819067625174,0.6362724865497685,4
nyc_taxi,sparse_all,outlier,7009,0.6468757675890722,0.501339412451439,0.662420049017718,hyb_ws,0.639706758095931,0.5209182494940492,0.6523941859654182,3
nyc_taxi,sparse_all,outlier,7009,0.6468757675890722,0.501339412451439,0.662420049017718,hyb_randreg,0.6353364572471033,0.516116139948879,0.6480700052485184,4
nyc_taxi,sparse_all,outlier,7009,0.6468757675890722,0.501339412451439,0.662420049017718,kc_half,0.6388823836197765,0.5333358899245706,0.6501554734278421,2
nyc_taxi,sparse_all,outlier,7009,0.6468757675890722,0.501339412451439,0.662420049017718,kc_land,0.6345244696950606,0.5494283612805072,0.6436133180204667,2
nyc_taxi,sparse_all,outlier,7009,0.6468757675890722,0.501339412451439,0.662420049017718,kc_land_perm,0.631813657601658,0.5229614575721308,0.6434398195306555,1
nyc_taxi,hard,clean,7000,0.7019377899029865,0.6561944621154142,0.7073901283578007,uniform,0.6124831310437796,0.6134949993358703,0.6123625222322434,15
nyc_taxi,hard,clean,7000,0.7019377899029865,0.6561944621154142,0.7073901283578007,hyb_ws,0.6039546567317481,0.6491404188947077,0.598568776854462,10
nyc_taxi,hard,clean,7000,0.7019377899029865,0.6561944621154142,0.7073901283578007,hyb_randreg,0.6230283712365092,0.6866771132141672,0.6154418116163405,2
nyc_taxi,hard,clean,7000,0.7019377899029865,0.6561944621154142,0.7073901283578007,kc_half,0.6204964801856174,0.6645549336819219,0.6152449689406747,11
nyc_taxi,hard,clean,7000,0.7019377899029865,0.6561944621154142,0.7073901283578007,kc_land,0.6333876618239858,0.6943776483512444,0.6261180103800541,1
nyc_taxi,hard,clean,7000,0.7019377899029865,0.6561944621154142,0.7073901283578007,kc_land_perm,0.6420602835699714,0.6903474477703675,0.6363047346193926,3
nyc_taxi,hard,clean,7001,0.6685628276950468,0.7482149825451446,0.659687997438062,uniform,0.662276336843474,0.7328669578272792,0.6544111412295519,19
nyc_taxi,hard,clean,7001,0.6685628276950468,0.7482149825451446,0.659687997438062,hyb_ws,0.6651425727133087,0.7134770913654724,0.6597571484344763,16
nyc_taxi,hard,clean,7001,0.6685628276950468,0.7482149825451446,0.659687997438062,hyb_randreg,0.6685267501465817,0.7399346279160142,0.6605704959133106,11
nyc_taxi,hard,clean,7001,0.6685628276950468,0.7482149825451446,0.659687997438062,kc_half,0.6688219656400927,0.7561016532354516,0.6590972769138524,16
nyc_taxi,hard,clean,7001,0.6685628276950468,0.7482149825451446,0.659687997438062,kc_land,0.6551546501263097,0.7166078376242866,0.6483075458788273,17
nyc_taxi,hard,clean,7001,0.6685628276950468,0.7482149825451446,0.659687997438062,kc_land_perm,0.6781067661430097,0.7774775127865132,0.6670348935661704,6
nyc_taxi,hard,clean,7002,0.5919577043114396,0.569903742397173,0.5944217656481643,uniform,0.6194216551294753,0.6152456316057293,0.6198882369684264,11
nyc_taxi,hard,clean,7002,0.5919577043114396,0.569903742397173,0.5944217656481643,hyb_ws,0.6245458892980777,0.6136457842883976,0.6257637442769245,14
nyc_taxi,hard,clean,7002,0.5919577043114396,0.569903742397173,0.5944217656481643,hyb_randreg,0.6209405131507265,0.6029095019740095,0.6229550952777527,17
nyc_taxi,hard,clean,7002,0.5919577043114396,0.569903742397173,0.5944217656481643,kc_half,0.6286179485452054,0.6038999739715134,0.6313796566548839,8
nyc_taxi,hard,clean,7002,0.5919577043114396,0.569903742397173,0.5944217656481643,kc_land,0.607647182149958,0.6031600769934716,0.6081485207472087,7
nyc_taxi,hard,clean,7002,0.5919577043114396,0.569903742397173,0.5944217656481643,kc_land_perm,0.6350224183465784,0.6288673344581512,0.6357101181028728,8
nyc_taxi,hard,clean,7003,0.6438106512886334,0.5971994506153009,0.6492208799382165,uniform,0.6523390184843524,0.5977030640131648,0.6586806917711868,11
nyc_taxi,hard,clean,7003,0.6438106512886334,0.5971994506153009,0.6492208799382165,hyb_ws,0.6525181518649757,0.6418439705319812,0.6537571193411269,7
nyc_taxi,hard,clean,7003,0.6438106512886334,0.5971994506153009,0.6492208799382165,hyb_randreg,0.6592534048141676,0.6136470676761395,0.6645469975176888,22
nyc_taxi,hard,clean,7003,0.6438106512886334,0.5971994506153009,0.6492208799382165,kc_half,0.6437179135500449,0.6324449204175763,0.6450263859672065,12
nyc_taxi,hard,clean,7003,0.6438106512886334,0.5971994506153009,0.6492208799382165,kc_land,0.6400625296045256,0.637652536828486,0.6403422609088872,4
nyc_taxi,hard,clean,7003,0.6438106512886334,0.5971994506153009,0.6492208799382165,kc_land_perm,0.6268835355318033,0.6212606139502366,0.6275361960725209,5
nyc_taxi,hard,clean,7004,0.631852766268436,0.556717393080568,0.6399007566984678,uniform,0.6614694485764071,0.5733566360774824,0.6709074940890237,10
nyc_taxi,hard,clean,7004,0.631852766268436,0.556717393080568,0.6399007566984678,hyb_ws,0.6607489574556061,0.5790130126226549,0.669503956251718,7
nyc_taxi,hard,clean,7004,0.631852766268436,0.556717393080568,0.6399007566984678,hyb_randreg,0.6531125828433053,0.5713709638799929,0.6618681894136905,34
nyc_taxi,hard,clean,7004,0.631852766268436,0.556717393080568,0.6399007566984678,kc_half,0.6528633636502386,0.5875313343757427,0.6598612865202165,12
nyc_taxi,hard,clean,7004,0.631852766268436,0.556717393080568,0.6399007566984678,kc_land,0.6572846107705809,0.5899557604396991,0.6644964195383781,4
nyc_taxi,hard,clean,7004,0.631852766268436,0.556717393080568,0.6399007566984678,kc_land_perm,0.6758704115468095,0.5975562161640108,0.684258895801762,3
nyc_taxi,hard,clean,7005,0.6320100893320014,0.5954778028617287,0.6359567906404242,uniform,0.6536582461748421,0.581920614926578,0.661408294980056,10
nyc_taxi,hard,clean,7005,0.6320100893320014,0.5954778028617287,0.6359567906404242,hyb_ws,0.6585382053239529,0.5747982654672097,0.6675849024275899,5
nyc_taxi,hard,clean,7005,0.6320100893320014,0.5954778028617287,0.6359567906404242,hyb_randreg,0.6384941725760518,0.5815696852199742,0.6446439094372347,30
nyc_taxi,hard,clean,7005,0.6320100893320014,0.5954778028617287,0.6359567906404242,kc_half,0.6400207433632062,0.6009082777148,0.6442461897905966,9
nyc_taxi,hard,clean,7005,0.6320100893320014,0.5954778028617287,0.6359567906404242,kc_land,0.6586473595350448,0.6169499721812476,0.6631520634319927,0
nyc_taxi,hard,clean,7005,0.6320100893320014,0.5954778028617287,0.6359567906404242,kc_land_perm,0.6514258837303372,0.5909084428511532,0.6579637790053737,3
nyc_taxi,hard,clean,7006,0.7184497139196389,0.8002689753107892,0.7089783070919324,uniform,0.648763031776039,0.6660985431348904,0.6467562710469112,16
nyc_taxi,hard,clean,7006,0.7184497139196389,0.8002689753107892,0.7089783070919324,hyb_ws,0.6319046891623554,0.6776561756856964,0.6266084919776449,16
nyc_taxi,hard,clean,7006,0.7184497139196389,0.8002689753107892,0.7089783070919324,hyb_randreg,0.6241856874184196,0.7076251785627334,0.6145267226137082,23
nyc_taxi,hard,clean,7006,0.7184497139196389,0.8002689753107892,0.7089783070919324,kc_half,0.6332889611871493,0.6925853396080912,0.6264248058050877,12
nyc_taxi,hard,clean,7006,0.7184497139196389,0.8002689753107892,0.7089783070919324,kc_land,0.6320071139237918,0.6830179735729099,0.6261020911192218,15
nyc_taxi,hard,clean,7006,0.7184497139196389,0.8002689753107892,0.7089783070919324,kc_land_perm,0.6332420228346353,0.6673990055649984,0.6292880067026685,10
nyc_taxi,hard,clean,7007,0.6706754728342239,0.8892161235384685,0.6480012772865429,uniform,0.654288181079527,0.7686729269338235,0.6424204480659466,19
nyc_taxi,hard,clean,7007,0.6706754728342239,0.8892161235384685,0.6480012772865429,hyb_ws,0.6371039396008022,0.7771213031519224,0.6225767517709951,18
nyc_taxi,hard,clean,7007,0.6706754728342239,0.8892161235384685,0.6480012772865429,hyb_randreg,0.652685929114944,0.7684717837228632,0.6406728272019812,20
nyc_taxi,hard,clean,7007,0.6706754728342239,0.8892161235384685,0.6480012772865429,kc_half,0.615518194282976,0.7376688861060822,0.602844722945921,22
nyc_taxi,hard,clean,7007,0.6706754728342239,0.8892161235384685,0.6480012772865429,kc_land,0.6282776503423454,0.746084927397425,0.616054820272613,43
nyc_taxi,hard,clean,7007,0.6706754728342239,0.8892161235384685,0.6480012772865429,kc_land_perm,0.6396321013792886,0.7677216395123315,0.6263424583500324,18
nyc_taxi,hard,clean,7008,0.6293900427350586,0.5788518501135553,0.6349430738888087,uniform,0.6558871607755388,0.5577814878830545,0.6666668074085641,10
nyc_taxi,hard,clean,7008,0.6293900427350586,0.5788518501135553,0.6349430738888087,hyb_ws,0.6540365530625925,0.5579662112020112,0.6645925617686941,14
nyc_taxi,hard,clean,7008,0.6293900427350586,0.5788518501135553,0.6349430738888087,hyb_randreg,0.6578266453035562,0.5417301948372795,0.6705830810373645,4
nyc_taxi,hard,clean,7008,0.6293900427350586,0.5788518501135553,0.6349430738888087,kc_half,0.6450263474154788,0.532227423817043,0.6574204577775711,9
nyc_taxi,hard,clean,7008,0.6293900427350586,0.5788518501135553,0.6349430738888087,kc_land,0.6448350093960428,0.5653597046838258,0.6535675900469965,5
nyc_taxi,hard,clean,7008,0.6293900427350586,0.5788518501135553,0.6349430738888087,kc_land_perm,0.6554338334331652,0.5621011901806992,0.6656890295286083,2
nyc_taxi,hard,clean,7009,0.7529585141455059,0.6084795780700817,0.768389855962084,uniform,0.6386080181664272,0.5749126233239993,0.6454111234262991,8
nyc_taxi,hard,clean,7009,0.7529585141455059,0.6084795780700817,0.768389855962084,hyb_ws,0.6435722360312581,0.5752477710616007,0.650869757746335,4
nyc_taxi,hard,clean,7009,0.7529585141455059,0.6084795780700817,0.768389855962084,hyb_randreg,0.6530456822432166,0.5873381788945569,0.6600636944990502,25
nyc_taxi,hard,clean,7009,0.7529585141455059,0.6084795780700817,0.768389855962084,kc_half,0.6409824291839262,0.5898056285654699,0.6464484626755489,15
nyc_taxi,hard,clean,7009,0.7529585141455059,0.6084795780700817,0.768389855962084,kc_land,0.6236055620440172,0.5697648288145564,0.6293561218189403,1
nyc_taxi,hard,clean,7009,0.7529585141455059,0.6084795780700817,0.768389855962084,kc_land_perm,0.6346940466334439,0.5651321355799495,0.6421237360818801,3
nyc_taxi,hard,outlier,7000,0.6383432415895359,0.5963518418688225,0.6433483720542881,uniform,0.6341650188888043,0.5511184156779391,0.6440636906761094,11
nyc_taxi,hard,outlier,7000,0.6383432415895359,0.5963518418688225,0.6433483720542881,hyb_ws,0.6255311991013458,0.5725606188602836,0.6318449839873818,12
nyc_taxi,hard,outlier,7000,0.6383432415895359,0.5963518418688225,0.6433483720542881,hyb_randreg,0.6316726383230441,0.5781779616259879,0.6380488924564928,34
nyc_taxi,hard,outlier,7000,0.6383432415895359,0.5963518418688225,0.6433483720542881,kc_half,0.647298203208021,0.5612335322394433,0.6575566111074652,13
nyc_taxi,hard,outlier,7000,0.6383432415895359,0.5963518418688225,0.6433483720542881,kc_land,0.6311818076520985,0.582473046951641,0.6369876084518732,1
nyc_taxi,hard,outlier,7000,0.6383432415895359,0.5963518418688225,0.6433483720542881,kc_land_perm,0.6462474658073334,0.5861626114010354,0.6534092307701433,1
nyc_taxi,hard,outlier,7001,0.6465800298812102,0.6952356054227509,0.6411588334955037,uniform,0.6477217375712148,0.6670444168406003,0.6455688077609831,15
nyc_taxi,hard,outlier,7001,0.6465800298812102,0.6952356054227509,0.6411588334955037,hyb_ws,0.6778242908716758,0.7189261094046131,0.6732447328745357,19
nyc_taxi,hard,outlier,7001,0.6465800298812102,0.6952356054227509,0.6411588334955037,hyb_randreg,0.68957291485685,0.7912938937249034,0.678239179784305,15
nyc_taxi,hard,outlier,7001,0.6465800298812102,0.6952356054227509,0.6411588334955037,kc_half,0.6728654629940111,0.7355339501698508,0.6658829502522741,13
nyc_taxi,hard,outlier,7001,0.6465800298812102,0.6952356054227509,0.6411588334955037,kc_land,0.6736799691851176,0.7210464581183904,0.6684024026215605,16
nyc_taxi,hard,outlier,7001,0.6465800298812102,0.6952356054227509,0.6411588334955037,kc_land_perm,0.6897374398180318,0.8025725882583681,0.6771653657628568,9
nyc_taxi,hard,outlier,7002,0.5980996084434135,0.5613794998464513,0.6022022998430742,uniform,0.6284788773551434,0.6034517032569812,0.6312751319375395,12
nyc_taxi,hard,outlier,7002,0.5980996084434135,0.5613794998464513,0.6022022998430742,hyb_ws,0.6233134168194743,0.5711461452609308,0.6291420002454147,15
nyc_taxi,hard,outlier,7002,0.5980996084434135,0.5613794998464513,0.6022022998430742,hyb_randreg,0.6477913950404777,0.5894789360836452,0.6543065725003573,37
nyc_taxi,hard,outlier,7002,0.5980996084434135,0.5613794998464513,0.6022022998430742,kc_half,0.6263138993092529,0.5973649328925272,0.629548330798837,9
nyc_taxi,hard,outlier,7002,0.5980996084434135,0.5613794998464513,0.6022022998430742,kc_land,0.6286778899556108,0.5912778414474272,0.6328565501835958,10
nyc_taxi,hard,outlier,7002,0.5980996084434135,0.5613794998464513,0.6022022998430742,kc_land_perm,0.6589308654342101,0.6276939197160442,0.6624209299641441,1
nyc_taxi,hard,outlier,7003,0.6422766294164943,0.6610703640592329,0.6400952137883194,uniform,0.6967929865772516,0.6655671571006305,0.7004174132129307,17
nyc_taxi,hard,outlier,7003,0.6422766294164943,0.6610703640592329,0.6400952137883194,hyb_ws,0.677948837640189,0.6733014224774442,0.6784882697572934,11
nyc_taxi,hard,outlier,7003,0.6422766294164943,0.6610703640592329,0.6400952137883194,hyb_randreg,0.6977319229068387,0.6704602574801234,0.7008973840724396,16
nyc_taxi,hard,outlier,7003,0.6422766294164943,0.6610703640592329,0.6400952137883194,kc_half,0.6606010347399933,0.622199558247719,0.6650583489757038,13
nyc_taxi,hard,outlier,7003,0.6422766294164943,0.6610703640592329,0.6400952137883194,kc_land,0.6836852787564792,0.7406323061773425,0.6770753559308434,5
nyc_taxi,hard,outlier,7003,0.6422766294164943,0.6610703640592329,0.6400952137883194,kc_land_perm,0.7293979911824705,0.776613570431809,0.7239176114481722,5
nyc_taxi,hard,outlier,7004,0.6472654158794896,0.5703141603808743,0.6555079112788709,uniform,0.6873979241068058,0.5798146609065046,0.6989215119447567,11
nyc_taxi,hard,outlier,7004,0.6472654158794896,0.5703141603808743,0.6555079112788709,hyb_ws,0.6646794446533936,0.5785176985633517,0.673908505195006,9
nyc_taxi,hard,outlier,7004,0.6472654158794896,0.5703141603808743,0.6555079112788709,hyb_randreg,0.6828197034098059,0.5780782544058587,0.694038895428773,34
nyc_taxi,hard,outlier,7004,0.6472654158794896,0.5703141603808743,0.6555079112788709,kc_half,0.6785390104401813,0.5931243868974182,0.6876880442932257,12
nyc_taxi,hard,outlier,7004,0.6472654158794896,0.5703141603808743,0.6555079112788709,kc_land,0.671773159644473,0.5793133472157223,0.6816768262400794,2
nyc_taxi,hard,outlier,7004,0.6472654158794896,0.5703141603808743,0.6555079112788709,kc_land_perm,0.6700952755734174,0.5879539752206414,0.6788936932973376,2
nyc_taxi,hard,outlier,7005,0.6645619213571125,0.5940928719988102,0.6721749211492837,uniform,0.67308925609863,0.619449905432073,0.6788840889961253,9
nyc_taxi,hard,outlier,7005,0.6645619213571125,0.5940928719988102,0.6721749211492837,hyb_ws,0.6638126084707314,0.612746728073865,0.6693294210343819,6
nyc_taxi,hard,outlier,7005,0.6645619213571125,0.5940928719988102,0.6721749211492837,hyb_randreg,0.6583220458574709,0.6138289396440036,0.6631287803237458,32
nyc_taxi,hard,outlier,7005,0.6645619213571125,0.5940928719988102,0.6721749211492837,kc_half,0.6582744492046063,0.6230046481729019,0.6620847601193887,12
nyc_taxi,hard,outlier,7005,0.6645619213571125,0.5940928719988102,0.6721749211492837,kc_land,0.671168753357859,0.6154241016047415,0.6771910287550101,2
nyc_taxi,hard,outlier,7005,0.6645619213571125,0.5940928719988102,0.6721749211492837,kc_land_perm,0.6616057356588353,0.6322763950917115,0.664774279376613,3
nyc_taxi,hard,outlier,7006,0.6325101915005439,0.7019203260376797,0.6244752665820191,uniform,0.6401415420101498,0.6987237382685775,0.6333600604349066,15
nyc_taxi,hard,outlier,7006,0.6325101915005439,0.7019203260376797,0.6244752665820191,hyb_ws,0.6372267573466611,0.7524916685026453,0.6238836783704452,8
nyc_taxi,hard,outlier,7006,0.6325101915005439,0.7019203260376797,0.6244752665820191,hyb_randreg,0.6533654202381803,0.7782125452094363,0.6389131031215635,7
nyc_taxi,hard,outlier,7006,0.6325101915005439,0.7019203260376797,0.6244752665820191,kc_half,0.6605448395515087,0.7843602990693834,0.6462119481428844,7
nyc_taxi,hard,outlier,7006,0.6325101915005439,0.7019203260376797,0.6244752665820191,kc_land,0.6356376486581563,0.743342750089528,0.6231696940991551,12
nyc_taxi,hard,outlier,7006,0.6325101915005439,0.7019203260376797,0.6244752665820191,kc_land_perm,0.6400769154690615,0.7435899166353591,0.6280942389044831,8
nyc_taxi,hard,outlier,7007,0.6006421960436372,0.7820596735021969,0.5818196321572082,uniform,0.6504637920023476,0.8087150680773659,0.6340447854338579,18
nyc_taxi,hard,outlier,7007,0.6006421960436372,0.7820596735021969,0.5818196321572082,hyb_ws,0.6490828826353743,0.7590994696903085,0.6376683581506459,26
nyc_taxi,hard,outlier,7007,0.6006421960436372,0.7820596735021969,0.5818196321572082,hyb_randreg,0.6460619868999469,0.7806587513800802,0.6320972011812577,12
nyc_taxi,hard,outlier,7007,0.6006421960436372,0.7820596735021969,0.5818196321572082,kc_half,0.666052522339439,0.8278006057986875,0.6492707123558084,9
nyc_taxi,hard,outlier,7007,0.6006421960436372,0.7820596735021969,0.5818196321572082,kc_land,0.6393842420581646,0.7513444499413998,0.6277680615493078,39
nyc_taxi,hard,outlier,7007,0.6006421960436372,0.7820596735021969,0.5818196321572082,kc_land_perm,0.6500538236631322,0.7713758078076401,0.6374663330344527,15
nyc_taxi,hard,outlier,7008,0.662355487058059,0.620504240174201,0.6669540147400811,uniform,0.6479772014334901,0.5674290748603905,0.6568276615119992,10
nyc_taxi,hard,outlier,7008,0.662355487058059,0.620504240174201,0.6669540147400811,hyb_ws,0.6757344262312106,0.6093439465776607,0.6830292736071278,10
nyc_taxi,hard,outlier,7008,0.662355487058059,0.620504240174201,0.6669540147400811,hyb_randreg,0.6663025601928579,0.5782486689100652,0.6759777380363613,2
nyc_taxi,hard,outlier,7008,0.662355487058059,0.620504240174201,0.6669540147400811,kc_half,0.6737192797667313,0.5913210799913343,0.682773022028401,10
nyc_taxi,hard,outlier,7008,0.662355487058059,0.620504240174201,0.6669540147400811,kc_land,0.671439011861522,0.610294530800494,0.6781574398582388,7
nyc_taxi,hard,outlier,7008,0.662355487058059,0.620504240174201,0.6669540147400811,kc_land_perm,0.6836220903117469,0.6093681355660163,0.691780959923098,7
nyc_taxi,hard,outlier,7009,0.629354471275071,0.5425765180976364,0.6386229521623122,uniform,0.662874169312398,0.5320966189482492,0.6768421091133281,10
nyc_taxi,hard,outlier,7009,0.629354471275071,0.5425765180976364,0.6386229521623122,hyb_ws,0.6478126080175155,0.5473340660748124,0.6585444058011025,8
nyc_taxi,hard,outlier,7009,0.629354471275071,0.5425765180976364,0.6386229521623122,hyb_randreg,0.6405249940117137,0.5265487203456468,0.652698442167525,20
nyc_taxi,hard,outlier,7009,0.629354471275071,0.5425765180976364,0.6386229521623122,kc_half,0.6456571857389874,0.5277149655813176,0.65825422419523,11
nyc_taxi,hard,outlier,7009,0.629354471275071,0.5425765180976364,0.6386229521623122,kc_land,0.6461303892556591,0.541803578870898,0.6572732085164555,2
nyc_taxi,hard,outlier,7009,0.629354471275071,0.5425765180976364,0.6386229521623122,kc_land_perm,0.6516642624922201,0.5326617271894244,0.6643745498820594,2
nyc_taxi,hard_sparse,clean,7000,0.5903169321126107,0.6462623568903372,0.5836485630708337,uniform,0.6049085692927435,0.6858938006713144,0.595255601031056,5
nyc_taxi,hard_sparse,clean,7000,0.5903169321126107,0.6462623568903372,0.5836485630708337,hyb_ws,0.6017471499875379,0.6434947828109143,0.5967710751182714,4
nyc_taxi,hard_sparse,clean,7000,0.5903169321126107,0.6462623568903372,0.5836485630708337,hyb_randreg,0.6178317490772056,0.6394564132267255,0.6152542149620138,1
nyc_taxi,hard_sparse,clean,7000,0.5903169321126107,0.6462623568903372,0.5836485630708337,kc_half,0.6064116255777192,0.620948679763155,0.6046788933217048,0
nyc_taxi,hard_sparse,clean,7000,0.5903169321126107,0.6462623568903372,0.5836485630708337,kc_land,0.5982128913566286,0.6167843748346421,0.5959992786085497,1
nyc_taxi,hard_sparse,clean,7000,0.5903169321126107,0.6462623568903372,0.5836485630708337,kc_land_perm,0.6016970741452629,0.6221617477754099,0.5992578041490562,1
nyc_taxi,hard_sparse,clean,7001,0.6524391976231176,0.7176926205265244,0.6451686717591927,uniform,0.6596028750886951,0.7135942765665076,0.6535871618370689,4
nyc_taxi,hard_sparse,clean,7001,0.6524391976231176,0.7176926205265244,0.6451686717591927,hyb_ws,0.6737183528258824,0.7189910978749962,0.6686740708684792,3
nyc_taxi,hard_sparse,clean,7001,0.6524391976231176,0.7176926205265244,0.6451686717591927,hyb_randreg,0.6771597167974969,0.7185065763363364,0.6725528563709687,0
nyc_taxi,hard_sparse,clean,7001,0.6524391976231176,0.7176926205265244,0.6451686717591927,kc_half,0.6656726577256993,0.7231745803306042,0.6592658027758335,5
nyc_taxi,hard_sparse,clean,7001,0.6524391976231176,0.7176926205265244,0.6451686717591927,kc_land,0.6503181047154671,0.6909602767526869,0.6457897604568049,5
nyc_taxi,hard_sparse,clean,7001,0.6524391976231176,0.7176926205265244,0.6451686717591927,kc_land_perm,0.674125601366537,0.7311263626203934,0.66777458573364,3
nyc_taxi,hard_sparse,clean,7002,0.7160554801067189,0.662397900953908,0.7220505737196787,uniform,0.6096712421166436,0.6166850585474862,0.6088875972569441,2
nyc_taxi,hard_sparse,clean,7002,0.7160554801067189,0.662397900953908,0.7220505737196787,hyb_ws,0.6286670791536563,0.6288240093705423,0.6286495455385401,4
nyc_taxi,hard_sparse,clean,7002,0.7160554801067189,0.662397900953908,0.7220505737196787,hyb_randreg,0.6087690042319615,0.613590714658272,0.6082302806101225,4
nyc_taxi,hard_sparse,clean,7002,0.7160554801067189,0.662397900953908,0.7220505737196787,kc_half,0.6185302823129508,0.647943711425408,0.6152439569924373,2
nyc_taxi,hard_sparse,clean,7002,0.7160554801067189,0.662397900953908,0.7220505737196787,kc_land,0.6347258206558269,0.6319685284552913,0.6350338894342081,3
nyc_taxi,hard_sparse,clean,7002,0.7160554801067189,0.662397900953908,0.7220505737196787,kc_land_perm,0.6300959412544537,0.6064600962621722,0.6327367443914457,6
nyc_taxi,hard_sparse,clean,7003,0.6337452381383656,0.6207959059806689,0.6352482856209554,uniform,0.6181810424475974,0.5937179732771788,0.6210205058334497,3
nyc_taxi,hard_sparse,clean,7003,0.6337452381383656,0.6207959059806689,0.6352482856209554,hyb_ws,0.625485589189306,0.594471814364793,0.6290854023385799,3
nyc_taxi,hard_sparse,clean,7003,0.6337452381383656,0.6207959059806689,0.6352482856209554,hyb_randreg,0.6241776771475906,0.5772836184480389,0.62962073753236,1
nyc_taxi,hard_sparse,clean,7003,0.6337452381383656,0.6207959059806689,0.6352482856209554,kc_half,0.612986561779789,0.5728132612955563,0.6176495341574232,2
nyc_taxi,hard_sparse,clean,7003,0.6337452381383656,0.6207959059806689,0.6352482856209554,kc_land,0.6188338767724437,0.5791768008962621,0.6234369302223577,3
nyc_taxi,hard_sparse,clean,7003,0.6337452381383656,0.6207959059806689,0.6352482856209554,kc_land_perm,0.6035767567077064,0.5681135986877396,0.6076930161207384,5
nyc_taxi,hard_sparse,clean,7004,0.6722197977777626,0.576053654575762,0.6825204613313673,uniform,0.6540040230861817,0.540198363591906,0.6661941117173149,5
nyc_taxi,hard_sparse,clean,7004,0.6722197977777626,0.576053654575762,0.6825204613313673,hyb_ws,0.6645666140442855,0.5730998827850957,0.6743639085356519,3
nyc_taxi,hard_sparse,clean,7004,0.6722197977777626,0.576053654575762,0.6825204613313673,hyb_randreg,0.6551649470792733,0.5445949033093228,0.6670084585486813,5
nyc_taxi,hard_sparse,clean,7004,0.6722197977777626,0.576053654575762,0.6825204613313673,kc_half,0.6564079314717278,0.5577849042564775,0.6669717597397327,3
nyc_taxi,hard_sparse,clean,7004,0.6722197977777626,0.576053654575762,0.6825204613313673,kc_land,0.661653881556925,0.566233385940332,0.6718746764098509,0
nyc_taxi,hard_sparse,clean,7004,0.6722197977777626,0.576053654575762,0.6825204613313673,kc_land_perm,0.6673006347173259,0.5803341737911893,0.6766158908419909,1
nyc_taxi,hard_sparse,clean,7005,0.5852257599928443,0.5552598312124443,0.5884630763984832,uniform,0.6058938639590101,0.6194254966927633,0.6044319978187985,4
nyc_taxi,hard_sparse,clean,7005,0.5852257599928443,0.5552598312124443,0.5884630763984832,hyb_ws,0.6161098710420145,0.6199086925259143,0.615699472045139,2
nyc_taxi,hard_sparse,clean,7005,0.5852257599928443,0.5552598312124443,0.5884630763984832,hyb_randreg,0.617420007059711,0.614763337843152,0.6177070156454335,7
nyc_taxi,hard_sparse,clean,7005,0.5852257599928443,0.5552598312124443,0.5884630763984832,kc_half,0.605010220495481,0.598733927055938,0.6056882688172044,3
nyc_taxi,hard_sparse,clean,7005,0.5852257599928443,0.5552598312124443,0.5884630763984832,kc_land,0.6075888357626652,0.6361004496960111,0.604508633703384,1
nyc_taxi,hard_sparse,clean,7005,0.5852257599928443,0.5552598312124443,0.5884630763984832,kc_land_perm,0.6156498554327356,0.6171833241464696,0.6154841898376231,2
nyc_taxi,hard_sparse,clean,7006,0.6235966172418504,0.6850625432577092,0.6164813147881318,uniform,0.6172900364928486,0.6764375959123011,0.6104431084150042,4
nyc_taxi,hard_sparse,clean,7006,0.6235966172418504,0.6850625432577092,0.6164813147881318,hyb_ws,0.631850861705421,0.6935131763227498,0.624712825285284,2
nyc_taxi,hard_sparse,clean,7006,0.6235966172418504,0.6850625432577092,0.6164813147881318,hyb_randreg,0.6280035945297545,0.7212005280269326,0.6172151071095789,4
nyc_taxi,hard_sparse,clean,7006,0.6235966172418504,0.6850625432577092,0.6164813147881318,kc_half,0.6046381893336862,0.6808573255851924,0.5958150536169847,3
nyc_taxi,hard_sparse,clean,7006,0.6235966172418504,0.6850625432577092,0.6164813147881318,kc_land,0.6430599774566427,0.6971321128164896,0.6368005810342335,6
nyc_taxi,hard_sparse,clean,7006,0.6235966172418504,0.6850625432577092,0.6164813147881318,kc_land_perm,0.6214988683306018,0.7009448820662558,0.6123021889162932,4
nyc_taxi,hard_sparse,clean,7007,0.6321297735626151,0.8276849744379358,0.6118403818603193,uniform,0.631091015054606,0.7885448816578807,0.6147547419191669,9
nyc_taxi,hard_sparse,clean,7007,0.6321297735626151,0.8276849744379358,0.6118403818603193,hyb_ws,0.6235409088125741,0.779394675222303,0.6073706504875028,8
nyc_taxi,hard_sparse,clean,7007,0.6321297735626151,0.8276849744379358,0.6118403818603193,hyb_randreg,0.6456551009578363,0.8039046029078755,0.6292362784597088,5
nyc_taxi,hard_sparse,clean,7007,0.6321297735626151,0.8276849744379358,0.6118403818603193,kc_half,0.6477903369898375,0.8326295999259871,0.6286127534180957,9
nyc_taxi,hard_sparse,clean,7007,0.6321297735626151,0.8276849744379358,0.6118403818603193,kc_land,0.6361690315691902,0.8045278044587292,0.6187013443157503,15
nyc_taxi,hard_sparse,clean,7007,0.6321297735626151,0.8276849744379358,0.6118403818603193,kc_land_perm,0.6493807624764563,0.8121826671287927,0.6324896156361477,6
nyc_taxi,hard_sparse,clean,7008,0.6559373642936437,0.5942758295732722,0.6627126050675801,uniform,0.6264645186801031,0.5613651851644517,0.6336174976124554,4
nyc_taxi,hard_sparse,clean,7008,0.6559373642936437,0.5942758295732722,0.6627126050675801,hyb_ws,0.6301585807676526,0.5707497466417302,0.6366862995006897,2
nyc_taxi,hard_sparse,clean,7008,0.6559373642936437,0.5942758295732722,0.6627126050675801,hyb_randreg,0.6461518145126106,0.6123724892098756,0.6498634162939322,4
nyc_taxi,hard_sparse,clean,7008,0.6559373642936437,0.5942758295732722,0.6627126050675801,kc_half,0.6433788014884758,0.6175503369903391,0.6462167792746195,5
nyc_taxi,hard_sparse,clean,7008,0.6559373642936437,0.5942758295732722,0.6627126050675801,kc_land,0.6524862461996286,0.6492748382218394,0.652839109007399,0
nyc_taxi,hard_sparse,clean,7008,0.6559373642936437,0.5942758295732722,0.6627126050675801,kc_land_perm,0.6325859009595913,0.602070463195467,0.6359388735885017,3
nyc_taxi,hard_sparse,clean,7009,0.8189716324971127,0.6491761866704142,0.8371069512821445,uniform,0.6470854936726153,0.5473937313835252,0.657733257990155,4
nyc_taxi,hard_sparse,clean,7009,0.8189716324971127,0.6491761866704142,0.8371069512821445,hyb_ws,0.6393340322985129,0.542211331306057,0.6497074032401533,3
nyc_taxi,hard_sparse,clean,7009,0.8189716324971127,0.6491761866704142,0.8371069512821445,hyb_randreg,0.6435498142303845,0.5532642430491503,0.6531929327904167,11
nyc_taxi,hard_sparse,clean,7009,0.8189716324971127,0.6491761866704142,0.8371069512821445,kc_half,0.6319423129152267,0.5629511481783998,0.6393110427404661,1
nyc_taxi,hard_sparse,clean,7009,0.8189716324971127,0.6491761866704142,0.8371069512821445,kc_land,0.6658571061860877,0.5480120217865216,0.6784437698767997,1
nyc_taxi,hard_sparse,clean,7009,0.8189716324971127,0.6491761866704142,0.8371069512821445,kc_land_perm,0.6454003134140146,0.5502645301149103,0.6555614679113732,0
nyc_taxi,hard_sparse,outlier,7000,0.7741112730588959,0.7178667694003273,0.7808152905626872,uniform,0.6560598614796431,0.7242466454770421,0.6479323936612627,5
nyc_taxi,hard_sparse,outlier,7000,0.7741112730588959,0.7178667694003273,0.7808152905626872,hyb_ws,0.6428192046373393,0.7151973549088375,0.6341921503520405,1
nyc_taxi,hard_sparse,outlier,7000,0.7741112730588959,0.7178667694003273,0.7808152905626872,hyb_randreg,0.6554139484053166,0.6777440756136841,0.652752327199171,9
nyc_taxi,hard_sparse,outlier,7000,0.7741112730588959,0.7178667694003273,0.7808152905626872,kc_half,0.6415502700969803,0.7035451807766678,0.6341608375425464,5
nyc_taxi,hard_sparse,outlier,7000,0.7741112730588959,0.7178667694003273,0.7808152905626872,kc_land,0.646186771837336,0.7319198989884904,0.6359678820314066,0
nyc_taxi,hard_sparse,outlier,7000,0.7741112730588959,0.7178667694003273,0.7808152905626872,kc_land_perm,0.663253690181245,0.7699447574300571,0.6505367358868988,0
nyc_taxi,hard_sparse,outlier,7001,0.6383833209805974,0.6959091311030646,0.6319738044873744,uniform,0.6565272727718224,0.6688140618805295,0.6551582807094187,5
nyc_taxi,hard_sparse,outlier,7001,0.6383833209805974,0.6959091311030646,0.6319738044873744,hyb_ws,0.6681526015819516,0.6754558623903474,0.6673388734396434,4
nyc_taxi,hard_sparse,outlier,7001,0.6383833209805974,0.6959091311030646,0.6319738044873744,hyb_randreg,0.6525215171567578,0.6606232419278723,0.6516188242884008,6
nyc_taxi,hard_sparse,outlier,7001,0.6383833209805974,0.6959091311030646,0.6319738044873744,kc_half,0.6697381532795929,0.651117997356786,0.6718128080517645,4
nyc_taxi,hard_sparse,outlier,7001,0.6383833209805974,0.6959091311030646,0.6319738044873744,kc_land,0.6670717983713812,0.6705277213806946,0.6666867399866259,5
nyc_taxi,hard_sparse,outlier,7001,0.6383833209805974,0.6959091311030646,0.6319738044873744,kc_land_perm,0.6731600859391403,0.6701539776348097,0.6734950260419569,4
nyc_taxi,hard_sparse,outlier,7002,0.5990450663963791,0.6017962665882476,0.5987376782704394,uniform,0.6405564656261447,0.7316775561849326,0.6303756211557076,11
nyc_taxi,hard_sparse,outlier,7002,0.5990450663963791,0.6017962665882476,0.5987376782704394,hyb_ws,0.6483426743054256,0.6990302845668008,0.642679411569163,3
nyc_taxi,hard_sparse,outlier,7002,0.5990450663963791,0.6017962665882476,0.5987376782704394,hyb_randreg,0.6446708267080687,0.6852975340542266,0.6401316559595542,8
nyc_taxi,hard_sparse,outlier,7002,0.5990450663963791,0.6017962665882476,0.5987376782704394,kc_half,0.6291560411826951,0.7127714310363521,0.6198137991812581,6
nyc_taxi,hard_sparse,outlier,7002,0.5990450663963791,0.6017962665882476,0.5987376782704394,kc_land,0.6477661731522045,0.6903061714900973,0.6430132328153971,4
nyc_taxi,hard_sparse,outlier,7002,0.5990450663963791,0.6017962665882476,0.5987376782704394,kc_land_perm,0.6411365974382327,0.651834581221936,0.639941325208925,5
nyc_taxi,hard_sparse,outlier,7003,0.7562403851661589,0.6806337124713117,0.7650161596753823,uniform,0.6524223793930765,0.6268934469702772,0.6553855590492942,3
nyc_taxi,hard_sparse,outlier,7003,0.7562403851661589,0.6806337124713117,0.7650161596753823,hyb_ws,0.6391242768410691,0.5924642938758002,0.6445401677209665,2
nyc_taxi,hard_sparse,outlier,7003,0.7562403851661589,0.6806337124713117,0.7650161596753823,hyb_randreg,0.6567406783011336,0.6232530723654175,0.6606276325615292,5
nyc_taxi,hard_sparse,outlier,7003,0.7562403851661589,0.6806337124713117,0.7650161596753823,kc_half,0.6282237652906936,0.6322719110557402,0.6277538912286793,2
nyc_taxi,hard_sparse,outlier,7003,0.7562403851661589,0.6806337124713117,0.7650161596753823,kc_land,0.6474556966320865,0.6149805455770909,0.6512251338081126,3
nyc_taxi,hard_sparse,outlier,7003,0.7562403851661589,0.6806337124713117,0.7650161596753823,kc_land_perm,0.6455215760857572,0.6204482472096439,0.6484318731874489,3
nyc_taxi,hard_sparse,outlier,7004,0.6487216853849475,0.5947524152310381,0.6545025067382723,uniform,0.6887919373614957,0.6671781805789371,0.6911070560647476,3
nyc_taxi,hard_sparse,outlier,7004,0.6487216853849475,0.5947524152310381,0.6545025067382723,hyb_ws,0.6704194566741579,0.6124610708414228,0.6766275649822864,0
nyc_taxi,hard_sparse,outlier,7004,0.6487216853849475,0.5947524152310381,0.6545025067382723,hyb_randreg,0.6770577788553609,0.5830029932169842,0.6871322881390729,2
nyc_taxi,hard_sparse,outlier,7004,0.6487216853849475,0.5947524152310381,0.6545025067382723,kc_half,0.6880808445332566,0.6297751280518027,0.694326156539435,2
nyc_taxi,hard_sparse,outlier,7004,0.6487216853849475,0.5947524152310381,0.6545025067382723,kc_land,0.7082685296708892,0.6703791961419796,0.7123269775191282,4
nyc_taxi,hard_sparse,outlier,7004,0.6487216853849475,0.5947524152310381,0.6545025067382723,kc_land_perm,0.6972259032374789,0.6181371659662591,0.7056973511544348,5
nyc_taxi,hard_sparse,outlier,7005,0.608896959296354,0.6121546329187799,0.6085450222568121,uniform,0.6570786764663892,0.6550638519617761,0.657296344487663,3
nyc_taxi,hard_sparse,outlier,7005,0.608896959296354,0.6121546329187799,0.6085450222568121,hyb_ws,0.665275743049771,0.6828370650663665,0.6633785365161222,2
nyc_taxi,hard_sparse,outlier,7005,0.608896959296354,0.6121546329187799,0.6085450222568121,hyb_randreg,0.6620820224190921,0.6459328828287706,0.6638266663083512,7
nyc_taxi,hard_sparse,outlier,7005,0.608896959296354,0.6121546329187799,0.6085450222568121,kc_half,0.6607521842787286,0.7119804656480055,0.6552178270116876,3
nyc_taxi,hard_sparse,outlier,7005,0.608896959296354,0.6121546329187799,0.6085450222568121,kc_land,0.6597021229618347,0.7487301764408506,0.6500841338048219,1
nyc_taxi,hard_sparse,outlier,7005,0.608896959296354,0.6121546329187799,0.6085450222568121,kc_land_perm,0.655637346485865,0.6732244458617734,0.6537373551405452,7
nyc_taxi,hard_sparse,outlier,7006,0.6233494246144917,0.7414004546040577,0.6096838242112366,uniform,0.6540444512592009,0.76498554242599,0.6412018981673689,2
nyc_taxi,hard_sparse,outlier,7006,0.6233494246144917,0.7414004546040577,0.6096838242112366,hyb_ws,0.6611883669128199,0.8131209752478125,0.6436006312199267,4
nyc_taxi,hard_sparse,outlier,7006,0.6233494246144917,0.7414004546040577,0.6096838242112366,hyb_randreg,0.6792851113158345,0.8555443216142358,0.6588813254653918,5
nyc_taxi,hard_sparse,outlier,7006,0.6233494246144917,0.7414004546040577,0.6096838242112366,kc_half,0.6704933435950055,0.8023269731757297,0.6552322679252702,3
nyc_taxi,hard_sparse,outlier,7006,0.6233494246144917,0.7414004546040577,0.6096838242112366,kc_land,0.649027234143542,0.7158389229259335,0.6412931055955106,7
nyc_taxi,hard_sparse,outlier,7006,0.6233494246144917,0.7414004546040577,0.6096838242112366,kc_land_perm,0.6856359792845794,0.9098528887440038,0.6596806048283279,5
nyc_taxi,hard_sparse,outlier,7007,0.6535973604878452,0.8034778557894149,0.6380468455227817,uniform,0.6870103466197529,0.8783137175734596,0.6671620940042469,7
nyc_taxi,hard_sparse,outlier,7007,0.6535973604878452,0.8034778557894149,0.6380468455227817,hyb_ws,0.6783889872613496,0.8541753196238162,0.6601506702171203,5
nyc_taxi,hard_sparse,outlier,7007,0.6535973604878452,0.8034778557894149,0.6380468455227817,hyb_randreg,0.691140213627956,0.8548490799789892,0.6741549670087537,6
nyc_taxi,hard_sparse,outlier,7007,0.6535973604878452,0.8034778557894149,0.6380468455227817,kc_half,0.6861226027172491,0.8394928083367799,0.6702100206772537,6
nyc_taxi,hard_sparse,outlier,7007,0.6535973604878452,0.8034778557894149,0.6380468455227817,kc_land,0.6821289825227329,0.8468612030547149,0.6650375600834324,11
nyc_taxi,hard_sparse,outlier,7007,0.6535973604878452,0.8034778557894149,0.6380468455227817,kc_land_perm,0.698594225876327,0.8597793960404271,0.6818708197003608,7
nyc_taxi,hard_sparse,outlier,7008,0.617644669078101,0.5967905307599763,0.6199360782828672,uniform,0.6680823648252158,0.7855061157343917,0.6551800880882476,3
nyc_taxi,hard_sparse,outlier,7008,0.617644669078101,0.5967905307599763,0.6199360782828672,hyb_ws,0.6666699280860673,0.7370369526365298,0.6589381462542186,1
nyc_taxi,hard_sparse,outlier,7008,0.617644669078101,0.5967905307599763,0.6199360782828672,hyb_randreg,0.6581363317613866,0.6157069453872517,0.6627983842042715,4
nyc_taxi,hard_sparse,outlier,7008,0.617644669078101,0.5967905307599763,0.6199360782828672,kc_half,0.6503374561241704,0.6647397120528807,0.6487549662940455,2
nyc_taxi,hard_sparse,outlier,7008,0.617644669078101,0.5967905307599763,0.6199360782828672,kc_land,0.6617314312278352,0.7179651931165569,0.6555525828072097,2
nyc_taxi,hard_sparse,outlier,7008,0.617644669078101,0.5967905307599763,0.6199360782828672,kc_land_perm,0.6785705019614645,0.7985255417709126,0.6653900924818471,0
nyc_taxi,hard_sparse,outlier,7009,0.6103792909386727,0.5351089442456295,0.6184186804858545,uniform,0.6621948799027471,0.53755617367593,0.6755071490238181,6
nyc_taxi,hard_sparse,outlier,7009,0.6103792909386727,0.5351089442456295,0.6184186804858545,hyb_ws,0.645185973866265,0.5261658916239573,0.6578981353896547,0
nyc_taxi,hard_sparse,outlier,7009,0.6103792909386727,0.5351089442456295,0.6184186804858545,hyb_randreg,0.6388494766511965,0.5379312997161544,0.6496282304688296,6
nyc_taxi,hard_sparse,outlier,7009,0.6103792909386727,0.5351089442456295,0.6184186804858545,kc_half,0.633391149641077,0.5236883887804185,0.6451081573035603,3
nyc_taxi,hard_sparse,outlier,7009,0.6103792909386727,0.5351089442456295,0.6184186804858545,kc_land,0.6286627228468232,0.5227286906173395,0.6399772044297177,0
nyc_taxi,hard_sparse,outlier,7009,0.6103792909386727,0.5351089442456295,0.6184186804858545,kc_land_perm,0.6583448135394656,0.5215412387147729,0.6729563741045822,0
