dataset,region,noise,seed,init_mae,init_in,init_out,arm,mae,err_in,err_out,n_in_region
synth2d,sparse_init,clean,7000,0.2258191088807652,0.5421027725253446,0.19329255620929348,uniform,0.08644107590167127,0.2578722520579441,0.06881112588615161,21
synth2d,sparse_init,clean,7000,0.2258191088807652,0.5421027725253446,0.19329255620929348,hyb_ws,0.0882960677106693,0.26515051272206774,0.07010838974285799,45
synth2d,sparse_init,clean,7000,0.2258191088807652,0.5421027725253446,0.19329255620929348,hyb_randreg,0.09544330976877775,0.3170822297440489,0.07265000479199912,34
synth2d,sparse_init,clean,7000,0.2258191088807652,0.5421027725253446,0.19329255620929348,kc_half,0.0831077983803248,0.22821159539193336,0.0681853511001125,37
synth2d,sparse_init,clean,7000,0.2258191088807652,0.5421027725253446,0.19329255620929348,kc_land,0.081129709755738,0.14866833689823805,0.07418405000273207,71
synth2d,sparse_init,clean,7001,0.23657340069389277,0.47648609614125437,0.21094907849060512,uniform,0.089510875045982,0.1947594589917389,0.07826960404347451,24
synth2d,sparse_init,clean,7001,0.23657340069389277,0.47648609614125437,0.21094907849060512,hyb_ws,0.08557799510312367,0.1683906634979764,0.07673303384124953,36
synth2d,sparse_init,clean,7001,0.23657340069389277,0.47648609614125437,0.21094907849060512,hyb_randreg,0.08934257072654421,0.2019197892686737,0.07731855125856912,28
synth2d,sparse_init,clean,7001,0.23657340069389277,0.47648609614125437,0.21094907849060512,kc_half,0.08739700638785411,0.1808578634684578,0.07741474550431424,34
synth2d,sparse_init,clean,7001,0.23657340069389277,0.47648609614125437,0.21094907849060512,kc_land,0.08270144397570225,0.12711585506713133,0.07795768009045279,64
synth2d,sparse_init,clean,7002,0.2930831752018095,0.3237113660803672,0.28968949340215805,uniform,0.10031739731836016,0.1410229583092538,0.09580711716413452,26
synth2d,sparse_init,clean,7002,0.2930831752018095,0.3237113660803672,0.28968949340215805,hyb_ws,0.09869422481587577,0.13523488562024413,0.09464542624299518,36
synth2d,sparse_init,clean,7002,0.2930831752018095,0.3237113660803672,0.28968949340215805,hyb_randreg,0.10106476746379335,0.15571481332280926,0.09500940276017009,29
synth2d,sparse_init,clean,7002,0.2930831752018095,0.3237113660803672,0.28968949340215805,kc_half,0.11199846994610611,0.15769932519427862,0.10693469842596703,36
synth2d,sparse_init,clean,7002,0.2930831752018095,0.3237113660803672,0.28968949340215805,kc_land,0.08700023719447654,0.1334360324524165,0.08185503244359678,43
synth2d,sparse_init,clean,7003,0.29880488500121005,0.47897128769789715,0.27978234054843654,uniform,0.10960973699178521,0.19497465092087057,0.10059663662669106,20
synth2d,sparse_init,clean,7003,0.29880488500121005,0.47897128769789715,0.27978234054843654,hyb_ws,0.09236079171459963,0.13357058327269772,0.08800973025103039,38
synth2d,sparse_init,clean,7003,0.29880488500121005,0.47897128769789715,0.27978234054843654,hyb_randreg,0.09846059488705866,0.1104880485482194,0.09719069790016995,56
synth2d,sparse_init,clean,7003,0.29880488500121005,0.47897128769789715,0.27978234054843654,kc_half,0.10023810550874741,0.1583811926978543,0.09409917258828339,39
synth2d,sparse_init,clean,7003,0.29880488500121005,0.47897128769789715,0.27978234054843654,kc_land,0.09937619531663865,0.12349223386383631,0.09682994691281624,49
synth2d,sparse_init,clean,7004,0.11865775437577605,0.14887265048952553,0.11530054369647054,uniform,0.07112152591517584,0.09851413304164139,0.06807790290112412,22
synth2d,sparse_init,clean,7004,0.11865775437577605,0.14887265048952553,0.11530054369647054,hyb_ws,0.06540092926438774,0.09396534451647691,0.062227105347488945,41
synth2d,sparse_init,clean,7004,0.11865775437577605,0.14887265048952553,0.11530054369647054,hyb_randreg,0.08381616848801,0.12483485529169261,0.07925853662093417,29
synth2d,sparse_init,clean,7004,0.11865775437577605,0.14887265048952553,0.11530054369647054,kc_half,0.06326845376903059,0.08531547816513907,0.0608187843916852,36
synth2d,sparse_init,clean,7004,0.11865775437577605,0.14887265048952553,0.11530054369647054,kc_land,0.061616325132133484,0.0972133358270062,0.05766110172159206,50
synth2d,sparse_init,clean,7005,0.21674458471091781,0.31236099047766297,0.20567601891086226,uniform,0.08366922625235938,0.08575384655414275,0.08342791037363133,23
synth2d,sparse_init,clean,7005,0.21674458471091781,0.31236099047766297,0.20567601891086226,hyb_ws,0.07601836191087692,0.049767604744319426,0.0790571524894324,44
synth2d,sparse_init,clean,7005,0.21674458471091781,0.31236099047766297,0.20567601891086226,hyb_randreg,0.08220171102473552,0.07560176052022463,0.08296572203153386,32
synth2d,sparse_init,clean,7005,0.21674458471091781,0.31236099047766297,0.20567601891086226,kc_half,0.08495425257763353,0.06251640623540905,0.08755166017373482,41
synth2d,sparse_init,clean,7005,0.21674458471091781,0.31236099047766297,0.20567601891086226,kc_land,0.07229251414011463,0.04969942650817187,0.07490789248523493,51
synth2d,sparse_init,clean,7006,0.2578459736195707,0.34472504230949047,0.2488055626628774,uniform,0.11027597236392017,0.16096102561484038,0.10500181694697375,21
synth2d,sparse_init,clean,7006,0.2578459736195707,0.34472504230949047,0.2488055626628774,hyb_ws,0.1045293218232301,0.12041251669998647,0.10287655768617872,37
synth2d,sparse_init,clean,7006,0.2578459736195707,0.34472504230949047,0.2488055626628774,hyb_randreg,0.10790716895312828,0.12447213578922421,0.1061834613911056,32
synth2d,sparse_init,clean,7006,0.2578459736195707,0.34472504230949047,0.2488055626628774,kc_half,0.10419316407124127,0.12509440586104156,0.10201823496421542,35
synth2d,sparse_init,clean,7006,0.2578459736195707,0.34472504230949047,0.2488055626628774,kc_land,0.09689023162445125,0.1305947095697394,0.09338303091085101,48
synth2d,sparse_init,clean,7007,0.29382682709682195,0.37617065624931834,0.28419207020911014,uniform,0.10395221231718639,0.25272914752204356,0.08654435533566304,24
synth2d,sparse_init,clean,7007,0.29382682709682195,0.37617065624931834,0.28419207020911014,hyb_ws,0.0856571061745984,0.1630218467458009,0.07660493463052305,40
synth2d,sparse_init,clean,7007,0.29382682709682195,0.37617065624931834,0.28419207020911014,hyb_randreg,0.0940994883351324,0.22145602977411516,0.07919795500284149,28
synth2d,sparse_init,clean,7007,0.29382682709682195,0.37617065624931834,0.28419207020911014,kc_half,0.09534857275374839,0.18682651957169627,0.08464506543268718,35
synth2d,sparse_init,clean,7007,0.29382682709682195,0.37617065624931834,0.28419207020911014,kc_land,0.09118853877440125,0.1488275263387207,0.08444440702643982,46
synth2d,sparse_init,clean,7008,0.2262067551547586,0.23199599313487182,0.22560963022244687,uniform,0.09302836739651293,0.1378351932543903,0.08840681392964969,21
synth2d,sparse_init,clean,7008,0.2262067551547586,0.23199599313487182,0.22560963022244687,hyb_ws,0.08853131988163161,0.11362226663095654,0.0859433402665606,40
synth2d,sparse_init,clean,7008,0.2262067551547586,0.23199599313487182,0.22560963022244687,hyb_randreg,0.08626832336578188,0.1218702570862142,0.0825961989279877,42
synth2d,sparse_init,clean,7008,0.2262067551547586,0.23199599313487182,0.22560963022244687,kc_half,0.08570089683471636,0.13113493251930897,0.0810146504623949,37
synth2d,sparse_init,clean,7008,0.2262067551547586,0.23199599313487182,0.22560963022244687,kc_land,0.0811685261336101,0.12687504666791907,0.07645417459477073,37
synth2d,sparse_init,clean,7009,0.13085334734891632,0.224853712860324,0.11956066832220281,uniform,0.07395254498660052,0.09407466107586977,0.07153518631891737,23
synth2d,sparse_init,clean,7009,0.13085334734891632,0.224853712860324,0.11956066832220281,hyb_ws,0.06899680956224197,0.08346901252741562,0.0672581999089069,43
synth2d,sparse_init,clean,7009,0.13085334734891632,0.224853712860324,0.11956066832220281,hyb_randreg,0.07227756197870053,0.08956997108060508,0.07020014850776325,28
synth2d,sparse_init,clean,7009,0.13085334734891632,0.224853712860324,0.11956066832220281,kc_half,0.07572044103342324,0.09224718205790859,0.07373501064991604,35
synth2d,sparse_init,clean,7009,0.13085334734891632,0.224853712860324,0.11956066832220281,kc_land,0.06891300950307717,0.0731543341400796,0.06840348044419338,64
synth2d,sparse_init,outlier,7000,0.27295259848175535,0.6149570750068539,0.23778092223586011,uniform,0.14688892167150777,0.3381524655038848,0.12721941468240475,22
synth2d,sparse_init,outlier,7000,0.27295259848175535,0.6149570750068539,0.23778092223586011,hyb_ws,0.12547017933347468,0.2550282321828319,0.11214645346834916,42
synth2d,sparse_init,outlier,7000,0.27295259848175535,0.6149570750068539,0.23778092223586011,hyb_randreg,0.1311251142304169,0.28582788453838676,0.1152155103360489,29
synth2d,sparse_init,outlier,7000,0.27295259848175535,0.6149570750068539,0.23778092223586011,kc_half,0.13676584607083866,0.2793796732596469,0.12209946682037674,36
synth2d,sparse_init,outlier,7000,0.27295259848175535,0.6149570750068539,0.23778092223586011,kc_land,0.12200081213767237,0.20220034894718544,0.1137531068082132,49
synth2d,sparse_init,outlier,7001,0.23777014756809287,0.48947572241748616,0.21088626491954118,uniform,0.18119316137392638,0.422190880897558,0.15545295115363814,23
synth2d,sparse_init,outlier,7001,0.23777014756809287,0.48947572241748616,0.21088626491954118,hyb_ws,0.15879648182635783,0.31596038930965553,0.14201029801657564,44
synth2d,sparse_init,outlier,7001,0.23777014756809287,0.48947572241748616,0.21088626491954118,hyb_randreg,0.16419379014841895,0.31885194854191307,0.14767523753638556,25
synth2d,sparse_init,outlier,7001,0.23777014756809287,0.48947572241748616,0.21088626491954118,kc_half,0.17182816191167785,0.40226952456060494,0.14721544304546705,26
synth2d,sparse_init,outlier,7001,0.23777014756809287,0.48947572241748616,0.21088626491954118,kc_land,0.15103015288252275,0.25287831343722345,0.14015207043257408,50
synth2d,sparse_init,outlier,7002,0.22114605874113902,0.2941331452180199,0.21305890308874376,uniform,0.14490545484409773,0.24306692533904484,0.1340289131258295,23
synth2d,sparse_init,outlier,7002,0.22114605874113902,0.2941331452180199,0.21305890308874376,hyb_ws,0.12661887377277728,0.23067537958249637,0.11508914708072567,35
synth2d,sparse_init,outlier,7002,0.22114605874113902,0.2941331452180199,0.21305890308874376,hyb_randreg,0.13434579052917137,0.19781398281285037,0.1273133526726904,39
synth2d,sparse_init,outlier,7002,0.22114605874113902,0.2941331452180199,0.21305890308874376,kc_half,0.14451779251390554,0.1774049131582517,0.14087381552498743,38
synth2d,sparse_init,outlier,7002,0.22114605874113902,0.2941331452180199,0.21305890308874376,kc_land,0.11805969799850397,0.19052945622621476,0.11002986363781063,46
synth2d,sparse_init,outlier,7003,0.33317321614807827,0.48263081794012014,0.31739300501359513,uniform,0.18633888618767452,0.3143679025046719,0.17282117357487933,23
synth2d,sparse_init,outlier,7003,0.33317321614807827,0.48263081794012014,0.31739300501359513,hyb_ws,0.19170419754705556,0.2747655366210774,0.1829343159753927,45
synth2d,sparse_init,outlier,7003,0.33317321614807827,0.48263081794012014,0.31739300501359513,hyb_randreg,0.18313925041959594,0.3429124242853671,0.16626988822591862,30
synth2d,sparse_init,outlier,7003,0.33317321614807827,0.48263081794012014,0.31739300501359513,kc_half,0.18087760896082972,0.28005101497667,0.1704065638812136,46
synth2d,sparse_init,outlier,7003,0.33317321614807827,0.48263081794012014,0.31739300501359513,kc_land,0.1648507745432247,0.23929351317037995,0.15699087234433765,50
synth2d,sparse_init,outlier,7004,0.2965774976243254,0.27717532217803786,0.29873329489613515,uniform,0.15149339299700534,0.26557530583346206,0.13881762490406568,20
synth2d,sparse_init,outlier,7004,0.2965774976243254,0.27717532217803786,0.29873329489613515,hyb_ws,0.13865726847153403,0.17189217951372296,0.13496450057795747,35
synth2d,sparse_init,outlier,7004,0.2965774976243254,0.27717532217803786,0.29873329489613515,hyb_randreg,0.16737361078580254,0.18600522728846527,0.16530343117439553,26
synth2d,sparse_init,outlier,7004,0.2965774976243254,0.27717532217803786,0.29873329489613515,kc_half,0.18656562087328007,0.29941576409735965,0.17402671607060455,32
synth2d,sparse_init,outlier,7004,0.2965774976243254,0.27717532217803786,0.29873329489613515,kc_land,0.13650377755478407,0.20496827778506424,0.12889661086253074,35
synth2d,sparse_init,outlier,7005,0.7894739318894894,1.6798822455781368,0.6864001661486837,uniform,0.22983843226491638,0.2609880359438373,0.22623255066749595,20
synth2d,sparse_init,outlier,7005,0.7894739318894894,1.6798822455781368,0.6864001661486837,hyb_ws,0.20782914442696696,0.27081142816368603,0.20053830823429236,49
synth2d,sparse_init,outlier,7005,0.7894739318894894,1.6798822455781368,0.6864001661486837,hyb_randreg,0.25404582513445034,0.3283270855211043,0.2454470181440845,40
synth2d,sparse_init,outlier,7005,0.7894739318894894,1.6798822455781368,0.6864001661486837,kc_half,0.20632904104964173,0.22606808965031358,0.20404404658122363,38
synth2d,sparse_init,outlier,7005,0.7894739318894894,1.6798822455781368,0.6864001661486837,kc_land,0.2271201957288209,0.16993425701277462,0.23374004637516935,86
synth2d,sparse_init,outlier,7006,0.3187835398980036,0.43413516818518877,0.30678034810549215,uniform,0.15395399837513854,0.2192035919331191,0.14716429460164737,21
synth2d,sparse_init,outlier,7006,0.3187835398980036,0.43413516818518877,0.30678034810549215,hyb_ws,0.13657242809823378,0.13935196458088858,0.13628319672810935,38
synth2d,sparse_init,outlier,7006,0.3187835398980036,0.43413516818518877,0.30678034810549215,hyb_randreg,0.1635001229621766,0.19889043070582257,0.15981749916439728,33
synth2d,sparse_init,outlier,7006,0.3187835398980036,0.43413516818518877,0.30678034810549215,kc_half,0.1649714049358878,0.18952005830534271,0.162416935623085,38
synth2d,sparse_init,outlier,7006,0.3187835398980036,0.43413516818518877,0.30678034810549215,kc_land,0.14641782498434866,0.18521459615302768,0.14238073342194407,45
synth2d,sparse_init,outlier,7007,0.3171865951930687,0.40424646554604576,0.3070000311947728,uniform,0.1653729454353177,0.3006351105369483,0.1495464033583606,24
synth2d,sparse_init,outlier,7007,0.3171865951930687,0.40424646554604576,0.3070000311947728,hyb_ws,0.13965300679901574,0.24467774732600858,0.12736443760582666,44
synth2d,sparse_init,outlier,7007,0.3171865951930687,0.40424646554604576,0.3070000311947728,hyb_randreg,0.14077633254199282,0.24982002773990034,0.1280175198394172,48
synth2d,sparse_init,outlier,7007,0.3171865951930687,0.40424646554604576,0.3070000311947728,kc_half,0.15400807400568714,0.2447937003447215,0.14338557262728574,45
synth2d,sparse_init,outlier,7007,0.3171865951930687,0.40424646554604576,0.3070000311947728,kc_land,0.1273947187970651,0.23463252475804955,0.11484720673405129,38
synth2d,sparse_init,outlier,7008,0.3131023858837627,0.2689774748488725,0.3176536039552048,uniform,0.18739551324535436,0.14882490258679618,0.19137383877935896,22
synth2d,sparse_init,outlier,7008,0.3131023858837627,0.2689774748488725,0.3176536039552048,hyb_ws,0.1574112787782971,0.13845740021447267,0.15936625687616537,32
synth2d,sparse_init,outlier,7008,0.3131023858837627,0.2689774748488725,0.3176536039552048,hyb_randreg,0.1638745482766469,0.14177352307026703,0.16615413554283173,26
synth2d,sparse_init,outlier,7008,0.3131023858837627,0.2689774748488725,0.3176536039552048,kc_half,0.17798017893075008,0.13082360558714945,0.1828440946589648,33
synth2d,sparse_init,outlier,7008,0.3131023858837627,0.2689774748488725,0.3176536039552048,kc_land,0.1354810726677643,0.1309929113834051,0.13594399939703905,29
synth2d,sparse_init,outlier,7009,0.3091730086445158,0.48474992475826967,0.2880801783412953,uniform,0.1774644067581175,0.2789001932120339,0.1652784777777954,24
synth2d,sparse_init,outlier,7009,0.3091730086445158,0.48474992475826967,0.2880801783412953,hyb_ws,0.16242435552235862,0.19111028943708117,0.1589781876003715,38
synth2d,sparse_init,outlier,7009,0.3091730086445158,0.48474992475826967,0.2880801783412953,hyb_randreg,0.17993784294121015,0.2623003084253539,0.17004327623925058,27
synth2d,sparse_init,outlier,7009,0.3091730086445158,0.48474992475826967,0.2880801783412953,kc_half,0.18641589126291727,0.2529967926141684,0.1784172335536799,37
synth2d,sparse_init,outlier,7009,0.3091730086445158,0.48474992475826967,0.2880801783412953,kc_land,0.13939179821017877,0.12867727095096348,0.14067898168657283,58
synth2d,sparse_all,clean,7000,0.17461438853484276,0.6209772573632624,0.12871051478987433,uniform,0.08665989509931034,0.36515864078631016,0.058019136306575035,11
synth2d,sparse_all,clean,7000,0.17461438853484276,0.6209772573632624,0.12871051478987433,hyb_ws,0.08982440868299668,0.31955720308750474,0.06619873117737729,19
synth2d,sparse_all,clean,7000,0.17461438853484276,0.6209772573632624,0.12871051478987433,hyb_randreg,0.0835612008905386,0.32473608200712034,0.05875882133264366,18
synth2d,sparse_all,clean,7000,0.17461438853484276,0.6209772573632624,0.12871051478987433,kc_half,0.08390408834652428,0.3047664806252008,0.06119064133247788,16
synth2d,sparse_all,clean,7000,0.17461438853484276,0.6209772573632624,0.12871051478987433,kc_land,0.07782055130366072,0.2376628840840871,0.06138239576820467,33
synth2d,sparse_all,clean,7001,0.2925508159223006,0.6501445909490563,0.2543573468685298,uniform,0.10790926891113245,0.35196551971891915,0.08184238656143523,7
synth2d,sparse_all,clean,7001,0.2925508159223006,0.6501445909490563,0.2543573468685298,hyb_ws,0.09887192240933551,0.2706565898211701,0.08052414110856956,17
synth2d,sparse_all,clean,7001,0.2925508159223006,0.6501445909490563,0.2543573468685298,hyb_randreg,0.10126229781061173,0.2808164907307431,0.08208467786950192,14
synth2d,sparse_all,clean,7001,0.2925508159223006,0.6501445909490563,0.2543573468685298,kc_half,0.10493573048101486,0.2774652170222759,0.08650839738612644,16
synth2d,sparse_all,clean,7001,0.2925508159223006,0.6501445909490563,0.2543573468685298,kc_land,0.09628144928719608,0.24842279754900295,0.08003170926808778,20
synth2d,sparse_all,clean,7002,0.2134229825116239,0.26112353386026643,0.20813763955463743,uniform,0.10918739754507666,0.2306663527175303,0.09572721895196112,11
synth2d,sparse_all,clean,7002,0.2134229825116239,0.26112353386026643,0.20813763955463743,hyb_ws,0.10759266479597542,0.22433340555540404,0.0946574924652306,19
synth2d,sparse_all,clean,7002,0.2134229825116239,0.26112353386026643,0.20813763955463743,hyb_randreg,0.09854868699874203,0.17962710623946745,0.08956499100400461,19
synth2d,sparse_all,clean,7002,0.2134229825116239,0.26112353386026643,0.20813763955463743,kc_half,0.10699123092001844,0.21214602087966472,0.09533981153820814,21
synth2d,sparse_all,clean,7002,0.2134229825116239,0.26112353386026643,0.20813763955463743,kc_land,0.08817265081273291,0.20092957456870694,0.07567889558400932,17
synth2d,sparse_all,clean,7003,0.2818790618204074,0.502787039663345,0.2585548916888424,uniform,0.11713950919070314,0.24505449695481615,0.10363383607685814,11
synth2d,sparse_all,clean,7003,0.2818790618204074,0.502787039663345,0.2585548916888424,hyb_ws,0.11548795851766125,0.22227086236007093,0.10421347834413984,15
synth2d,sparse_all,clean,7003,0.2818790618204074,0.502787039663345,0.2585548916888424,hyb_randreg,0.11395906396124461,0.21421533897687403,0.10337368611271767,15
synth2d,sparse_all,clean,7003,0.2818790618204074,0.502787039663345,0.2585548916888424,kc_half,0.11247843218798621,0.21151103185713563,0.1020222538923491,14
synth2d,sparse_all,clean,7003,0.2818790618204074,0.502787039663345,0.2585548916888424,kc_land,0.10401628756919741,0.18973519170635303,0.09496581178688857,21
synth2d,sparse_all,clean,7004,0.12401615370646418,0.1387976431763266,0.12237376598759059,uniform,0.06868894859394037,0.09467649807331263,0.06580144309623234,10
synth2d,sparse_all,clean,7004,0.12401615370646418,0.1387976431763266,0.12237376598759059,hyb_ws,0.06506307591779122,0.09455709005132949,0.061785963236286955,16
synth2d,sparse_all,clean,7004,0.12401615370646418,0.1387976431763266,0.12237376598759059,hyb_randreg,0.06417860350993128,0.09343497761150016,0.06092789527642362,17
synth2d,sparse_all,clean,7004,0.12401615370646418,0.1387976431763266,0.12237376598759059,kc_half,0.06679142644051081,0.08916007248659334,0.06430602132427941,15
synth2d,sparse_all,clean,7004,0.12401615370646418,0.1387976431763266,0.12237376598759059,kc_land,0.06686286821968349,0.10125176650609503,0.06304187952119332,12
synth2d,sparse_all,clean,7005,0.18938471537884272,0.316013558591006,0.1747261463598615,uniform,0.10257078355722433,0.19409702308335702,0.09197569585754647,9
synth2d,sparse_all,clean,7005,0.18938471537884272,0.316013558591006,0.1747261463598615,hyb_ws,0.08079728937748161,0.11406891695073666,0.07694576205728611,19
synth2d,sparse_all,clean,7005,0.18938471537884272,0.316013558591006,0.1747261463598615,hyb_randreg,0.09544367891989788,0.1480932815905501,0.08934895504031053,15
synth2d,sparse_all,clean,7005,0.18938471537884272,0.316013558591006,0.1747261463598615,kc_half,0.09195983279063824,0.1434801997765356,0.08599582935991372,14
synth2d,sparse_all,clean,7005,0.18938471537884272,0.316013558591006,0.1747261463598615,kc_land,0.0918532825775126,0.12397444609223342,0.08813493310509724,21
synth2d,sparse_all,clean,7006,0.23902199694682214,0.255570225606441,0.23730003111610828,uniform,0.0906488809837349,0.15711272770312137,0.08373282516998698,9
synth2d,sparse_all,clean,7006,0.23902199694682214,0.255570225606441,0.23730003111610828,hyb_ws,0.08774917409526059,0.1561428461971642,0.08063230564855409,17
synth2d,sparse_all,clean,7006,0.23902199694682214,0.255570225606441,0.23730003111610828,hyb_randreg,0.08179552782161872,0.14236866551630756,0.07549244393784899,16
synth2d,sparse_all,clean,7006,0.23902199694682214,0.255570225606441,0.23730003111610828,kc_half,0.0901634802137166,0.14325039408105758,0.0846393933994777,17
synth2d,sparse_all,clean,7006,0.23902199694682214,0.255570225606441,0.23730003111610828,kc_land,0.07757797329138691,0.13136198152852344,0.0719813486418146,16
synth2d,sparse_all,clean,7007,0.1129335743552539,0.2939608118710476,0.09175222486653077,uniform,0.062371017983351096,0.15673772268151884,0.051329507436427814,10
synth2d,sparse_all,clean,7007,0.1129335743552539,0.2939608118710476,0.09175222486653077,hyb_ws,0.06297521528639811,0.1766043844850934,0.049679872674207856,16
synth2d,sparse_all,clean,7007,0.1129335743552539,0.2939608118710476,0.09175222486653077,hyb_randreg,0.061704486713987775,0.15984263640879842,0.05022169287926964,14
synth2d,sparse_all,clean,7007,0.1129335743552539,0.2939608118710476,0.09175222486653077,kc_half,0.06276662982816414,0.15950301711346465,0.05144785119857998,15
synth2d,sparse_all,clean,7007,0.1129335743552539,0.2939608118710476,0.09175222486653077,kc_land,0.06174767553828331,0.15419246656751762,0.05093104123466723,27
synth2d,sparse_all,clean,7008,0.1903576807191238,0.23218318332504204,0.1860436327393628,uniform,0.07588205300898462,0.1336227252077901,0.06992645140877689,10
synth2d,sparse_all,clean,7008,0.1903576807191238,0.23218318332504204,0.1860436327393628,hyb_ws,0.08043376240382748,0.14485069588873326,0.07378954477466178,13
synth2d,sparse_all,clean,7008,0.1903576807191238,0.23218318332504204,0.1860436327393628,hyb_randreg,0.07267560676799804,0.13475963578482425,0.0662720141446409,12
synth2d,sparse_all,clean,7008,0.1903576807191238,0.23218318332504204,0.1860436327393628,kc_half,0.07765441069772483,0.1458105680932532,0.07062451470601837,12
synth2d,sparse_all,clean,7008,0.1903576807191238,0.23218318332504204,0.1860436327393628,kc_land,0.07560555261268069,0.13092956763470334,0.06989921460434191,16
synth2d,sparse_all,clean,7009,0.1702965142748937,0.48881256700819875,0.1320317742517663,uniform,0.08004526659178482,0.1843988196350714,0.06750881342584532,10
synth2d,sparse_all,clean,7009,0.1702965142748937,0.48881256700819875,0.1320317742517663,hyb_ws,0.07111572088696129,0.1413345563318429,0.06268002208946641,18
synth2d,sparse_all,clean,7009,0.1702965142748937,0.48881256700819875,0.1320317742517663,hyb_randreg,0.07553059213699684,0.14342506139218839,0.06737412971457254,20
synth2d,sparse_all,clean,7009,0.1702965142748937,0.48881256700819875,0.1320317742517663,kc_half,0.07832061688256252,0.14640817426917851,0.07014095793020793,14
synth2d,sparse_all,clean,7009,0.1702965142748937,0.48881256700819875,0.1320317742517663,kc_land,0.06892859387489357,0.12667616307562798,0.061991123366040284,27
synth2d,sparse_all,outlier,7000,0.2682848722624748,0.6007039148382286,0.2340989602468266,uniform,0.15896574722575044,0.5576063214715993,0.11796962530854573,11
synth2d,sparse_all,outlier,7000,0.2682848722624748,0.6007039148382286,0.2340989602468266,hyb_ws,0.15946543271838043,0.5460208009376198,0.11971215112318433,15
synth2d,sparse_all,outlier,7000,0.2682848722624748,0.6007039148382286,0.2340989602468266,hyb_randreg,0.16740058969673186,0.5497391826322303,0.12808096048114295,14
synth2d,sparse_all,outlier,7000,0.2682848722624748,0.6007039148382286,0.2340989602468266,kc_half,0.16910503631017418,0.5421146620503697,0.13074479633192962,15
synth2d,sparse_all,outlier,7000,0.2682848722624748,0.6007039148382286,0.2340989602468266,kc_land,0.14403992117015246,0.498451002280051,0.10759235203478103,24
synth2d,sparse_all,outlier,7001,0.32380841939263033,0.786106043509436,0.27443186075702247,uniform,0.19436040977665398,0.5177150837143245,0.15982391167484405,8
synth2d,sparse_all,outlier,7001,0.32380841939263033,0.786106043509436,0.27443186075702247,hyb_ws,0.1761045381620399,0.394096520607778,0.15282149853169816,17
synth2d,sparse_all,outlier,7001,0.32380841939263033,0.786106043509436,0.27443186075702247,hyb_randreg,0.17857280464564848,0.3531270149514789,0.15992921715863948,16
synth2d,sparse_all,outlier,7001,0.32380841939263033,0.786106043509436,0.27443186075702247,kc_half,0.19556521341523853,0.41605686143369114,0.17201519234851945,20
synth2d,sparse_all,outlier,7001,0.32380841939263033,0.786106043509436,0.27443186075702247,kc_land,0.1454417524502104,0.2719151571708663,0.13193352493992452,26
synth2d,sparse_all,outlier,7002,0.32907730868424506,0.5256212094663225,0.3072997423382165,uniform,0.17651296909837083,0.25848502112673283,0.16743025630766922,10
synth2d,sparse_all,outlier,7002,0.32907730868424506,0.5256212094663225,0.3072997423382165,hyb_ws,0.16189760256754265,0.2859930031328028,0.14814751514028945,17
synth2d,sparse_all,outlier,7002,0.32907730868424506,0.5256212094663225,0.3072997423382165,hyb_randreg,0.15492601571858666,0.2629426814979692,0.14295749318429798,19
synth2d,sparse_all,outlier,7002,0.32907730868424506,0.5256212094663225,0.3072997423382165,kc_half,0.17670711583622264,0.2942427270366558,0.16368386982984306,17
synth2d,sparse_all,outlier,7002,0.32907730868424506,0.5256212094663225,0.3072997423382165,kc_land,0.15040862576337463,0.33272894782487605,0.13020706827863732,15
synth2d,sparse_all,outlier,7003,0.4105764258417953,0.6160610293142559,0.3888807048560353,uniform,0.20993496629103098,0.3633588907781244,0.1937359781334661,12
synth2d,sparse_all,outlier,7003,0.4105764258417953,0.6160610293142559,0.3888807048560353,hyb_ws,0.1813762539458204,0.2902303166228554,0.16988309420490627,24
synth2d,sparse_all,outlier,7003,0.4105764258417953,0.6160610293142559,0.3888807048560353,hyb_randreg,0.18834430132869556,0.329321486160301,0.173459479712976,20
synth2d,sparse_all,outlier,7003,0.4105764258417953,0.6160610293142559,0.3888807048560353,kc_half,0.18376143819837898,0.3200076052530873,0.16937613255578682,23
synth2d,sparse_all,outlier,7003,0.4105764258417953,0.6160610293142559,0.3888807048560353,kc_land,0.17088193768490575,0.2511856956624027,0.162403210336259,27
synth2d,sparse_all,outlier,7004,0.2851025363477556,0.31738192128856324,0.2815159380209993,uniform,0.1703845027818342,0.26616729235432296,0.15974197060711323,12
synth2d,sparse_all,outlier,7004,0.2851025363477556,0.31738192128856324,0.2815159380209993,hyb_ws,0.14265375895094107,0.15221943534507673,0.1415909060182593,23
synth2d,sparse_all,outlier,7004,0.2851025363477556,0.31738192128856324,0.2815159380209993,hyb_randreg,0.1593042797457503,0.2209451153782893,0.1524552980088015,24
synth2d,sparse_all,outlier,7004,0.2851025363477556,0.31738192128856324,0.2815159380209993,kc_half,0.16415306176778124,0.19525370655079133,0.16069743456966906,26
synth2d,sparse_all,outlier,7004,0.2851025363477556,0.31738192128856324,0.2815159380209993,kc_land,0.1254076033477232,0.10746136078084147,0.12740163029959894,24
synth2d,sparse_all,outlier,7005,0.4508550997347311,0.8759959948405035,0.4016407422817616,uniform,0.23762982395565024,0.29802539283616414,0.23063842616334532,10
synth2d,sparse_all,outlier,7005,0.4508550997347311,0.8759959948405035,0.4016407422817616,hyb_ws,0.21786036087842212,0.18154612720190863,0.22206410062061266,20
synth2d,sparse_all,outlier,7005,0.4508550997347311,0.8759959948405035,0.4016407422817616,hyb_randreg,0.2367402961789462,0.23277351528518844,0.2371994911778052,18
synth2d,sparse_all,outlier,7005,0.4508550997347311,0.8759959948405035,0.4016407422817616,kc_half,0.22690815146137858,0.21344495994479434,0.22846665201350758,16
synth2d,sparse_all,outlier,7005,0.4508550997347311,0.8759959948405035,0.4016407422817616,kc_land,0.2001767160891929,0.18194013488112062,0.20228778476460432,19
synth2d,sparse_all,outlier,7006,0.2757046987735388,0.34145926539958704,0.2688624488099671,uniform,0.16832738385229576,0.17065097287501563,0.16808559719439747,10
synth2d,sparse_all,outlier,7006,0.2757046987735388,0.34145926539958704,0.2688624488099671,hyb_ws,0.15295825086821332,0.1507475447526516,0.1531882912230482,17
synth2d,sparse_all,outlier,7006,0.2757046987735388,0.34145926539958704,0.2688624488099671,hyb_randreg,0.1590206595175195,0.16108074052735008,0.15880629282121642,15
synth2d,sparse_all,outlier,7006,0.2757046987735388,0.34145926539958704,0.2688624488099671,kc_half,0.15219234971800444,0.16579401604947225,0.15077699553446502,16
synth2d,sparse_all,outlier,7006,0.2757046987735388,0.34145926539958704,0.2688624488099671,kc_land,0.1490210698962017,0.16809387954864316,0.14703640270355184,15
synth2d,sparse_all,outlier,7007,0.37779424705953013,0.3750759420147829,0.3781123062088596,uniform,0.15770608686066562,0.20618358301385206,0.15203390845011402,10
synth2d,sparse_all,outlier,7007,0.37779424705953013,0.3750759420147829,0.3781123062088596,hyb_ws,0.1418983270202583,0.31007994720460436,0.12221999726397766,12
synth2d,sparse_all,outlier,7007,0.37779424705953013,0.3750759420147829,0.3781123062088596,hyb_randreg,0.14597403243344717,0.20272278272687091,0.13933406416398486,11
synth2d,sparse_all,outlier,7007,0.37779424705953013,0.3750759420147829,0.3781123062088596,kc_half,0.14861369669125635,0.1862827352905991,0.14420617723492438,14
synth2d,sparse_all,outlier,7007,0.37779424705953013,0.3750759420147829,0.3781123062088596,kc_land,0.13466611705955744,0.3244079368262429,0.112465105475575,11
synth2d,sparse_all,outlier,7008,0.21365559737179576,0.2775921104969125,0.20706093220114113,uniform,0.12428768617412086,0.18663625727248592,0.1178568076328113,7
synth2d,sparse_all,outlier,7008,0.21365559737179576,0.2775921104969125,0.20706093220114113,hyb_ws,0.1080493278063241,0.15552868840820583,0.10315211852196013,15
synth2d,sparse_all,outlier,7008,0.21365559737179576,0.2775921104969125,0.20706093220114113,hyb_randreg,0.11833738597879838,0.1684916958078788,0.11316427183757496,13
synth2d,sparse_all,outlier,7008,0.21365559737179576,0.2775921104969125,0.20706093220114113,kc_half,0.12141631441067463,0.17770763684384272,0.11561020448513551,14
synth2d,sparse_all,outlier,7008,0.21365559737179576,0.2775921104969125,0.20706093220114113,kc_land,0.10606952595479612,0.17610385905631643,0.09884590748265917,14
synth2d,sparse_all,outlier,7009,0.2675181515956551,0.4464698727768583,0.24601989105610428,uniform,0.17588264639057957,0.23748073832822966,0.16848259558093184,8
synth2d,sparse_all,outlier,7009,0.2675181515956551,0.4464698727768583,0.24601989105610428,hyb_ws,0.15627366859405853,0.24149758140118285,0.14603534358866613,14
synth2d,sparse_all,outlier,7009,0.2675181515956551,0.4464698727768583,0.24601989105610428,hyb_randreg,0.17798914249306005,0.2668655110826613,0.16731203184479937,17
synth2d,sparse_all,outlier,7009,0.2675181515956551,0.4464698727768583,0.24601989105610428,kc_half,0.16270193195717786,0.24151102538730065,0.15323424753222054,11
synth2d,sparse_all,outlier,7009,0.2675181515956551,0.4464698727768583,0.24601989105610428,kc_land,0.1612212521693159,0.27696018220812696,0.14731702338559985,17
synth2d,hard,clean,7000,0.29702305344996816,0.4991129583972165,0.27624016551356795,uniform,0.12905256421079406,0.3585172194363827,0.10545446208806328,18
synth2d,hard,clean,7000,0.29702305344996816,0.4991129583972165,0.27624016551356795,hyb_ws,0.11451053963715603,0.35348616321469406,0.08993433131225345,22
synth2d,hard,clean,7000,0.29702305344996816,0.4991129583972165,0.27624016551356795,hyb_randreg,0.1188707927317523,0.37433873225517994,0.09259851772699947,11
synth2d,hard,clean,7000,0.29702305344996816,0.4991129583972165,0.27624016551356795,kc_half,0.11993189777995346,0.36185535587906953,0.09505253470551994,19
synth2d,hard,clean,7000,0.29702305344996816,0.4991129583972165,0.27624016551356795,kc_land,0.11507212791100915,0.3725755764858648,0.08859052153703036,43
synth2d,hard,clean,7001,0.23857707313233964,0.5043587138644015,0.21018977005470385,uniform,0.11536160946457306,0.40828160802137403,0.08407574354234695,21
synth2d,hard,clean,7001,0.23857707313233964,0.5043587138644015,0.21018977005470385,hyb_ws,0.1091557226864155,0.3935412807631436,0.07878139357252034,33
synth2d,hard,clean,7001,0.23857707313233964,0.5043587138644015,0.21018977005470385,hyb_randreg,0.10707048874600164,0.374512389599696,0.07850585849433421,35
synth2d,hard,clean,7001,0.23857707313233964,0.5043587138644015,0.21018977005470385,kc_half,0.1109314842159734,0.38742267054474233,0.0814003281775382,23
synth2d,hard,clean,7001,0.23857707313233964,0.5043587138644015,0.21018977005470385,kc_land,0.103750165116269,0.3656959844846766,0.07577255408245458,51
synth2d,hard,clean,7002,0.28584096631243444,0.44165677062420045,0.26857617710932563,uniform,0.12427869252319707,0.41683262007262334,0.0918629699205253,21
synth2d,hard,clean,7002,0.28584096631243444,0.44165677062420045,0.26857617710932563,hyb_ws,0.11801638699920029,0.41390660258489115,0.08523099515840867,25
synth2d,hard,clean,7002,0.28584096631243444,0.44165677062420045,0.26857617710932563,hyb_randreg,0.13074740543079752,0.42952938071801827,0.09764159922707602,11
synth2d,hard,clean,7002,0.28584096631243444,0.44165677062420045,0.26857617710932563,kc_half,0.12629188177381045,0.4239911626257699,0.09330604087963333,20
synth2d,hard,clean,7002,0.28584096631243444,0.44165677062420045,0.26857617710932563,kc_land,0.12013666949215755,0.4241292511805872,0.08645351478688584,39
synth2d,hard,clean,7003,0.18986550603313782,0.4496971363023963,0.16243165231206075,uniform,0.11239020500454908,0.3807926016040969,0.08405142238956088,21
synth2d,hard,clean,7003,0.18986550603313782,0.4496971363023963,0.16243165231206075,hyb_ws,0.10880880045835599,0.3824964544111723,0.07991198348489666,31
synth2d,hard,clean,7003,0.18986550603313782,0.4496971363023963,0.16243165231206075,hyb_randreg,0.10954470005756577,0.39214916426063645,0.07970641776746819,15
synth2d,hard,clean,7003,0.18986550603313782,0.4496971363023963,0.16243165231206075,kc_half,0.10625235043921276,0.39122201657016326,0.07616434257242917,20
synth2d,hard,clean,7003,0.18986550603313782,0.4496971363023963,0.16243165231206075,kc_land,0.10631152444012329,0.374714371177999,0.0779726942980922,61
synth2d,hard,clean,7004,0.2529985471018311,0.43718973147699686,0.23253285994903494,uniform,0.1398465729506122,0.39344592364126085,0.11166886731831789,19
synth2d,hard,clean,7004,0.2529985471018311,0.43718973147699686,0.23253285994903494,hyb_ws,0.12580403470177423,0.3713481420958678,0.09852135610243051,26
synth2d,hard,clean,7004,0.2529985471018311,0.43718973147699686,0.23253285994903494,hyb_randreg,0.12780504164293802,0.39031949321590637,0.09863676924594156,8
synth2d,hard,clean,7004,0.2529985471018311,0.43718973147699686,0.23253285994903494,kc_half,0.13253982626966332,0.3807019355740329,0.10496625856917778,17
synth2d,hard,clean,7004,0.2529985471018311,0.43718973147699686,0.23253285994903494,kc_land,0.12008024159260981,0.38131162713367817,0.09105453208804666,25
synth2d,hard,clean,7005,0.374709238273422,0.5917562773985994,0.34958384880704857,uniform,0.16377807279031192,0.38371772694146855,0.13831783388578475,22
synth2d,hard,clean,7005,0.374709238273422,0.5917562773985994,0.34958384880704857,hyb_ws,0.15859911071315172,0.36839935910752236,0.13431261055034452,24
synth2d,hard,clean,7005,0.374709238273422,0.5917562773985994,0.34958384880704857,hyb_randreg,0.16474508978147476,0.3502798991076837,0.14326755955263884,39
synth2d,hard,clean,7005,0.374709238273422,0.5917562773985994,0.34958384880704857,kc_half,0.16535599454556263,0.3672960461653636,0.14197939163838902,20
synth2d,hard,clean,7005,0.374709238273422,0.5917562773985994,0.34958384880704857,kc_land,0.15799819707308127,0.34578845019755206,0.1362595764185051,43
synth2d,hard,clean,7006,0.2155904469796883,0.4821623138957572,0.1878516686668652,uniform,0.11951558698356757,0.45909753224964184,0.08417956894180384,18
synth2d,hard,clean,7006,0.2155904469796883,0.4821623138957572,0.1878516686668652,hyb_ws,0.1094093872794517,0.4353486339887222,0.07549299312836281,43
synth2d,hard,clean,7006,0.2155904469796883,0.4821623138957572,0.1878516686668652,hyb_randreg,0.11230237544199909,0.43534844691941865,0.07868703761506363,21
synth2d,hard,clean,7006,0.2155904469796883,0.4821623138957572,0.1878516686668652,kc_half,0.11260750686060447,0.4440553441112195,0.07811790303960481,21
synth2d,hard,clean,7006,0.2155904469796883,0.4821623138957572,0.1878516686668652,kc_land,0.10822264624875788,0.43246718748498936,0.07448259876157619,53
synth2d,hard,clean,7007,0.25543979482060203,0.47819893725006457,0.22937554442184613,uniform,0.12398052275693942,0.4182537702273844,0.08954866274852935,24
synth2d,hard,clean,7007,0.25543979482060203,0.47819893725006457,0.22937554442184613,hyb_ws,0.11547582926735052,0.4116362611090278,0.08082315656652313,29
synth2d,hard,clean,7007,0.25543979482060203,0.47819893725006457,0.22937554442184613,hyb_randreg,0.10906279800112083,0.4165114776907415,0.07308932780007334,10
synth2d,hard,clean,7007,0.25543979482060203,0.47819893725006457,0.22937554442184613,kc_half,0.1078968528191185,0.42119063136354407,0.0712394685102343,15
synth2d,hard,clean,7007,0.25543979482060203,0.47819893725006457,0.22937554442184613,kc_land,0.11822753715255749,0.4131715648550633,0.0837171915487178,49
synth2d,hard,clean,7008,0.3465782413934418,0.47702283839244675,0.3331236690609466,uniform,0.17076160189513592,0.40993787102351315,0.14609201429060942,16
synth2d,hard,clean,7008,0.3465782413934418,0.47702283839244675,0.3331236690609466,hyb_ws,0.14140122229278373,0.4107072526533489,0.11362393179227316,20
synth2d,hard,clean,7008,0.3465782413934418,0.47702283839244675,0.3331236690609466,hyb_randreg,0.1663120504594317,0.40909657697156415,0.14127029289861054,21
synth2d,hard,clean,7008,0.3465782413934418,0.47702283839244675,0.3331236690609466,kc_half,0.15117250492178902,0.41524408400038265,0.12393511645642938,16
synth2d,hard,clean,7008,0.3465782413934418,0.47702283839244675,0.3331236690609466,kc_land,0.13253602028810235,0.4177114007365398,0.10312190217235065,30
synth2d,hard,clean,7009,0.20924713756111332,0.43586502197594107,0.1820225303323368,uniform,0.11669632978647075,0.38576433836557594,0.08437200167657545,21
synth2d,hard,clean,7009,0.20924713756111332,0.43586502197594107,0.1820225303323368,hyb_ws,0.10448566298954058,0.37884174327935727,0.07152605547222572,28
synth2d,hard,clean,7009,0.20924713756111332,0.43586502197594107,0.1820225303323368,hyb_randreg,0.11279475269971487,0.37154868781520517,0.0817094997832922,15
synth2d,hard,clean,7009,0.20924713756111332,0.43586502197594107,0.1820225303323368,kc_half,0.1245187784813128,0.3873251878130909,0.0929466839410348,15
synth2d,hard,clean,7009,0.20924713756111332,0.43586502197594107,0.1820225303323368,kc_land,0.10500012377071784,0.3664007253619627,0.07359691512253971,46
synth2d,hard,outlier,7000,0.33147200105179886,0.5118931906253821,0.3129175197419156,uniform,0.16783367303421143,0.38104491249290773,0.14590706914171245,18
synth2d,hard,outlier,7000,0.33147200105179886,0.5118931906253821,0.3129175197419156,hyb_ws,0.17912541435750884,0.3895706858204302,0.1574832620951241,28
synth2d,hard,outlier,7000,0.33147200105179886,0.5118931906253821,0.3129175197419156,hyb_randreg,0.16943265751320774,0.39863612077084815,0.14586141632349175,17
synth2d,hard,outlier,7000,0.33147200105179886,0.5118931906253821,0.3129175197419156,kc_half,0.18417762053424025,0.41017561763651444,0.16093602888297245,24
synth2d,hard,outlier,7000,0.33147200105179886,0.5118931906253821,0.3129175197419156,kc_land,0.15863373485446688,0.36921978392834126,0.13697710504896507,33
synth2d,hard,outlier,7001,0.28868212853397446,0.4849575396648745,0.2677185677435684,uniform,0.1480962247093289,0.3846371809106524,0.12283202739507576,20
synth2d,hard,outlier,7001,0.28868212853397446,0.4849575396648745,0.2677185677435684,hyb_ws,0.15242255671039154,0.3971052020183436,0.12628877112963074,18
synth2d,hard,outlier,7001,0.28868212853397446,0.4849575396648745,0.2677185677435684,hyb_randreg,0.15229098438808022,0.4025494120891525,0.12556166698558607,11
synth2d,hard,outlier,7001,0.28868212853397446,0.4849575396648745,0.2677185677435684,kc_half,0.16596669071322215,0.402663245742438,0.1406858743763994,13
synth2d,hard,outlier,7001,0.28868212853397446,0.4849575396648745,0.2677185677435684,kc_land,0.14624759920075864,0.3903240937249194,0.12017855468323621,28
synth2d,hard,outlier,7002,0.34842526856829126,0.5360611379249014,0.3276347348628518,uniform,0.21345613732512067,0.4446382558620667,0.18784056795654486,20
synth2d,hard,outlier,7002,0.34842526856829126,0.5360611379249014,0.3276347348628518,hyb_ws,0.20936192344968202,0.46417057278519347,0.1811284741064804,31
synth2d,hard,outlier,7002,0.34842526856829126,0.5360611379249014,0.3276347348628518,hyb_randreg,0.21320141156968747,0.4802345353479884,0.18361345922657663,23
synth2d,hard,outlier,7002,0.34842526856829126,0.5360611379249014,0.3276347348628518,kc_half,0.20976744111560452,0.46280358732723786,0.18173038964700086,27
synth2d,hard,outlier,7002,0.34842526856829126,0.5360611379249014,0.3276347348628518,kc_land,0.17941629158858302,0.4788248310702883,0.1462410604713377,44
synth2d,hard,outlier,7003,0.31923734594164854,0.5765092974734456,0.2920737512801929,uniform,0.1824806630472609,0.4477425422219353,0.15447346629636938,22
synth2d,hard,outlier,7003,0.31923734594164854,0.5765092974734456,0.2920737512801929,hyb_ws,0.18337769709569954,0.44614381995308927,0.15563401027106638,16
synth2d,hard,outlier,7003,0.31923734594164854,0.5765092974734456,0.2920737512801929,hyb_randreg,0.1733121930027355,0.4559097119195386,0.14347464401815319,9
synth2d,hard,outlier,7003,0.31923734594164854,0.5765092974734456,0.2920737512801929,kc_half,0.1908301284789087,0.46338928230321497,0.1620524621547282,14
synth2d,hard,outlier,7003,0.31923734594164854,0.5765092974734456,0.2920737512801929,kc_land,0.17293622930423824,0.4238762002250056,0.14644118538723078,33
synth2d,hard,outlier,7004,0.35652385232832773,0.4776051330661096,0.34307037669079643,uniform,0.2302908116626967,0.44797587991111615,0.20610358185731675,21
synth2d,hard,outlier,7004,0.35652385232832773,0.4776051330661096,0.34307037669079643,hyb_ws,0.2099977214601142,0.41636939505116444,0.18706753550555308,21
synth2d,hard,outlier,7004,0.35652385232832773,0.4776051330661096,0.34307037669079643,hyb_randreg,0.21800069036531078,0.4075620552916818,0.1969383164846029,33
synth2d,hard,outlier,7004,0.35652385232832773,0.4776051330661096,0.34307037669079643,kc_half,0.2176361776133637,0.43278188898129355,0.1937310985724826,18
synth2d,hard,outlier,7004,0.35652385232832773,0.4776051330661096,0.34307037669079643,kc_land,0.20149830326019197,0.42786548044732053,0.17634639468384433,18
synth2d,hard,outlier,7005,0.3175342408752795,0.5733463054239882,0.28792140774063113,uniform,0.1967384847840727,0.39072133428065564,0.17428300848251566,19
synth2d,hard,outlier,7005,0.3175342408752795,0.5733463054239882,0.28792140774063113,hyb_ws,0.17242572687949453,0.3663571478381695,0.14997620395122394,28
synth2d,hard,outlier,7005,0.3175342408752795,0.5733463054239882,0.28792140774063113,hyb_randreg,0.18131022935671073,0.34491304848539267,0.16237154876022455,29
synth2d,hard,outlier,7005,0.3175342408752795,0.5733463054239882,0.28792140774063113,kc_half,0.18240771395892752,0.3797322652015512,0.15956540189039506,13
synth2d,hard,outlier,7005,0.3175342408752795,0.5733463054239882,0.28792140774063113,kc_land,0.16159143360595432,0.3518559712144013,0.1395663895034423,35
synth2d,hard,outlier,7006,0.3753596457174525,0.5725907962775479,0.354836282824503,uniform,0.2543141402916085,0.5201701179329872,0.22664985556326192,20
synth2d,hard,outlier,7006,0.3753596457174525,0.5725907962775479,0.354836282824503,hyb_ws,0.24234109526499306,0.4878001575382699,0.21679926074193884,27
synth2d,hard,outlier,7006,0.3753596457174525,0.5725907962775479,0.354836282824503,hyb_randreg,0.26543958966007736,0.4978406269263819,0.24125653941183092,32
synth2d,hard,outlier,7006,0.3753596457174525,0.5725907962775479,0.354836282824503,kc_half,0.24932243153526032,0.5243835250440464,0.22070028628193095,21
synth2d,hard,outlier,7006,0.3753596457174525,0.5725907962775479,0.354836282824503,kc_land,0.22162586091144862,0.4951680328328554,0.1931617707059917,30
synth2d,hard,outlier,7007,0.3377181349520413,0.518154495657367,0.3166059218452188,uniform,0.20154547854697194,0.44269755451938475,0.1733291367897977,19
synth2d,hard,outlier,7007,0.3377181349520413,0.518154495657367,0.3166059218452188,hyb_ws,0.1860321193560603,0.44634339430864345,0.15557402826275327,32
synth2d,hard,outlier,7007,0.3377181349520413,0.518154495657367,0.3166059218452188,hyb_randreg,0.19163867498564313,0.4834366868508393,0.15749643344095807,17
synth2d,hard,outlier,7007,0.3377181349520413,0.518154495657367,0.3166059218452188,kc_half,0.19094877718452244,0.44745838221359746,0.16093550588958183,27
synth2d,hard,outlier,7007,0.3377181349520413,0.518154495657367,0.3166059218452188,kc_land,0.17735066495201737,0.4495287846077366,0.1455040768102284,36
synth2d,hard,outlier,7008,0.3255125513788366,0.4635107814833077,0.3112788674132899,uniform,0.24423366967890564,0.4281230915214334,0.22526658645521414,22
synth2d,hard,outlier,7008,0.3255125513788366,0.4635107814833077,0.3112788674132899,hyb_ws,0.20005151419456338,0.4075478064046359,0.17864952487118582,29
synth2d,hard,outlier,7008,0.3255125513788366,0.4635107814833077,0.3112788674132899,hyb_randreg,0.22508976640015954,0.4200305208359056,0.20498280496635674,25
synth2d,hard,outlier,7008,0.3255125513788366,0.4635107814833077,0.3112788674132899,kc_half,0.22216558042316423,0.4086594031927736,0.20292986897367885,21
synth2d,hard,outlier,7008,0.3255125513788366,0.4635107814833077,0.3112788674132899,kc_land,0.2084903895526681,0.41075556060215535,0.18762795878253344,35
synth2d,hard,outlier,7009,0.35206385782152005,0.580065827180885,0.32467297435605724,uniform,0.21087753566591932,0.4432368779987938,0.18296318174242357,17
synth2d,hard,outlier,7009,0.35206385782152005,0.580065827180885,0.32467297435605724,hyb_ws,0.21429898892964308,0.43676671405850037,0.18757295866353285,27
synth2d,hard,outlier,7009,0.35206385782152005,0.580065827180885,0.32467297435605724,hyb_randreg,0.22413921431182637,0.4526367755310734,0.1966887932076379,28
synth2d,hard,outlier,7009,0.35206385782152005,0.580065827180885,0.32467297435605724,kc_half,0.20987606646455775,0.44056360964889524,0.18216255315565807,17
synth2d,hard,outlier,7009,0.35206385782152005,0.580065827180885,0.32467297435605724,kc_land,0.20063538307212134,0.42156063872903493,0.17409465647542127,39
synth2d,hard_sparse,clean,7000,0.1856809511014046,0.5747344028967916,0.1456707670595851,uniform,0.11654669968952314,0.49748792160450733,0.07737077584770095,14
synth2d,hard_sparse,clean,7000,0.1856809511014046,0.5747344028967916,0.1456707670595851,hyb_ws,0.10653560285110114,0.4000752582222164,0.0763480397263628,20
synth2d,hard_sparse,clean,7000,0.1856809511014046,0.5747344028967916,0.1456707670595851,hyb_randreg,0.11997352904145996,0.41732981834049926,0.08939346399912698,19
synth2d,hard_sparse,clean,7000,0.1856809511014046,0.5747344028967916,0.1456707670595851,kc_half,0.10806756125962799,0.4161695440985807,0.0763824111082827,15
synth2d,hard_sparse,clean,7000,0.1856809511014046,0.5747344028967916,0.1456707670595851,kc_land,0.10513741364226187,0.39093494773482906,0.07574604881829507,29
synth2d,hard_sparse,clean,7001,0.16294638332135883,0.5299320367302309,0.12374979720740627,uniform,0.10577309507803108,0.4048046469038872,0.07383447332795347,9
synth2d,hard_sparse,clean,7001,0.16294638332135883,0.5299320367302309,0.12374979720740627,hyb_ws,0.11341423059486891,0.39485496160769,0.08335442921939883,17
synth2d,hard_sparse,clean,7001,0.16294638332135883,0.5299320367302309,0.12374979720740627,hyb_randreg,0.10424681002460336,0.3981803093763019,0.07285269526263445,14
synth2d,hard_sparse,clean,7001,0.16294638332135883,0.5299320367302309,0.12374979720740627,kc_half,0.1183312645225352,0.3991375145122204,0.08833923007427333,17
synth2d,hard_sparse,clean,7001,0.16294638332135883,0.5299320367302309,0.12374979720740627,kc_land,0.11408346397270364,0.3891647215608013,0.08470289799898871,28
synth2d,hard_sparse,clean,7002,0.24726595577396146,0.5761291217703313,0.21082707678686022,uniform,0.1348855992351749,0.5439882037053692,0.08955598546577546,10
synth2d,hard_sparse,clean,7002,0.24726595577396146,0.5761291217703313,0.21082707678686022,hyb_ws,0.12609746170814315,0.5222767091638321,0.08219978891313624,22
synth2d,hard_sparse,clean,7002,0.24726595577396146,0.5761291217703313,0.21082707678686022,hyb_randreg,0.13737512434293403,0.5243076208032744,0.09450201518223539,20
synth2d,hard_sparse,clean,7002,0.24726595577396146,0.5761291217703313,0.21082707678686022,kc_half,0.130889812882922,0.5207377576302228,0.08769366460350711,21
synth2d,hard_sparse,clean,7002,0.24726595577396146,0.5761291217703313,0.21082707678686022,kc_land,0.12470194659832048,0.5097278605180906,0.08204009165414156,27
synth2d,hard_sparse,clean,7003,0.2976611906528386,0.7544089278729657,0.24943630518625795,uniform,0.1436617753628085,0.5194197928179548,0.10398804328213801,10
synth2d,hard_sparse,clean,7003,0.2976611906528386,0.7544089278729657,0.24943630518625795,hyb_ws,0.1272118383092951,0.45334408699645784,0.09277775345620053,15
synth2d,hard_sparse,clean,7003,0.2976611906528386,0.7544089278729657,0.24943630518625795,hyb_randreg,0.13766532701188175,0.47121212608295165,0.10244839023876157,15
synth2d,hard_sparse,clean,7003,0.2976611906528386,0.7544089278729657,0.24943630518625795,kc_half,0.13549115735358291,0.46219757889752516,0.1009964494957095,14
synth2d,hard_sparse,clean,7003,0.2976611906528386,0.7544089278729657,0.24943630518625795,kc_land,0.1262393843721309,0.4414635919238202,0.09295700535478835,25
synth2d,hard_sparse,clean,7004,0.24527416853900655,0.4527527556859027,0.22222099218935143,uniform,0.12337011098632569,0.44121622027179624,0.08805387662127341,9
synth2d,hard_sparse,clean,7004,0.24527416853900655,0.4527527556859027,0.22222099218935143,hyb_ws,0.11546707853850283,0.42438407738296763,0.08114296755578453,15
synth2d,hard_sparse,clean,7004,0.24527416853900655,0.4527527556859027,0.22222099218935143,hyb_randreg,0.12443314486187217,0.436520533358007,0.08975676836230162,15
synth2d,hard_sparse,clean,7004,0.24527416853900655,0.4527527556859027,0.22222099218935143,kc_half,0.1185208308719389,0.42195300429291277,0.08480614493627511,14
synth2d,hard_sparse,clean,7004,0.24527416853900655,0.4527527556859027,0.22222099218935143,kc_land,0.11997590945344273,0.45384378105927153,0.08287947927501732,24
synth2d,hard_sparse,clean,7005,0.2993841153423184,0.5403393140749888,0.27149111465220455,uniform,0.1540660457467181,0.39248060988683686,0.12646714920051189,11
synth2d,hard_sparse,clean,7005,0.2993841153423184,0.5403393140749888,0.27149111465220455,hyb_ws,0.13501848418504891,0.3886646104185802,0.10565638031143232,22
synth2d,hard_sparse,clean,7005,0.2993841153423184,0.5403393140749888,0.27149111465220455,hyb_randreg,0.14423084541700043,0.3818256333046286,0.11672684626124992,17
synth2d,hard_sparse,clean,7005,0.2993841153423184,0.5403393140749888,0.27149111465220455,kc_half,0.14774813496590905,0.399462197337445,0.11860968702052904,18
synth2d,hard_sparse,clean,7005,0.2993841153423184,0.5403393140749888,0.27149111465220455,kc_land,0.13068343068845054,0.37216253831223606,0.10272978224664549,26
synth2d,hard_sparse,clean,7006,0.3141190062751191,0.5356031622148374,0.29107193843375173,uniform,0.1434966520894586,0.4726197860741104,0.10924895087162433,9
synth2d,hard_sparse,clean,7006,0.3141190062751191,0.5356031622148374,0.29107193843375173,hyb_ws,0.12660312594979473,0.4480030019164149,0.0931590869656888,16
synth2d,hard_sparse,clean,7006,0.3141190062751191,0.5356031622148374,0.29107193843375173,hyb_randreg,0.1464354776178921,0.45609612132908867,0.11421299274924152,16
synth2d,hard_sparse,clean,7006,0.3141190062751191,0.5356031622148374,0.29107193843375173,kc_half,0.14202356363092095,0.452716540764138,0.10969365681910122,17
synth2d,hard_sparse,clean,7006,0.3141190062751191,0.5356031622148374,0.29107193843375173,kc_land,0.123741383878188,0.4463310759278514,0.09017353571293182,23
synth2d,hard_sparse,clean,7007,0.2622688084009418,0.5444604192524766,0.22925057747472205,uniform,0.13183656943087316,0.5540814100049148,0.08243121109506657,11
synth2d,hard_sparse,clean,7007,0.2622688084009418,0.5444604192524766,0.22925057747472205,hyb_ws,0.12700336233613066,0.4885295620781178,0.08470247496056724,16
synth2d,hard_sparse,clean,7007,0.2622688084009418,0.5444604192524766,0.22925057747472205,hyb_randreg,0.13244805580451954,0.5038704789047932,0.08898924673470253,14
synth2d,hard_sparse,clean,7007,0.2622688084009418,0.5444604192524766,0.22925057747472205,kc_half,0.121782493688181,0.4934784629841434,0.0782916779565395,14
synth2d,hard_sparse,clean,7007,0.2622688084009418,0.5444604192524766,0.22925057747472205,kc_land,0.11770580257417719,0.4718659571612255,0.07626678979228016,25
synth2d,hard_sparse,clean,7008,0.19161132669359532,0.4981875786862516,0.15998983793318347,uniform,0.11176837705404238,0.4594581158417186,0.0759062804443924,8
synth2d,hard_sparse,clean,7008,0.19161132669359532,0.4981875786862516,0.15998983793318347,hyb_ws,0.10003285289032808,0.4162583492690394,0.06741610285016317,15
synth2d,hard_sparse,clean,7008,0.19161132669359532,0.4981875786862516,0.15998983793318347,hyb_randreg,0.10341269174043441,0.42477908151246924,0.07026568959626976,12
synth2d,hard_sparse,clean,7008,0.19161132669359532,0.4981875786862516,0.15998983793318347,kc_half,0.10236007885667897,0.41805688154071957,0.06979786037796104,13
synth2d,hard_sparse,clean,7008,0.19161132669359532,0.4981875786862516,0.15998983793318347,kc_land,0.10348813324214831,0.41403076052979787,0.07145753682582703,22
synth2d,hard_sparse,clean,7009,0.24407250101147263,0.6741953879314431,0.19239993912721973,uniform,0.11798717819196419,0.4406444332138425,0.07922493724982313,10
synth2d,hard_sparse,clean,7009,0.24407250101147263,0.6741953879314431,0.19239993912721973,hyb_ws,0.1115566272927081,0.4251417226620531,0.07388426495346169,19
synth2d,hard_sparse,clean,7009,0.24407250101147263,0.6741953879314431,0.19239993912721973,hyb_randreg,0.1145813647140404,0.4205560473248165,0.07782327486805243,14
synth2d,hard_sparse,clean,7009,0.24407250101147263,0.6741953879314431,0.19239993912721973,kc_half,0.1150983335122074,0.4334317341190618,0.07685553629564607,13
synth2d,hard_sparse,clean,7009,0.24407250101147263,0.6741953879314431,0.19239993912721973,kc_land,0.10546846234800908,0.4064142678635546,0.06931451371564588,27
synth2d,hard_sparse,outlier,7000,0.2771809003775491,0.5552762272306638,0.2485816291020565,uniform,0.17590738854515456,0.5104783845825563,0.14150017003896462,9
synth2d,hard_sparse,outlier,7000,0.2771809003775491,0.5552762272306638,0.2485816291020565,hyb_ws,0.17176987723426718,0.46518068706843524,0.14159556456039216,14
synth2d,hard_sparse,outlier,7000,0.2771809003775491,0.5552762272306638,0.2485816291020565,hyb_randreg,0.1596295280897375,0.4491312104903413,0.12985722934823618,17
synth2d,hard_sparse,outlier,7000,0.2771809003775491,0.5552762272306638,0.2485816291020565,kc_half,0.17505364897066733,0.4876247943561955,0.1429088909809232,13
synth2d,hard_sparse,outlier,7000,0.2771809003775491,0.5552762272306638,0.2485816291020565,kc_land,0.1389651751534081,0.39718201770940104,0.11241020347615822,24
synth2d,hard_sparse,outlier,7001,0.34798968512246065,0.7429738160938263,0.3058026694736097,uniform,0.192241338272985,0.5905948283017819,0.14969445195557612,12
synth2d,hard_sparse,outlier,7001,0.34798968512246065,0.7429738160938263,0.3058026694736097,hyb_ws,0.1863537955586104,0.5016711405515957,0.15267573934187206,18
synth2d,hard_sparse,outlier,7001,0.34798968512246065,0.7429738160938263,0.3058026694736097,hyb_randreg,0.19120288381755107,0.5094842586227313,0.1572082488770974,16
synth2d,hard_sparse,outlier,7001,0.34798968512246065,0.7429738160938263,0.3058026694736097,kc_half,0.18582027283031866,0.5267632281286252,0.14940522558484376,19
synth2d,hard_sparse,outlier,7001,0.34798968512246065,0.7429738160938263,0.3058026694736097,kc_land,0.17107692396339996,0.506117198973687,0.13529232347807324,27
synth2d,hard_sparse,outlier,7002,0.3967303616721868,0.6117252014929788,0.37290838414136307,uniform,0.21032818984525656,0.5258221611993886,0.17537065178074707,8
synth2d,hard_sparse,outlier,7002,0.3967303616721868,0.6117252014929788,0.37290838414136307,hyb_ws,0.1917709424840718,0.5053834672486869,0.15702187350848687,12
synth2d,hard_sparse,outlier,7002,0.3967303616721868,0.6117252014929788,0.37290838414136307,hyb_randreg,0.193143939576611,0.5044333899778304,0.15865227317558722,13
synth2d,hard_sparse,outlier,7002,0.3967303616721868,0.6117252014929788,0.37290838414136307,kc_half,0.20905684256081938,0.5114681639335923,0.17554889553839884,14
synth2d,hard_sparse,outlier,7002,0.3967303616721868,0.6117252014929788,0.37290838414136307,kc_land,0.1815033839875437,0.5189687414410924,0.14411136020971368,17
synth2d,hard_sparse,outlier,7003,0.3275921396402465,0.6408617918261634,0.29451612882349126,uniform,0.19477943168138614,0.5677042179135656,0.1554048412057939,12
synth2d,hard_sparse,outlier,7003,0.3275921396402465,0.6408617918261634,0.29451612882349126,hyb_ws,0.1820460763672088,0.5142737505177148,0.14696841701798452,24
synth2d,hard_sparse,outlier,7003,0.3275921396402465,0.6408617918261634,0.29451612882349126,hyb_randreg,0.19450299605676943,0.5849084028092791,0.15328274581369075,21
synth2d,hard_sparse,outlier,7003,0.3275921396402465,0.6408617918261634,0.29451612882349126,kc_half,0.1981805076627886,0.5434918764459253,0.16172143003007494,21
synth2d,hard_sparse,outlier,7003,0.3275921396402465,0.6408617918261634,0.29451612882349126,kc_land,0.17912974215711847,0.5024855794270539,0.14498879969246528,29
synth2d,hard_sparse,outlier,7004,0.3720370928494294,0.5960598604645339,0.3471456742255289,uniform,0.2167277396934372,0.5106034612112147,0.18407488174701744,10
synth2d,hard_sparse,outlier,7004,0.3720370928494294,0.5960598604645339,0.3471456742255289,hyb_ws,0.19909368564251134,0.446569140679234,0.17159641286065327,23
synth2d,hard_sparse,outlier,7004,0.3720370928494294,0.5960598604645339,0.3471456742255289,hyb_randreg,0.21625850513850378,0.4622635980567059,0.1889246059253702,23
synth2d,hard_sparse,outlier,7004,0.3720370928494294,0.5960598604645339,0.3471456742255289,kc_half,0.22248081623531818,0.4565733643391034,0.19647053311267537,23
synth2d,hard_sparse,outlier,7004,0.3720370928494294,0.5960598604645339,0.3471456742255289,kc_land,0.19071324593350433,0.44743712677414366,0.1621883702845444,26
synth2d,hard_sparse,outlier,7005,0.40118652563912427,0.6803354481271349,0.3688722152255889,uniform,0.2274851828576107,0.4181895001353497,0.2054092298115126,9
synth2d,hard_sparse,outlier,7005,0.40118652563912427,0.6803354481271349,0.3688722152255889,hyb_ws,0.21298055458149315,0.43221138348018634,0.187602369367279,13
synth2d,hard_sparse,outlier,7005,0.40118652563912427,0.6803354481271349,0.3688722152255889,hyb_randreg,0.23275881803332227,0.4113723586105088,0.21208249464712073,16
synth2d,hard_sparse,outlier,7005,0.40118652563912427,0.6803354481271349,0.3688722152255889,kc_half,0.22070417236102252,0.4269033291796758,0.19683453496081582,13
synth2d,hard_sparse,outlier,7005,0.40118652563912427,0.6803354481271349,0.3688722152255889,kc_land,0.19956278490714166,0.3904348790982282,0.1774674099868346,21
synth2d,hard_sparse,outlier,7006,0.30846966563205264,0.5360116241053695,0.2847922385427784,uniform,0.1900118625084729,0.4940451240073754,0.15837494846345876,12
synth2d,hard_sparse,outlier,7006,0.30846966563205264,0.5360116241053695,0.2847922385427784,hyb_ws,0.19292426561646528,0.5033558532370682,0.16062155832058692,22
synth2d,hard_sparse,outlier,7006,0.30846966563205264,0.5360116241053695,0.2847922385427784,hyb_randreg,0.2007129406489599,0.53516347313613,0.16591088413566618,15
synth2d,hard_sparse,outlier,7006,0.30846966563205264,0.5360116241053695,0.2847922385427784,kc_half,0.20800829011591612,0.5056414307197874,0.1770373560812323,15
synth2d,hard_sparse,outlier,7006,0.30846966563205264,0.5360116241053695,0.2847922385427784,kc_land,0.19512429512708662,0.5350115993221397,0.15975650222575208,23
synth2d,hard_sparse,outlier,7007,0.24749310392938453,0.5303878901790169,0.2143925969652416,uniform,0.17575270122350786,0.4770522021099211,0.1404987244373009,9
synth2d,hard_sparse,outlier,7007,0.24749310392938453,0.5303878901790169,0.2143925969652416,hyb_ws,0.15594787028400622,0.45614876449527364,0.1208224375349079,16
synth2d,hard_sparse,outlier,7007,0.24749310392938453,0.5303878901790169,0.2143925969652416,hyb_randreg,0.1643180069158692,0.4506447336090335,0.1308159408772108,13
synth2d,hard_sparse,outlier,7007,0.24749310392938453,0.5303878901790169,0.2143925969652416,kc_half,0.15812565610843893,0.45724565396394323,0.1231266951753319,11
synth2d,hard_sparse,outlier,7007,0.24749310392938453,0.5303878901790169,0.2143925969652416,kc_land,0.1526354856120165,0.45704583234776336,0.11701751988113746,23
synth2d,hard_sparse,outlier,7008,0.31741031831999644,0.5196103746279725,0.29655460374217435,uniform,0.16872730567922,0.44467310581603325,0.14026516302859446,12
synth2d,hard_sparse,outlier,7008,0.31741031831999644,0.5196103746279725,0.29655460374217435,hyb_ws,0.15360827963178803,0.43456631940616525,0.12462915473503762,14
synth2d,hard_sparse,outlier,7008,0.31741031831999644,0.5196103746279725,0.29655460374217435,hyb_randreg,0.1633423309316027,0.43535719587105043,0.1352856405048643,21
synth2d,hard_sparse,outlier,7008,0.31741031831999644,0.5196103746279725,0.29655460374217435,kc_half,0.16361469270458331,0.43016670586644523,0.136121462444645,13
synth2d,hard_sparse,outlier,7008,0.31741031831999644,0.5196103746279725,0.29655460374217435,kc_land,0.14572405976242644,0.43019695753046255,0.11638239849236424,16
synth2d,hard_sparse,outlier,7009,0.3118482408674173,0.512934765155719,0.2876908286804441,uniform,0.21621223320240665,0.48787778380069263,0.1835758508986641,12
synth2d,hard_sparse,outlier,7009,0.3118482408674173,0.512934765155719,0.2876908286804441,hyb_ws,0.1974375241198508,0.4871674837017784,0.16263098459012607,14
synth2d,hard_sparse,outlier,7009,0.3118482408674173,0.512934765155719,0.2876908286804441,hyb_randreg,0.2109391149370455,0.4864609378727859,0.17783946160760486,12
synth2d,hard_sparse,outlier,7009,0.3118482408674173,0.512934765155719,0.2876908286804441,kc_half,0.21306130046996774,0.48787599057809977,0.18004659812989815,13
synth2d,hard_sparse,outlier,7009,0.3118482408674173,0.512934765155719,0.2876908286804441,kc_land,0.18251001060407326,0.45640295589162905,0.1496060415398444,17
houses,sparse_init,clean,7000,0.4292188455477136,0.5388700718938935,0.4171368203299969,uniform,0.38125109173314264,0.47587243254395467,0.3708251488239302,15
houses,sparse_init,clean,7000,0.4292188455477136,0.5388700718938935,0.4171368203299969,hyb_ws,0.3821472917875827,0.5249183042059593,0.36641593127409516,17
houses,sparse_init,clean,7000,0.4292188455477136,0.5388700718938935,0.4171368203299969,hyb_randreg,0.3797411901525648,0.42095972981643937,0.37519948594869074,40
houses,sparse_init,clean,7000,0.4292188455477136,0.5388700718938935,0.4171368203299969,kc_half,0.37943292362515824,0.4723028056160383,0.36919996688067325,10
houses,sparse_init,clean,7000,0.4292188455477136,0.5388700718938935,0.4171368203299969,kc_land,0.38104852415531637,0.46424748683665906,0.3718811669017796,33
houses,sparse_init,clean,7001,0.4128994669309095,0.4454737801108222,0.4093803583048247,uniform,0.38896567237005386,0.43219272564137934,0.3842957137063927,17
houses,sparse_init,clean,7001,0.4128994669309095,0.4454737801108222,0.4093803583048247,hyb_ws,0.3782598857746505,0.39154889098784956,0.3768242314718396,15
houses,sparse_init,clean,7001,0.4128994669309095,0.4454737801108222,0.4093803583048247,hyb_randreg,0.38695241869376074,0.4242513809866285,0.3829228909114288,41
houses,sparse_init,clean,7001,0.4128994669309095,0.4454737801108222,0.4093803583048247,kc_half,0.3801537820486407,0.41706641684718226,0.3761659904776071,13
houses,sparse_init,clean,7001,0.4128994669309095,0.4454737801108222,0.4093803583048247,kc_land,0.3768420746425333,0.4098228836704828,0.3732790509525331,11
houses,sparse_init,clean,7002,0.4080241423588004,0.33520188773703885,0.4153364182699264,uniform,0.39028151893273233,0.3313285671187985,0.3962011413294548,16
houses,sparse_init,clean,7002,0.4080241423588004,0.33520188773703885,0.4153364182699264,hyb_ws,0.3848391348345834,0.32421719580644826,0.39092634466822,14
houses,sparse_init,clean,7002,0.4080241423588004,0.33520188773703885,0.4153364182699264,hyb_randreg,0.3818939464885042,0.3216546338701579,0.38794273578855826,29
houses,sparse_init,clean,7002,0.4080241423588004,0.33520188773703885,0.4153364182699264,kc_half,0.3905152053506706,0.33011233159289805,0.39658041825894763,16
houses,sparse_init,clean,7002,0.4080241423588004,0.33520188773703885,0.4153364182699264,kc_land,0.3865254762467555,0.32113077690645664,0.39309193161380057,13
houses,sparse_init,clean,7003,0.41926891522059906,0.3515982391194506,0.42697632444515204,uniform,0.3878964687241261,0.31383243142726175,0.3963320552611401,20
houses,sparse_init,clean,7003,0.41926891522059906,0.3515982391194506,0.42697632444515204,hyb_ws,0.3908334050278858,0.31946663743835935,0.39896178373691293,13
houses,sparse_init,clean,7003,0.41926891522059906,0.3515982391194506,0.42697632444515204,hyb_randreg,0.39243091927778534,0.3315095931512848,0.3993696055450475,9
houses,sparse_init,clean,7003,0.41926891522059906,0.3515982391194506,0.42697632444515204,kc_half,0.38963956639238195,0.31269700967265945,0.39840300434792814,25
houses,sparse_init,clean,7003,0.41926891522059906,0.3515982391194506,0.42697632444515204,kc_land,0.388299296009795,0.31439569455419514,0.39671660957017935,13
houses,sparse_init,clean,7004,0.42388032372775947,0.3623076817520931,0.4302499073804146,uniform,0.38180771811761977,0.3245549180567203,0.38773042157219556,24
houses,sparse_init,clean,7004,0.42388032372775947,0.3623076817520931,0.4302499073804146,hyb_ws,0.3823621299693007,0.3379450886112847,0.38695699631668173,27
houses,sparse_init,clean,7004,0.42388032372775947,0.3623076817520931,0.4302499073804146,hyb_randreg,0.39046154859344967,0.37538659170721744,0.3920210268920254,19
houses,sparse_init,clean,7004,0.42388032372775947,0.3623076817520931,0.4302499073804146,kc_half,0.3898981200818211,0.36915738340757376,0.3920437135308812,27
houses,sparse_init,clean,7004,0.42388032372775947,0.3623076817520931,0.4302499073804146,kc_land,0.3822417792519888,0.3392627777836098,0.38668788285216593,30
houses,sparse_init,clean,7005,0.42019991887738595,0.3957751385447123,0.4230425461167733,uniform,0.39817929689459336,0.36569617975032004,0.4019597768971504,26
houses,sparse_init,clean,7005,0.42019991887738595,0.3957751385447123,0.4230425461167733,hyb_ws,0.3928985386492742,0.36550510680168397,0.3960866662184746,24
houses,sparse_init,clean,7005,0.42019991887738595,0.3957751385447123,0.4230425461167733,hyb_randreg,0.39602983199201847,0.3672367959311522,0.39938084958548237,19
houses,sparse_init,clean,7005,0.42019991887738595,0.3957751385447123,0.4230425461167733,kc_half,0.3878959313410422,0.3590741974816085,0.39125028886808216,36
houses,sparse_init,clean,7005,0.42019991887738595,0.3957751385447123,0.4230425461167733,kc_land,0.3875337789666546,0.3540015139542905,0.3914363618609208,34
houses,sparse_init,clean,7006,0.3989199653561414,0.3753030757790546,0.40149313907496453,uniform,0.37512308002922623,0.35307076148306776,0.37752578620849997,30
houses,sparse_init,clean,7006,0.3989199653561414,0.3753030757790546,0.40149313907496453,hyb_ws,0.3697038542324138,0.3484262964556229,0.37202214649919474,39
houses,sparse_init,clean,7006,0.3989199653561414,0.3753030757790546,0.40149313907496453,hyb_randreg,0.3772915328576778,0.3545195392061771,0.3797726511013817,33
houses,sparse_init,clean,7006,0.3989199653561414,0.3753030757790546,0.40149313907496453,kc_half,0.3748215535602038,0.3583541419290467,0.3766157572671749,42
houses,sparse_init,clean,7006,0.3989199653561414,0.3753030757790546,0.40149313907496453,kc_land,0.37118488861499427,0.35775267199401606,0.3726483932260407,36
houses,sparse_init,clean,7007,0.43308786850798875,0.3553539085735527,0.4413903888551643,uniform,0.38600397159125266,0.3144208333540256,0.3936495419729819,28
houses,sparse_init,clean,7007,0.43308786850798875,0.3553539085735527,0.4413903888551643,hyb_ws,0.3812750194675202,0.30401377903585236,0.38952705012790306,33
houses,sparse_init,clean,7007,0.43308786850798875,0.3553539085735527,0.4413903888551643,hyb_randreg,0.38608638932799483,0.31080580490736487,0.39412687233473614,48
houses,sparse_init,clean,7007,0.43308786850798875,0.3553539085735527,0.4413903888551643,kc_half,0.3836214430047455,0.31953298134332875,0.3904665304981895,37
houses,sparse_init,clean,7007,0.43308786850798875,0.3553539085735527,0.4413903888551643,kc_land,0.38105980294399666,0.31230970243902084,0.3884027854550428,28
houses,sparse_init,clean,7008,0.43207322320661035,0.445511517645363,0.4305800793800823,uniform,0.38869224021111554,0.3668520320611395,0.39111893000555736,17
houses,sparse_init,clean,7008,0.43207322320661035,0.445511517645363,0.4305800793800823,hyb_ws,0.38427277512561897,0.370037610781633,0.3858544600527285,13
houses,sparse_init,clean,7008,0.43207322320661035,0.445511517645363,0.4305800793800823,hyb_randreg,0.3882112175377392,0.38012308132895184,0.3891098993387156,9
houses,sparse_init,clean,7008,0.43207322320661035,0.445511517645363,0.4305800793800823,kc_half,0.38522406462169234,0.36478423534627324,0.38749515676340557,16
houses,sparse_init,clean,7008,0.43207322320661035,0.445511517645363,0.4305800793800823,kc_land,0.3833719628577628,0.3462806853959271,0.38749321590907787,29
houses,sparse_init,clean,7009,0.43175233366626475,0.404699519647662,0.43448516679173327,uniform,0.3878872468217174,0.359158900151067,0.39078933964531465,16
houses,sparse_init,clean,7009,0.43175233366626475,0.404699519647662,0.43448516679173327,hyb_ws,0.3770890926635259,0.3690289875862991,0.3779033119212584,4
houses,sparse_init,clean,7009,0.43175233366626475,0.404699519647662,0.43448516679173327,hyb_randreg,0.38035322640709035,0.3573813121864162,0.3826738133927736,24
houses,sparse_init,clean,7009,0.43175233366626475,0.404699519647662,0.43448516679173327,kc_half,0.3782121282773426,0.3646651880169239,0.37958061907711504,9
houses,sparse_init,clean,7009,0.43175233366626475,0.404699519647662,0.43448516679173327,kc_land,0.3753715100177456,0.35930843948550584,0.37699417637759475,4
houses,sparse_init,outlier,7000,0.44007326437861355,0.5042585688144781,0.4330009452387195,uniform,0.43924980201858593,0.5095367341957667,0.4315051691919579,19
houses,sparse_init,outlier,7000,0.44007326437861355,0.5042585688144781,0.4330009452387195,hyb_ws,0.423657862397082,0.4762189936192915,0.4178663638971605,17
houses,sparse_init,outlier,7000,0.44007326437861355,0.5042585688144781,0.4330009452387195,hyb_randreg,0.42771226250192557,0.5235662796601177,0.4171504959707566,24
houses,sparse_init,outlier,7000,0.44007326437861355,0.5042585688144781,0.4330009452387195,kc_half,0.421422041360901,0.47741707055317106,0.4152521755298349,20
houses,sparse_init,outlier,7000,0.44007326437861355,0.5042585688144781,0.4330009452387195,kc_land,0.42589252981130166,0.46326863799324214,0.42177420759419637,35
houses,sparse_init,outlier,7001,0.4170199060601682,0.5059669983848039,0.40741066339905796,uniform,0.4029743703636915,0.4696852240209191,0.3957673806334093,16
houses,sparse_init,outlier,7001,0.4170199060601682,0.5059669983848039,0.40741066339905796,hyb_ws,0.39493224855836134,0.46447193089700434,0.3874196512973999,17
houses,sparse_init,outlier,7001,0.4170199060601682,0.5059669983848039,0.40741066339905796,hyb_randreg,0.4062164494060775,0.5152673308938827,0.3944353292453451,41
houses,sparse_init,outlier,7001,0.4170199060601682,0.5059669983848039,0.40741066339905796,kc_half,0.4006377269523398,0.48600524693380165,0.3914151970928467,13
houses,sparse_init,outlier,7001,0.4170199060601682,0.5059669983848039,0.40741066339905796,kc_land,0.3965887484309198,0.4317481894138067,0.3927903600698877,30
houses,sparse_init,outlier,7002,0.4189123705298306,0.36400340198835385,0.42442592583041905,uniform,0.4042927125985566,0.33072278368447017,0.4116800644702599,15
houses,sparse_init,outlier,7002,0.4189123705298306,0.36400340198835385,0.42442592583041905,hyb_ws,0.38483211009151147,0.323184420585495,0.3910223182537387,9
houses,sparse_init,outlier,7002,0.4189123705298306,0.36400340198835385,0.42442592583041905,hyb_randreg,0.4024156921386152,0.34909450551915994,0.4077698140412565,0
houses,sparse_init,outlier,7002,0.4189123705298306,0.36400340198835385,0.42442592583041905,kc_half,0.39694937947946685,0.3229300092198967,0.4043818609498226,13
houses,sparse_init,outlier,7002,0.4189123705298306,0.36400340198835385,0.42442592583041905,kc_land,0.4037530728899133,0.36524360142484186,0.40761991115256835,7
houses,sparse_init,outlier,7003,0.45652377615338674,0.36032764754782187,0.4674801160586154,uniform,0.43665223344246523,0.35949544869367134,0.44544007108163447,21
houses,sparse_init,outlier,7003,0.45652377615338674,0.36032764754782187,0.4674801160586154,hyb_ws,0.4376169720653537,0.3276629433446964,0.4501402797085586,24
houses,sparse_init,outlier,7003,0.45652377615338674,0.36032764754782187,0.4674801160586154,hyb_randreg,0.4289627940348121,0.3227186893419709,0.44106355672469577,37
houses,sparse_init,outlier,7003,0.45652377615338674,0.36032764754782187,0.4674801160586154,kc_half,0.4323463416135429,0.36786713282250627,0.4396902559537083,18
houses,sparse_init,outlier,7003,0.45652377615338674,0.36032764754782187,0.4674801160586154,kc_land,0.42145712092625387,0.34633414621412967,0.4300133160410572,27
houses,sparse_init,outlier,7004,0.4356616801917644,0.37859853493535034,0.4415647641838072,uniform,0.408478802263739,0.3512092681721317,0.41440323682493974,28
houses,sparse_init,outlier,7004,0.4356616801917644,0.37859853493535034,0.4415647641838072,hyb_ws,0.4164436743129674,0.3395558024275488,0.42439759209421757,31
houses,sparse_init,outlier,7004,0.4356616801917644,0.37859853493535034,0.4415647641838072,hyb_randreg,0.42920567318613245,0.3473727809483538,0.4376711447969372,20
houses,sparse_init,outlier,7004,0.4356616801917644,0.37859853493535034,0.4415647641838072,kc_half,0.4323483332906958,0.36347301221015293,0.4394733665059244,33
houses,sparse_init,outlier,7004,0.4356616801917644,0.37859853493535034,0.4415647641838072,kc_land,0.4146732387136772,0.33298451523273964,0.4231237963151535,31
houses,sparse_init,outlier,7005,0.4547773223402109,0.45920035712034457,0.4542625566401507,uniform,0.4451861947385886,0.3954635152332219,0.45097306533689674,25
houses,sparse_init,outlier,7005,0.4547773223402109,0.45920035712034457,0.4542625566401507,hyb_ws,0.4493790410004141,0.38459698658345975,0.4569185656143885,29
houses,sparse_init,outlier,7005,0.4547773223402109,0.45920035712034457,0.4542625566401507,hyb_randreg,0.44797508812143294,0.39630719273175175,0.4539883486231067,24
houses,sparse_init,outlier,7005,0.4547773223402109,0.45920035712034457,0.4542625566401507,kc_half,0.44949618123495155,0.39835797984748317,0.4554477944022902,28
houses,sparse_init,outlier,7005,0.4547773223402109,0.45920035712034457,0.4542625566401507,kc_land,0.44361126900898556,0.3728990250337452,0.45184096639600074,39
houses,sparse_init,outlier,7006,0.43604242522226705,0.4165371957664389,0.4381676137934177,uniform,0.40152747722811694,0.411937224294987,0.4003932852133457,29
houses,sparse_init,outlier,7006,0.43604242522226705,0.4165371957664389,0.4381676137934177,hyb_ws,0.3962944348886053,0.3764569620456733,0.398455822974902,38
houses,sparse_init,outlier,7006,0.43604242522226705,0.4165371957664389,0.4381676137934177,hyb_randreg,0.4006185860001964,0.4020885919110511,0.40045842178534596,29
houses,sparse_init,outlier,7006,0.43604242522226705,0.4165371957664389,0.4381676137934177,kc_half,0.3926711881614191,0.3901869603064164,0.3929418567355849,42
houses,sparse_init,outlier,7006,0.43604242522226705,0.4165371957664389,0.4381676137934177,kc_land,0.3965172931256495,0.40954980308756905,0.3950973384777331,47
houses,sparse_init,outlier,7007,0.45776024691430917,0.3593508262962193,0.4682710483416979,uniform,0.41586123280321696,0.32450929485734054,0.42561824665133774,32
houses,sparse_init,outlier,7007,0.45776024691430917,0.3593508262962193,0.4682710483416979,hyb_ws,0.4135433725383008,0.3112850516545737,0.4244652629259927,33
houses,sparse_init,outlier,7007,0.45776024691430917,0.3593508262962193,0.4682710483416979,hyb_randreg,0.41045986338306595,0.3158395342632904,0.42056596383692135,32
houses,sparse_init,outlier,7007,0.45776024691430917,0.3593508262962193,0.4682710483416979,kc_half,0.4080500114453604,0.3214723231274681,0.41729710267134446,41
houses,sparse_init,outlier,7007,0.45776024691430917,0.3593508262962193,0.4682710483416979,kc_land,0.4128238333874027,0.2985734209179374,0.4250265614486129,35
houses,sparse_init,outlier,7008,0.4206610011176444,0.4151966293421867,0.42126815353713976,uniform,0.4127503217507161,0.39317427922538506,0.414925437586864,12
houses,sparse_init,outlier,7008,0.4206610011176444,0.4151966293421867,0.42126815353713976,hyb_ws,0.4177547362240807,0.3873876285524975,0.42112885929870103,13
houses,sparse_init,outlier,7008,0.4206610011176444,0.4151966293421867,0.42126815353713976,hyb_randreg,0.41455013325841755,0.38366084910595005,0.4179822759420251,37
houses,sparse_init,outlier,7008,0.4206610011176444,0.4151966293421867,0.42126815353713976,kc_half,0.41738344592347015,0.3699217357076437,0.4226569692807842,20
houses,sparse_init,outlier,7008,0.4206610011176444,0.4151966293421867,0.42126815353713976,kc_land,0.4091693195079638,0.37205674968086144,0.4132929383776418,16
houses,sparse_init,outlier,7009,0.43673641883279035,0.3989011418941257,0.44055847956400146,uniform,0.3956197122673238,0.3682894630046794,0.39838057146891764,12
houses,sparse_init,outlier,7009,0.43673641883279035,0.3989011418941257,0.44055847956400146,hyb_ws,0.3985667996510582,0.37776723104377413,0.4006679396672633,13
houses,sparse_init,outlier,7009,0.43673641883279035,0.3989011418941257,0.44055847956400146,hyb_randreg,0.4042062257885738,0.38721958876477636,0.40592218939653796,2
houses,sparse_init,outlier,7009,0.43673641883279035,0.3989011418941257,0.44055847956400146,kc_half,0.39317271532094356,0.3788088879806905,0.394623726780859,17
houses,sparse_init,outlier,7009,0.43673641883279035,0.3989011418941257,0.44055847956400146,kc_land,0.3900544106566726,0.3787352860066647,0.391197850994287,12
houses,sparse_all,clean,7000,0.4127246660857942,0.5074167367538961,0.40229092973962816,uniform,0.40034044793386375,0.5276026040743471,0.3863179455781124,7
houses,sparse_all,clean,7000,0.4127246660857942,0.5074167367538961,0.40229092973962816,hyb_ws,0.38941348708623263,0.5526053988411576,0.3714320302539525,3
houses,sparse_all,clean,7000,0.4127246660857942,0.5074167367538961,0.40229092973962816,hyb_randreg,0.3982648883850568,0.5551281501220184,0.38098075990612984,2
houses,sparse_all,clean,7000,0.4127246660857942,0.5074167367538961,0.40229092973962816,kc_half,0.38995725007198256,0.5125829080203145,0.3764456247027104,4
houses,sparse_all,clean,7000,0.4127246660857942,0.5074167367538961,0.40229092973962816,kc_land,0.391622270243091,0.5569948181392753,0.37340053793257616,3
houses,sparse_all,clean,7001,0.42067510942341313,0.48718092504122146,0.41349027061705707,uniform,0.3845240929939594,0.4555314624248084,0.3768529367396572,4
houses,sparse_all,clean,7001,0.42067510942341313,0.48718092504122146,0.41349027061705707,hyb_ws,0.37896501890394757,0.4412454848389065,0.37223665831817637,4
houses,sparse_all,clean,7001,0.42067510942341313,0.48718092504122146,0.41349027061705707,hyb_randreg,0.3895205845419798,0.47921811498091427,0.37983026961921396,0
houses,sparse_all,clean,7001,0.42067510942341313,0.48718092504122146,0.41349027061705707,kc_half,0.3871877595325435,0.5003111677483866,0.37496667111033327,4
houses,sparse_all,clean,7001,0.42067510942341313,0.48718092504122146,0.41349027061705707,kc_land,0.3794166099153133,0.47763185758507787,0.368806098394203,2
houses,sparse_all,clean,7002,0.3791368585540615,0.3143033818474206,0.3856469600665577,uniform,0.36900724292589504,0.3391112331837587,0.37200918063040106,2
houses,sparse_all,clean,7002,0.3791368585540615,0.3143033818474206,0.3856469600665577,hyb_ws,0.3724309629236734,0.30099102613280804,0.3796044366316971,2
houses,sparse_all,clean,7002,0.3791368585540615,0.3143033818474206,0.3856469600665577,hyb_randreg,0.37418726496446436,0.3082152670944546,0.38081168840945845,0
houses,sparse_all,clean,7002,0.3791368585540615,0.3143033818474206,0.3856469600665577,kc_half,0.37722080795869456,0.30835567523335616,0.38413573875504897,4
houses,sparse_all,clean,7002,0.3791368585540615,0.3143033818474206,0.3856469600665577,kc_land,0.36706962242696556,0.3025514890312052,0.37354805948046005,1
houses,sparse_all,clean,7003,0.459426412639158,0.3543968122218889,0.47138884833135036,uniform,0.3935023671251065,0.320425251272536,0.4018255474046111,4
houses,sparse_all,clean,7003,0.459426412639158,0.3543968122218889,0.47138884833135036,hyb_ws,0.3929843344450423,0.3222171115163789,0.40104442750486513,5
houses,sparse_all,clean,7003,0.459426412639158,0.3543968122218889,0.47138884833135036,hyb_randreg,0.3953690176023357,0.33224969519783026,0.4025580465256002,3
houses,sparse_all,clean,7003,0.459426412639158,0.3543968122218889,0.47138884833135036,kc_half,0.40021843725188,0.33479606718522575,0.4076697737479149,4
houses,sparse_all,clean,7003,0.459426412639158,0.3543968122218889,0.47138884833135036,kc_land,0.3903993753792337,0.329906551240735,0.39728925704802953,3
houses,sparse_all,clean,7004,0.40647234992517844,0.3460318402181489,0.41272481644659526,uniform,0.3837028938692965,0.33279172015118047,0.38896956701254987,7
houses,sparse_all,clean,7004,0.40647234992517844,0.3460318402181489,0.41272481644659526,hyb_ws,0.3878619647341957,0.32351473379729045,0.39451857483111685,8
houses,sparse_all,clean,7004,0.40647234992517844,0.3460318402181489,0.41272481644659526,hyb_randreg,0.38433180656571564,0.3196104633441216,0.3910271179334668,6
houses,sparse_all,clean,7004,0.40647234992517844,0.3460318402181489,0.41272481644659526,kc_half,0.38817159837206405,0.32189331087565204,0.3950279729406585,10
houses,sparse_all,clean,7004,0.40647234992517844,0.3460318402181489,0.41272481644659526,kc_land,0.3802635615939653,0.31921501528818663,0.38657892845318376,5
houses,sparse_all,clean,7005,0.43788711925602736,0.4111529531613841,0.44099851955227803,uniform,0.3990768939506,0.38449921231946593,0.4007734870960599,4
houses,sparse_all,clean,7005,0.43788711925602736,0.4111529531613841,0.44099851955227803,hyb_ws,0.3988449883865085,0.35526347499187255,0.40391713214468966,9
houses,sparse_all,clean,7005,0.43788711925602736,0.4111529531613841,0.44099851955227803,hyb_randreg,0.4005713411849277,0.37604971207684673,0.4034252399675316,3
houses,sparse_all,clean,7005,0.43788711925602736,0.4111529531613841,0.44099851955227803,kc_half,0.40477510495481,0.37488520071530607,0.4082537792690364,7
houses,sparse_all,clean,7005,0.43788711925602736,0.4111529531613841,0.44099851955227803,kc_land,0.39845752760901326,0.37782899371736134,0.4008583366050554,13
houses,sparse_all,clean,7006,0.4037916196055664,0.3960820033138871,0.4046316193845046,uniform,0.373686998326756,0.36455655011628374,0.37468180457757816,10
houses,sparse_all,clean,7006,0.4037916196055664,0.3960820033138871,0.4046316193845046,hyb_ws,0.36279475382654347,0.35541011800255207,0.3635993454203413,15
houses,sparse_all,clean,7006,0.4037916196055664,0.3960820033138871,0.4046316193845046,hyb_randreg,0.3635518890250693,0.3449705219359162,0.3655764183475082,13
houses,sparse_all,clean,7006,0.4037916196055664,0.3960820033138871,0.4046316193845046,kc_half,0.3653841588782716,0.3559262916552428,0.36641463900542726,13
houses,sparse_all,clean,7006,0.4037916196055664,0.3960820033138871,0.4046316193845046,kc_land,0.36326427502247716,0.3406802975846993,0.3657249079953207,23
houses,sparse_all,clean,7007,0.40649194911093406,0.32069858507282173,0.4156552691216455,uniform,0.37739783877116206,0.31368451949542997,0.384202858483512,9
houses,sparse_all,clean,7007,0.40649194911093406,0.32069858507282173,0.4156552691216455,hyb_ws,0.37442296416316356,0.31030796678256434,0.38127088585350977,10
houses,sparse_all,clean,7007,0.40649194911093406,0.32069858507282173,0.4156552691216455,hyb_randreg,0.3704700306092642,0.3032373555572509,0.3776509416690531,13
houses,sparse_all,clean,7007,0.40649194911093406,0.32069858507282173,0.4156552691216455,kc_half,0.37989051983770855,0.30653938540928516,0.38772492434500555,11
houses,sparse_all,clean,7007,0.40649194911093406,0.32069858507282173,0.4156552691216455,kc_land,0.3756140047627914,0.3186287252266482,0.38170042366178186,7
houses,sparse_all,clean,7008,0.41535414101043217,0.41397950671403694,0.41550687815447596,uniform,0.3901550530086348,0.35172623446224804,0.39442492173601107,7
houses,sparse_all,clean,7008,0.41535414101043217,0.41397950671403694,0.41550687815447596,hyb_ws,0.38831804505009254,0.3775866448212634,0.3895104228532959,6
houses,sparse_all,clean,7008,0.41535414101043217,0.41397950671403694,0.41550687815447596,hyb_randreg,0.38462759725871337,0.35926791575264844,0.3874453396482761,3
houses,sparse_all,clean,7008,0.41535414101043217,0.41397950671403694,0.41550687815447596,kc_half,0.3871680303550605,0.37297170537115315,0.3887453997977169,6
houses,sparse_all,clean,7008,0.41535414101043217,0.41397950671403694,0.41550687815447596,kc_land,0.39168269038615805,0.3698563876659341,0.3941078351328496,7
houses,sparse_all,clean,7009,0.4261009658874871,0.39187827940633546,0.42955808835888326,uniform,0.3869562076844484,0.36353592138883734,0.3893220885186046,5
houses,sparse_all,clean,7009,0.4261009658874871,0.39187827940633546,0.42955808835888326,hyb_ws,0.3727788966017802,0.3541243530911864,0.37466334952454045,1
houses,sparse_all,clean,7009,0.4261009658874871,0.39187827940633546,0.42955808835888326,hyb_randreg,0.3738783440921843,0.34588923023121604,0.3767057607690286,9
houses,sparse_all,clean,7009,0.4261009658874871,0.39187827940633546,0.42955808835888326,kc_half,0.37421330491240157,0.3474725093636139,0.37691461841815577,4
houses,sparse_all,clean,7009,0.4261009658874871,0.39187827940633546,0.42955808835888326,kc_land,0.37408737554586624,0.343286925872963,0.37719878898653664,6
houses,sparse_all,outlier,7000,0.4257793480689846,0.5462914144610156,0.41250061080624895,uniform,0.43665327251352665,0.5619610878765305,0.4228461110649803,4
houses,sparse_all,outlier,7000,0.4257793480689846,0.5462914144610156,0.41250061080624895,hyb_ws,0.4286954349597444,0.525515865611263,0.41802718323377913,4
houses,sparse_all,outlier,7000,0.4257793480689846,0.5462914144610156,0.41250061080624895,hyb_randreg,0.44283866264243377,0.5873397348072107,0.42691667384159654,3
houses,sparse_all,outlier,7000,0.4257793480689846,0.5462914144610156,0.41250061080624895,kc_half,0.4381241598220761,0.5468122219404584,0.4261482617757265,2
houses,sparse_all,outlier,7000,0.4257793480689846,0.5462914144610156,0.41250061080624895,kc_land,0.4451226949607171,0.5736056777818873,0.4309656746498638,6
houses,sparse_all,outlier,7001,0.45001186095050505,0.5212932208087915,0.44231110462232454,uniform,0.3880854727808022,0.42826748816814497,0.383744479428707,5
houses,sparse_all,outlier,7001,0.45001186095050505,0.5212932208087915,0.44231110462232454,hyb_ws,0.39462465954827103,0.4254282514489165,0.3912968476808882,2
houses,sparse_all,outlier,7001,0.45001186095050505,0.5212932208087915,0.44231110462232454,hyb_randreg,0.40152223532975595,0.422330565564365,0.39927424397477046,1
houses,sparse_all,outlier,7001,0.45001186095050505,0.5212932208087915,0.44231110462232454,kc_half,0.3914017481569141,0.40738030043962187,0.38967553336736943,4
houses,sparse_all,outlier,7001,0.45001186095050505,0.5212932208087915,0.44231110462232454,kc_land,0.39101871575344127,0.43152366524696745,0.3866428347832266,0
houses,sparse_all,outlier,7002,0.42110591720668045,0.3655585719623056,0.4266835736067345,uniform,0.395782059970894,0.3537479357135851,0.40000281797747383,2
houses,sparse_all,outlier,7002,0.42110591720668045,0.3655585719623056,0.4266835736067345,hyb_ws,0.41445133319179184,0.36409738826546184,0.41950750647875484,1
houses,sparse_all,outlier,7002,0.42110591720668045,0.3655585719623056,0.4266835736067345,hyb_randreg,0.41500595948689256,0.34304669519993386,0.4222315802474813,11
houses,sparse_all,outlier,7002,0.42110591720668045,0.3655585719623056,0.4266835736067345,kc_half,0.4086381310246737,0.3508254215930704,0.414443258656733,2
houses,sparse_all,outlier,7002,0.42110591720668045,0.3655585719623056,0.4266835736067345,kc_land,0.4023158182372033,0.3652179931558353,0.4060409093389087,1
houses,sparse_all,outlier,7003,0.5305084228394359,0.38700326540661845,0.546853064830531,uniform,0.4300663626640686,0.3668684507932911,0.43726434260145314,10
houses,sparse_all,outlier,7003,0.5305084228394359,0.38700326540661845,0.546853064830531,hyb_ws,0.42118627177785173,0.33141186890296037,0.4314112037677795,2
houses,sparse_all,outlier,7003,0.5305084228394359,0.38700326540661845,0.546853064830531,hyb_randreg,0.4214887186370255,0.3579588050527412,0.4287245121920164,2
houses,sparse_all,outlier,7003,0.5305084228394359,0.38700326540661845,0.546853064830531,kc_half,0.42601846400482857,0.3559235559515264,0.4340019831899582,12
houses,sparse_all,outlier,7003,0.5305084228394359,0.38700326540661845,0.546853064830531,kc_land,0.42367801345355915,0.31496615947353807,0.43605984254791413,1
houses,sparse_all,outlier,7004,0.42878626193244945,0.4043388031046149,0.4313153093973979,uniform,0.4045111668619034,0.3509557526059701,0.4100513821297586,7
houses,sparse_all,outlier,7004,0.42878626193244945,0.4043388031046149,0.4313153093973979,hyb_ws,0.41625280163492845,0.34152679983499606,0.4239830776831974,10
houses,sparse_all,outlier,7004,0.42878626193244945,0.4043388031046149,0.4313153093973979,hyb_randreg,0.4275446801945729,0.35094504257082204,0.43546878063840927,7
houses,sparse_all,outlier,7004,0.42878626193244945,0.4043388031046149,0.4313153093973979,kc_half,0.41612579766173646,0.3375266355947514,0.42425674546176945,10
houses,sparse_all,outlier,7004,0.42878626193244945,0.4043388031046149,0.4313153093973979,kc_land,0.41110389294852545,0.35125889180062714,0.41729475513623915,9
houses,sparse_all,outlier,7005,0.4893526861515228,0.482870398611704,0.4901071136994168,uniform,0.4267352163107691,0.4018409329598579,0.4296324856820585,8
houses,sparse_all,outlier,7005,0.4893526861515228,0.482870398611704,0.4901071136994168,hyb_ws,0.4295114869082472,0.4025198544318979,0.4326528518936331,10
houses,sparse_all,outlier,7005,0.4893526861515228,0.482870398611704,0.4901071136994168,hyb_randreg,0.4290370161208592,0.40875732365779116,0.43139722593305563,6
houses,sparse_all,outlier,7005,0.4893526861515228,0.482870398611704,0.4901071136994168,kc_half,0.42177747278965483,0.3861199068908893,0.4259274044055592,13
houses,sparse_all,outlier,7005,0.4893526861515228,0.482870398611704,0.4901071136994168,kc_land,0.4228923970733958,0.4194035260808009,0.42329844206471934,19
houses,sparse_all,outlier,7006,0.4120539750720439,0.37680107601263846,0.4158949479942359,uniform,0.38584089994886334,0.37400899540629107,0.38713004286131986,9
houses,sparse_all,outlier,7006,0.4120539750720439,0.37680107601263846,0.4158949479942359,hyb_ws,0.3888003326902134,0.37552848398932187,0.39024636444498206,16
houses,sparse_all,outlier,7006,0.4120539750720439,0.37680107601263846,0.4158949479942359,hyb_randreg,0.3923370204980758,0.3877183250893255,0.39284024957920666,9
houses,sparse_all,outlier,7006,0.4120539750720439,0.37680107601263846,0.4158949479942359,kc_half,0.4032947636767327,0.4095618670476508,0.40261193261913053,13
houses,sparse_all,outlier,7006,0.4120539750720439,0.37680107601263846,0.4158949479942359,kc_land,0.3784172985684266,0.374950192047315,0.37879505650100126,16
houses,sparse_all,outlier,7007,0.4591357001190456,0.3740807173959783,0.4682201559383881,uniform,0.40291714227488074,0.3391669178036158,0.40972610371536444,13
houses,sparse_all,outlier,7007,0.4591357001190456,0.3740807173959783,0.4682201559383881,hyb_ws,0.3950712884155552,0.34053675845386694,0.4008959504424539,13
houses,sparse_all,outlier,7007,0.4591357001190456,0.3740807173959783,0.4682201559383881,hyb_randreg,0.3947554410896032,0.3494695076627249,0.3995922895408414,11
houses,sparse_all,outlier,7007,0.4591357001190456,0.3740807173959783,0.4682201559383881,kc_half,0.387387930119178,0.32409007723239736,0.39414857517017343,14
houses,sparse_all,outlier,7007,0.4591357001190456,0.3740807173959783,0.4682201559383881,kc_land,0.3899541219464927,0.3310784582232076,0.396242446848869,12
houses,sparse_all,outlier,7008,0.46160111861530984,0.5520147111882965,0.45155516388497796,uniform,0.41935865815787987,0.4415313678673192,0.4168950237457199,8
houses,sparse_all,outlier,7008,0.46160111861530984,0.5520147111882965,0.45155516388497796,hyb_ws,0.4044428548970831,0.41613117692508156,0.4031441524495277,2
houses,sparse_all,outlier,7008,0.46160111861530984,0.5520147111882965,0.45155516388497796,hyb_randreg,0.40125115263042976,0.3775956468123893,0.40387954216576766,8
houses,sparse_all,outlier,7008,0.46160111861530984,0.5520147111882965,0.45155516388497796,kc_half,0.40695835435621164,0.40408520487992206,0.4072775931869105,3
houses,sparse_all,outlier,7008,0.46160111861530984,0.5520147111882965,0.45155516388497796,kc_land,0.3960438831763453,0.3793871740972239,0.397894628629581,7
houses,sparse_all,outlier,7009,0.4188937917824828,0.3862847194208186,0.42218790946944423,uniform,0.40930366541545965,0.379890291622027,0.41227495861176844,4
houses,sparse_all,outlier,7009,0.4188937917824828,0.3862847194208186,0.42218790946944423,hyb_ws,0.4099442708072326,0.40515779891740517,0.41042779274050173,0
houses,sparse_all,outlier,7009,0.4188937917824828,0.3862847194208186,0.42218790946944423,hyb_randreg,0.41101321752872144,0.39414569570750646,0.4127171483044951,0
houses,sparse_all,outlier,7009,0.4188937917824828,0.3862847194208186,0.42218790946944423,kc_half,0.4063162055439183,0.3905759843117209,0.4079062581704574,2
houses,sparse_all,outlier,7009,0.4188937917824828,0.3862847194208186,0.42218790946944423,kc_land,0.4039884418682807,0.38368568886142923,0.4060393943465395,0
houses,hard,clean,7000,0.4044344816361421,0.524259657103909,0.39123143010666567,uniform,0.38715923401343033,0.5050356051890688,0.3741709133482268,15
houses,hard,clean,7000,0.4044344816361421,0.524259657103909,0.39123143010666567,hyb_ws,0.3927929095697055,0.5192013220038064,0.378864477780547,20
houses,hard,clean,7000,0.4044344816361421,0.524259657103909,0.39123143010666567,hyb_randreg,0.39512495894226685,0.5188935867667007,0.38148739434434836,26
houses,hard,clean,7000,0.4044344816361421,0.524259657103909,0.39123143010666567,kc_half,0.4008732600962312,0.5484840821471109,0.3846086205308137,7
houses,hard,clean,7000,0.4044344816361421,0.524259657103909,0.39123143010666567,kc_land,0.3901364144011409,0.5068023614480384,0.37728146547590685,27
houses,hard,clean,7001,0.43443954040491384,0.5144960893356969,0.42579077196086795,uniform,0.3862014729863631,0.46247921245004386,0.3779609415761594,12
houses,hard,clean,7001,0.43443954040491384,0.5144960893356969,0.42579077196086795,hyb_ws,0.37958860518178716,0.47157040457213434,0.36965151328089085,18
houses,hard,clean,7001,0.43443954040491384,0.5144960893356969,0.42579077196086795,hyb_randreg,0.3825099585207376,0.4754788857587296,0.3724662239991816,4
houses,hard,clean,7001,0.43443954040491384,0.5144960893356969,0.42579077196086795,kc_half,0.38338862488494885,0.4603184137388747,0.37507765046582664,12
houses,hard,clean,7001,0.43443954040491384,0.5144960893356969,0.42579077196086795,kc_land,0.3812560167017398,0.49765563972898597,0.3686809881752505,14
houses,hard,clean,7002,0.4348659205493969,0.4854953221999637,0.42978208792148576,uniform,0.397438443020967,0.46118820977918124,0.3910371597013663,12
houses,hard,clean,7002,0.4348659205493969,0.4854953221999637,0.42978208792148576,hyb_ws,0.39515893470214075,0.4478629161531363,0.38986678800898716,24
houses,hard,clean,7002,0.4348659205493969,0.4854953221999637,0.42978208792148576,hyb_randreg,0.39690874575590285,0.4663332675441593,0.38993764521870516,33
houses,hard,clean,7002,0.4348659205493969,0.4854953221999637,0.42978208792148576,kc_half,0.396246853003905,0.45790367243675467,0.3900557280814868,18
houses,hard,clean,7002,0.4348659205493969,0.4854953221999637,0.42978208792148576,kc_land,0.39512269197053546,0.45810592531273314,0.38879837830618824,13
houses,hard,clean,7003,0.45458402883640037,0.4733032068433745,0.4524519921321808,uniform,0.39598153691998006,0.4152025222048841,0.3937923464489341,16
houses,hard,clean,7003,0.45458402883640037,0.4733032068433745,0.4524519921321808,hyb_ws,0.40116783358810915,0.4060927785817958,0.4006069027882156,20
houses,hard,clean,7003,0.45458402883640037,0.4733032068433745,0.4524519921321808,hyb_randreg,0.4041918783417952,0.4254429983581435,0.4017714639483988,4
houses,hard,clean,7003,0.45458402883640037,0.4733032068433745,0.4524519921321808,kc_half,0.40416874966257343,0.41842834702948584,0.4025446406892882,12
houses,hard,clean,7003,0.45458402883640037,0.4733032068433745,0.4524519921321808,kc_land,0.39997426810122694,0.4006895400139678,0.39989280159821633,15
houses,hard,clean,7004,0.4293192992591014,0.49206727695073915,0.4228281291530699,uniform,0.40142137106806575,0.4500630656942244,0.3963894716239803,22
houses,hard,clean,7004,0.4293192992591014,0.49206727695073915,0.4228281291530699,hyb_ws,0.39807134250277704,0.449453822810208,0.39275591350545663,31
houses,hard,clean,7004,0.4293192992591014,0.49206727695073915,0.4228281291530699,hyb_randreg,0.40828807888697294,0.45336367363297353,0.40362508632704186,13
houses,hard,clean,7004,0.4293192992591014,0.49206727695073915,0.4228281291530699,kc_half,0.40557394707165545,0.4510005944300701,0.4008746387242333,19
houses,hard,clean,7004,0.4293192992591014,0.49206727695073915,0.4228281291530699,kc_land,0.3987936187288868,0.4608500587010269,0.392373987007631,44
houses,hard,clean,7005,0.42986199976886713,0.44569074666177844,0.428019803995955,uniform,0.41636899068571775,0.4345484798990181,0.41425320865893955,19
houses,hard,clean,7005,0.42986199976886713,0.44569074666177844,0.428019803995955,hyb_ws,0.4046664344429879,0.4294122300570899,0.4017864465079948,23
houses,hard,clean,7005,0.42986199976886713,0.44569074666177844,0.428019803995955,hyb_randreg,0.4080774216785178,0.43341653639809885,0.4051283815339279,12
houses,hard,clean,7005,0.42986199976886713,0.44569074666177844,0.428019803995955,kc_half,0.4026288909522293,0.42540298294645146,0.3999783756405936,25
houses,hard,clean,7005,0.42986199976886713,0.44569074666177844,0.428019803995955,kc_land,0.4136104307916838,0.43498453540861515,0.41112285009805816,38
houses,hard,clean,7006,0.435841472739146,0.4787656038983501,0.43116468218035264,uniform,0.3890243856812181,0.47690901043963835,0.3794489330807027,25
houses,hard,clean,7006,0.435841472739146,0.4787656038983501,0.43116468218035264,hyb_ws,0.39244478165060936,0.47618934512634464,0.38332040864091604,32
houses,hard,clean,7006,0.435841472739146,0.4787656038983501,0.43116468218035264,hyb_randreg,0.39214434072124454,0.48117977336849266,0.38244350206575,20
houses,hard,clean,7006,0.435841472739146,0.4787656038983501,0.43116468218035264,kc_half,0.3997761732428093,0.48063197332626356,0.3909665448999212,24
houses,hard,clean,7006,0.435841472739146,0.4787656038983501,0.43116468218035264,kc_land,0.38635194713707993,0.4715860313950406,0.37706528367343184,54
houses,hard,clean,7007,0.44081222886555665,0.4309414990832469,0.4418664905412544,uniform,0.3974139746582089,0.3789237211885166,0.39938886061263645,27
houses,hard,clean,7007,0.44081222886555665,0.4309414990832469,0.4418664905412544,hyb_ws,0.3956184191413148,0.390409673138714,0.39617474895786264,27
houses,hard,clean,7007,0.44081222886555665,0.4309414990832469,0.4418664905412544,hyb_randreg,0.39577984001162997,0.3853279741139484,0.39689617101232305,34
houses,hard,clean,7007,0.44081222886555665,0.4309414990832469,0.4418664905412544,kc_half,0.39816806486307793,0.3876006937358146,0.39929673261491067,26
houses,hard,clean,7007,0.44081222886555665,0.4309414990832469,0.4418664905412544,kc_land,0.397433735475494,0.37440804241804204,0.39989303750099936,35
houses,hard,clean,7008,0.4304087216700766,0.45903140605902587,0.4272284234046378,uniform,0.39277020462853957,0.40388052354116316,0.39153572474935916,14
houses,hard,clean,7008,0.4304087216700766,0.45903140605902587,0.4272284234046378,hyb_ws,0.3942647589094334,0.40379006691885133,0.3932063913528313,8
houses,hard,clean,7008,0.4304087216700766,0.45903140605902587,0.4272284234046378,hyb_randreg,0.3974961338797857,0.42063738032281867,0.3949248842750042,4
houses,hard,clean,7008,0.4304087216700766,0.45903140605902587,0.4272284234046378,kc_half,0.39592480825907445,0.3960330039010242,0.39591278652108003,8
houses,hard,clean,7008,0.4304087216700766,0.45903140605902587,0.4272284234046378,kc_land,0.38794230640024796,0.40250734339491706,0.38632396895639576,14
houses,hard,clean,7009,0.41955177024791324,0.4548206361722676,0.41598896435905053,uniform,0.39126716894329516,0.4290935013681235,0.3874460117729368,14
houses,hard,clean,7009,0.41955177024791324,0.4548206361722676,0.41598896435905053,hyb_ws,0.3893465761031657,0.42877330454689816,0.3853637494203003,16
houses,hard,clean,7009,0.41955177024791324,0.4548206361722676,0.41598896435905053,hyb_randreg,0.38688757987474676,0.4202580030624094,0.3835165517134827,25
houses,hard,clean,7009,0.41955177024791324,0.4548206361722676,0.41598896435905053,kc_half,0.38988635888665657,0.418570028721209,0.38698877924743813,16
houses,hard,clean,7009,0.41955177024791324,0.4548206361722676,0.41598896435905053,kc_land,0.38795012511692195,0.4373366446683664,0.3829611758531234,13
houses,hard,outlier,7000,0.4733244018379957,0.514154856166506,0.4688254591878656,uniform,0.42373725406393964,0.492532666344787,0.41615696578320244,11
houses,hard,outlier,7000,0.4733244018379957,0.514154856166506,0.4688254591878656,hyb_ws,0.4179598563369451,0.4832023302126747,0.4107710519715095,12
houses,hard,outlier,7000,0.4733244018379957,0.514154856166506,0.4688254591878656,hyb_randreg,0.42900031065860356,0.5074386770833443,0.4203575042554334,2
houses,hard,outlier,7000,0.4733244018379957,0.514154856166506,0.4688254591878656,kc_half,0.43254719637449274,0.49093430977381614,0.4261137564578868,10
houses,hard,outlier,7000,0.4733244018379957,0.514154856166506,0.4688254591878656,kc_land,0.41752267595147047,0.4813246924885109,0.41049258975518826,22
houses,hard,outlier,7001,0.42975923437583097,0.5045278394072176,0.4216817396494485,uniform,0.4036450634461196,0.4954606735299583,0.39372592551462454,16
houses,hard,outlier,7001,0.42975923437583097,0.5045278394072176,0.4216817396494485,hyb_ws,0.3995646549433645,0.5227125588487467,0.3862605877624507,13
houses,hard,outlier,7001,0.42975923437583097,0.5045278394072176,0.4216817396494485,hyb_randreg,0.39043414272487853,0.4694347591226631,0.38189945009464704,39
houses,hard,outlier,7001,0.42975923437583097,0.5045278394072176,0.4216817396494485,kc_half,0.39555264898043563,0.5033437343894264,0.3839076286730931,11
houses,hard,outlier,7001,0.42975923437583097,0.5045278394072176,0.4216817396494485,kc_land,0.39585586801999945,0.524226986412169,0.3819875200496542,16
houses,hard,outlier,7002,0.4464824626435255,0.50455881721213,0.44065086170334916,uniform,0.43869979691606853,0.49009295731147384,0.43353927324500313,14
houses,hard,outlier,7002,0.4464824626435255,0.50455881721213,0.44065086170334916,hyb_ws,0.43657625985152676,0.5028416733512163,0.4299223737642127,12
houses,hard,outlier,7002,0.4464824626435255,0.50455881721213,0.44065086170334916,hyb_randreg,0.4301546198320502,0.47592467054942966,0.4255587275316806,25
houses,hard,outlier,7002,0.4464824626435255,0.50455881721213,0.44065086170334916,kc_half,0.4310788347174733,0.4689789818344737,0.4272731803302092,14
houses,hard,outlier,7002,0.4464824626435255,0.50455881721213,0.44065086170334916,kc_land,0.4273298771615036,0.5083636216482085,0.41919306375362264,10
houses,hard,outlier,7003,0.46234087453904726,0.4690869664143997,0.4615725226657476,uniform,0.43320795737619894,0.4973340040317089,0.4259042667379077,20
houses,hard,outlier,7003,0.46234087453904726,0.4690869664143997,0.4615725226657476,hyb_ws,0.4462159470776489,0.45737804650582764,0.4449446302672548,20
houses,hard,outlier,7003,0.46234087453904726,0.4690869664143997,0.4615725226657476,hyb_randreg,0.43586441829365763,0.4594886506022702,0.43317371625683715,10
houses,hard,outlier,7003,0.46234087453904726,0.4690869664143997,0.4615725226657476,kc_half,0.4353815814174029,0.4439406052536369,0.43440674411608865,11
houses,hard,outlier,7003,0.46234087453904726,0.4690869664143997,0.4615725226657476,kc_land,0.42959811662534947,0.45712085099969313,0.4264633913791488,14
houses,hard,outlier,7004,0.6102836905101947,0.672689100927454,0.6038279583980642,uniform,0.4308976813218308,0.5195263466401767,0.42172919870269154,28
houses,hard,outlier,7004,0.6102836905101947,0.672689100927454,0.6038279583980642,hyb_ws,0.41849406953663176,0.501337896097426,0.4099240185131013,32
houses,hard,outlier,7004,0.6102836905101947,0.672689100927454,0.6038279583980642,hyb_randreg,0.42712935285382914,0.5021807885240437,0.41936541123277243,12
houses,hard,outlier,7004,0.6102836905101947,0.672689100927454,0.6038279583980642,kc_half,0.41994936121062354,0.49382991939847193,0.41230654484636337,29
houses,hard,outlier,7004,0.6102836905101947,0.672689100927454,0.6038279583980642,kc_land,0.4273993334473487,0.5246346396832767,0.41734050866432154,41
houses,hard,outlier,7005,0.4266518579800694,0.46473171971104155,0.4222200125037045,uniform,0.41731558322124507,0.44919639272981027,0.4136052015396733,19
houses,hard,outlier,7005,0.4266518579800694,0.46473171971104155,0.4222200125037045,hyb_ws,0.42928597170460137,0.4618698015927751,0.4254937704588943,17
houses,hard,outlier,7005,0.4266518579800694,0.46473171971104155,0.4222200125037045,hyb_randreg,0.42788657276908393,0.44923040299366196,0.42540251549762176,20
houses,hard,outlier,7005,0.4266518579800694,0.46473171971104155,0.4222200125037045,kc_half,0.42590491915316575,0.4544045871124602,0.42258804459580435,16
houses,hard,outlier,7005,0.4266518579800694,0.46473171971104155,0.4222200125037045,kc_land,0.42109053262239077,0.44857827874854,0.4178914284821161,38
houses,hard,outlier,7006,0.44048122583327465,0.5025272794454368,0.43372100984503514,uniform,0.40556146449626995,0.4916824672768604,0.3961781669934221,25
houses,hard,outlier,7006,0.44048122583327465,0.5025272794454368,0.43372100984503514,hyb_ws,0.40473067122357453,0.4638818618793155,0.3982858644789929,33
houses,hard,outlier,7006,0.44048122583327465,0.5025272794454368,0.43372100984503514,hyb_randreg,0.4085729516965257,0.48874010516587163,0.39983835471469786,18
houses,hard,outlier,7006,0.44048122583327465,0.5025272794454368,0.43372100984503514,kc_half,0.40270930010542416,0.4675188951757203,0.39564798298243375,30
houses,hard,outlier,7006,0.44048122583327465,0.5025272794454368,0.43372100984503514,kc_land,0.4071528944567324,0.4830653817222364,0.3988818638231469,51
houses,hard,outlier,7007,0.43097358794744456,0.41931428970650414,0.4322188810080431,uniform,0.4276906680427072,0.4514879907357923,0.42514895067703734,33
houses,hard,outlier,7007,0.43097358794744456,0.41931428970650414,0.4322188810080431,hyb_ws,0.41798207650863906,0.43613509516983134,0.4160432095459329,30
houses,hard,outlier,7007,0.43097358794744456,0.41931428970650414,0.4322188810080431,hyb_randreg,0.4235710431091486,0.4488881311302092,0.42086700437751345,29
houses,hard,outlier,7007,0.43097358794744456,0.41931428970650414,0.4322188810080431,kc_half,0.41356272474807254,0.4287086340658047,0.41194503769864127,26
houses,hard,outlier,7007,0.43097358794744456,0.41931428970650414,0.4322188810080431,kc_land,0.4151511555700597,0.3707953780426614,0.4198886569883153,35
houses,hard,outlier,7008,0.44513086585270184,0.49489544478519887,0.43960146819353546,uniform,0.45066697757882684,0.5153930453170449,0.4434751922745804,12
houses,hard,outlier,7008,0.44513086585270184,0.49489544478519887,0.43960146819353546,hyb_ws,0.4477734691215109,0.5007983073707564,0.44188182042715035,17
houses,hard,outlier,7008,0.44513086585270184,0.49489544478519887,0.43960146819353546,hyb_randreg,0.4452800157848718,0.473242054924262,0.44217312254716173,15
houses,hard,outlier,7008,0.44513086585270184,0.49489544478519887,0.43960146819353546,kc_half,0.4374340014727769,0.46724597688974584,0.4341215597597804,11
houses,hard,outlier,7008,0.44513086585270184,0.49489544478519887,0.43960146819353546,kc_land,0.4358659058385711,0.4894272241574389,0.4299146482475858,20
houses,hard,outlier,7009,0.4249766038162917,0.43855891652942147,0.42360453974645446,uniform,0.42324667807535876,0.439278478588985,0.421627170564073,12
houses,hard,outlier,7009,0.4249766038162917,0.43855891652942147,0.42360453974645446,hyb_ws,0.42633846885666093,0.45685719309267186,0.42325551488071383,10
houses,hard,outlier,7009,0.4249766038162917,0.43855891652942147,0.42360453974645446,hyb_randreg,0.44133106850779186,0.4583710754279015,0.43960971355604944,0
houses,hard,outlier,7009,0.4249766038162917,0.43855891652942147,0.42360453974645446,kc_half,0.43973432765389114,0.4529537766465371,0.43839891951177695,10
houses,hard,outlier,7009,0.4249766038162917,0.43855891652942147,0.42360453974645446,kc_land,0.4309140132155435,0.4410716390647449,0.4298879056772399,10
houses,hard_sparse,clean,7000,0.422725043471781,0.5643768688068104,0.40711700165718023,uniform,0.4087163929165203,0.6360831730834074,0.3836637668476182,1
houses,hard_sparse,clean,7000,0.422725043471781,0.5643768688068104,0.40711700165718023,hyb_ws,0.40041127204390453,0.5739674644471037,0.3812878170386118,2
houses,hard_sparse,clean,7000,0.422725043471781,0.5643768688068104,0.40711700165718023,hyb_randreg,0.3935570925289108,0.5571221117130869,0.37553452449779295,5
houses,hard_sparse,clean,7000,0.422725043471781,0.5643768688068104,0.40711700165718023,kc_half,0.40088322543927934,0.559701367665766,0.38338369658445975,4
houses,hard_sparse,clean,7000,0.422725043471781,0.5643768688068104,0.40711700165718023,kc_land,0.3912513452499811,0.5829179933056553,0.37013237237235064,8
houses,hard_sparse,clean,7001,0.3963923109657973,0.5371130727759824,0.38118979099184386,uniform,0.39368426596714995,0.5282382935765865,0.37914795827527176,7
houses,hard_sparse,clean,7001,0.3963923109657973,0.5371130727759824,0.38118979099184386,hyb_ws,0.3829688004461159,0.49442087265650414,0.37092827186937033,6
houses,hard_sparse,clean,7001,0.3963923109657973,0.5371130727759824,0.38118979099184386,hyb_randreg,0.3856975416376756,0.5055576319552076,0.37274866761445197,1
houses,hard_sparse,clean,7001,0.3963923109657973,0.5371130727759824,0.38118979099184386,kc_half,0.38250549746395707,0.49739377175340477,0.3700937448398893,4
houses,hard_sparse,clean,7001,0.3963923109657973,0.5371130727759824,0.38118979099184386,kc_land,0.37725553283430413,0.5110520886998776,0.36280105726987927,7
houses,hard_sparse,clean,7002,0.4487881930611278,0.5010952665278058,0.4435359009523692,uniform,0.3786875455801827,0.43748228051214194,0.37278381016060497,5
houses,hard_sparse,clean,7002,0.4487881930611278,0.5010952665278058,0.4435359009523692,hyb_ws,0.3821198377887346,0.43543670876126805,0.37676614923165763,3
houses,hard_sparse,clean,7002,0.4487881930611278,0.5010952665278058,0.4435359009523692,hyb_randreg,0.3840115762300917,0.4324331579627587,0.379149436661337,1
houses,hard_sparse,clean,7002,0.4487881930611278,0.5010952665278058,0.4435359009523692,kc_half,0.38339155289407406,0.4358837804794455,0.37812066896872043,1
houses,hard_sparse,clean,7002,0.4487881930611278,0.5010952665278058,0.4435359009523692,kc_land,0.3769073067392555,0.4269414734366967,0.37188324323318506,3
houses,hard_sparse,clean,7003,0.43054688889557974,0.46503232370026537,0.4266191409604318,uniform,0.40876824292747116,0.468236037829127,0.40199510783563674,3
houses,hard_sparse,clean,7003,0.43054688889557974,0.46503232370026537,0.4266191409604318,hyb_ws,0.408630764318498,0.4395036773675565,0.4051144676220165,8
houses,hard_sparse,clean,7003,0.43054688889557974,0.46503232370026537,0.4266191409604318,hyb_randreg,0.4194304118941769,0.4819968644216743,0.4123043525559017,3
houses,hard_sparse,clean,7003,0.43054688889557974,0.46503232370026537,0.4266191409604318,kc_half,0.41364281813799125,0.4623480469979477,0.40809549466159967,6
houses,hard_sparse,clean,7003,0.43054688889557974,0.46503232370026537,0.4266191409604318,kc_land,0.40361277735467854,0.45808319322496255,0.3974088229990823,9
houses,hard_sparse,clean,7004,0.43446935596588093,0.4948820871513902,0.42821976308462134,uniform,0.40165431646130545,0.4673330118807319,0.39485996865929573,6
houses,hard_sparse,clean,7004,0.43446935596588093,0.4948820871513902,0.42821976308462134,hyb_ws,0.39921496082311586,0.4686580951657743,0.3920311883049099,11
houses,hard_sparse,clean,7004,0.43446935596588093,0.4948820871513902,0.42821976308462134,hyb_randreg,0.40714656187462556,0.4847487066482721,0.3991187537945931,6
houses,hard_sparse,clean,7004,0.43446935596588093,0.4948820871513902,0.42821976308462134,kc_half,0.41120419987736023,0.47600367745411937,0.4045008056452818,11
houses,hard_sparse,clean,7004,0.43446935596588093,0.4948820871513902,0.42821976308462134,kc_land,0.40358576150238673,0.48194129421903276,0.39548001673859584,14
houses,hard_sparse,clean,7005,0.46596115563640383,0.5195119444904889,0.45972875849653405,uniform,0.41730880718418834,0.4545789161267474,0.4129712031012837,9
houses,hard_sparse,clean,7005,0.46596115563640383,0.5195119444904889,0.45972875849653405,hyb_ws,0.4096064563741279,0.4476760721730458,0.40517580334924674,9
houses,hard_sparse,clean,7005,0.46596115563640383,0.5195119444904889,0.45972875849653405,hyb_randreg,0.40309237914390256,0.44002063686212584,0.39879456070446656,10
houses,hard_sparse,clean,7005,0.46596115563640383,0.5195119444904889,0.45972875849653405,kc_half,0.4080434556823851,0.4561163766798455,0.4024485887954354,5
houses,hard_sparse,clean,7005,0.46596115563640383,0.5195119444904889,0.45972875849653405,kc_land,0.4104552277785748,0.43015892767249286,0.4081620536630951,14
houses,hard_sparse,clean,7006,0.43088373586583884,0.5025587327397693,0.42307440019313175,uniform,0.37665115284287853,0.45311401954199887,0.36832015572262516,11
houses,hard_sparse,clean,7006,0.43088373586583884,0.5025587327397693,0.42307440019313175,hyb_ws,0.3729952490712563,0.46436133034954724,0.3630404750367766,16
houses,hard_sparse,clean,7006,0.43088373586583884,0.5025587327397693,0.42307440019313175,hyb_randreg,0.37827337943329997,0.47219331509175055,0.3680403506798286,12
houses,hard_sparse,clean,7006,0.43088373586583884,0.5025587327397693,0.42307440019313175,kc_half,0.37723132396259096,0.4763121122664341,0.36643599548923084,13
houses,hard_sparse,clean,7006,0.43088373586583884,0.5025587327397693,0.42307440019313175,kc_land,0.3751608362242614,0.4739269518697518,0.364399792850633,27
houses,hard_sparse,clean,7007,0.43003312389184456,0.4337781179536217,0.42963313282713905,uniform,0.3859923048377459,0.4171747896838425,0.3826618014756559,9
houses,hard_sparse,clean,7007,0.43003312389184456,0.4337781179536217,0.42963313282713905,hyb_ws,0.3811003120957592,0.398574920760144,0.3792339039760988,9
houses,hard_sparse,clean,7007,0.43003312389184456,0.4337781179536217,0.42963313282713905,hyb_randreg,0.385143954483542,0.40673428872329226,0.3828379586294901,9
houses,hard_sparse,clean,7007,0.43003312389184456,0.4337781179536217,0.42963313282713905,kc_half,0.390719959663198,0.4122749244033829,0.38841774151441233,9
houses,hard_sparse,clean,7007,0.43003312389184456,0.4337781179536217,0.42963313282713905,kc_land,0.3819935811587167,0.4066450428437361,0.37936063588743346,9
houses,hard_sparse,clean,7008,0.41619884426041104,0.44552946716450154,0.41293988615995647,uniform,0.38908316562972173,0.41645192537972514,0.38604219232416576,3
houses,hard_sparse,clean,7008,0.41619884426041104,0.44552946716450154,0.41293988615995647,hyb_ws,0.38823646321985256,0.4045996489995391,0.386418331466554,2
houses,hard_sparse,clean,7008,0.41619884426041104,0.44552946716450154,0.41293988615995647,hyb_randreg,0.39587568285079694,0.40926787954582816,0.3943876609957935,8
houses,hard_sparse,clean,7008,0.41619884426041104,0.44552946716450154,0.41293988615995647,kc_half,0.39232019148735203,0.43544769432901526,0.3875282467271672,5
houses,hard_sparse,clean,7008,0.41619884426041104,0.44552946716450154,0.41293988615995647,kc_land,0.393390298198023,0.41724053563161223,0.39074027181651305,7
houses,hard_sparse,clean,7009,0.4289306265961719,0.45785063980987656,0.42600917191700055,uniform,0.38910282707079774,0.436860404324973,0.38427843102007314,7
houses,hard_sparse,clean,7009,0.4289306265961719,0.45785063980987656,0.42600917191700055,hyb_ws,0.38730186722103754,0.45159880986282147,0.3808066902462138,4
houses,hard_sparse,clean,7009,0.4289306265961719,0.45785063980987656,0.42600917191700055,hyb_randreg,0.393813044040518,0.44243979754016005,0.3889008451596017,7
houses,hard_sparse,clean,7009,0.4289306265961719,0.45785063980987656,0.42600917191700055,kc_half,0.3882979682889139,0.44415970259523385,0.38265490291858095,3
houses,hard_sparse,clean,7009,0.4289306265961719,0.45785063980987656,0.42600917191700055,kc_land,0.3874042921896697,0.4369926562209064,0.3823949529109844,5
houses,hard_sparse,outlier,7000,0.44079114302723066,0.6348338403938022,0.41941036288442496,uniform,0.4380638917339666,0.6266782724018989,0.4172812358568728,2
houses,hard_sparse,outlier,7000,0.44079114302723066,0.6348338403938022,0.41941036288442496,hyb_ws,0.42889702644998884,0.5841996220269867,0.4117848614641248,5
houses,hard_sparse,outlier,7000,0.44079114302723066,0.6348338403938022,0.41941036288442496,hyb_randreg,0.4294388797155826,0.6007804807627761,0.4105594415763275,4
houses,hard_sparse,outlier,7000,0.44079114302723066,0.6348338403938022,0.41941036288442496,kc_half,0.4363739203018421,0.594689338245139,0.4189297846028443,3
houses,hard_sparse,outlier,7000,0.44079114302723066,0.6348338403938022,0.41941036288442496,kc_land,0.4193148501417722,0.5741286378312357,0.4022565449203687,5
houses,hard_sparse,outlier,7001,0.4230698291151679,0.5190961925574731,0.4126957898513177,uniform,0.41730952087833884,0.5036062607377242,0.40798660438383466,4
houses,hard_sparse,outlier,7001,0.4230698291151679,0.5190961925574731,0.4126957898513177,hyb_ws,0.4216680567457956,0.5323374222357847,0.4097120865128051,5
houses,hard_sparse,outlier,7001,0.4230698291151679,0.5190961925574731,0.4126957898513177,hyb_randreg,0.42208812130273393,0.5418960436342618,0.4091448831561145,0
houses,hard_sparse,outlier,7001,0.4230698291151679,0.5190961925574731,0.4126957898513177,kc_half,0.4200394784654027,0.5012131350783002,0.4112700252579152,3
houses,hard_sparse,outlier,7001,0.4230698291151679,0.5190961925574731,0.4126957898513177,kc_land,0.41158017150224224,0.529389954193858,0.3988527988568876,3
houses,hard_sparse,outlier,7002,0.4376675621123541,0.4843762259726856,0.4329774211745216,uniform,0.39826713055467927,0.46050832955491394,0.392017326528521,5
houses,hard_sparse,outlier,7002,0.4376675621123541,0.4843762259726856,0.4329774211745216,hyb_ws,0.40195114347580296,0.45095346954070986,0.3970306898269196,3
houses,hard_sparse,outlier,7002,0.4376675621123541,0.4843762259726856,0.4329774211745216,hyb_randreg,0.3981527970994446,0.4267457023513973,0.3952817075762086,3
houses,hard_sparse,outlier,7002,0.4376675621123541,0.4843762259726856,0.4329774211745216,kc_half,0.393817394018673,0.4305880377588415,0.39012515606402054,4
houses,hard_sparse,outlier,7002,0.4376675621123541,0.4843762259726856,0.4329774211745216,kc_land,0.4062550311594363,0.44779504464037945,0.4020838881276497,5
houses,hard_sparse,outlier,7003,0.457989845706855,0.47626199162899,0.4559087241022454,uniform,0.4320546246627142,0.4858261957739373,0.425930265825485,4
houses,hard_sparse,outlier,7003,0.457989845706855,0.47626199162899,0.4559087241022454,hyb_ws,0.4195116344778746,0.44564283098376295,0.41653539962103586,6
houses,hard_sparse,outlier,7003,0.457989845706855,0.47626199162899,0.4559087241022454,hyb_randreg,0.42706204884003945,0.47766454168808337,0.42129863486765007,5
houses,hard_sparse,outlier,7003,0.457989845706855,0.47626199162899,0.4559087241022454,kc_half,0.42651255549669925,0.4714287141280791,0.42139679139749725,7
houses,hard_sparse,outlier,7003,0.457989845706855,0.47626199162899,0.4559087241022454,kc_land,0.4207161296914538,0.46285901025082676,0.41591623045759585,7
houses,hard_sparse,outlier,7004,0.4540103492557774,0.5256283798261258,0.44660158747263795,uniform,0.4219651541558484,0.46152761254831437,0.41787248604628296,6
houses,hard_sparse,outlier,7004,0.4540103492557774,0.5256283798261258,0.44660158747263795,hyb_ws,0.4252703030307635,0.5280686349860674,0.4146359928284907,9
houses,hard_sparse,outlier,7004,0.4540103492557774,0.5256283798261258,0.44660158747263795,hyb_randreg,0.41732939052803386,0.46921125050441137,0.4119623015649604,7
houses,hard_sparse,outlier,7004,0.4540103492557774,0.5256283798261258,0.44660158747263795,kc_half,0.4209452628276287,0.4873014247843341,0.41408083228038317,7
houses,hard_sparse,outlier,7004,0.4540103492557774,0.5256283798261258,0.44660158747263795,kc_land,0.42480016858599434,0.48045586529000406,0.41904268272006234,10
houses,hard_sparse,outlier,7005,0.4491807728416001,0.49326520276370206,0.4440500981897673,uniform,0.431137903138116,0.4847773161658315,0.4248951916581949,8
houses,hard_sparse,outlier,7005,0.4491807728416001,0.49326520276370206,0.4440500981897673,hyb_ws,0.41546913037152433,0.45646115852830815,0.4106983584649157,7
houses,hard_sparse,outlier,7005,0.4491807728416001,0.49326520276370206,0.4440500981897673,hyb_randreg,0.4151719953153965,0.4619450862374198,0.4097284064472737,8
houses,hard_sparse,outlier,7005,0.4491807728416001,0.49326520276370206,0.4440500981897673,kc_half,0.41741432221825336,0.4471784997564529,0.413950280344564,9
houses,hard_sparse,outlier,7005,0.4491807728416001,0.49326520276370206,0.4440500981897673,kc_land,0.4194591577832596,0.5002025096287201,0.41006201077808035,16
houses,hard_sparse,outlier,7006,0.41466826145124047,0.48560681806523354,0.4069391644871985,uniform,0.41453930695452856,0.5320658927502158,0.4017342201184584,9
houses,hard_sparse,outlier,7006,0.41466826145124047,0.48560681806523354,0.4069391644871985,hyb_ws,0.41304427876404975,0.5321680483710339,0.40006517106913847,14
houses,hard_sparse,outlier,7006,0.41466826145124047,0.48560681806523354,0.4069391644871985,hyb_randreg,0.421824146222452,0.5255262902844877,0.41052529881009264,12
houses,hard_sparse,outlier,7006,0.41466826145124047,0.48560681806523354,0.4069391644871985,kc_half,0.41431524289937227,0.5103757572802723,0.4038489877977106,11
houses,hard_sparse,outlier,7006,0.41466826145124047,0.48560681806523354,0.4069391644871985,kc_land,0.4051151010114499,0.5013398315131274,0.39463095377353496,28
houses,hard_sparse,outlier,7007,0.45285044243834416,0.43215523555392343,0.4550608325483016,uniform,0.40235903524972205,0.4048730789859722,0.4020905181268132,9
houses,hard_sparse,outlier,7007,0.45285044243834416,0.43215523555392343,0.4550608325483016,hyb_ws,0.405960483033996,0.3938359654869872,0.4072554647089118,14
houses,hard_sparse,outlier,7007,0.45285044243834416,0.43215523555392343,0.4550608325483016,hyb_randreg,0.40749040752021937,0.3954190476493082,0.40877971159054904,11
houses,hard_sparse,outlier,7007,0.45285044243834416,0.43215523555392343,0.4550608325483016,kc_half,0.4111356366488109,0.4050578409050468,0.4117847869413103,12
houses,hard_sparse,outlier,7007,0.45285044243834416,0.43215523555392343,0.4550608325483016,kc_land,0.41361875892065586,0.40368193536963193,0.4146800798644011,17
houses,hard_sparse,outlier,7008,0.4804449690031951,0.5867421410855495,0.46863417210515573,uniform,0.43780460852479125,0.4832588557518545,0.43275413661067313,3
houses,hard_sparse,outlier,7008,0.4804449690031951,0.5867421410855495,0.46863417210515573,hyb_ws,0.46199612174347,0.5125532209279358,0.45637866627852935,5
houses,hard_sparse,outlier,7008,0.4804449690031951,0.5867421410855495,0.46863417210515573,hyb_randreg,0.42576633921133633,0.4898381317826667,0.4186472511478552,4
houses,hard_sparse,outlier,7008,0.4804449690031951,0.5867421410855495,0.46863417210515573,kc_half,0.42705537006964667,0.4821821088822125,0.4209301768682504,2
houses,hard_sparse,outlier,7008,0.4804449690031951,0.5867421410855495,0.46863417210515573,kc_land,0.4311646403126758,0.4580406845448601,0.42817841317576644,8
houses,hard_sparse,outlier,7009,0.4157106705226036,0.4492807852279541,0.41231946983533035,uniform,0.4072933635867787,0.43316445511381496,0.40467990622635414,4
houses,hard_sparse,outlier,7009,0.4157106705226036,0.4492807852279541,0.41231946983533035,hyb_ws,0.4068547267205945,0.445428197578605,0.40295809478971367,3
houses,hard_sparse,outlier,7009,0.4157106705226036,0.4492807852279541,0.41231946983533035,hyb_randreg,0.4066281029814187,0.43754029148743434,0.4035054018579098,9
houses,hard_sparse,outlier,7009,0.4157106705226036,0.4492807852279541,0.41231946983533035,kc_half,0.39402199333403326,0.4260161874866424,0.3907899896858066,6
houses,hard_sparse,outlier,7009,0.4157106705226036,0.4492807852279541,0.41231946983533035,kc_land,0.40164617884169346,0.4383473838231799,0.3979386802927792,4
medical_charges,sparse_init,clean,7000,0.1012987207704259,0.10904269499937387,0.10037083136113426,uniform,0.09059000385143903,0.1138980032800071,0.08779722004532842,5
medical_charges,sparse_init,clean,7000,0.1012987207704259,0.10904269499937387,0.10037083136113426,hyb_ws,0.08850554865602013,0.11137068647000549,0.0857658288955538,17
medical_charges,sparse_init,clean,7000,0.1012987207704259,0.10904269499937387,0.10037083136113426,hyb_randreg,0.095530284801165,0.11750228127150106,0.09289758197661185,0
medical_charges,sparse_init,clean,7000,0.1012987207704259,0.10904269499937387,0.10037083136113426,kc_half,0.09112040416107965,0.11383627775450421,0.08839856936321132,20
medical_charges,sparse_init,clean,7000,0.1012987207704259,0.10904269499937387,0.10037083136113426,kc_land,0.09266988074162628,0.12088076354402806,0.08928962938680321,0
medical_charges,sparse_init,clean,7001,0.10500300296149606,0.1105851385369066,0.10435855116890824,uniform,0.09774413202157815,0.10722614853198538,0.09664944299890425,5
medical_charges,sparse_init,clean,7001,0.10500300296149606,0.1105851385369066,0.10435855116890824,hyb_ws,0.0979769543875925,0.11227193579467114,0.09632661353356836,17
medical_charges,sparse_init,clean,7001,0.10500300296149606,0.1105851385369066,0.10435855116890824,hyb_randreg,0.09763431275435862,0.10812807000504626,0.09642281930712363,0
medical_charges,sparse_init,clean,7001,0.10500300296149606,0.1105851385369066,0.10435855116890824,kc_half,0.09907789931791927,0.10991757735672233,0.09782646967261407,13
medical_charges,sparse_init,clean,7001,0.10500300296149606,0.1105851385369066,0.10435855116890824,kc_land,0.09827821422925619,0.11123638277169835,0.0967822070411438,0
medical_charges,sparse_init,clean,7002,0.10621288388530456,0.08783874142264181,0.10845489004835039,uniform,0.09874627456689053,0.09343475503434354,0.09939438424337244,6
medical_charges,sparse_init,clean,7002,0.10621288388530456,0.08783874142264181,0.10845489004835039,hyb_ws,0.09566543022079364,0.09043310238442837,0.0963038769553852,10
medical_charges,sparse_init,clean,7002,0.10621288388530456,0.08783874142264181,0.10845489004835039,hyb_randreg,0.09583473956505624,0.08753666661505868,0.09684726740046969,43
medical_charges,sparse_init,clean,7002,0.10621288388530456,0.08783874142264181,0.10845489004835039,kc_half,0.0995371390556546,0.10011317349301284,0.09946685154366279,11
medical_charges,sparse_init,clean,7002,0.10621288388530456,0.08783874142264181,0.10845489004835039,kc_land,0.0985778047516287,0.0926342743680973,0.0993030321616809,4
medical_charges,sparse_init,clean,7003,0.10521816783925647,0.13763810317499137,0.10152567172332341,uniform,0.08936304860913992,0.088908473188955,0.08941482286334643,34
medical_charges,sparse_init,clean,7003,0.10521816783925647,0.13763810317499137,0.10152567172332341,hyb_ws,0.08857410259432999,0.10078791485806937,0.0871830000557977,42
medical_charges,sparse_init,clean,7003,0.10521816783925647,0.13763810317499137,0.10152567172332341,hyb_randreg,0.09002898975766735,0.10480458177083066,0.08834611113517116,25
medical_charges,sparse_init,clean,7003,0.10521816783925647,0.13763810317499137,0.10152567172332341,kc_half,0.08909189553742944,0.1007008827346285,0.0877696800643984,33
medical_charges,sparse_init,clean,7003,0.10521816783925647,0.13763810317499137,0.10152567172332341,kc_land,0.08896960816747822,0.08755761298598774,0.08913042855991198,72
medical_charges,sparse_init,clean,7004,0.117634691886478,0.09704733550776733,0.11978323432467586,uniform,0.10292599299773054,0.10481338788095236,0.10272902025729491,9
medical_charges,sparse_init,clean,7004,0.117634691886478,0.09704733550776733,0.11978323432467586,hyb_ws,0.09875589821284625,0.0830772684696772,0.10039215498891413,9
medical_charges,sparse_init,clean,7004,0.117634691886478,0.09704733550776733,0.11978323432467586,hyb_randreg,0.09945305073423434,0.0796471457985058,0.10152003915657155,18
medical_charges,sparse_init,clean,7004,0.117634691886478,0.09704733550776733,0.11978323432467586,kc_half,0.09824659796790541,0.0810888276333781,0.1000372211557716,12
medical_charges,sparse_init,clean,7004,0.117634691886478,0.09704733550776733,0.11978323432467586,kc_land,0.0960368485852042,0.08295786702516894,0.09740180027755464,1
medical_charges,sparse_init,clean,7005,0.11005895027037753,0.08606252800665282,0.11273262777183725,uniform,0.1032312583316423,0.07845681826916794,0.1059916224508566,17
medical_charges,sparse_init,clean,7005,0.11005895027037753,0.08606252800665282,0.11273262777183725,hyb_ws,0.10199038217752159,0.07734925217231702,0.10473589291163857,4
medical_charges,sparse_init,clean,7005,0.11005895027037753,0.08606252800665282,0.11273262777183725,hyb_randreg,0.10188891004280666,0.0773620084326897,0.10462169346755155,16
medical_charges,sparse_init,clean,7005,0.11005895027037753,0.08606252800665282,0.11273262777183725,kc_half,0.10150010595573689,0.07860083135341926,0.10405153944157443,11
medical_charges,sparse_init,clean,7005,0.11005895027037753,0.08606252800665282,0.11273262777183725,kc_land,0.10070230941855197,0.07819625944685457,0.10320992987941628,6
medical_charges,sparse_init,clean,7006,0.11066602653204484,0.09227856605052845,0.11260181609917878,uniform,0.09170100113345538,0.09235265760130533,0.09163239623866377,5
medical_charges,sparse_init,clean,7006,0.11066602653204484,0.09227856605052845,0.11260181609917878,hyb_ws,0.09033809530277306,0.0901021138455218,0.0903629388880764,5
medical_charges,sparse_init,clean,7006,0.11066602653204484,0.09227856605052845,0.11260181609917878,hyb_randreg,0.09193199923497965,0.09038214692096239,0.0920951641235236,48
medical_charges,sparse_init,clean,7006,0.11066602653204484,0.09227856605052845,0.11260181609917878,kc_half,0.08966459194057089,0.08968347160011465,0.08966260433341802,13
medical_charges,sparse_init,clean,7006,0.11066602653204484,0.09227856605052845,0.11260181609917878,kc_land,0.09530232301400136,0.0935525968197494,0.09548653016515082,0
medical_charges,sparse_init,clean,7007,0.0953785652135856,0.05933382192733806,0.09918428437758409,uniform,0.08783727632527352,0.05663198349324872,0.09113203084761555,15
medical_charges,sparse_init,clean,7007,0.0953785652135856,0.05933382192733806,0.09918428437758409,hyb_ws,0.0900920839164562,0.07064558439026261,0.09214530747063143,6
medical_charges,sparse_init,clean,7007,0.0953785652135856,0.05933382192733806,0.09918428437758409,hyb_randreg,0.089347061297421,0.060255173949164534,0.09241867571617002,2
medical_charges,sparse_init,clean,7007,0.0953785652135856,0.05933382192733806,0.09918428437758409,kc_half,0.08946168061129861,0.06453918616890304,0.09209307720527182,15
medical_charges,sparse_init,clean,7007,0.0953785652135856,0.05933382192733806,0.09918428437758409,kc_land,0.0861795534071296,0.06243557946457296,0.08868651804119722,6
medical_charges,sparse_init,clean,7008,0.10331730699428786,0.07457814528792453,0.1064309152589562,uniform,0.09381845487039348,0.06854358570509458,0.09655674077885341,8
medical_charges,sparse_init,clean,7008,0.10331730699428786,0.07457814528792453,0.1064309152589562,hyb_ws,0.0929917849143883,0.06888988897868163,0.09560299059764163,7
medical_charges,sparse_init,clean,7008,0.10331730699428786,0.07457814528792453,0.1064309152589562,hyb_randreg,0.09422025897862622,0.0702729970169331,0.09681471157685897,20
medical_charges,sparse_init,clean,7008,0.10331730699428786,0.07457814528792453,0.1064309152589562,kc_half,0.09330032480167762,0.0705621587090874,0.09576378363853069,19
medical_charges,sparse_init,clean,7008,0.10331730699428786,0.07457814528792453,0.1064309152589562,kc_land,0.09055526077536893,0.07033092849567948,0.0927463702021793,1
medical_charges,sparse_init,clean,7009,0.12564632602430378,0.16356746173803086,0.12151463588416107,uniform,0.09279511268660569,0.12302642960781948,0.08950126529263923,14
medical_charges,sparse_init,clean,7009,0.12564632602430378,0.16356746173803086,0.12151463588416107,hyb_ws,0.09263062955244925,0.1201664469860957,0.0896304697932524,28
medical_charges,sparse_init,clean,7009,0.12564632602430378,0.16356746173803086,0.12151463588416107,hyb_randreg,0.09120593383001428,0.11375279839627221,0.08874934448303913,23
medical_charges,sparse_init,clean,7009,0.12564632602430378,0.16356746173803086,0.12151463588416107,kc_half,0.09286044268637514,0.11714298508444541,0.0902147428908549,12
medical_charges,sparse_init,clean,7009,0.12564632602430378,0.16356746173803086,0.12151463588416107,kc_land,0.0927514236972563,0.11546118493399093,0.09027708597448483,20
medical_charges,sparse_init,outlier,7000,0.12930669048671511,0.11528231437662477,0.13098710285376963,uniform,0.12081872268507493,0.14548973882026286,0.11786262108768958,6
medical_charges,sparse_init,outlier,7000,0.12930669048671511,0.11528231437662477,0.13098710285376963,hyb_ws,0.1131133361633396,0.11670781365978054,0.11268264289108969,5
medical_charges,sparse_init,outlier,7000,0.12930669048671511,0.11528231437662477,0.13098710285376963,hyb_randreg,0.13573878119835445,0.15027989082224866,0.13399645339347577,33
medical_charges,sparse_init,outlier,7000,0.12930669048671511,0.11528231437662477,0.13098710285376963,kc_half,0.12222895615195084,0.1470181560487244,0.11925869367831728,21
medical_charges,sparse_init,outlier,7000,0.12930669048671511,0.11528231437662477,0.13098710285376963,kc_land,0.11982866149506083,0.13742131631566862,0.11772069501599582,0
medical_charges,sparse_init,outlier,7001,0.12147230446597698,0.12815583011742568,0.12070069832551412,uniform,0.11867033955971798,0.11976062158307758,0.11854446762506353,5
medical_charges,sparse_init,outlier,7001,0.12147230446597698,0.12815583011742568,0.12070069832551412,hyb_ws,0.107313690429133,0.10983017028936126,0.10702316542574913,18
medical_charges,sparse_init,outlier,7001,0.12147230446597698,0.12815583011742568,0.12070069832551412,hyb_randreg,0.10999478653417895,0.12767937916537414,0.10795311856169851,0
medical_charges,sparse_init,outlier,7001,0.12147230446597698,0.12815583011742568,0.12070069832551412,kc_half,0.11492168008931075,0.12834310780437863,0.11337219010770505,11
medical_charges,sparse_init,outlier,7001,0.12147230446597698,0.12815583011742568,0.12070069832551412,kc_land,0.11292163932556787,0.11205576872536008,0.11302160319296499,1
medical_charges,sparse_init,outlier,7002,0.12452888076086825,0.09731877773930596,0.12784904760922158,uniform,0.13673873205906462,0.11866578211249167,0.13894398682112893,6
medical_charges,sparse_init,outlier,7002,0.12452888076086825,0.09731877773930596,0.12784904760922158,hyb_ws,0.12748777006496254,0.10972899897070977,0.12965468883803408,10
medical_charges,sparse_init,outlier,7002,0.12452888076086825,0.09731877773930596,0.12784904760922158,hyb_randreg,0.11973975885982997,0.10528623027679924,0.12150337314695996,41
medical_charges,sparse_init,outlier,7002,0.12452888076086825,0.09731877773930596,0.12784904760922158,kc_half,0.12022334783854254,0.11366745461243787,0.12102329553934355,13
medical_charges,sparse_init,outlier,7002,0.12452888076086825,0.09731877773930596,0.12784904760922158,kc_land,0.12778305497265813,0.12328581588518042,0.1283318064461652,4
medical_charges,sparse_init,outlier,7003,0.13270450415989996,0.1839778506533449,0.12686468274084703,uniform,0.12525266976146046,0.09939727063489193,0.1281974924411504,35
medical_charges,sparse_init,outlier,7003,0.13270450415989996,0.1839778506533449,0.12686468274084703,hyb_ws,0.11751900450289261,0.1012999370948227,0.11936628898351098,36
medical_charges,sparse_init,outlier,7003,0.13270450415989996,0.1839778506533449,0.12686468274084703,hyb_randreg,0.11396908094755204,0.0915659343739835,0.11652070638575575,28
medical_charges,sparse_init,outlier,7003,0.13270450415989996,0.1839778506533449,0.12686468274084703,kc_half,0.11844309802817887,0.09553629034476359,0.12105208837697219,33
medical_charges,sparse_init,outlier,7003,0.13270450415989996,0.1839778506533449,0.12686468274084703,kc_land,0.1253268907005731,0.08947909870840906,0.12940980546659794,66
medical_charges,sparse_init,outlier,7004,0.14355973616151255,0.08996541708501865,0.14915295885916982,uniform,0.13391065187489887,0.1448009446742138,0.1327741166241697,9
medical_charges,sparse_init,outlier,7004,0.14355973616151255,0.08996541708501865,0.14915295885916982,hyb_ws,0.13475310732023238,0.1402943667871411,0.1341748091207593,14
medical_charges,sparse_init,outlier,7004,0.14355973616151255,0.08996541708501865,0.14915295885916982,hyb_randreg,0.13656132355667386,0.10142341139164397,0.14022839445628218,41
medical_charges,sparse_init,outlier,7004,0.14355973616151255,0.08996541708501865,0.14915295885916982,kc_half,0.1363983148947337,0.09600328978790312,0.14061402982857743,13
medical_charges,sparse_init,outlier,7004,0.14355973616151255,0.08996541708501865,0.14915295885916982,kc_land,0.13686771351329394,0.17248838779471243,0.13315026048226797,1
medical_charges,sparse_init,outlier,7005,0.1495975716065127,0.1153619355075774,0.15341210066338212,uniform,0.13108016490186786,0.14077941276674408,0.12999947626785413,17
medical_charges,sparse_init,outlier,7005,0.1495975716065127,0.1153619355075774,0.15341210066338212,hyb_ws,0.14051535112897848,0.14773209790786612,0.13971126236589596,10
medical_charges,sparse_init,outlier,7005,0.1495975716065127,0.1153619355075774,0.15341210066338212,hyb_randreg,0.14620348692792473,0.16854539545181998,0.1437141550807222,20
medical_charges,sparse_init,outlier,7005,0.1495975716065127,0.1153619355075774,0.15341210066338212,kc_half,0.146437015837979,0.14542865437363867,0.14654936730983245,17
medical_charges,sparse_init,outlier,7005,0.1495975716065127,0.1153619355075774,0.15341210066338212,kc_land,0.13810007955238737,0.14581034238870252,0.1372410033097193,10
medical_charges,sparse_init,outlier,7006,0.13820338637152463,0.14670780637752537,0.1373080605847641,uniform,0.13254258651678733,0.12379464363747646,0.1334635498317963,4
medical_charges,sparse_init,outlier,7006,0.13820338637152463,0.14670780637752537,0.1373080605847641,hyb_ws,0.13237187953244553,0.12569688561547893,0.13307460754636216,13
medical_charges,sparse_init,outlier,7006,0.13820338637152463,0.14670780637752537,0.1373080605847641,hyb_randreg,0.12633100437189654,0.13574728702118746,0.12533967978240224,1
medical_charges,sparse_init,outlier,7006,0.13820338637152463,0.14670780637752537,0.1373080605847641,kc_half,0.12899230653618882,0.13448729873048573,0.12841380639083727,13
medical_charges,sparse_init,outlier,7006,0.13820338637152463,0.14670780637752537,0.1373080605847641,kc_land,0.13341479487254945,0.13821011078920084,0.13290995503716838,0
medical_charges,sparse_init,outlier,7007,0.16150003714719766,0.16098803313682475,0.161554096166535,uniform,0.1343204967113146,0.10336298246599268,0.1375890899787864,15
medical_charges,sparse_init,outlier,7007,0.16150003714719766,0.16098803313682475,0.161554096166535,hyb_ws,0.1280957793491923,0.11312931290743883,0.1296759866959999,18
medical_charges,sparse_init,outlier,7007,0.16150003714719766,0.16098803313682475,0.161554096166535,hyb_randreg,0.1298537142641121,0.0891618043595354,0.13415009612800055,26
medical_charges,sparse_init,outlier,7007,0.16150003714719766,0.16098803313682475,0.161554096166535,kc_half,0.13380253674636503,0.08717532546410976,0.1387255866938005,14
medical_charges,sparse_init,outlier,7007,0.16150003714719766,0.16098803313682475,0.161554096166535,kc_land,0.1283336035802311,0.12476726974834071,0.1287101485011217,9
medical_charges,sparse_init,outlier,7008,0.23200367352726214,0.15955689475027166,0.2398525764094465,uniform,0.11620461729497615,0.08491784369566718,0.11959423449567712,5
medical_charges,sparse_init,outlier,7008,0.23200367352726214,0.15955689475027166,0.2398525764094465,hyb_ws,0.12012399875559104,0.07616309582681477,0.12488673442894975,2
medical_charges,sparse_init,outlier,7008,0.23200367352726214,0.15955689475027166,0.2398525764094465,hyb_randreg,0.1223856062722271,0.07849671985051473,0.12714053965845307,18
medical_charges,sparse_init,outlier,7008,0.23200367352726214,0.15955689475027166,0.2398525764094465,kc_half,0.1259139107005443,0.0780549378748178,0.1310989642818297,27
medical_charges,sparse_init,outlier,7008,0.23200367352726214,0.15955689475027166,0.2398525764094465,kc_land,0.11526007471781832,0.07974615692904198,0.11910766182100802,0
medical_charges,sparse_init,outlier,7009,0.13411513135502115,0.1863957270278608,0.12841890898201705,uniform,0.12800960214946058,0.13106886593893216,0.12767628064425898,15
medical_charges,sparse_init,outlier,7009,0.13411513135502115,0.1863957270278608,0.12841890898201705,hyb_ws,0.12020139995317276,0.12875812908272102,0.11926910315585854,19
medical_charges,sparse_init,outlier,7009,0.13411513135502115,0.1863957270278608,0.12841890898201705,hyb_randreg,0.12919596638163727,0.14475298470793194,0.12750095440430603,1
medical_charges,sparse_init,outlier,7009,0.13411513135502115,0.1863957270278608,0.12841890898201705,kc_half,0.1309482865204522,0.15137343820587454,0.12872286799747718,11
medical_charges,sparse_init,outlier,7009,0.13411513135502115,0.1863957270278608,0.12841890898201705,kc_land,0.12201270691223302,0.1348125477779108,0.12061810268151184,15
medical_charges,sparse_all,clean,7000,0.1335349537326979,0.1247439801780667,0.13458829546880713,uniform,0.09424103285286997,0.11568376340429075,0.09167174710930671,3
medical_charges,sparse_all,clean,7000,0.1335349537326979,0.1247439801780667,0.13458829546880713,hyb_ws,0.09360141835140327,0.11696028303972872,0.09080253982771815,4
medical_charges,sparse_all,clean,7000,0.1335349537326979,0.1247439801780667,0.13458829546880713,hyb_randreg,0.09220418652650077,0.10858824041096439,0.09024103561313278,0
medical_charges,sparse_all,clean,7000,0.1335349537326979,0.1247439801780667,0.13458829546880713,kc_half,0.09255178273499765,0.10789683853895661,0.09071312543261958,7
medical_charges,sparse_all,clean,7000,0.1335349537326979,0.1247439801780667,0.13458829546880713,kc_land,0.09235513343688992,0.11010335398199132,0.09022852694380387,0
medical_charges,sparse_all,clean,7001,0.11336473310970811,0.12136885702995252,0.11244066526169327,uniform,0.09947356726459118,0.11218111463147717,0.09800649403260828,1
medical_charges,sparse_all,clean,7001,0.11336473310970811,0.12136885702995252,0.11244066526169327,hyb_ws,0.09844929029992014,0.11561645253569063,0.09646735913271183,4
medical_charges,sparse_all,clean,7001,0.11336473310970811,0.12136885702995252,0.11244066526169327,hyb_randreg,0.09784663292468815,0.11385151928140858,0.09599888530849121,0
medical_charges,sparse_all,clean,7001,0.11336473310970811,0.12136885702995252,0.11244066526169327,kc_half,0.09892464774809714,0.11213059217344644,0.09740003508995586,5
medical_charges,sparse_all,clean,7001,0.11336473310970811,0.12136885702995252,0.11244066526169327,kc_land,0.09666824440567238,0.11552798463014512,0.09449090685605394,0
medical_charges,sparse_all,clean,7002,0.10642202789025526,0.08545667658727686,0.10898021241109554,uniform,0.09862478391559688,0.09570391079646519,0.09898118778847832,3
medical_charges,sparse_all,clean,7002,0.10642202789025526,0.08545667658727686,0.10898021241109554,hyb_ws,0.1028186227926082,0.09800381680399786,0.1034061236635887,1
medical_charges,sparse_all,clean,7002,0.10642202789025526,0.08545667658727686,0.10898021241109554,hyb_randreg,0.09476025865759198,0.0902300509089923,0.09531303295510694,5
medical_charges,sparse_all,clean,7002,0.10642202789025526,0.08545667658727686,0.10898021241109554,kc_half,0.09649931034467517,0.08965697515817837,0.09733420958903032,5
medical_charges,sparse_all,clean,7002,0.10642202789025526,0.08545667658727686,0.10898021241109554,kc_land,0.101779616610135,0.10109626162383936,0.10186299933637304,1
medical_charges,sparse_all,clean,7003,0.1074349172014333,0.1383749272690845,0.10391097843293726,uniform,0.09307739663648616,0.10125038123066994,0.0921465276030634,14
medical_charges,sparse_all,clean,7003,0.1074349172014333,0.1383749272690845,0.10391097843293726,hyb_ws,0.09444721398944893,0.09844498682104297,0.0939918842517374,18
medical_charges,sparse_all,clean,7003,0.1074349172014333,0.1383749272690845,0.10391097843293726,hyb_randreg,0.09214587899413666,0.09704385163817365,0.09158802023295284,13
medical_charges,sparse_all,clean,7003,0.1074349172014333,0.1383749272690845,0.10391097843293726,kc_half,0.09187902326744561,0.09797874009651193,0.0911842908299385,16
medical_charges,sparse_all,clean,7003,0.1074349172014333,0.1383749272690845,0.10391097843293726,kc_land,0.08996446510808209,0.08810692302561239,0.09017603144384653,24
medical_charges,sparse_all,clean,7004,0.11050035261938325,0.08841665298924697,0.11280505677735993,uniform,0.09000545626626215,0.07283137860808926,0.09179778132280254,4
medical_charges,sparse_all,clean,7004,0.11050035261938325,0.08841665298924697,0.11280505677735993,hyb_ws,0.090314017563482,0.07525391322872223,0.09188572364811458,0
medical_charges,sparse_all,clean,7004,0.11050035261938325,0.08841665298924697,0.11280505677735993,hyb_randreg,0.09046259171797386,0.07222849034134583,0.09236554321448555,3
medical_charges,sparse_all,clean,7004,0.11050035261938325,0.08841665298924697,0.11280505677735993,kc_half,0.09052020482495557,0.07107441705798154,0.09254961061620796,3
medical_charges,sparse_all,clean,7004,0.11050035261938325,0.08841665298924697,0.11280505677735993,kc_land,0.08913901734932424,0.07390385776158487,0.09072899259067306,0
medical_charges,sparse_all,clean,7005,0.10423621330483433,0.09288778319361385,0.10550065355896032,uniform,0.09644482066455284,0.07730835459291481,0.0985770026303008,6
medical_charges,sparse_all,clean,7005,0.10423621330483433,0.09288778319361385,0.10550065355896032,hyb_ws,0.09582533661435212,0.0817162251894942,0.09739737153554359,2
medical_charges,sparse_all,clean,7005,0.10423621330483433,0.09288778319361385,0.10550065355896032,hyb_randreg,0.09825059254862499,0.07797742818270616,0.10050942525513609,1
medical_charges,sparse_all,clean,7005,0.10423621330483433,0.09288778319361385,0.10550065355896032,kc_half,0.09729079247415919,0.07850649730774269,0.09938373561440177,5
medical_charges,sparse_all,clean,7005,0.10423621330483433,0.09288778319361385,0.10550065355896032,kc_land,0.0956145086298078,0.07658892339302295,0.0977343362708055,4
medical_charges,sparse_all,clean,7006,0.09816759940511403,0.09850989931512989,0.09813156285752739,uniform,0.09924810804278465,0.11074334546851508,0.09803791587389732,2
medical_charges,sparse_all,clean,7006,0.09816759940511403,0.09850989931512989,0.09813156285752739,hyb_ws,0.09996231959271168,0.10431965950478847,0.09950358886419516,2
medical_charges,sparse_all,clean,7006,0.09816759940511403,0.09850989931512989,0.09813156285752739,hyb_randreg,0.09866605768867288,0.1073343086495447,0.09775348415562722,4
medical_charges,sparse_all,clean,7006,0.09816759940511403,0.09850989931512989,0.09813156285752739,kc_half,0.09607584932387521,0.10280981648891217,0.0953669127419799,2
medical_charges,sparse_all,clean,7006,0.09816759940511403,0.09850989931512989,0.09813156285752739,kc_land,0.09420306618929782,0.10477107757889176,0.09309049024582301,0
medical_charges,sparse_all,clean,7007,0.10768455692733132,0.06518074312721059,0.11217224539378962,uniform,0.09061697679913147,0.05751567046026862,0.0941119184855454,4
medical_charges,sparse_all,clean,7007,0.10768455692733132,0.06518074312721059,0.11217224539378962,hyb_ws,0.08836680806575424,0.05733595508846594,0.09164314467087423,3
medical_charges,sparse_all,clean,7007,0.10768455692733132,0.06518074312721059,0.11217224539378962,hyb_randreg,0.09567211180657113,0.07290177702352947,0.09807627650726819,3
medical_charges,sparse_all,clean,7007,0.10768455692733132,0.06518074312721059,0.11217224539378962,kc_half,0.09366622120307457,0.0673993952472809,0.09643955661355362,2
medical_charges,sparse_all,clean,7007,0.10768455692733132,0.06518074312721059,0.11217224539378962,kc_land,0.08947137386514964,0.061952573417303064,0.09237689674272768,1
medical_charges,sparse_all,clean,7008,0.09444465546981712,0.07096139266838297,0.09698883827817421,uniform,0.08763789078928692,0.06770693591816804,0.08979721563123967,2
medical_charges,sparse_all,clean,7008,0.09444465546981712,0.07096139266838297,0.09698883827817421,hyb_ws,0.08853038931454557,0.06953283479117466,0.0905885893197099,1
medical_charges,sparse_all,clean,7008,0.09444465546981712,0.07096139266838297,0.09698883827817421,hyb_randreg,0.09040318670039474,0.06925621313220039,0.09269425532471283,7
medical_charges,sparse_all,clean,7008,0.09444465546981712,0.07096139266838297,0.09698883827817421,kc_half,0.08519929203431957,0.06830631519757534,0.08702948154475652,4
medical_charges,sparse_all,clean,7008,0.09444465546981712,0.07096139266838297,0.09698883827817421,kc_land,0.08801155465069414,0.06845065656228307,0.09013078744442332,0
medical_charges,sparse_all,clean,7009,0.0961920238388261,0.11606943732662318,0.09402628402715317,uniform,0.08868785209639199,0.11715684674857708,0.08558601819056756,6
medical_charges,sparse_all,clean,7009,0.0961920238388261,0.11606943732662318,0.09402628402715317,hyb_ws,0.09283706873136166,0.13543023821271383,0.08819633803932633,10
medical_charges,sparse_all,clean,7009,0.0961920238388261,0.11606943732662318,0.09402628402715317,hyb_randreg,0.0958109134177738,0.12450468075576723,0.09268458944665336,0
medical_charges,sparse_all,clean,7009,0.0961920238388261,0.11606943732662318,0.09402628402715317,kc_half,0.09097616646434742,0.12666920849531005,0.08708723784827634,3
medical_charges,sparse_all,clean,7009,0.0961920238388261,0.11606943732662318,0.09402628402715317,kc_land,0.09056849645594428,0.12176872158210926,0.08716908185251128,8
medical_charges,sparse_all,outlier,7000,0.12395256509364654,0.12035235324082175,0.12438394546123026,uniform,0.12241152986874604,0.12575793222709464,0.12201056116511413,1
medical_charges,sparse_all,outlier,7000,0.12395256509364654,0.12035235324082175,0.12438394546123026,hyb_ws,0.12245608814370695,0.13751924551807293,0.12065120814476274,0
medical_charges,sparse_all,outlier,7000,0.12395256509364654,0.12035235324082175,0.12438394546123026,hyb_randreg,0.12022753050547624,0.12638495543332673,0.1194897427481638,0
medical_charges,sparse_all,outlier,7000,0.12395256509364654,0.12035235324082175,0.12438394546123026,kc_half,0.11819992456449913,0.12708942317933708,0.11713477747403143,3
medical_charges,sparse_all,outlier,7000,0.12395256509364654,0.12035235324082175,0.12438394546123026,kc_land,0.12464316296039474,0.1301975220592076,0.12397763505045858,1
medical_charges,sparse_all,outlier,7001,0.11668435421616824,0.11346037176868129,0.11705655966325683,uniform,0.10862285078752523,0.11380113112122928,0.1080250236658985,2
medical_charges,sparse_all,outlier,7001,0.11668435421616824,0.11346037176868129,0.11705655966325683,hyb_ws,0.11141596279213903,0.12421756706318875,0.10993803078761741,4
medical_charges,sparse_all,outlier,7001,0.11668435421616824,0.11346037176868129,0.11705655966325683,hyb_randreg,0.107852333110489,0.11174647392649666,0.10740275857121763,0
medical_charges,sparse_all,outlier,7001,0.11668435421616824,0.11346037176868129,0.11705655966325683,kc_half,0.11378526111049167,0.112996249617421,0.11387635167327227,2
medical_charges,sparse_all,outlier,7001,0.11668435421616824,0.11346037176868129,0.11705655966325683,kc_land,0.10427174806274676,0.11551635118561902,0.10297357023428358,0
medical_charges,sparse_all,outlier,7002,0.14412580497406902,0.09838991468960807,0.14970648162869465,uniform,0.1220216939945526,0.1320330237161973,0.12080011519261277,3
medical_charges,sparse_all,outlier,7002,0.14412580497406902,0.09838991468960807,0.14970648162869465,hyb_ws,0.11628536875054474,0.11872088522784978,0.11598818791811061,6
medical_charges,sparse_all,outlier,7002,0.14412580497406902,0.09838991468960807,0.14970648162869465,hyb_randreg,0.12377175968449769,0.1214041402753329,0.12406065574143646,7
medical_charges,sparse_all,outlier,7002,0.14412580497406902,0.09838991468960807,0.14970648162869465,kc_half,0.12262132196108659,0.13557454414097045,0.12104077451417229,3
medical_charges,sparse_all,outlier,7002,0.14412580497406902,0.09838991468960807,0.14970648162869465,kc_land,0.11827554514101127,0.12661819007719488,0.11725757864809684,1
medical_charges,sparse_all,outlier,7003,0.22013626028721042,0.26853967198993656,0.2146233125327089,uniform,0.11787782318935498,0.1313509772372881,0.11634328684694209,14
medical_charges,sparse_all,outlier,7003,0.22013626028721042,0.26853967198993656,0.2146233125327089,hyb_ws,0.11631530912545514,0.16140634234828447,0.11117962753588756,18
medical_charges,sparse_all,outlier,7003,0.22013626028721042,0.26853967198993656,0.2146233125327089,hyb_randreg,0.12471958810533856,0.20032987149825857,0.11610789055376397,12
medical_charges,sparse_all,outlier,7003,0.22013626028721042,0.26853967198993656,0.2146233125327089,kc_half,0.1178194663405173,0.14268461669180318,0.11498742888753044,18
medical_charges,sparse_all,outlier,7003,0.22013626028721042,0.26853967198993656,0.2146233125327089,kc_land,0.11488075223653635,0.15062806585309196,0.11080928154058223,26
medical_charges,sparse_all,outlier,7004,0.11392723484985064,0.08220229024166095,0.11723812084153915,uniform,0.11134624469869675,0.09757098717611765,0.11278386130375885,4
medical_charges,sparse_all,outlier,7004,0.11392723484985064,0.08220229024166095,0.11723812084153915,hyb_ws,0.1170251528927165,0.09984967567384352,0.11881762401053372,1
medical_charges,sparse_all,outlier,7004,0.11392723484985064,0.08220229024166095,0.11723812084153915,hyb_randreg,0.11727417958846774,0.14201907653576887,0.11469174694184162,11
medical_charges,sparse_all,outlier,7004,0.11392723484985064,0.08220229024166095,0.11723812084153915,kc_half,0.11341117802153226,0.10461915113433425,0.11432873356083674,5
medical_charges,sparse_all,outlier,7004,0.11392723484985064,0.08220229024166095,0.11723812084153915,kc_land,0.10838457238511015,0.09930666751982456,0.10933196278794778,3
medical_charges,sparse_all,outlier,7005,0.12887907838031126,0.11351354385135866,0.13059110376128097,uniform,0.12440985910808862,0.10492684217108837,0.1265806537154065,6
medical_charges,sparse_all,outlier,7005,0.12887907838031126,0.11351354385135866,0.13059110376128097,hyb_ws,0.11399245464884275,0.09356254102420442,0.11626875233249932,2
medical_charges,sparse_all,outlier,7005,0.12887907838031126,0.11351354385135866,0.13059110376128097,hyb_randreg,0.11448336688733769,0.09206716768992758,0.11698097618941089,0
medical_charges,sparse_all,outlier,7005,0.12887907838031126,0.11351354385135866,0.13059110376128097,kc_half,0.11926521906368094,0.09957936679683561,0.12145861355076208,4
medical_charges,sparse_all,outlier,7005,0.12887907838031126,0.11351354385135866,0.13059110376128097,kc_land,0.1132911652352695,0.09309747841003743,0.11554114256700555,4
medical_charges,sparse_all,outlier,7006,0.16834603546573862,0.15718576229719347,0.16952096336770484,uniform,0.1384692924300773,0.11391168590940971,0.14105466078718545,1
medical_charges,sparse_all,outlier,7006,0.16834603546573862,0.15718576229719347,0.16952096336770484,hyb_ws,0.12410092673826878,0.10222920136905309,0.1264035317025327,4
medical_charges,sparse_all,outlier,7006,0.16834603546573862,0.15718576229719347,0.16952096336770484,hyb_randreg,0.12613943726861082,0.10538819298442294,0.12832408056020397,0
medical_charges,sparse_all,outlier,7006,0.16834603546573862,0.15718576229719347,0.16952096336770484,kc_half,0.1260457372405966,0.12080573696545925,0.1265973924229197,3
medical_charges,sparse_all,outlier,7006,0.16834603546573862,0.15718576229719347,0.16952096336770484,kc_land,0.13660181783340056,0.13693012565311258,0.13656725434091357,0
medical_charges,sparse_all,outlier,7007,0.16183123414989473,0.07463048548799768,0.1710381678118197,uniform,0.12137807026255427,0.08248734712518946,0.1254842770725248,2
medical_charges,sparse_all,outlier,7007,0.16183123414989473,0.07463048548799768,0.1710381678118197,hyb_ws,0.11911401060791947,0.09889925571743037,0.12124834901813693,2
medical_charges,sparse_all,outlier,7007,0.16183123414989473,0.07463048548799768,0.1710381678118197,hyb_randreg,0.12313765287830548,0.06697865448301331,0.12906709936448615,3
medical_charges,sparse_all,outlier,7007,0.16183123414989473,0.07463048548799768,0.1710381678118197,kc_half,0.11993562089200155,0.06013929760778211,0.12624910776170076,2
medical_charges,sparse_all,outlier,7007,0.16183123414989473,0.07463048548799768,0.1710381678118197,kc_land,0.11985822571811093,0.08381784715133529,0.12366348404108173,0
medical_charges,sparse_all,outlier,7008,0.14117423536821988,0.09364225446235001,0.14632386255973973,uniform,0.10818013414358944,0.06890031147806888,0.11243572036199302,3
medical_charges,sparse_all,outlier,7008,0.14117423536821988,0.09364225446235001,0.14632386255973973,hyb_ws,0.10824704701571611,0.0704039670969189,0.11234697615072572,2
medical_charges,sparse_all,outlier,7008,0.14117423536821988,0.09364225446235001,0.14632386255973973,hyb_randreg,0.11467659528963757,0.067146606004271,0.11982600670847336,7
medical_charges,sparse_all,outlier,7008,0.14117423536821988,0.09364225446235001,0.14632386255973973,kc_half,0.10931344948934432,0.06757115504139795,0.11383582054203123,3
medical_charges,sparse_all,outlier,7008,0.14117423536821988,0.09364225446235001,0.14632386255973973,kc_land,0.10564757163629054,0.06730179076014173,0.10980196352395312,1
medical_charges,sparse_all,outlier,7009,0.1262066629925534,0.15037181208989991,0.12357375376181946,uniform,0.12359236428012448,0.2588482178729441,0.1088555884381566,3
medical_charges,sparse_all,outlier,7009,0.1262066629925534,0.15037181208989991,0.12357375376181946,hyb_ws,0.11284072253493088,0.16457594369704745,0.1072039213381713,4
medical_charges,sparse_all,outlier,7009,0.1262066629925534,0.15037181208989991,0.12357375376181946,hyb_randreg,0.12014812639684495,0.17817566392230236,0.113825747065682,1
medical_charges,sparse_all,outlier,7009,0.1262066629925534,0.15037181208989991,0.12357375376181946,kc_half,0.12239894896983378,0.19078157933635903,0.11494833246469255,2
medical_charges,sparse_all,outlier,7009,0.1262066629925534,0.15037181208989991,0.12357375376181946,kc_land,0.11623496164654008,0.17606594038765078,0.10971608872021446,9
medical_charges,hard,clean,7000,0.13007141804280437,0.35454247783584675,0.10317510964654956,uniform,0.1286618777753285,0.3541416499300251,0.10164470462801323,3
medical_charges,hard,clean,7000,0.13007141804280437,0.35454247783584675,0.10317510964654956,hyb_ws,0.12821780673969,0.35364130783453723,0.10120737603739585,33
medical_charges,hard,clean,7000,0.13007141804280437,0.35454247783584675,0.10317510964654956,hyb_randreg,0.1277233151180232,0.3549137784137809,0.10050116554059199,0
medical_charges,hard,clean,7000,0.13007141804280437,0.35454247783584675,0.10317510964654956,kc_half,0.12526635067291703,0.35581662065799846,0.09764162627380873,15
medical_charges,hard,clean,7000,0.13007141804280437,0.35454247783584675,0.10317510964654956,kc_land,0.12527274793677126,0.35218938575001535,0.09808340835556506,3
medical_charges,hard,clean,7001,0.17063465749221135,0.377690269595864,0.14673030071281587,uniform,0.12234572172894301,0.3722026403193027,0.09349999827762988,4
medical_charges,hard,clean,7001,0.17063465749221135,0.377690269595864,0.14673030071281587,hyb_ws,0.1287701153025073,0.36951467049236464,0.10097640480373406,31
medical_charges,hard,clean,7001,0.17063465749221135,0.377690269595864,0.14673030071281587,hyb_randreg,0.12125429599570275,0.37410469325475143,0.0920629785207317,17
medical_charges,hard,clean,7001,0.17063465749221135,0.377690269595864,0.14673030071281587,kc_half,0.11964994262636221,0.3709793839853806,0.09063421794074211,13
medical_charges,hard,clean,7001,0.17063465749221135,0.377690269595864,0.14673030071281587,kc_land,0.12338643902791986,0.3694875792656607,0.0949743163122409,0
medical_charges,hard,clean,7002,0.1313409641772506,0.29056940172057905,0.11191196829187955,uniform,0.1277843528803347,0.29284651936669837,0.10764352751664097,7
medical_charges,hard,clean,7002,0.1313409641772506,0.29056940172057905,0.11191196829187955,hyb_ws,0.12664154021384558,0.29062294933879684,0.10663258846928633,32
medical_charges,hard,clean,7002,0.1313409641772506,0.29056940172057905,0.11191196829187955,hyb_randreg,0.12480025480375333,0.2888373256833685,0.10478451123218738,31
medical_charges,hard,clean,7002,0.1313409641772506,0.29056940172057905,0.11191196829187955,kc_half,0.12444997500839633,0.2927833605882897,0.10390999668378104,9
medical_charges,hard,clean,7002,0.1313409641772506,0.29056940172057905,0.11191196829187955,kc_land,0.12423684419972912,0.29084546998771954,0.10390732043597715,9
medical_charges,hard,clean,7003,0.1386531055947898,0.38297009942185517,0.11082641373311626,uniform,0.12198605900005405,0.3436068528896004,0.09674437013878295,36
medical_charges,hard,clean,7003,0.1386531055947898,0.38297009942185517,0.11082641373311626,hyb_ws,0.12351281595155529,0.3349919251040882,0.0994262229013225,49
medical_charges,hard,clean,7003,0.1386531055947898,0.38297009942185517,0.11082641373311626,hyb_randreg,0.11897029471557007,0.35072426854112226,0.0925744787048068,23
medical_charges,hard,clean,7003,0.1386531055947898,0.38297009942185517,0.11082641373311626,kc_half,0.12035216254414445,0.3531621683398348,0.09383606887373583,26
medical_charges,hard,clean,7003,0.1386531055947898,0.38297009942185517,0.11082641373311626,kc_land,0.12132639945831084,0.33901230334109544,0.09653287824192015,86
medical_charges,hard,clean,7004,0.15188743871184068,0.3413187687470372,0.132117962523739,uniform,0.12366163149890319,0.32749814549830397,0.10238879817704413,9
medical_charges,hard,clean,7004,0.15188743871184068,0.3413187687470372,0.132117962523739,hyb_ws,0.12516719384263766,0.3271779527298565,0.10408490039720178,35
medical_charges,hard,clean,7004,0.15188743871184068,0.3413187687470372,0.132117962523739,hyb_randreg,0.1226333746425982,0.3256909813516892,0.10144182982315138,13
medical_charges,hard,clean,7004,0.15188743871184068,0.3413187687470372,0.132117962523739,kc_half,0.12212423144298094,0.3292031975862478,0.10051300858208782,11
medical_charges,hard,clean,7004,0.15188743871184068,0.3413187687470372,0.132117962523739,kc_land,0.1217362154478661,0.32701781656159634,0.10031256961103838,18
medical_charges,hard,clean,7005,0.1370804054147822,0.3055612346548865,0.11830829857252553,uniform,0.13009901746677122,0.303874230725223,0.11073701121041132,10
medical_charges,hard,clean,7005,0.1370804054147822,0.3055612346548865,0.11830829857252553,hyb_ws,0.12875892686709345,0.30556749261863186,0.10905894496479641,34
medical_charges,hard,clean,7005,0.1370804054147822,0.3055612346548865,0.11830829857252553,hyb_randreg,0.12894457627518216,0.30615616876227764,0.10919968919895952,17
medical_charges,hard,clean,7005,0.1370804054147822,0.3055612346548865,0.11830829857252553,kc_half,0.12814773953929862,0.3038461348805368,0.1085714526452068,9
medical_charges,hard,clean,7005,0.1370804054147822,0.3055612346548865,0.11830829857252553,kc_land,0.12637761818638998,0.3019027164304846,0.10682064002693402,43
medical_charges,hard,clean,7006,0.1484721550367929,0.31649432103437575,0.13078316767976636,uniform,0.11137087682610221,0.31576574646548083,0.08985265484969898,4
medical_charges,hard,clean,7006,0.1484721550367929,0.31649432103437575,0.13078316767976636,hyb_ws,0.11521570025536451,0.31539993682592815,0.09414076404829495,24
medical_charges,hard,clean,7006,0.1484721550367929,0.31649432103437575,0.13078316767976636,hyb_randreg,0.11435979534146762,0.3136155967683869,0.09338260265186932,32
medical_charges,hard,clean,7006,0.1484721550367929,0.31649432103437575,0.13078316767976636,kc_half,0.11500434733303844,0.31641965854982423,0.09379980641742766,13
medical_charges,hard,clean,7006,0.1484721550367929,0.31649432103437575,0.13078316767976636,kc_land,0.11310301641187151,0.3150857420896723,0.09183873940627822,0
medical_charges,hard,clean,7007,0.12072602889287654,0.2582954063174487,0.10620101447159778,uniform,0.11988494927388797,0.24773280163628633,0.10638636453026272,12
medical_charges,hard,clean,7007,0.12072602889287654,0.2582954063174487,0.10620101447159778,hyb_ws,0.11525774162975382,0.24913238751973182,0.10112282876906516,34
medical_charges,hard,clean,7007,0.12072602889287654,0.2582954063174487,0.10620101447159778,hyb_randreg,0.1179224507682788,0.25566635460921733,0.10337900929032454,29
medical_charges,hard,clean,7007,0.12072602889287654,0.2582954063174487,0.10620101447159778,kc_half,0.11451075075265842,0.25148125297132073,0.100048967489107,7
medical_charges,hard,clean,7007,0.12072602889287654,0.2582954063174487,0.10620101447159778,kc_land,0.11398926480863682,0.24927943726331933,0.09970489613044757,28
medical_charges,hard,clean,7008,0.13601150305804466,0.30896952448959636,0.11727318596751081,uniform,0.12190673402860049,0.3122967804439796,0.10127982681097418,7
medical_charges,hard,clean,7008,0.13601150305804466,0.30896952448959636,0.11727318596751081,hyb_ws,0.12101856820260168,0.3117140428938237,0.10035857080601876,32
medical_charges,hard,clean,7008,0.13601150305804466,0.30896952448959636,0.11727318596751081,hyb_randreg,0.12025551853212615,0.31100658054883545,0.09958949879022168,2
medical_charges,hard,clean,7008,0.13601150305804466,0.30896952448959636,0.11727318596751081,kc_half,0.11897893145823084,0.3095716107998468,0.09833007093659828,12
medical_charges,hard,clean,7008,0.13601150305804466,0.30896952448959636,0.11727318596751081,kc_land,0.11735670015284608,0.30973813039097214,0.09651404589318764,12
medical_charges,hard,clean,7009,0.12735671817936944,0.3672726569307711,0.10121672263478923,uniform,0.11966261877010541,0.37199874307119446,0.09216938426765796,14
medical_charges,hard,clean,7009,0.12735671817936944,0.3672726569307711,0.10121672263478923,hyb_ws,0.12116823101618537,0.37997323607884104,0.09297018083885694,39
medical_charges,hard,clean,7009,0.12735671817936944,0.3672726569307711,0.10121672263478923,hyb_randreg,0.12167367825171596,0.3706968909764545,0.09454140140091968,22
medical_charges,hard,clean,7009,0.12735671817936944,0.3672726569307711,0.10121672263478923,kc_half,0.12138338509247736,0.3773311137272446,0.09349664892572838,13
medical_charges,hard,clean,7009,0.12735671817936944,0.3672726569307711,0.10121672263478923,kc_land,0.11932309031960536,0.3724509729531059,0.09174358993841164,38
medical_charges,hard,outlier,7000,0.1423874604820046,0.35514277030312214,0.11689494295584608,uniform,0.14242227373770605,0.35123853512591685,0.11740173625893947,6
medical_charges,hard,outlier,7000,0.1423874604820046,0.35514277030312214,0.11689494295584608,hyb_ws,0.13148850201442877,0.35326344913578006,0.10491524407267673,26
medical_charges,hard,outlier,7000,0.1423874604820046,0.35514277030312214,0.11689494295584608,hyb_randreg,0.13238133068091337,0.350639729353536,0.10622942848833707,8
medical_charges,hard,outlier,7000,0.1423874604820046,0.35514277030312214,0.11689494295584608,kc_half,0.13156585561977305,0.35350676382383805,0.10497271208356374,9
medical_charges,hard,outlier,7000,0.1423874604820046,0.35514277030312214,0.11689494295584608,kc_land,0.13071555291230075,0.3507520906075329,0.10435059262854952,0
medical_charges,hard,outlier,7001,0.15541033215995967,0.376313512483107,0.12990728791741002,uniform,0.1386380936373879,0.3836899693694622,0.11034710742626722,5
medical_charges,hard,outlier,7001,0.15541033215995967,0.376313512483107,0.12990728791741002,hyb_ws,0.13643913386901,0.3766492560663204,0.1087071231078035,26
medical_charges,hard,outlier,7001,0.15541033215995967,0.376313512483107,0.12990728791741002,hyb_randreg,0.13924580875891443,0.3839356636665601,0.11099661747844444,0
medical_charges,hard,outlier,7001,0.15541033215995967,0.376313512483107,0.12990728791741002,kc_half,0.14345682180787772,0.37638933659773277,0.11656500331289728,13
medical_charges,hard,outlier,7001,0.15541033215995967,0.376313512483107,0.12990728791741002,kc_land,0.13939327376608587,0.3827849821451493,0.11129395216292574,0
medical_charges,hard,outlier,7002,0.1582721290739175,0.2938801531039781,0.14172528743210083,uniform,0.15701682135930217,0.3074252750423342,0.13866403668830107,6
medical_charges,hard,outlier,7002,0.1582721290739175,0.2938801531039781,0.14172528743210083,hyb_ws,0.14107462914676702,0.2981399818669791,0.12190957208272993,20
medical_charges,hard,outlier,7002,0.1582721290739175,0.2938801531039781,0.14172528743210083,hyb_randreg,0.152788702015961,0.3037234350565131,0.1343717009296664,0
medical_charges,hard,outlier,7002,0.1582721290739175,0.2938801531039781,0.14172528743210083,kc_half,0.15526380570550524,0.3046047702344139,0.13704127567182353,9
medical_charges,hard,outlier,7002,0.1582721290739175,0.2938801531039781,0.14172528743210083,kc_land,0.14757383746322827,0.30361392515885105,0.12853388286362213,2
medical_charges,hard,outlier,7003,0.148056363001723,0.3740561582993401,0.12231592404969702,uniform,0.12563282836432993,0.34976379641463223,0.10010524108151911,32
medical_charges,hard,outlier,7003,0.148056363001723,0.3740561582993401,0.12231592404969702,hyb_ws,0.12871346478005927,0.35462862380203336,0.10298266554865092,41
medical_charges,hard,outlier,7003,0.148056363001723,0.3740561582993401,0.12231592404969702,hyb_randreg,0.1318889765343095,0.35776741435086706,0.1061623596958322,47
medical_charges,hard,outlier,7003,0.148056363001723,0.3740561582993401,0.12231592404969702,kc_half,0.13770176674503323,0.35625232208896956,0.11280976531488289,25
medical_charges,hard,outlier,7003,0.148056363001723,0.3740561582993401,0.12231592404969702,kc_land,0.12769687511474873,0.3451936060962336,0.10292489990688816,72
medical_charges,hard,outlier,7004,0.15290273450315844,0.32858812778152313,0.1345678149395964,uniform,0.13247032464841807,0.32866404982799863,0.11199510981741821,8
medical_charges,hard,outlier,7004,0.15290273450315844,0.32858812778152313,0.1345678149395964,hyb_ws,0.13629970021789012,0.3294864022059657,0.11613830503525828,21
medical_charges,hard,outlier,7004,0.15290273450315844,0.32858812778152313,0.1345678149395964,hyb_randreg,0.1404836150611122,0.33035277798653,0.12066844565586429,14
medical_charges,hard,outlier,7004,0.15290273450315844,0.32858812778152313,0.1345678149395964,kc_half,0.14023021986714376,0.33177181346834045,0.12024051186569365,4
medical_charges,hard,outlier,7004,0.15290273450315844,0.32858812778152313,0.1345678149395964,kc_land,0.132664173806765,0.32967895625297444,0.1121032716077956,11
medical_charges,hard,outlier,7005,0.1433478866287223,0.31249905430370967,0.12450109078607992,uniform,0.13842905065011482,0.3084509001130762,0.11948524358297188,14
medical_charges,hard,outlier,7005,0.1433478866287223,0.31249905430370967,0.12450109078607992,hyb_ws,0.13916807782430313,0.31443752728350927,0.11963958401126014,22
medical_charges,hard,outlier,7005,0.1433478866287223,0.31249905430370967,0.12450109078607992,hyb_randreg,0.13696072335774806,0.31240097935073385,0.11741319830823786,27
medical_charges,hard,outlier,7005,0.1433478866287223,0.31249905430370967,0.12450109078607992,kc_half,0.138635571698095,0.3219371162622783,0.11821214314287479,12
medical_charges,hard,outlier,7005,0.1433478866287223,0.31249905430370967,0.12450109078607992,kc_land,0.1333384536722721,0.31770971775946677,0.11279583714018956,16
medical_charges,hard,outlier,7006,0.15451705906475677,0.3170307319069516,0.137407993203227,uniform,0.14603511811271272,0.31151519922428966,0.1286137556082886,6
medical_charges,hard,outlier,7006,0.15451705906475677,0.3170307319069516,0.137407993203227,hyb_ws,0.1452782729123447,0.318162935482748,0.1270773730949024,20
medical_charges,hard,outlier,7006,0.15451705906475677,0.3170307319069516,0.137407993203227,hyb_randreg,0.1375312759020471,0.3133065322074206,0.11902606102159743,0
medical_charges,hard,outlier,7006,0.15451705906475677,0.3170307319069516,0.137407993203227,kc_half,0.14579944363957859,0.31054408454700183,0.12845550658908722,15
medical_charges,hard,outlier,7006,0.15451705906475677,0.3170307319069516,0.137407993203227,kc_land,0.14958449570551852,0.3146107388818927,0.13221091221554934,0
medical_charges,hard,outlier,7007,0.14624968558492293,0.26998897979444436,0.13318489553847818,uniform,0.14506569893641172,0.25140752905587105,0.13383778873584964,13
medical_charges,hard,outlier,7007,0.14624968558492293,0.26998897979444436,0.13318489553847818,hyb_ws,0.1430920659362133,0.2573513501327973,0.13102820563685036,19
medical_charges,hard,outlier,7007,0.14624968558492293,0.26998897979444436,0.13318489553847818,hyb_randreg,0.14759083976426493,0.2576153365070728,0.13597410185499112,28
medical_charges,hard,outlier,7007,0.14624968558492293,0.26998897979444436,0.13318489553847818,kc_half,0.14453070775432422,0.2545759969966444,0.13291177450651706,6
medical_charges,hard,outlier,7007,0.14624968558492293,0.26998897979444436,0.13318489553847818,kc_land,0.1346172757591958,0.255184546730518,0.12188739806128394,15
medical_charges,hard,outlier,7008,0.13943600300269876,0.3172976415619542,0.12016642675535354,uniform,0.13591024507973173,0.3152953132278783,0.11647562007393361,6
medical_charges,hard,outlier,7008,0.13943600300269876,0.3172976415619542,0.12016642675535354,hyb_ws,0.1535037588087937,0.3151328594414946,0.1359928199483376,25
medical_charges,hard,outlier,7008,0.13943600300269876,0.3172976415619542,0.12016642675535354,hyb_randreg,0.13922179520975714,0.3119198946924303,0.120511638130864,16
medical_charges,hard,outlier,7008,0.13943600300269876,0.3172976415619542,0.12016642675535354,kc_half,0.15058568218780993,0.3106870377853852,0.13324025962237576,13
medical_charges,hard,outlier,7008,0.13943600300269876,0.3172976415619542,0.12016642675535354,kc_land,0.13612057008532,0.313895207074102,0.11686041961078031,4
medical_charges,hard,outlier,7009,0.1840263905307631,0.38415331043897377,0.16222159997796942,uniform,0.1391304271764888,0.390598435494382,0.11173177808612782,12
medical_charges,hard,outlier,7009,0.1840263905307631,0.38415331043897377,0.16222159997796942,hyb_ws,0.1374126258987626,0.39071473830207487,0.10981414234608677,17
medical_charges,hard,outlier,7009,0.1840263905307631,0.38415331043897377,0.16222159997796942,hyb_randreg,0.1347830333855724,0.3878733073526333,0.1072076306494884,22
medical_charges,hard,outlier,7009,0.1840263905307631,0.38415331043897377,0.16222159997796942,kc_half,0.14298134150241165,0.39878605327894856,0.11511018771029105,10
medical_charges,hard,outlier,7009,0.1840263905307631,0.38415331043897377,0.16222159997796942,kc_land,0.13971546543333613,0.391523984532162,0.11227971605550453,18
medical_charges,hard_sparse,clean,7000,0.13107800445685575,0.35146852455833383,0.10467062970785446,uniform,0.12627936261097938,0.35245405740828734,0.09917892325676668,2
medical_charges,hard_sparse,clean,7000,0.13107800445685575,0.35146852455833383,0.10467062970785446,hyb_ws,0.12445250920779982,0.35626721580048964,0.09667627896657045,11
medical_charges,hard_sparse,clean,7000,0.13107800445685575,0.35146852455833383,0.10467062970785446,hyb_randreg,0.12330995817461289,0.351514030211119,0.09596635715792066,0
medical_charges,hard_sparse,clean,7000,0.13107800445685575,0.35146852455833383,0.10467062970785446,kc_half,0.1230885923664859,0.3502931260998224,0.09586475685756428,1
medical_charges,hard_sparse,clean,7000,0.13107800445685575,0.35146852455833383,0.10467062970785446,kc_land,0.1214020367966069,0.35024889802048803,0.09398141624682498,6
medical_charges,hard_sparse,clean,7001,0.1609540369936901,0.38583792319926696,0.13499142436426767,uniform,0.1279610357956614,0.37388066383247515,0.09956986847629695,1
medical_charges,hard_sparse,clean,7001,0.1609540369936901,0.38583792319926696,0.13499142436426767,hyb_ws,0.13564823291528,0.3695719005569943,0.10864198684621428,11
medical_charges,hard_sparse,clean,7001,0.1609540369936901,0.38583792319926696,0.13499142436426767,hyb_randreg,0.12699747334483238,0.37495623334358485,0.09837089034441869,0
medical_charges,hard_sparse,clean,7001,0.1609540369936901,0.38583792319926696,0.13499142436426767,kc_half,0.1286339042288475,0.3771296015479133,0.09994533236881033,3
medical_charges,hard_sparse,clean,7001,0.1609540369936901,0.38583792319926696,0.13499142436426767,kc_land,0.12848579561025758,0.3729035455214906,0.10026801857086821,2
medical_charges,hard_sparse,clean,7002,0.12573571322371746,0.29068414463636993,0.10560876577224375,uniform,0.12059737776308192,0.29155683137285254,0.09973696757507346,4
medical_charges,hard_sparse,clean,7002,0.12573571322371746,0.29068414463636993,0.10560876577224375,hyb_ws,0.1213087188956082,0.2928140417246966,0.10038170194451326,7
medical_charges,hard_sparse,clean,7002,0.12573571322371746,0.29068414463636993,0.10560876577224375,hyb_randreg,0.1203841630795725,0.2909437782170348,0.09957254103615144,3
medical_charges,hard_sparse,clean,7002,0.12573571322371746,0.29068414463636993,0.10560876577224375,kc_half,0.1195416498855686,0.29149724260190296,0.0985596911670257,4
medical_charges,hard_sparse,clean,7002,0.12573571322371746,0.29068414463636993,0.10560876577224375,kc_land,0.12375546153567407,0.29436398435454925,0.1029378717948015,8
medical_charges,hard_sparse,clean,7003,0.13320380387269767,0.3878588287894162,0.10419965316511264,uniform,0.12468980912922879,0.35125807974496226,0.0988846231972224,14
medical_charges,hard_sparse,clean,7003,0.13320380387269767,0.3878588287894162,0.10419965316511264,hyb_ws,0.12413713429923155,0.3491927907366138,0.09850422884590675,19
medical_charges,hard_sparse,clean,7003,0.13320380387269767,0.3878588287894162,0.10419965316511264,hyb_randreg,0.12226314386245958,0.34794448699412717,0.09655897529079376,12
medical_charges,hard_sparse,clean,7003,0.13320380387269767,0.3878588287894162,0.10419965316511264,kc_half,0.1214844305200813,0.350658714400565,0.09538243049025177,14
medical_charges,hard_sparse,clean,7003,0.13320380387269767,0.3878588287894162,0.10419965316511264,kc_land,0.12319970755598718,0.3450354229443217,0.09793354002776973,38
medical_charges,hard_sparse,clean,7004,0.14955895867828697,0.33157232804440234,0.1305636374136841,uniform,0.12024570782774853,0.32595433693013276,0.09877749639740585,2
medical_charges,hard_sparse,clean,7004,0.14955895867828697,0.33157232804440234,0.1305636374136841,hyb_ws,0.12043079235218787,0.32740370146261416,0.09883063783983526,11
medical_charges,hard_sparse,clean,7004,0.14955895867828697,0.33157232804440234,0.1305636374136841,hyb_randreg,0.12044754911882484,0.32726138770727004,0.09886399556100256,3
medical_charges,hard_sparse,clean,7004,0.14955895867828697,0.33157232804440234,0.1305636374136841,kc_half,0.12003131497690947,0.3269097349886213,0.0984410215576861,5
medical_charges,hard_sparse,clean,7004,0.14955895867828697,0.33157232804440234,0.1305636374136841,kc_land,0.12075577374727936,0.3286097970500015,0.09906366419221893,3
medical_charges,hard_sparse,clean,7005,0.12947484642981644,0.3044367269840268,0.10998062189460156,uniform,0.12185427457509922,0.3062374263696866,0.10131033351657474,6
medical_charges,hard_sparse,clean,7005,0.12947484642981644,0.3044367269840268,0.10998062189460156,hyb_ws,0.11997468734831832,0.3051477492689628,0.09934273463084724,7
medical_charges,hard_sparse,clean,7005,0.12947484642981644,0.3044367269840268,0.10998062189460156,hyb_randreg,0.12502630430741707,0.30348640119010595,0.10514230907264123,1
medical_charges,hard_sparse,clean,7005,0.12947484642981644,0.3044367269840268,0.10998062189460156,kc_half,0.1210631599466351,0.3034012654990297,0.10074707761084455,6
medical_charges,hard_sparse,clean,7005,0.12947484642981644,0.3044367269840268,0.10998062189460156,kc_land,0.12317351306370854,0.3019289109252751,0.10325661544145565,15
medical_charges,hard_sparse,clean,7006,0.12400063896657372,0.3132469272157884,0.10407722481267738,uniform,0.11662180332126715,0.3150417063158594,0.09573261209691243,1
medical_charges,hard_sparse,clean,7006,0.12400063896657372,0.3132469272157884,0.10407722481267738,hyb_ws,0.11375954626025017,0.31675004499349046,0.09238917322422793,8
medical_charges,hard_sparse,clean,7006,0.12400063896657372,0.3132469272157884,0.10407722481267738,hyb_randreg,0.11340434771219893,0.3119637178922154,0.0925004737031947,2
medical_charges,hard_sparse,clean,7006,0.12400063896657372,0.3132469272157884,0.10407722481267738,kc_half,0.11521939894961752,0.3141938033817102,0.09427183108870915,5
medical_charges,hard_sparse,clean,7006,0.12400063896657372,0.3132469272157884,0.10407722481267738,kc_land,0.11633259191433354,0.31668576392992015,0.09523987057199076,0
medical_charges,hard_sparse,clean,7007,0.1402398328569458,0.2652459581304308,0.12704128673907095,uniform,0.11144325970476464,0.24649907845895302,0.09718363483906536,4
medical_charges,hard_sparse,clean,7007,0.1402398328569458,0.2652459581304308,0.12704128673907095,hyb_ws,0.11220606935624627,0.24603756308572972,0.09807571263853962,15
medical_charges,hard_sparse,clean,7007,0.1402398328569458,0.2652459581304308,0.12704128673907095,hyb_randreg,0.11106196933002509,0.24639474697685576,0.09677310225951949,3
medical_charges,hard_sparse,clean,7007,0.1402398328569458,0.2652459581304308,0.12704128673907095,kc_half,0.1120103921596429,0.2463833258913423,0.09782286847652816,2
medical_charges,hard_sparse,clean,7007,0.1402398328569458,0.2652459581304308,0.12704128673907095,kc_land,0.10967227995896715,0.24587753602148996,0.09529129382964606,14
medical_charges,hard_sparse,clean,7008,0.12952997390070733,0.31340853382704226,0.10960852282528565,uniform,0.11562912733548128,0.31007863753529347,0.09456241675412175,2
medical_charges,hard_sparse,clean,7008,0.12952997390070733,0.31340853382704226,0.10960852282528565,hyb_ws,0.11439035663209107,0.3123596202758302,0.09294231504586163,10
medical_charges,hard_sparse,clean,7008,0.12952997390070733,0.31340853382704226,0.10960852282528565,hyb_randreg,0.11541485176310348,0.31132888482588406,0.09418947439332037,8
medical_charges,hard_sparse,clean,7008,0.12952997390070733,0.31340853382704226,0.10960852282528565,kc_half,0.11541244833736373,0.31161871102777844,0.09415541073360865,2
medical_charges,hard_sparse,clean,7008,0.12952997390070733,0.31340853382704226,0.10960852282528565,kc_land,0.11786602041291254,0.31888909533493426,0.09608712811739839,8
medical_charges,hard_sparse,clean,7009,0.1286527656117309,0.37407408868758313,0.10191293196359953,uniform,0.11737130147418998,0.3717319305409066,0.08965748743947423,6
medical_charges,hard_sparse,clean,7009,0.1286527656117309,0.37407408868758313,0.10191293196359953,hyb_ws,0.1194996661576137,0.3792874402304309,0.09119453856941932,7
medical_charges,hard_sparse,clean,7009,0.1286527656117309,0.37407408868758313,0.10191293196359953,hyb_randreg,0.12196829050493972,0.3782004774252979,0.09405056123970523,7
medical_charges,hard_sparse,clean,7009,0.1286527656117309,0.37407408868758313,0.10191293196359953,kc_half,0.11953420890655943,0.3716324901774797,0.0920668885462956,1
medical_charges,hard_sparse,clean,7009,0.1286527656117309,0.37407408868758313,0.10191293196359953,kc_land,0.11718839928521425,0.373427673127184,0.08926989786578146,27
medical_charges,hard_sparse,outlier,7000,0.14703943805435718,0.3561829268454139,0.12197969191701893,uniform,0.13250759287893485,0.3569186671554737,0.10561847199697554,2
medical_charges,hard_sparse,outlier,7000,0.14703943805435718,0.3561829268454139,0.12197969191701893,hyb_ws,0.14160147707380003,0.35390529330089987,0.11616305788421472,6
medical_charges,hard_sparse,outlier,7000,0.14703943805435718,0.3561829268454139,0.12197969191701893,hyb_randreg,0.14084036916654574,0.35885255552962936,0.11471796833692655,0
medical_charges,hard_sparse,outlier,7000,0.14703943805435718,0.3561829268454139,0.12197969191701893,kc_half,0.1489208167014601,0.3504374318543529,0.1247749288835883,6
medical_charges,hard_sparse,outlier,7000,0.14703943805435718,0.3561829268454139,0.12197969191701893,kc_land,0.13967362936209868,0.355550957338454,0.11380702903346482,1
medical_charges,hard_sparse,outlier,7001,0.1525069580547098,0.390381549418193,0.12504458191849058,uniform,0.1496077572339135,0.4537145142228294,0.11449894591394384,1
medical_charges,hard_sparse,outlier,7001,0.1525069580547098,0.390381549418193,0.12504458191849058,hyb_ws,0.14407596833883626,0.4251900192147404,0.11162164121596281,6
medical_charges,hard_sparse,outlier,7001,0.1525069580547098,0.390381549418193,0.12504458191849058,hyb_randreg,0.16363665298505206,0.5007854437136936,0.1247131729622808,0
medical_charges,hard_sparse,outlier,7001,0.1525069580547098,0.390381549418193,0.12504458191849058,kc_half,0.14806668602655781,0.46175187954149965,0.1118520540925963,0
medical_charges,hard_sparse,outlier,7001,0.1525069580547098,0.390381549418193,0.12504458191849058,kc_land,0.1519179644815969,0.47217927977445207,0.11494412607355395,0
medical_charges,hard_sparse,outlier,7002,0.1468825459217282,0.28861449717710874,0.12958846491300713,uniform,0.14094746309378636,0.2977462158371089,0.12181493646171192,4
medical_charges,hard_sparse,outlier,7002,0.1468825459217282,0.28861449717710874,0.12958846491300713,hyb_ws,0.1380053094736458,0.29568779029530223,0.11876495066371018,4
medical_charges,hard_sparse,outlier,7002,0.1468825459217282,0.28861449717710874,0.12958846491300713,hyb_randreg,0.13679485447117629,0.2930740027511898,0.11772572978623776,8
medical_charges,hard_sparse,outlier,7002,0.1468825459217282,0.28861449717710874,0.12958846491300713,kc_half,0.13217485762017958,0.291440576320213,0.11274131270166218,1
medical_charges,hard_sparse,outlier,7002,0.1468825459217282,0.28861449717710874,0.12958846491300713,kc_land,0.13108254949001202,0.29421723086205864,0.11117691515709749,4
medical_charges,hard_sparse,outlier,7003,0.16677578165781676,0.4545851272248029,0.1339954913941305,uniform,0.1277341058398506,0.3534156960648188,0.10202990912528306,15
medical_charges,hard_sparse,outlier,7003,0.16677578165781676,0.4545851272248029,0.1339954913941305,hyb_ws,0.14221214409967048,0.35961917326118487,0.11745038555690819,18
medical_charges,hard_sparse,outlier,7003,0.16677578165781676,0.4545851272248029,0.1339954913941305,hyb_randreg,0.12621316669897492,0.363437164197522,0.09919433768841915,15
medical_charges,hard_sparse,outlier,7003,0.16677578165781676,0.4545851272248029,0.1339954913941305,kc_half,0.12985159294871848,0.3575047776579327,0.1039228398030575,13
medical_charges,hard_sparse,outlier,7003,0.16677578165781676,0.4545851272248029,0.1339954913941305,kc_land,0.12606092845488526,0.34920114832493987,0.10064618327893085,34
medical_charges,hard_sparse,outlier,7004,0.17185441225550732,0.33993540291833174,0.1543131051128934,uniform,0.14284918033206737,0.3335186767531414,0.12295048633781942,2
medical_charges,hard_sparse,outlier,7004,0.17185441225550732,0.33993540291833174,0.1543131051128934,hyb_ws,0.14240410125929476,0.33347700334130004,0.12246330695035,9
medical_charges,hard_sparse,outlier,7004,0.17185441225550732,0.33993540291833174,0.1543131051128934,hyb_randreg,0.13921691320218904,0.3307146384104977,0.11923178340408283,4
medical_charges,hard_sparse,outlier,7004,0.17185441225550732,0.33993540291833174,0.1543131051128934,kc_half,0.14053911656693657,0.3326918890477409,0.12048562457418557,2
medical_charges,hard_sparse,outlier,7004,0.17185441225550732,0.33993540291833174,0.1543131051128934,kc_land,0.1360947723391854,0.33382562465781024,0.11545913949091367,5
medical_charges,hard_sparse,outlier,7005,0.1707589821633337,0.32343302042141675,0.1537480654249366,uniform,0.14239846476157647,0.3086970957836158,0.12386949809310249,8
medical_charges,hard_sparse,outlier,7005,0.1707589821633337,0.32343302042141675,0.1537480654249366,hyb_ws,0.13951771243270134,0.31180666121022516,0.1203213055252862,8
medical_charges,hard_sparse,outlier,7005,0.1707589821633337,0.32343302042141675,0.1537480654249366,hyb_randreg,0.14255142895434042,0.30869877030658627,0.12403931895649364,0
medical_charges,hard_sparse,outlier,7005,0.1707589821633337,0.32343302042141675,0.1537480654249366,kc_half,0.15082133594544722,0.31306362897834883,0.13274432580202025,4
medical_charges,hard_sparse,outlier,7005,0.1707589821633337,0.32343302042141675,0.1537480654249366,kc_land,0.13892542897907184,0.30781953758877806,0.1201072746160565,16
medical_charges,hard_sparse,outlier,7006,0.1441412596070645,0.32163553837109743,0.1254550699941614,uniform,0.1493877163678093,0.3239163051211145,0.13101374778118055,1
medical_charges,hard_sparse,outlier,7006,0.1441412596070645,0.32163553837109743,0.1254550699941614,hyb_ws,0.14637736646633948,0.3168005500895909,0.12843560549356836,8
medical_charges,hard_sparse,outlier,7006,0.1441412596070645,0.32163553837109743,0.1254550699941614,hyb_randreg,0.14608134305406123,0.32639396183502967,0.12709844508347573,0
medical_charges,hard_sparse,outlier,7006,0.1441412596070645,0.32163553837109743,0.1254550699941614,kc_half,0.14977220174325998,0.3223886681802109,0.13159953699817062,3
medical_charges,hard_sparse,outlier,7006,0.1441412596070645,0.32163553837109743,0.1254550699941614,kc_land,0.13489721387314973,0.31931249036483783,0.11548239753069792,0
medical_charges,hard_sparse,outlier,7007,0.14426729386902484,0.2608380621330829,0.13195937969631336,uniform,0.1460831756799333,0.2498837183559223,0.13512358272741043,2
medical_charges,hard_sparse,outlier,7007,0.14426729386902484,0.2608380621330829,0.13195937969631336,hyb_ws,0.13620450659726846,0.25087340897586236,0.12409739750146334,6
medical_charges,hard_sparse,outlier,7007,0.14426729386902484,0.2608380621330829,0.13195937969631336,hyb_randreg,0.13771143881339834,0.2529174176015366,0.12554762347424167,7
medical_charges,hard_sparse,outlier,7007,0.14426729386902484,0.2608380621330829,0.13195937969631336,kc_half,0.13819812246918728,0.2538795469777748,0.12598410805175211,3
medical_charges,hard_sparse,outlier,7007,0.14426729386902484,0.2608380621330829,0.13195937969631336,kc_land,0.1336333250819574,0.25070364442502024,0.12127266671019127,4
medical_charges,hard_sparse,outlier,7008,0.14881878514082017,0.3137307342195531,0.1309521816246704,uniform,0.14025954894146853,0.31157382878598777,0.12169931524260263,4
medical_charges,hard_sparse,outlier,7008,0.14881878514082017,0.3137307342195531,0.1309521816246704,hyb_ws,0.14417074967201496,0.3140805647449214,0.12576267605231242,4
medical_charges,hard_sparse,outlier,7008,0.14881878514082017,0.3137307342195531,0.1309521816246704,hyb_randreg,0.1487460775289533,0.31973490941954846,0.13022110294618167,9
medical_charges,hard_sparse,outlier,7008,0.14881878514082017,0.3137307342195531,0.1309521816246704,kc_half,0.13947201903073522,0.3103906594268005,0.12095464901276304,3
medical_charges,hard_sparse,outlier,7008,0.14881878514082017,0.3137307342195531,0.1309521816246704,kc_land,0.13771961456600984,0.31025738770303934,0.11902682728516238,0
medical_charges,hard_sparse,outlier,7009,0.1555683302194073,0.37997758955654704,0.13111786198555758,uniform,0.14069258752714842,0.3730254080968824,0.11537880918395312,4
medical_charges,hard_sparse,outlier,7009,0.1555683302194073,0.37997758955654704,0.13111786198555758,hyb_ws,0.14797422824657758,0.379186604690319,0.1227825276803479,9
medical_charges,hard_sparse,outlier,7009,0.1555683302194073,0.37997758955654704,0.13111786198555758,hyb_randreg,0.14540350317095227,0.3768405494092349,0.12018732374992507,1
medical_charges,hard_sparse,outlier,7009,0.1555683302194073,0.37997758955654704,0.13111786198555758,kc_half,0.150985082927947,0.37657318596279665,0.12640617400288576,3
medical_charges,hard_sparse,outlier,7009,0.1555683302194073,0.37997758955654704,0.13111786198555758,kc_land,0.13348689920617046,0.37169393746652435,0.10753309659005758,12
