dataset,region,noise,seed,init_mae,init_in,init_out,arm,mae,err_in,err_out,n_in_region
diamonds,sparse_init,clean,7000,0.20693088243787042,0.1902942342432028,0.20878967414833635,uniform,0.2028489696841647,0.20224676434058947,0.20291625332733235,16
diamonds,sparse_init,clean,7000,0.20693088243787042,0.1902942342432028,0.20878967414833635,craig,0.20469827905494883,0.19869961049125492,0.2053685027243777,20
diamonds,sparse_init,clean,7000,0.20693088243787042,0.1902942342432028,0.20878967414833635,glister,0.20504702332709598,0.19576223749719712,0.20608440073221534,23
diamonds,sparse_init,clean,7000,0.20693088243787042,0.1902942342432028,0.20878967414833635,craig_a1,0.2120486604088735,0.21437506673199277,0.21178873396587908,18
diamonds,sparse_init,clean,7000,0.20693088243787042,0.1902942342432028,0.20878967414833635,craig_w_a1,0.20575542490464335,0.201213652471056,0.2062628714077846,18
diamonds,sparse_init,clean,7000,0.20693088243787042,0.1902942342432028,0.20878967414833635,glister_a1,0.21501484432856188,0.2184978594440635,0.21462569144461754,22
diamonds,sparse_init,clean,7001,0.20384959071968944,0.1909187926504735,0.2053223549665035,uniform,0.19997371326662397,0.18559820154304585,0.20161102440417436,22
diamonds,sparse_init,clean,7001,0.20384959071968944,0.1909187926504735,0.2053223549665035,craig,0.2013169096421454,0.1850757323740344,0.20316671234408287,30
diamonds,sparse_init,clean,7001,0.20384959071968944,0.1909187926504735,0.2053223549665035,glister,0.20554572818987565,0.19350965896473815,0.20691658653381362,19
diamonds,sparse_init,clean,7001,0.20384959071968944,0.1909187926504735,0.2053223549665035,craig_a1,0.2099747092886309,0.20810085224678918,0.21018813383057283,23
diamonds,sparse_init,clean,7001,0.20384959071968944,0.1909187926504735,0.2053223549665035,craig_w_a1,0.20445903070526247,0.20210600138149906,0.20472703098190384,23
diamonds,sparse_init,clean,7001,0.20384959071968944,0.1909187926504735,0.2053223549665035,glister_a1,0.2156666550522335,0.24251452993851472,0.2126087935015543,14
diamonds,sparse_init,clean,7002,0.20724246715004097,0.20261769151827702,0.20773642492366048,uniform,0.197998599654507,0.20108409029909896,0.19766904808040278,9
diamonds,sparse_init,clean,7002,0.20724246715004097,0.20261769151827702,0.20773642492366048,craig,0.1993542058232151,0.1980538737705221,0.19949309020958467,28
diamonds,sparse_init,clean,7002,0.20724246715004097,0.20261769151827702,0.20773642492366048,glister,0.2001248230092307,0.21070073354092886,0.19899524319040518,27
diamonds,sparse_init,clean,7002,0.20724246715004097,0.20261769151827702,0.20773642492366048,craig_a1,0.20148934719104142,0.19713801092967528,0.2019540997635061,26
diamonds,sparse_init,clean,7002,0.20724246715004097,0.20261769151827702,0.20773642492366048,craig_w_a1,0.19737296366421986,0.19704819234722004,0.197407651469522,26
diamonds,sparse_init,clean,7002,0.20724246715004097,0.20261769151827702,0.20773642492366048,glister_a1,0.20614700124887758,0.20495977944632318,0.2062738046843469,29
diamonds,sparse_init,clean,7003,0.2015641391659242,0.1939206354064294,0.20241813819630686,uniform,0.19919752342089692,0.19341911819176433,0.19984313734588618,9
diamonds,sparse_init,clean,7003,0.2015641391659242,0.1939206354064294,0.20241813819630686,craig,0.20128925921485422,0.19696618282874748,0.20177227108456375,23
diamonds,sparse_init,clean,7003,0.2015641391659242,0.1939206354064294,0.20241813819630686,glister,0.20131055245144988,0.19912170709389343,0.20155510938133808,20
diamonds,sparse_init,clean,7003,0.2015641391659242,0.1939206354064294,0.20241813819630686,craig_a1,0.20140877737885052,0.2117928133743292,0.20024858213977817,20
diamonds,sparse_init,clean,7003,0.2015641391659242,0.1939206354064294,0.20241813819630686,craig_w_a1,0.2002626095942755,0.19671984485386457,0.20065843822841808,20
diamonds,sparse_init,clean,7003,0.2015641391659242,0.1939206354064294,0.20241813819630686,glister_a1,0.20881469116438842,0.22877386746887626,0.20658467758061852,29
diamonds,sparse_init,clean,7004,0.2189856264289845,0.19427267359096267,0.22164028470726593,uniform,0.20202166146916256,0.1911018030445654,0.20319466951698748,19
diamonds,sparse_init,clean,7004,0.2189856264289845,0.19427267359096267,0.22164028470726593,craig,0.20328737109055114,0.19813841769142332,0.20384047018215182,21
diamonds,sparse_init,clean,7004,0.2189856264289845,0.19427267359096267,0.22164028470726593,glister,0.20231997163763546,0.1983977549802824,0.2027412950216479,21
diamonds,sparse_init,clean,7004,0.2189856264289845,0.19427267359096267,0.22164028470726593,craig_a1,0.20787717946790746,0.20455341554526468,0.20823421723146932,27
diamonds,sparse_init,clean,7004,0.2189856264289845,0.19427267359096267,0.22164028470726593,craig_w_a1,0.2033096105931204,0.19370418055434332,0.20434142312220271,27
diamonds,sparse_init,clean,7004,0.2189856264289845,0.19427267359096267,0.22164028470726593,glister_a1,0.21282226022687206,0.24288326812444586,0.2095931154139544,21
diamonds,sparse_init,clean,7005,0.21102589749930034,0.22266249296356305,0.2096788439099924,uniform,0.20938482363789013,0.22301940835366788,0.2078064825898991,17
diamonds,sparse_init,clean,7005,0.21102589749930034,0.22266249296356305,0.2096788439099924,craig,0.20864712939348826,0.23295011797344836,0.20583381272384155,24
diamonds,sparse_init,clean,7005,0.21102589749930034,0.22266249296356305,0.2096788439099924,glister,0.2069146164929113,0.2246685892652046,0.2048594146238731,23
diamonds,sparse_init,clean,7005,0.21102589749930034,0.22266249296356305,0.2096788439099924,craig_a1,0.21239038773202476,0.22458512360001692,0.210978723747306,25
diamonds,sparse_init,clean,7005,0.21102589749930034,0.22266249296356305,0.2096788439099924,craig_w_a1,0.20804152062520329,0.22118980906124058,0.20651947328881404,25
diamonds,sparse_init,clean,7005,0.21102589749930034,0.22266249296356305,0.2096788439099924,glister_a1,0.22253299701024917,0.2948983628923753,0.21415597418149537,20
diamonds,sparse_init,clean,7006,0.2143247822637539,0.21478678526501438,0.2142748705821773,uniform,0.20598029103795085,0.21248378473957988,0.2052776975355588,10
diamonds,sparse_init,clean,7006,0.2143247822637539,0.21478678526501438,0.2142748705821773,craig,0.2092059020851827,0.21722092809104404,0.2083400128490924,32
diamonds,sparse_init,clean,7006,0.2143247822637539,0.21478678526501438,0.2142748705821773,glister,0.208607679756683,0.21827644327266213,0.20756313189761605,31
diamonds,sparse_init,clean,7006,0.2143247822637539,0.21478678526501438,0.2142748705821773,craig_a1,0.21256888896263224,0.21923052940369708,0.21184921035542578,22
diamonds,sparse_init,clean,7006,0.2143247822637539,0.21478678526501438,0.2142748705821773,craig_w_a1,0.2064994929084669,0.21166110623142265,0.20594186709241352,22
diamonds,sparse_init,clean,7006,0.2143247822637539,0.21478678526501438,0.2142748705821773,glister_a1,0.21217204878760304,0.2191878364589985,0.21141411050731376,29
diamonds,sparse_init,clean,7007,0.20547204667576255,0.19672568730175044,0.20644656462768776,uniform,0.20147976930368702,0.18753049601501193,0.20303399508550382,9
diamonds,sparse_init,clean,7007,0.20547204667576255,0.19672568730175044,0.20644656462768776,craig,0.20495097803007783,0.19413176298330628,0.20615645322700904,19
diamonds,sparse_init,clean,7007,0.20547204667576255,0.19672568730175044,0.20644656462768776,glister,0.20186321829535075,0.1912271664722868,0.20304828547541423,22
diamonds,sparse_init,clean,7007,0.20547204667576255,0.19672568730175044,0.20644656462768776,craig_a1,0.20608746698994157,0.18844131095774844,0.20805359885126679,28
diamonds,sparse_init,clean,7007,0.20547204667576255,0.19672568730175044,0.20644656462768776,craig_w_a1,0.2022595652480673,0.18524225120875565,0.20415563163588726,28
diamonds,sparse_init,clean,7007,0.20547204667576255,0.19672568730175044,0.20644656462768776,glister_a1,0.2076366822309359,0.19444164963097652,0.2091068706367663,21
diamonds,sparse_init,clean,7008,0.19565404999185332,0.20122607244088403,0.19502114766468054,uniform,0.19583480140974985,0.1964648419106347,0.19576323778938212,14
diamonds,sparse_init,clean,7008,0.19565404999185332,0.20122607244088403,0.19502114766468054,craig,0.19684088287155022,0.19891105054237632,0.1966057413321022,28
diamonds,sparse_init,clean,7008,0.19565404999185332,0.20122607244088403,0.19502114766468054,glister,0.19544958291834771,0.20004015205025688,0.19492815969846491,17
diamonds,sparse_init,clean,7008,0.19565404999185332,0.20122607244088403,0.19502114766468054,craig_a1,0.19758273256044975,0.19759749808987048,0.19758105540677393,20
diamonds,sparse_init,clean,7008,0.19565404999185332,0.20122607244088403,0.19502114766468054,craig_w_a1,0.19846746467315723,0.19798310078727988,0.19852248150651966,20
diamonds,sparse_init,clean,7008,0.19565404999185332,0.20122607244088403,0.19502114766468054,glister_a1,0.20782621432397447,0.22605692445435613,0.20575546551183757,30
diamonds,sparse_init,clean,7009,0.20097901031444115,0.16606355046592128,0.2046335143969015,uniform,0.20060670825689925,0.15773752107967726,0.2050937068595414,14
diamonds,sparse_init,clean,7009,0.20097901031444115,0.16606355046592128,0.2046335143969015,craig,0.20049709488597794,0.1571311526202237,0.20503608746226099,24
diamonds,sparse_init,clean,7009,0.20097901031444115,0.16606355046592128,0.2046335143969015,glister,0.20203741028779773,0.1577209227993658,0.2066758937890725,20
diamonds,sparse_init,clean,7009,0.20097901031444115,0.16606355046592128,0.2046335143969015,craig_a1,0.20078086453615784,0.15724463328259813,0.20533768078722084,22
diamonds,sparse_init,clean,7009,0.20097901031444115,0.16606355046592128,0.2046335143969015,craig_w_a1,0.20065442737769945,0.15653276298492327,0.20527251928735485,22
diamonds,sparse_init,clean,7009,0.20097901031444115,0.16606355046592128,0.2046335143969015,glister_a1,0.20324658524981914,0.1656403396476395,0.20718272639404064,5
diamonds,sparse_init,outlier,7000,0.21247352657246535,0.19814503225967148,0.214074431162166,uniform,0.21277070889514704,0.20191695711039356,0.21398338488666202,19
diamonds,sparse_init,outlier,7000,0.21247352657246535,0.19814503225967148,0.214074431162166,craig,0.24882855064187173,0.2398887743825638,0.2498273805630062,19
diamonds,sparse_init,outlier,7000,0.21247352657246535,0.19814503225967148,0.214074431162166,glister,0.2491282165028979,0.2566384681110446,0.24828910556724618,22
diamonds,sparse_init,outlier,7000,0.21247352657246535,0.19814503225967148,0.214074431162166,craig_a1,0.25810030650763743,0.24702717082518408,0.25933749398522116,23
diamonds,sparse_init,outlier,7000,0.21247352657246535,0.19814503225967148,0.214074431162166,craig_w_a1,0.21932082180839987,0.2127471606491992,0.22005528867499205,23
diamonds,sparse_init,outlier,7000,0.21247352657246535,0.19814503225967148,0.214074431162166,glister_a1,0.25120984572832117,0.21373988040433162,0.2553963176739142,13
diamonds,sparse_init,outlier,7001,0.22634293644183648,0.2358026886283376,0.2252655099187847,uniform,0.2150700373659302,0.18071954073896154,0.2189824164025301,21
diamonds,sparse_init,outlier,7001,0.22634293644183648,0.2358026886283376,0.2252655099187847,craig,0.23711275375794919,0.2203981884702454,0.2390164733911073,21
diamonds,sparse_init,outlier,7001,0.22634293644183648,0.2358026886283376,0.2252655099187847,glister,0.24745541535473278,0.23753197095056952,0.24858565449739578,25
diamonds,sparse_init,outlier,7001,0.22634293644183648,0.2358026886283376,0.2252655099187847,craig_a1,0.2538029325033703,0.33581025707978684,0.24446263850399563,17
diamonds,sparse_init,outlier,7001,0.22634293644183648,0.2358026886283376,0.2252655099187847,craig_w_a1,0.2230778377298759,0.20299313100410932,0.2253654024892294,17
diamonds,sparse_init,outlier,7001,0.22634293644183648,0.2358026886283376,0.2252655099187847,glister_a1,0.2758429290797418,0.3802484903960797,0.2639515688518436,22
diamonds,sparse_init,outlier,7002,0.20566489081012995,0.19657804934832399,0.2066354278339974,uniform,0.22040244284883115,0.2074989251681184,0.22178062708368312,9
diamonds,sparse_init,outlier,7002,0.20566489081012995,0.19657804934832399,0.2066354278339974,craig,0.23430171618384305,0.23127767989456136,0.23462470401108787,28
diamonds,sparse_init,outlier,7002,0.20566489081012995,0.19657804934832399,0.2066354278339974,glister,0.23866690093217274,0.2538991148686188,0.23703999595722305,31
diamonds,sparse_init,outlier,7002,0.20566489081012995,0.19657804934832399,0.2066354278339974,craig_a1,0.24835172868284122,0.259467501017003,0.24716448791887152,28
diamonds,sparse_init,outlier,7002,0.20566489081012995,0.19657804934832399,0.2066354278339974,craig_w_a1,0.21713212251928365,0.20276033618032532,0.2186671279223932,28
diamonds,sparse_init,outlier,7002,0.20566489081012995,0.19657804934832399,0.2066354278339974,glister_a1,0.2496277417952632,0.28768464977549457,0.2455630028687637,34
diamonds,sparse_init,outlier,7003,0.19972372276726388,0.19938478002625687,0.19976159241203456,uniform,0.20486244742010787,0.18951324765398977,0.20657739414216997,11
diamonds,sparse_init,outlier,7003,0.19972372276726388,0.19938478002625687,0.19976159241203456,craig,0.23609341724925698,0.26389672805618336,0.2329869884153536,23
diamonds,sparse_init,outlier,7003,0.19972372276726388,0.19938478002625687,0.19976159241203456,glister,0.23643749046014204,0.24910045444562848,0.23502267347232506,30
diamonds,sparse_init,outlier,7003,0.19972372276726388,0.19938478002625687,0.19976159241203456,craig_a1,0.24169686799079682,0.2802477315745259,0.2373896286465336,23
diamonds,sparse_init,outlier,7003,0.19972372276726388,0.19938478002625687,0.19976159241203456,craig_w_a1,0.20252932417831368,0.19029807726026574,0.2038959059629316,23
diamonds,sparse_init,outlier,7003,0.19972372276726388,0.19938478002625687,0.19976159241203456,glister_a1,0.24956710351950903,0.2933073740180442,0.2446800582887111,24
diamonds,sparse_init,outlier,7004,0.20893696343105342,0.19866918814740508,0.21003992489563136,uniform,0.22468659201733435,0.19980206344032908,0.22735968091209574,23
diamonds,sparse_init,outlier,7004,0.20893696343105342,0.19866918814740508,0.21003992489563136,craig,0.25694291958499993,0.2554140240094024,0.25710715310751703,28
diamonds,sparse_init,outlier,7004,0.20893696343105342,0.19866918814740508,0.21003992489563136,glister,0.2713215587577345,0.2548939775023243,0.27308620480621154,29
diamonds,sparse_init,outlier,7004,0.20893696343105342,0.19866918814740508,0.21003992489563136,craig_a1,0.2706246451607087,0.22413683291275643,0.27561835256718864,31
diamonds,sparse_init,outlier,7004,0.20893696343105342,0.19866918814740508,0.21003992489563136,craig_w_a1,0.2373138570395281,0.19948171561344122,0.241377774778543,31
diamonds,sparse_init,outlier,7004,0.20893696343105342,0.19866918814740508,0.21003992489563136,glister_a1,0.2766574540900858,0.3012934240213512,0.27401106529348257,38
diamonds,sparse_init,outlier,7005,0.21090321431138603,0.21486635391382694,0.21044444082881614,uniform,0.2307823868358037,0.24740970339002127,0.22885760681627787,19
diamonds,sparse_init,outlier,7005,0.21090321431138603,0.21486635391382694,0.21044444082881614,craig,0.2518457154952622,0.2305084679109951,0.25431571765634187,32
diamonds,sparse_init,outlier,7005,0.21090321431138603,0.21486635391382694,0.21044444082881614,glister,0.26608801150304523,0.25861028517345364,0.26695363393729366,24
diamonds,sparse_init,outlier,7005,0.21090321431138603,0.21486635391382694,0.21044444082881614,craig_a1,0.24827090218749281,0.25427654190953164,0.24757568866318427,30
diamonds,sparse_init,outlier,7005,0.21090321431138603,0.21486635391382694,0.21044444082881614,craig_w_a1,0.21418662886612222,0.21920711771518156,0.213605456516789,30
diamonds,sparse_init,outlier,7005,0.21090321431138603,0.21486635391382694,0.21044444082881614,glister_a1,0.24723317051344146,0.25016885356630125,0.2468933355156906,17
diamonds,sparse_init,outlier,7006,0.22296111581781378,0.2766274213809438,0.21716337089548116,uniform,0.22897146924874937,0.362224498716233,0.2145757126026777,11
diamonds,sparse_init,outlier,7006,0.22296111581781378,0.2766274213809438,0.21716337089548116,craig,0.23798935826457362,0.2504445844139164,0.2366437798163067,27
diamonds,sparse_init,outlier,7006,0.22296111581781378,0.2766274213809438,0.21716337089548116,glister,0.2639812226983969,0.2943378139128384,0.2607017017638727,38
diamonds,sparse_init,outlier,7006,0.22296111581781378,0.2766274213809438,0.21716337089548116,craig_a1,0.2685206109866519,0.37294635848000046,0.25723915904138717,25
diamonds,sparse_init,outlier,7006,0.22296111581781378,0.2766274213809438,0.21716337089548116,craig_w_a1,0.22742032860741268,0.34010055586968907,0.21524711845996453,25
diamonds,sparse_init,outlier,7006,0.22296111581781378,0.2766274213809438,0.21716337089548116,glister_a1,0.24777983908965942,0.2345721544096261,0.2492067080717129,38
diamonds,sparse_init,outlier,7007,0.21545788473455638,0.19987972026904155,0.2171936013087913,uniform,0.2237502535181293,0.19504219629141104,0.22694890062785814,14
diamonds,sparse_init,outlier,7007,0.21545788473455638,0.19987972026904155,0.2171936013087913,craig,0.24561547603797396,0.1840594164971886,0.2524740422718875,32
diamonds,sparse_init,outlier,7007,0.21545788473455638,0.19987972026904155,0.2171936013087913,glister,0.2518028714463918,0.19109871515790597,0.25856651875722336,34
diamonds,sparse_init,outlier,7007,0.21545788473455638,0.19987972026904155,0.2171936013087913,craig_a1,0.2435781430357189,0.18714090549308504,0.2498663709475267,23
diamonds,sparse_init,outlier,7007,0.21545788473455638,0.19987972026904155,0.2171936013087913,craig_w_a1,0.22256058289133215,0.19142824704131198,0.2260293427345825,23
diamonds,sparse_init,outlier,7007,0.21545788473455638,0.19987972026904155,0.2171936013087913,glister_a1,0.2461955246724019,0.21180257327079152,0.2500275817749431,22
diamonds,sparse_init,outlier,7008,0.21893956182879207,0.22361180760118507,0.21840886130676085,uniform,0.22503057144971217,0.24259263640117049,0.22303577119910106,17
diamonds,sparse_init,outlier,7008,0.21893956182879207,0.22361180760118507,0.21840886130676085,craig,0.25642701861027084,0.29199336520523617,0.2523871885961434,29
diamonds,sparse_init,outlier,7008,0.21893956182879207,0.22361180760118507,0.21840886130676085,glister,0.25852043044778056,0.29564245831277286,0.25430389721589935,23
diamonds,sparse_init,outlier,7008,0.21893956182879207,0.22361180760118507,0.21840886130676085,craig_a1,0.2732949256354663,0.33385879108741295,0.26641573379125855,19
diamonds,sparse_init,outlier,7008,0.21893956182879207,0.22361180760118507,0.21840886130676085,craig_w_a1,0.21934449079998564,0.2146209760653526,0.21988101474534483,19
diamonds,sparse_init,outlier,7008,0.21893956182879207,0.22361180760118507,0.21840886130676085,glister_a1,0.2548997069618867,0.2226450824972711,0.2585633725469544,21
diamonds,sparse_init,outlier,7009,0.20190563820584162,0.1724204849626049,0.2049917671976082,uniform,0.21818910827961457,0.1757432338483177,0.22263179991437335,15
diamonds,sparse_init,outlier,7009,0.20190563820584162,0.1724204849626049,0.2049917671976082,craig,0.2435282925447548,0.1813483396361479,0.2500364952932668,23
diamonds,sparse_init,outlier,7009,0.20190563820584162,0.1724204849626049,0.2049917671976082,glister,0.26722502648065916,0.26579420812152577,0.2673747862592042,28
diamonds,sparse_init,outlier,7009,0.20190563820584162,0.1724204849626049,0.2049917671976082,craig_a1,0.261788073719514,0.21056854805210215,0.26714907902963525,19
diamonds,sparse_init,outlier,7009,0.20190563820584162,0.1724204849626049,0.2049917671976082,craig_w_a1,0.21455859382056786,0.1667082024136485,0.2195669612172048,19
diamonds,sparse_init,outlier,7009,0.20190563820584162,0.1724204849626049,0.2049917671976082,glister_a1,0.27833745474647664,0.35591580918381704,0.2702175441329024,16
diamonds,sparse_all,clean,7000,0.20086610787749518,0.18874865580611863,0.20221997550748222,uniform,0.1948483430725845,0.19139104446856808,0.19523462268314995,5
diamonds,sparse_all,clean,7000,0.20086610787749518,0.18874865580611863,0.20221997550748222,craig,0.1976342121145205,0.19162529527262998,0.19830558081114086,3
diamonds,sparse_all,clean,7000,0.20086610787749518,0.18874865580611863,0.20221997550748222,glister,0.19631295621438039,0.19037765036617604,0.19697610044755945,3
diamonds,sparse_all,clean,7000,0.20086610787749518,0.18874865580611863,0.20221997550748222,craig_a1,0.2008951221950148,0.1952967810183779,0.20152061779062563,3
diamonds,sparse_all,clean,7000,0.20086610787749518,0.18874865580611863,0.20221997550748222,craig_w_a1,0.19713947319927455,0.18981514046815767,0.19795781165339044,3
diamonds,sparse_all,clean,7000,0.20086610787749518,0.18874865580611863,0.20221997550748222,glister_a1,0.2038624765743799,0.20045149093139178,0.20424358169624793,3
diamonds,sparse_all,clean,7001,0.19674854040157494,0.18051410246071375,0.19859757552210186,uniform,0.19542667996630284,0.17860050419296258,0.1973431115706738,8
diamonds,sparse_all,clean,7001,0.19674854040157494,0.18051410246071375,0.19859757552210186,craig,0.19813246417715696,0.1840639561960075,0.19973480886228373,4
diamonds,sparse_all,clean,7001,0.19674854040157494,0.18051410246071375,0.19859757552210186,glister,0.19707686943962482,0.1738988953416524,0.19971674451789573,8
diamonds,sparse_all,clean,7001,0.19674854040157494,0.18051410246071375,0.19859757552210186,craig_a1,0.19712231587887105,0.17938807071999413,0.19914217281843685,2
diamonds,sparse_all,clean,7001,0.19674854040157494,0.18051410246071375,0.19859757552210186,craig_w_a1,0.1962742550743801,0.1764190503072361,0.1985356805129103,2
diamonds,sparse_all,clean,7001,0.19674854040157494,0.18051410246071375,0.19859757552210186,glister_a1,0.20315229443590924,0.18563892638496987,0.20514699438935788,1
diamonds,sparse_all,clean,7002,0.20667292063183976,0.20092129513696913,0.20728723370351107,uniform,0.20275579503800112,0.19640691097058413,0.20343389942372966,7
diamonds,sparse_all,clean,7002,0.20667292063183976,0.20092129513696913,0.20728723370351107,craig,0.20344614444570566,0.1969703051284159,0.20413780852331326,6
diamonds,sparse_all,clean,7002,0.20667292063183976,0.20092129513696913,0.20728723370351107,glister,0.2063413164938713,0.20457983480729172,0.2065294548256421,6
diamonds,sparse_all,clean,7002,0.20667292063183976,0.20092129513696913,0.20728723370351107,craig_a1,0.20425124193787594,0.19880990957046057,0.2048324135742407,10
diamonds,sparse_all,clean,7002,0.20667292063183976,0.20092129513696913,0.20728723370351107,craig_w_a1,0.2018176605757663,0.19790875623517112,0.20223515838303519,10
diamonds,sparse_all,clean,7002,0.20667292063183976,0.20092129513696913,0.20728723370351107,glister_a1,0.20870945289069454,0.20231521018302703,0.209392401890462,9
diamonds,sparse_all,clean,7003,0.20850620789047555,0.20121633872669273,0.20932069577369974,uniform,0.20390508255174758,0.20070203267865439,0.20426295527242117,3
diamonds,sparse_all,clean,7003,0.20850620789047555,0.20121633872669273,0.20932069577369974,craig,0.20817733560640533,0.20665764915152726,0.20834712825645002,6
diamonds,sparse_all,clean,7003,0.20850620789047555,0.20121633872669273,0.20932069577369974,glister,0.20410988265099866,0.20346004400031995,0.2041824883034647,5
diamonds,sparse_all,clean,7003,0.20850620789047555,0.20121633872669273,0.20932069577369974,craig_a1,0.21085731529813434,0.21411392947706684,0.21049345790515744,2
diamonds,sparse_all,clean,7003,0.20850620789047555,0.20121633872669273,0.20932069577369974,craig_w_a1,0.20749609085807533,0.20653807061850696,0.20760312925060073,2
diamonds,sparse_all,clean,7003,0.20850620789047555,0.20121633872669273,0.20932069577369974,glister_a1,0.22023198887634,0.2303339833322019,0.21910330578260553,3
diamonds,sparse_all,clean,7004,0.20007485723557875,0.19599602542729327,0.2005130041740103,uniform,0.19851663249078808,0.2134634805877048,0.1969110463718502,4
diamonds,sparse_all,clean,7004,0.20007485723557875,0.19599602542729327,0.2005130041740103,craig,0.2051777932842289,0.2434745813922147,0.20106396333242973,3
diamonds,sparse_all,clean,7004,0.20007485723557875,0.19599602542729327,0.2005130041740103,glister,0.20516706659720435,0.2434146585446823,0.20105852128280197,5
diamonds,sparse_all,clean,7004,0.20007485723557875,0.19599602542729327,0.2005130041740103,craig_a1,0.2020269819639627,0.22401987709834928,0.19966451150102196,7
diamonds,sparse_all,clean,7004,0.20007485723557875,0.19599602542729327,0.2005130041740103,craig_w_a1,0.19884114252358873,0.21162831362522258,0.19746754828565022,7
diamonds,sparse_all,clean,7004,0.20007485723557875,0.19599602542729327,0.2005130041740103,glister_a1,0.20373872244023447,0.21293471365435215,0.20275089171180766,3
diamonds,sparse_all,clean,7005,0.20309704646722324,0.21135525741275477,0.20214107504675027,uniform,0.2075853682054189,0.2167574371964064,0.20652360847563933,10
diamonds,sparse_all,clean,7005,0.20309704646722324,0.21135525741275477,0.20214107504675027,craig,0.20838953140711375,0.21868306684116826,0.20719795059675597,5
diamonds,sparse_all,clean,7005,0.20309704646722324,0.21135525741275477,0.20214107504675027,glister,0.20712431435212228,0.21445003455377679,0.20627628816420412,4
diamonds,sparse_all,clean,7005,0.20309704646722324,0.21135525741275477,0.20214107504675027,craig_a1,0.21203185692375773,0.21731018834308063,0.2114208366897217,6
diamonds,sparse_all,clean,7005,0.20309704646722324,0.21135525741275477,0.20214107504675027,craig_w_a1,0.20730760197222062,0.22013556211586613,0.20582263587469957,6
diamonds,sparse_all,clean,7005,0.20309704646722324,0.21135525741275477,0.20214107504675027,glister_a1,0.21300215537457648,0.22119572858089573,0.21205366642600673,1
diamonds,sparse_all,clean,7006,0.24507021076619673,0.21897449024121313,0.24788941603066864,uniform,0.20741477646068956,0.21279841827356016,0.2068331641872769,2
diamonds,sparse_all,clean,7006,0.24507021076619673,0.21897449024121313,0.24788941603066864,craig,0.2085869600616221,0.22029297011880522,0.20732232185599841,4
diamonds,sparse_all,clean,7006,0.24507021076619673,0.21897449024121313,0.24788941603066864,glister,0.21219605074452,0.21553939023694746,0.21183485894339904,5
diamonds,sparse_all,clean,7006,0.24507021076619673,0.21897449024121313,0.24788941603066864,craig_a1,0.21215279021545222,0.22170961558802388,0.21112033539680874,3
diamonds,sparse_all,clean,7006,0.24507021076619673,0.21897449024121313,0.24788941603066864,craig_w_a1,0.20754481739861586,0.219264386522734,0.20627871436304632,3
diamonds,sparse_all,clean,7006,0.24507021076619673,0.21897449024121313,0.24788941603066864,glister_a1,0.22558198988812755,0.22822645275064504,0.225296299994393,2
diamonds,sparse_all,clean,7007,0.2049462480679947,0.20894559633109214,0.2045006413290389,uniform,0.20431788251436028,0.20036113821308332,0.20475874232675598,4
diamonds,sparse_all,clean,7007,0.2049462480679947,0.20894559633109214,0.2045006413290389,craig,0.21028526983428525,0.2000581001669036,0.21142477943045643,1
diamonds,sparse_all,clean,7007,0.2049462480679947,0.20894559633109214,0.2045006413290389,glister,0.2065821269944524,0.19917884445347478,0.2074069995420856,2
diamonds,sparse_all,clean,7007,0.2049462480679947,0.20894559633109214,0.2045006413290389,craig_a1,0.20782413030376604,0.1982288613067946,0.2088932336290746,6
diamonds,sparse_all,clean,7007,0.2049462480679947,0.20894559633109214,0.2045006413290389,craig_w_a1,0.2069805121509709,0.19602901791089314,0.20820072587430274,6
diamonds,sparse_all,clean,7007,0.2049462480679947,0.20894559633109214,0.2045006413290389,glister_a1,0.20666712260152564,0.2021623998759617,0.20716903808164544,5
diamonds,sparse_all,clean,7008,0.20406173618074885,0.20221722010684204,0.20427124691520152,uniform,0.1971086969192798,0.20011142681215782,0.19676762960405308,4
diamonds,sparse_all,clean,7008,0.20406173618074885,0.20221722010684204,0.20427124691520152,craig,0.19981346821962298,0.20089452872057592,0.1996906751560404,2
diamonds,sparse_all,clean,7008,0.20406173618074885,0.20221722010684204,0.20427124691520152,glister,0.20196286936159033,0.20448144899259166,0.20167679461508461,1
diamonds,sparse_all,clean,7008,0.20406173618074885,0.20221722010684204,0.20427124691520152,craig_a1,0.19669607964773217,0.19856590654291173,0.19648369396476073,2
diamonds,sparse_all,clean,7008,0.20406173618074885,0.20221722010684204,0.20427124691520152,craig_w_a1,0.1979578399715955,0.20122287422196042,0.19758697862021776,2
diamonds,sparse_all,clean,7008,0.20406173618074885,0.20221722010684204,0.20427124691520152,glister_a1,0.20879954593090214,0.21076434466844554,0.20857637280035712,4
diamonds,sparse_all,clean,7009,0.1914421432988878,0.1583734853422373,0.19490334776328175,uniform,0.18808358344176054,0.15599948519942453,0.19144173677891752,7
diamonds,sparse_all,clean,7009,0.1914421432988878,0.1583734853422373,0.19490334776328175,craig,0.1932872842332124,0.15688709525058023,0.19709719078510904,5
diamonds,sparse_all,clean,7009,0.1914421432988878,0.1583734853422373,0.19490334776328175,glister,0.1942238055595534,0.15406450106040778,0.19842716827846418,3
diamonds,sparse_all,clean,7009,0.1914421432988878,0.1583734853422373,0.19490334776328175,craig_a1,0.19409324391783303,0.15573251372628713,0.19810835486580206,3
diamonds,sparse_all,clean,7009,0.1914421432988878,0.1583734853422373,0.19490334776328175,craig_w_a1,0.18819557385997246,0.15507937777577638,0.19166175400797308,3
diamonds,sparse_all,clean,7009,0.1914421432988878,0.1583734853422373,0.19490334776328175,glister_a1,0.19627697200408703,0.1571688303395597,0.20037031243238193,1
diamonds,sparse_all,outlier,7000,0.23209951233834003,0.21670476076316927,0.23381954850654976,uniform,0.2145569687170622,0.22828420963947216,0.21302324141000029,3
diamonds,sparse_all,outlier,7000,0.23209951233834003,0.21670476076316927,0.23381954850654976,craig,0.2372490289051833,0.24159691191696797,0.23676324542248803,4
diamonds,sparse_all,outlier,7000,0.23209951233834003,0.21670476076316927,0.23381954850654976,glister,0.2603528623966779,0.24308212044838579,0.26228250060212915,2
diamonds,sparse_all,outlier,7000,0.23209951233834003,0.21670476076316927,0.23381954850654976,craig_a1,0.271430223363762,0.2777671874624882,0.2707222023610694,3
diamonds,sparse_all,outlier,7000,0.23209951233834003,0.21670476076316927,0.23381954850654976,craig_w_a1,0.21843100593824927,0.22805478045686328,0.21735575375467983,3
diamonds,sparse_all,outlier,7000,0.23209951233834003,0.21670476076316927,0.23381954850654976,glister_a1,0.2865379522865091,0.31835127762365795,0.2829834895890289,4
diamonds,sparse_all,outlier,7001,0.21037639778066625,0.1986915428744026,0.21170725427096473,uniform,0.20601210014825222,0.20269115662123122,0.20639034183651495,6
diamonds,sparse_all,outlier,7001,0.21037639778066625,0.1986915428744026,0.21170725427096473,craig,0.23940290559474506,0.22628516034966972,0.24089696234919666,2
diamonds,sparse_all,outlier,7001,0.21037639778066625,0.1986915428744026,0.21170725427096473,glister,0.24170489160172373,0.22627872618563327,0.2434618678354138,1
diamonds,sparse_all,outlier,7001,0.21037639778066625,0.1986915428744026,0.21170725427096473,craig_a1,0.2380871822751365,0.2551834295192594,0.23613999065084074,0
diamonds,sparse_all,outlier,7001,0.21037639778066625,0.1986915428744026,0.21170725427096473,craig_w_a1,0.21953255780584788,0.2262621219897836,0.2187660883680229,0
diamonds,sparse_all,outlier,7001,0.21037639778066625,0.1986915428744026,0.21170725427096473,glister_a1,0.25318785580816333,0.2576967638584241,0.25267430988987966,2
diamonds,sparse_all,outlier,7002,0.21079616457037714,0.2000718681579433,0.21194159301951918,uniform,0.21396350413221094,0.21508757898938152,0.21384344522383578,4
diamonds,sparse_all,outlier,7002,0.21079616457037714,0.2000718681579433,0.21194159301951918,craig,0.24055172097519478,0.23261829485333751,0.24139906532578606,2
diamonds,sparse_all,outlier,7002,0.21079616457037714,0.2000718681579433,0.21194159301951918,glister,0.2502264579119277,0.24651882391767554,0.2506224586650493,6
diamonds,sparse_all,outlier,7002,0.21079616457037714,0.2000718681579433,0.21194159301951918,craig_a1,0.24835163403321314,0.2380471191110729,0.24945222693856625,10
diamonds,sparse_all,outlier,7002,0.21079616457037714,0.2000718681579433,0.21194159301951918,craig_w_a1,0.2282629196946391,0.2059803603989621,0.23064284993485254,10
diamonds,sparse_all,outlier,7002,0.21079616457037714,0.2000718681579433,0.21194159301951918,glister_a1,0.2411618637351261,0.24032550381474538,0.24125119271389395,6
diamonds,sparse_all,outlier,7003,0.21470958397026146,0.19602495536119535,0.21679719394826164,uniform,0.23195676847272587,0.2067556923487919,0.23477245290902973,4
diamonds,sparse_all,outlier,7003,0.21470958397026146,0.19602495536119535,0.21679719394826164,craig,0.2572479252610759,0.23813715495351806,0.2593831475133378,6
diamonds,sparse_all,outlier,7003,0.21470958397026146,0.19602495536119535,0.21679719394826164,glister,0.2515898836507716,0.21353557248036298,0.25584164382045044,2
diamonds,sparse_all,outlier,7003,0.21470958397026146,0.19602495536119535,0.21679719394826164,craig_a1,0.2602391536022077,0.22232750214579966,0.26447497458205094,2
diamonds,sparse_all,outlier,7003,0.21470958397026146,0.19602495536119535,0.21679719394826164,craig_w_a1,0.24309302118129972,0.2281119433900933,0.24476683809960575,2
diamonds,sparse_all,outlier,7003,0.21470958397026146,0.19602495536119535,0.21679719394826164,glister_a1,0.2746739215285521,0.24097609368943537,0.27843893731268904,5
diamonds,sparse_all,outlier,7004,0.21017097300113044,0.1981428022595801,0.2114630356389271,uniform,0.23285239723046908,0.22182464680172256,0.23403699500631453,5
diamonds,sparse_all,outlier,7004,0.21017097300113044,0.1981428022595801,0.2114630356389271,craig,0.2462742518241484,0.2353059602916609,0.2474524625424776,4
diamonds,sparse_all,outlier,7004,0.21017097300113044,0.1981428022595801,0.2114630356389271,glister,0.2661764773607257,0.28979570323219833,0.2636393069182752,3
diamonds,sparse_all,outlier,7004,0.21017097300113044,0.1981428022595801,0.2114630356389271,craig_a1,0.26187224508323687,0.2689143223744536,0.26111578716823347,6
diamonds,sparse_all,outlier,7004,0.21017097300113044,0.1981428022595801,0.2114630356389271,craig_w_a1,0.22815296605824936,0.23189370007903223,0.22775113748680315,6
diamonds,sparse_all,outlier,7004,0.21017097300113044,0.1981428022595801,0.2114630356389271,glister_a1,0.24915065050907514,0.27051761713735945,0.24685541710603687,8
diamonds,sparse_all,outlier,7005,0.21978307288240273,0.23871558218481356,0.21759144349314177,uniform,0.22113816617033052,0.21470244149593307,0.22188316637671127,6
diamonds,sparse_all,outlier,7005,0.21978307288240273,0.23871558218481356,0.21759144349314177,craig,0.236157861614068,0.2209561070238261,0.23791761842158554,5
diamonds,sparse_all,outlier,7005,0.21978307288240273,0.23871558218481356,0.21759144349314177,glister,0.23459092465353684,0.22143238616411343,0.23611415853724974,6
diamonds,sparse_all,outlier,7005,0.21978307288240273,0.23871558218481356,0.21759144349314177,craig_a1,0.2358823420140836,0.24495040602974616,0.23483262191185206,4
diamonds,sparse_all,outlier,7005,0.21978307288240273,0.23871558218481356,0.21759144349314177,craig_w_a1,0.22043774440089275,0.2139213876180126,0.22119207858914805,4
diamonds,sparse_all,outlier,7005,0.21978307288240273,0.23871558218481356,0.21759144349314177,glister_a1,0.24529850294925443,0.22635835462076187,0.2474910166330269,7
diamonds,sparse_all,outlier,7006,0.24335941204481482,0.2201798359231476,0.24586357677818055,uniform,0.24075381282678326,0.2844242854258145,0.23603595013602918,4
diamonds,sparse_all,outlier,7006,0.24335941204481482,0.2201798359231476,0.24586357677818055,craig,0.272774403574698,0.43548053846285456,0.255196732492598,3
diamonds,sparse_all,outlier,7006,0.24335941204481482,0.2201798359231476,0.24586357677818055,glister,0.27756380243058915,0.45349238388122265,0.25855766759243204,4
diamonds,sparse_all,outlier,7006,0.24335941204481482,0.2201798359231476,0.24586357677818055,craig_a1,0.29210625399134316,0.4774982566030345,0.27207775509423526,3
diamonds,sparse_all,outlier,7006,0.24335941204481482,0.2201798359231476,0.24586357677818055,craig_w_a1,0.247297455442633,0.3357837312177449,0.237737996286873,3
diamonds,sparse_all,outlier,7006,0.24335941204481482,0.2201798359231476,0.24586357677818055,glister_a1,0.2931080468698447,0.5061087423684245,0.27009689140046905,2
diamonds,sparse_all,outlier,7007,0.21229697183708163,0.21250844999832258,0.21227340897443714,uniform,0.23156550732724718,0.19693302629128268,0.2354242527830465,4
diamonds,sparse_all,outlier,7007,0.21229697183708163,0.21250844999832258,0.21227340897443714,craig,0.25240566369071993,0.249425717284115,0.25273768883910797,5
diamonds,sparse_all,outlier,7007,0.21229697183708163,0.21250844999832258,0.21227340897443714,glister,0.2823893711486622,0.2402851733946584,0.2870806140770744,3
diamonds,sparse_all,outlier,7007,0.21229697183708163,0.21250844999832258,0.21227340897443714,craig_a1,0.26904847110607466,0.21711186416584205,0.27483523948146593,2
diamonds,sparse_all,outlier,7007,0.21229697183708163,0.21250844999832258,0.21227340897443714,craig_w_a1,0.22880829290165983,0.20895985843765993,0.2310198022709468,2
diamonds,sparse_all,outlier,7007,0.21229697183708163,0.21250844999832258,0.21227340897443714,glister_a1,0.26360794010285,0.19987326094080016,0.2707092477838674,2
diamonds,sparse_all,outlier,7008,0.21389609097679155,0.20845969044528437,0.21451358858727457,uniform,0.24539271142278654,0.20870411735277922,0.2495600127536782,3
diamonds,sparse_all,outlier,7008,0.21389609097679155,0.20845969044528437,0.21451358858727457,craig,0.2529303409701269,0.25074871796472253,0.25317814224691004,1
diamonds,sparse_all,outlier,7008,0.21389609097679155,0.20845969044528437,0.21451358858727457,glister,0.26452158628761024,0.24568126510127059,0.2666615782263704,1
diamonds,sparse_all,outlier,7008,0.21389609097679155,0.20845969044528437,0.21451358858727457,craig_a1,0.26853570574100605,0.24651771219591148,0.27103663596550454,2
diamonds,sparse_all,outlier,7008,0.21389609097679155,0.20845969044528437,0.21451358858727457,craig_w_a1,0.24055336099583702,0.21709310153041955,0.24321811207097352,2
diamonds,sparse_all,outlier,7008,0.21389609097679155,0.20845969044528437,0.21451358858727457,glister_a1,0.27755768790272295,0.24180572491935048,0.2816186012928166,1
diamonds,sparse_all,outlier,7009,0.1951101169095457,0.15242538497536232,0.19957780909486894,uniform,0.2124634139389653,0.20271859929632421,0.21348337658728372,4
diamonds,sparse_all,outlier,7009,0.1951101169095457,0.15242538497536232,0.19957780909486894,craig,0.2252158653152949,0.17026418954267586,0.23096750439781974,4
diamonds,sparse_all,outlier,7009,0.1951101169095457,0.15242538497536232,0.19957780909486894,glister,0.23526794166269513,0.1795196581226482,0.24110295946487068,4
diamonds,sparse_all,outlier,7009,0.1951101169095457,0.15242538497536232,0.19957780909486894,craig_a1,0.25598556736188144,0.2632176113340525,0.2552286094316266,4
diamonds,sparse_all,outlier,7009,0.1951101169095457,0.15242538497536232,0.19957780909486894,craig_w_a1,0.21137617599555847,0.1563247777377373,0.2171382527532813,4
diamonds,sparse_all,outlier,7009,0.1951101169095457,0.15242538497536232,0.19957780909486894,glister_a1,0.24708444251344627,0.25639309834808693,0.24611013139460375,4
diamonds,hard,clean,7000,0.3130062928285578,0.341981566295147,0.3097689220854869,uniform,0.21508826518153495,0.3302429664945735,0.20222217570742673,16
diamonds,hard,clean,7000,0.3130062928285578,0.341981566295147,0.3097689220854869,craig,0.22007294842518615,0.3274388154673786,0.20807709557611406,21
diamonds,hard,clean,7000,0.3130062928285578,0.341981566295147,0.3097689220854869,glister,0.22324291308201571,0.33974917420224426,0.2102258155360647,16
diamonds,hard,clean,7000,0.3130062928285578,0.341981566295147,0.3097689220854869,craig_a1,0.22178253665174116,0.32448255967709394,0.21030799266725209,23
diamonds,hard,clean,7000,0.3130062928285578,0.341981566295147,0.3097689220854869,craig_w_a1,0.21732098028491117,0.32242912844931104,0.2055773795172378,23
diamonds,hard,clean,7000,0.3130062928285578,0.341981566295147,0.3097689220854869,glister_a1,0.24044352879150946,0.37414990338912024,0.2255046842700421,20
diamonds,hard,clean,7001,0.21882151771827657,0.3554355376207261,0.20326174769875502,uniform,0.22158848595451094,0.34702695114303717,0.2073015652466003,15
diamonds,hard,clean,7001,0.21882151771827657,0.3554355376207261,0.20326174769875502,craig,0.2228653128266388,0.3446022183595394,0.2089999844047629,18
diamonds,hard,clean,7001,0.21882151771827657,0.3554355376207261,0.20326174769875502,glister,0.22458958047269886,0.3427891586643454,0.21112713895769372,21
diamonds,hard,clean,7001,0.21882151771827657,0.3554355376207261,0.20326174769875502,craig_a1,0.22117253027278638,0.32599118254806464,0.2092341206986876,33
diamonds,hard,clean,7001,0.21882151771827657,0.3554355376207261,0.20326174769875502,craig_w_a1,0.22228328080717955,0.3368624425120199,0.20923318970796492,33
diamonds,hard,clean,7001,0.21882151771827657,0.3554355376207261,0.20326174769875502,glister_a1,0.23383406118440286,0.31712846333912803,0.22434717438928098,37
diamonds,hard,clean,7002,0.22014510104633395,0.3631773919743656,0.2048682708586692,uniform,0.21816619698938125,0.3514133684480749,0.2039344847085136,10
diamonds,hard,clean,7002,0.22014510104633395,0.3631773919743656,0.2048682708586692,craig,0.22017332706581977,0.34711706115968555,0.20661486515097963,26
diamonds,hard,clean,7002,0.22014510104633395,0.3631773919743656,0.2048682708586692,glister,0.2206625478554715,0.3442283605444864,0.20746487112665035,34
diamonds,hard,clean,7002,0.22014510104633395,0.3631773919743656,0.2048682708586692,craig_a1,0.22036370372514608,0.34786005737953557,0.20674621824905468,28
diamonds,hard,clean,7002,0.22014510104633395,0.3631773919743656,0.2048682708586692,craig_w_a1,0.21715857540294364,0.34882781507570737,0.20309539706490082,28
diamonds,hard,clean,7002,0.22014510104633395,0.3631773919743656,0.2048682708586692,glister_a1,0.2246614631153944,0.34757958721935256,0.21153296397202753,42
diamonds,hard,clean,7003,0.20504039103018226,0.21249590903213414,0.20420739541128718,uniform,0.20351340094499334,0.21945064350923812,0.20173275294309606,10
diamonds,hard,clean,7003,0.20504039103018226,0.21249590903213414,0.20420739541128718,craig,0.20542614252089172,0.2214865213844838,0.20363173665564324,18
diamonds,hard,clean,7003,0.20504039103018226,0.21249590903213414,0.20420739541128718,glister,0.2052898085407631,0.24151648511132062,0.20124224767879417,13
diamonds,hard,clean,7003,0.20504039103018226,0.21249590903213414,0.20420739541128718,craig_a1,0.2066217280664864,0.2220229544732135,0.2049009684735169,18
diamonds,hard,clean,7003,0.20504039103018226,0.21249590903213414,0.20420739541128718,craig_w_a1,0.20470592517179614,0.22665389773152367,0.2022537058919155,18
diamonds,hard,clean,7003,0.20504039103018226,0.21249590903213414,0.20420739541128718,glister_a1,0.21082281601031258,0.2311806508404231,0.20854826081250705,18
diamonds,hard,clean,7004,0.23105801729950984,0.3618343841625814,0.21701005762540357,uniform,0.21145799576414007,0.31097045038653803,0.2007683965411361,16
diamonds,hard,clean,7004,0.23105801729950984,0.3618343841625814,0.21701005762540357,craig,0.21719041715766868,0.29975326907726263,0.20832153937671563,23
diamonds,hard,clean,7004,0.23105801729950984,0.3618343841625814,0.21701005762540357,glister,0.2185077669644712,0.28990674817232437,0.21083810896096977,34
diamonds,hard,clean,7004,0.23105801729950984,0.3618343841625814,0.21701005762540357,craig_a1,0.21810014328591704,0.2785112107646176,0.21161080381146083,36
diamonds,hard,clean,7004,0.23105801729950984,0.3618343841625814,0.21701005762540357,craig_w_a1,0.2154616518892096,0.28956056859885493,0.20750196759149575,36
diamonds,hard,clean,7004,0.23105801729950984,0.3618343841625814,0.21701005762540357,glister_a1,0.2263556802016576,0.2851714783144659,0.22003770410316104,45
diamonds,hard,clean,7005,0.22464039595932786,0.3670761108572818,0.20815202171033179,uniform,0.21984672247060463,0.3404723522851501,0.20588308610434622,12
diamonds,hard,clean,7005,0.22464039595932786,0.3670761108572818,0.20815202171033179,craig,0.21936768248295355,0.33344172204008987,0.20616245893589313,22
diamonds,hard,clean,7005,0.22464039595932786,0.3670761108572818,0.20815202171033179,glister,0.21883507584369,0.33647473400966704,0.20521709588863268,21
diamonds,hard,clean,7005,0.22464039595932786,0.3670761108572818,0.20815202171033179,craig_a1,0.22425556575301506,0.31982161041049517,0.21319282976058707,30
diamonds,hard,clean,7005,0.22464039595932786,0.3670761108572818,0.20815202171033179,craig_w_a1,0.2186672743137934,0.32558933087538156,0.2062899651162874,30
diamonds,hard,clean,7005,0.22464039595932786,0.3670761108572818,0.20815202171033179,glister_a1,0.22863398353432887,0.32417882049465585,0.21757370254728964,45
diamonds,hard,clean,7006,0.2488724983498567,0.3638948722744678,0.2364462585075857,uniform,0.21581537227115383,0.32804610538106915,0.20369072243379455,11
diamonds,hard,clean,7006,0.2488724983498567,0.3638948722744678,0.2364462585075857,craig,0.21679458719479275,0.3075706851367688,0.2069877511290391,39
diamonds,hard,clean,7006,0.2488724983498567,0.3638948722744678,0.2364462585075857,glister,0.2221564929293653,0.31078990884423907,0.212581137747426,26
diamonds,hard,clean,7006,0.2488724983498567,0.3638948722744678,0.2364462585075857,craig_a1,0.2220811072370659,0.31565514723774246,0.2119720004225884,22
diamonds,hard,clean,7006,0.2488724983498567,0.3638948722744678,0.2364462585075857,craig_w_a1,0.21624427302821442,0.3194596429108064,0.20509358209907014,22
diamonds,hard,clean,7006,0.2488724983498567,0.3638948722744678,0.2364462585075857,glister_a1,0.22721610401781703,0.3127201143840697,0.21797882865968998,37
diamonds,hard,clean,7007,0.2139096397026543,0.3165719737399427,0.20247101898885808,uniform,0.21600944889226537,0.32036492581515413,0.20438217847101545,8
diamonds,hard,clean,7007,0.2139096397026543,0.3165719737399427,0.20247101898885808,craig,0.2208668735385352,0.31206183468779675,0.2107059456638884,23
diamonds,hard,clean,7007,0.2139096397026543,0.3165719737399427,0.20247101898885808,glister,0.22134682074959866,0.31666168170404124,0.21072685430260463,25
diamonds,hard,clean,7007,0.2139096397026543,0.3165719737399427,0.20247101898885808,craig_a1,0.22538026192728655,0.32483950578161247,0.21429852900547924,27
diamonds,hard,clean,7007,0.2139096397026543,0.3165719737399427,0.20247101898885808,craig_w_a1,0.22046152941321884,0.31772370950679985,0.20962459298156388,27
diamonds,hard,clean,7007,0.2139096397026543,0.3165719737399427,0.20247101898885808,glister_a1,0.2263150239739939,0.3331242508880979,0.214414357124159,40
diamonds,hard,clean,7008,0.21336330800815395,0.32272582927782656,0.20094128443409315,uniform,0.2120137658303108,0.3396444234294915,0.19751674236136155,12
diamonds,hard,clean,7008,0.21336330800815395,0.32272582927782656,0.20094128443409315,craig,0.21323774002421247,0.3220087706191147,0.20088290135975814,20
diamonds,hard,clean,7008,0.21336330800815395,0.32272582927782656,0.20094128443409315,glister,0.21439825360961806,0.3314772637646813,0.2010997468882189,32
diamonds,hard,clean,7008,0.21336330800815395,0.32272582927782656,0.20094128443409315,craig_a1,0.2152949717241025,0.3184138164189845,0.20358214081221168,33
diamonds,hard,clean,7008,0.21336330800815395,0.32272582927782656,0.20094128443409315,craig_w_a1,0.2093926383316143,0.32231858868448393,0.1965658600064554,33
diamonds,hard,clean,7008,0.21336330800815395,0.32272582927782656,0.20094128443409315,glister_a1,0.21971861207297957,0.3285136165628189,0.2073610503157818,52
diamonds,hard,clean,7009,0.2111317170315511,0.32666980188664063,0.19903866700115097,uniform,0.21419207096894635,0.30556261471940815,0.20462857025604247,15
diamonds,hard,clean,7009,0.2111317170315511,0.32666980188664063,0.19903866700115097,craig,0.2167418989756435,0.3048213203667858,0.20752287088747914,21
diamonds,hard,clean,7009,0.2111317170315511,0.32666980188664063,0.19903866700115097,glister,0.21932411199430618,0.3071411734795004,0.21013254438787465,16
diamonds,hard,clean,7009,0.2111317170315511,0.32666980188664063,0.19903866700115097,craig_a1,0.21873078958688452,0.3006331823503573,0.21015829390686347,23
diamonds,hard,clean,7009,0.2111317170315511,0.32666980188664063,0.19903866700115097,craig_w_a1,0.21508415875811351,0.3018475854510329,0.2060028721752313,23
diamonds,hard,clean,7009,0.2111317170315511,0.32666980188664063,0.19903866700115097,glister_a1,0.23117859546542577,0.30130649215683486,0.22383850354439727,15
diamonds,hard,outlier,7000,0.22960091659350076,0.33788801065125046,0.21750213621239584,uniform,0.23820146540267226,0.32183737105711724,0.22885693119670036,13
diamonds,hard,outlier,7000,0.22960091659350076,0.33788801065125046,0.21750213621239584,craig,0.25092435553757514,0.33716323061305675,0.24128899484264915,14
diamonds,hard,outlier,7000,0.22960091659350076,0.33788801065125046,0.21750213621239584,glister,0.26849811173980254,0.3567502331247898,0.25863781357505405,12
diamonds,hard,outlier,7000,0.22960091659350076,0.33788801065125046,0.21750213621239584,craig_a1,0.2794545422400534,0.3323755899864259,0.2735417403517706,20
diamonds,hard,outlier,7000,0.22960091659350076,0.33788801065125046,0.21750213621239584,craig_w_a1,0.23880459009555716,0.3107042906509472,0.23077132727641683,20
diamonds,hard,outlier,7000,0.22960091659350076,0.33788801065125046,0.21750213621239584,glister_a1,0.2785454165461059,0.34571188254534546,0.27104099205147153,35
diamonds,hard,outlier,7001,0.22814832466755258,0.3464335770337411,0.21467612521955173,uniform,0.24779223076898274,0.3557611899414997,0.23549501431073727,14
diamonds,hard,outlier,7001,0.22814832466755258,0.3464335770337411,0.21467612521955173,craig,0.2892942913651334,0.40983396230929586,0.27556532299527475,18
diamonds,hard,outlier,7001,0.22814832466755258,0.3464335770337411,0.21467612521955173,glister,0.29086335053023016,0.40405959408915065,0.277970768069746,19
diamonds,hard,outlier,7001,0.22814832466755258,0.3464335770337411,0.21467612521955173,craig_a1,0.29457410014574087,0.3910245394065169,0.2835887953120853,27
diamonds,hard,outlier,7001,0.22814832466755258,0.3464335770337411,0.21467612521955173,craig_w_a1,0.2543526175824751,0.35942158344977015,0.24238569832886234,27
diamonds,hard,outlier,7001,0.22814832466755258,0.3464335770337411,0.21467612521955173,glister_a1,0.2903941669154767,0.410212191153608,0.2767473911111337,25
diamonds,hard,outlier,7002,0.23846880234516352,0.3703432829489689,0.2243837028672806,uniform,0.24236533061248383,0.35445595345008973,0.23039328290487013,10
diamonds,hard,outlier,7002,0.23846880234516352,0.3703432829489689,0.2243837028672806,craig,0.2609745800973654,0.356636269504504,0.2507572552187944,32
diamonds,hard,outlier,7002,0.23846880234516352,0.3703432829489689,0.2243837028672806,glister,0.26516012007896356,0.3533518737006291,0.25574063560249344,20
diamonds,hard,outlier,7002,0.23846880234516352,0.3703432829489689,0.2243837028672806,craig_a1,0.2767064851962481,0.34063182736238273,0.26987881998425917,27
diamonds,hard,outlier,7002,0.23846880234516352,0.3703432829489689,0.2243837028672806,craig_w_a1,0.2477960791439318,0.343069839469542,0.23762018775331603,27
diamonds,hard,outlier,7002,0.23846880234516352,0.3703432829489689,0.2243837028672806,glister_a1,0.2801674889514284,0.34582079763676005,0.273155265057533,46
diamonds,hard,outlier,7003,0.23643862587521164,0.21056665649351258,0.23932926836866442,uniform,0.2202829772447746,0.22200354151010218,0.22009074077043841,9
diamonds,hard,outlier,7003,0.23643862587521164,0.21056665649351258,0.23932926836866442,craig,0.24290755852665535,0.23083932041580907,0.2442559275429311,17
diamonds,hard,outlier,7003,0.23643862587521164,0.21056665649351258,0.23932926836866442,glister,0.25953371184578633,0.24769451671462883,0.2608564901789507,21
diamonds,hard,outlier,7003,0.23643862587521164,0.21056665649351258,0.23932926836866442,craig_a1,0.2567105684221289,0.24059531309999113,0.2585111055648469,11
diamonds,hard,outlier,7003,0.23643862587521164,0.21056665649351258,0.23932926836866442,craig_w_a1,0.23452808641790676,0.23728180711884414,0.23422041667866916,11
diamonds,hard,outlier,7003,0.23643862587521164,0.21056665649351258,0.23932926836866442,glister_a1,0.26960878999864824,0.2581281706119406,0.27089150511634047,10
diamonds,hard,outlier,7004,0.3018681485690607,0.3662185543675152,0.2949556465065467,uniform,0.2467590039063708,0.32756303791443536,0.2380790578390593,21
diamonds,hard,outlier,7004,0.3018681485690607,0.3662185543675152,0.2949556465065467,craig,0.2458570715320946,0.3162772153255528,0.2382925599618117,24
diamonds,hard,outlier,7004,0.3018681485690607,0.3662185543675152,0.2949556465065467,glister,0.2776663358738493,0.3502698447795765,0.2698672878518609,22
diamonds,hard,outlier,7004,0.3018681485690607,0.3662185543675152,0.2949556465065467,craig_a1,0.27760850185877856,0.33827858596419513,0.2710913388928589,26
diamonds,hard,outlier,7004,0.3018681485690607,0.3662185543675152,0.2949556465065467,craig_w_a1,0.2455560263321579,0.3290626324747399,0.23658577074430578,26
diamonds,hard,outlier,7004,0.3018681485690607,0.3662185543675152,0.2949556465065467,glister_a1,0.29684212475886773,0.38892785254028417,0.2869503023947511,31
diamonds,hard,outlier,7005,0.22323556865755043,0.3592989460990833,0.20748485690350965,uniform,0.2447594618487513,0.37373589054290807,0.22982913607244027,18
diamonds,hard,outlier,7005,0.22323556865755043,0.3592989460990833,0.20748485690350965,craig,0.27739146510811463,0.37631073641907875,0.2659405592241397,32
diamonds,hard,outlier,7005,0.22323556865755043,0.3592989460990833,0.20748485690350965,glister,0.2903528373708726,0.37800337728240074,0.2802064010910164,18
diamonds,hard,outlier,7005,0.22323556865755043,0.3592989460990833,0.20748485690350965,craig_a1,0.2975916885696622,0.3844316579267273,0.287539084027631,31
diamonds,hard,outlier,7005,0.22323556865755043,0.3592989460990833,0.20748485690350965,craig_w_a1,0.24884664476041143,0.36686730587181837,0.23518455986188033,31
diamonds,hard,outlier,7005,0.22323556865755043,0.3592989460990833,0.20748485690350965,glister_a1,0.29857349210495465,0.376218005761177,0.2895853545408453,35
diamonds,hard,outlier,7006,0.22994320543264643,0.37484162508993224,0.21428935954169312,uniform,0.24909664813231797,0.3787423300922436,0.23509060492889106,10
diamonds,hard,outlier,7006,0.22994320543264643,0.37484162508993224,0.21428935954169312,craig,0.27458629796816864,0.38371728496774643,0.2627965237493777,16
diamonds,hard,outlier,7006,0.22994320543264643,0.37484162508993224,0.21428935954169312,glister,0.2734600689384429,0.3688769806460625,0.2631518707207222,26
diamonds,hard,outlier,7006,0.22994320543264643,0.37484162508993224,0.21428935954169312,craig_a1,0.2805328455413509,0.35715199624053157,0.2722554303688632,24
diamonds,hard,outlier,7006,0.22994320543264643,0.37484162508993224,0.21428935954169312,craig_w_a1,0.2490690076354367,0.35607954352802923,0.23750831262210953,24
diamonds,hard,outlier,7006,0.22994320543264643,0.37484162508993224,0.21428935954169312,glister_a1,0.28894409938773585,0.3468106259387393,0.28269259097917865,38
diamonds,hard,outlier,7007,0.2261113630672839,0.3217752073168722,0.21545251295778545,uniform,0.23409496400232307,0.3346321700053104,0.2228931247116318,13
diamonds,hard,outlier,7007,0.2261113630672839,0.3217752073168722,0.21545251295778545,craig,0.24550662629286055,0.32156292444846835,0.23703244580928212,19
diamonds,hard,outlier,7007,0.2261113630672839,0.3217752073168722,0.21545251295778545,glister,0.2488097683127229,0.3239661538536461,0.24043585594764644,23
diamonds,hard,outlier,7007,0.2261113630672839,0.3217752073168722,0.21545251295778545,craig_a1,0.25220613553252674,0.33149972437935116,0.24337125664184137,23
diamonds,hard,outlier,7007,0.2261113630672839,0.3217752073168722,0.21545251295778545,craig_w_a1,0.23891286693396546,0.3264077953361181,0.2291641961117195,23
diamonds,hard,outlier,7007,0.2261113630672839,0.3217752073168722,0.21545251295778545,glister_a1,0.25523609128889524,0.3301334373522473,0.246891041060664,30
diamonds,hard,outlier,7008,0.22196022649577257,0.3287013259841235,0.20983595907059235,uniform,0.23678724069121193,0.3383428783094397,0.2252519678214355,12
diamonds,hard,outlier,7008,0.22196022649577257,0.3287013259841235,0.20983595907059235,craig,0.26824478127875023,0.34466244496501397,0.25956482393353986,19
diamonds,hard,outlier,7008,0.22196022649577257,0.3287013259841235,0.20983595907059235,glister,0.27952890311018225,0.3287528559547236,0.27393776370022316,17
diamonds,hard,outlier,7008,0.22196022649577257,0.3287013259841235,0.20983595907059235,craig_a1,0.29367606199676977,0.34375848179611224,0.28798741297724534,25
diamonds,hard,outlier,7008,0.22196022649577257,0.3287013259841235,0.20983595907059235,craig_w_a1,0.23977687472436462,0.3245773490186531,0.23014474958180628,25
diamonds,hard,outlier,7008,0.22196022649577257,0.3287013259841235,0.20983595907059235,glister_a1,0.3061885796204854,0.3589432766196152,0.30019639800143066,28
diamonds,hard,outlier,7009,0.22080766087207548,0.32525834690242306,0.20987509804260798,uniform,0.2323157791224363,0.3045309215773753,0.22475722099196904,15
diamonds,hard,outlier,7009,0.22080766087207548,0.32525834690242306,0.20987509804260798,craig,0.27680106308125213,0.3073352229352682,0.2736051374848224,24
diamonds,hard,outlier,7009,0.22080766087207548,0.32525834690242306,0.20987509804260798,glister,0.28110680176307745,0.32148621778665104,0.2768804005830348,27
diamonds,hard,outlier,7009,0.22080766087207548,0.32525834690242306,0.20987509804260798,craig_a1,0.2833216926489398,0.32759610289662017,0.2786876132554378,26
diamonds,hard,outlier,7009,0.22080766087207548,0.32525834690242306,0.20987509804260798,craig_w_a1,0.235790402962864,0.3078042596373732,0.22825291285525862,26
diamonds,hard,outlier,7009,0.22080766087207548,0.32525834690242306,0.20987509804260798,glister_a1,0.2724820256480408,0.36596072552205267,0.2626978700964665,27
diamonds,hard_sparse,clean,7000,0.22233416808852458,0.33026375946355174,0.21027533103105905,uniform,0.21416158381524422,0.3425301623148306,0.19981912451651337,6
diamonds,hard_sparse,clean,7000,0.22233416808852458,0.33026375946355174,0.21027533103105905,craig,0.2119670556062408,0.3079977256407699,0.201237670015946,4
diamonds,hard_sparse,clean,7000,0.22233416808852458,0.33026375946355174,0.21027533103105905,glister,0.21497847303358372,0.3195470628393679,0.2032951564404972,6
diamonds,hard_sparse,clean,7000,0.22233416808852458,0.33026375946355174,0.21027533103105905,craig_a1,0.21669415834693243,0.32216125566692455,0.20491045264303112,7
diamonds,hard_sparse,clean,7000,0.22233416808852458,0.33026375946355174,0.21027533103105905,craig_w_a1,0.21143557465278928,0.3148110355144038,0.1998855648511303,7
diamonds,hard_sparse,clean,7000,0.22233416808852458,0.33026375946355174,0.21027533103105905,glister_a1,0.22376482823715707,0.3242728680809761,0.2125351917676698,8
diamonds,hard_sparse,clean,7001,0.21442736270097626,0.34002215731796415,0.20012263671981556,uniform,0.209476652236712,0.33971618684310223,0.1946429096430017,10
diamonds,hard_sparse,clean,7001,0.21442736270097626,0.34002215731796415,0.20012263671981556,craig,0.21521375035818405,0.3375127798407344,0.20128439835084264,4
diamonds,hard_sparse,clean,7001,0.21442736270097626,0.34002215731796415,0.20012263671981556,glister,0.2140873286788044,0.34597523920031015,0.19906584290790608,8
diamonds,hard_sparse,clean,7001,0.21442736270097626,0.34002215731796415,0.20012263671981556,craig_a1,0.21947221914590553,0.3375439362162124,0.2060243404820917,12
diamonds,hard_sparse,clean,7001,0.21442736270097626,0.34002215731796415,0.20012263671981556,craig_w_a1,0.21385476662645853,0.3333398507179006,0.2002459113233675,12
diamonds,hard_sparse,clean,7001,0.21442736270097626,0.34002215731796415,0.20012263671981556,glister_a1,0.22381355122873042,0.3366645924173478,0.21096028588588878,12
diamonds,hard_sparse,clean,7002,0.2203659790366002,0.36430065457826355,0.2049927679798537,uniform,0.21869022691582782,0.3590962139309132,0.20369390400829518,7
diamonds,hard_sparse,clean,7002,0.2203659790366002,0.36430065457826355,0.2049927679798537,craig,0.2209266136756364,0.36675860682072514,0.20535075607906633,10
diamonds,hard_sparse,clean,7002,0.2203659790366002,0.36430065457826355,0.2049927679798537,glister,0.2195142875558408,0.35851844878425065,0.20466768926193757,17
diamonds,hard_sparse,clean,7002,0.2203659790366002,0.36430065457826355,0.2049927679798537,craig_a1,0.22380490952518645,0.362108260217013,0.20903316260569416,17
diamonds,hard_sparse,clean,7002,0.2203659790366002,0.36430065457826355,0.2049927679798537,craig_w_a1,0.21893580202526905,0.3541506298438313,0.20449393054271092,17
diamonds,hard_sparse,clean,7002,0.2203659790366002,0.36430065457826355,0.2049927679798537,glister_a1,0.22369577650364894,0.36060610773619606,0.20907281362158942,18
diamonds,hard_sparse,clean,7003,0.20440816158440037,0.2199270253018293,0.20267425852314233,uniform,0.20662276830152565,0.222807842767079,0.20481443035401245,4
diamonds,hard_sparse,clean,7003,0.20440816158440037,0.2199270253018293,0.20267425852314233,craig,0.20694012903436515,0.2252815984461602,0.20489085980047367,5
diamonds,hard_sparse,clean,7003,0.20440816158440037,0.2199270253018293,0.20267425852314233,glister,0.20677674586637443,0.22944593289593584,0.20424394620381645,4
diamonds,hard_sparse,clean,7003,0.20440816158440037,0.2199270253018293,0.20267425852314233,craig_a1,0.20808153337756766,0.22452314266944276,0.2062445331176083,4
diamonds,hard_sparse,clean,7003,0.20440816158440037,0.2199270253018293,0.20267425852314233,craig_w_a1,0.20594144217954755,0.22246191780043129,0.2040956302841625,4
diamonds,hard_sparse,clean,7003,0.20440816158440037,0.2199270253018293,0.20267425852314233,glister_a1,0.20858548717634454,0.22972330645066555,0.20622378530078114,7
diamonds,hard_sparse,clean,7004,0.21899028946814408,0.35987676831888255,0.20385630447531836,uniform,0.21140446238747204,0.33559748101429876,0.19806368408536554,7
diamonds,hard_sparse,clean,7004,0.21899028946814408,0.35987676831888255,0.20385630447531836,craig,0.21305879005766543,0.31692921398707813,0.20190105902648814,8
diamonds,hard_sparse,clean,7004,0.21899028946814408,0.35987676831888255,0.20385630447531836,glister,0.21626490928483447,0.3324789463280234,0.20378123088706113,5
diamonds,hard_sparse,clean,7004,0.21899028946814408,0.35987676831888255,0.20385630447531836,craig_a1,0.2158383659538398,0.33576773632518414,0.2029555875197087,7
diamonds,hard_sparse,clean,7004,0.21899028946814408,0.35987676831888255,0.20385630447531836,craig_w_a1,0.21250574701634764,0.33994795729708177,0.19881594148231532,7
diamonds,hard_sparse,clean,7004,0.21899028946814408,0.35987676831888255,0.20385630447531836,glister_a1,0.22174098957636362,0.3201174495267119,0.21117341857394525,7
diamonds,hard_sparse,clean,7005,0.24701126313171448,0.40554164023706574,0.2286597689898119,uniform,0.219441154432762,0.35242555005016757,0.20404686595822272,5
diamonds,hard_sparse,clean,7005,0.24701126313171448,0.40554164023706574,0.2286597689898119,craig,0.21843465208084686,0.3525825841768589,0.20290567249372135,6
diamonds,hard_sparse,clean,7005,0.24701126313171448,0.40554164023706574,0.2286597689898119,glister,0.2256655751618921,0.3429539766915362,0.2120882567142485,13
diamonds,hard_sparse,clean,7005,0.24701126313171448,0.40554164023706574,0.2286597689898119,craig_a1,0.2246295946783737,0.358694725535613,0.20911020017188714,8
diamonds,hard_sparse,clean,7005,0.24701126313171448,0.40554164023706574,0.2286597689898119,craig_w_a1,0.2233891998294243,0.35949687822769416,0.20763335979168876,8
diamonds,hard_sparse,clean,7005,0.24701126313171448,0.40554164023706574,0.2286597689898119,glister_a1,0.23383840380883777,0.37006562005221366,0.21806872605681513,12
diamonds,hard_sparse,clean,7006,0.22612480448396216,0.3517167845092353,0.2125566958385725,uniform,0.22381454447289162,0.38312518134387324,0.20660370004638667,4
diamonds,hard_sparse,clean,7006,0.22612480448396216,0.3517167845092353,0.2125566958385725,craig,0.22285602884548686,0.3467367198070853,0.20947279630392918,4
diamonds,hard_sparse,clean,7006,0.22612480448396216,0.3517167845092353,0.2125566958385725,glister,0.22435363818312615,0.3593359946320446,0.20977105673850613,8
diamonds,hard_sparse,clean,7006,0.22612480448396216,0.3517167845092353,0.2125566958385725,craig_a1,0.22344927586123242,0.3513862211866368,0.20962783301444363,7
diamonds,hard_sparse,clean,7006,0.22612480448396216,0.3517167845092353,0.2125566958385725,craig_w_a1,0.22387759644226815,0.37876624862816655,0.20714447335293285,7
diamonds,hard_sparse,clean,7006,0.22612480448396216,0.3517167845092353,0.2125566958385725,glister_a1,0.22831245447596946,0.3548549704536665,0.21464165635095506,9
diamonds,hard_sparse,clean,7007,0.22586446135218144,0.3417988355330574,0.21294707206445398,uniform,0.21622048505875274,0.3299110274196289,0.20355310315080297,3
diamonds,hard_sparse,clean,7007,0.22586446135218144,0.3417988355330574,0.21294707206445398,craig,0.22056494010650385,0.33402758261634763,0.20792295076322873,2
diamonds,hard_sparse,clean,7007,0.22586446135218144,0.3417988355330574,0.21294707206445398,glister,0.22424406828557014,0.32793401230369773,0.21269095143331418,8
diamonds,hard_sparse,clean,7007,0.22586446135218144,0.3417988355330574,0.21294707206445398,craig_a1,0.22292338608024662,0.3297590862457449,0.2110197695850077,6
diamonds,hard_sparse,clean,7007,0.22586446135218144,0.3417988355330574,0.21294707206445398,craig_w_a1,0.2217531826582702,0.3349893477332724,0.20913642739428692,6
diamonds,hard_sparse,clean,7007,0.22586446135218144,0.3417988355330574,0.21294707206445398,glister_a1,0.2238936756308512,0.3384740574607402,0.21112714795266682,9
diamonds,hard_sparse,clean,7008,0.21589385262706634,0.32537256101547735,0.20345863185243618,uniform,0.21039577804947526,0.31786813300326333,0.19818845042666192,4
diamonds,hard_sparse,clean,7008,0.21589385262706634,0.32537256101547735,0.20345863185243618,craig,0.21380611524693469,0.3503547264590551,0.19829613936315266,3
diamonds,hard_sparse,clean,7008,0.21589385262706634,0.32537256101547735,0.20345863185243618,glister,0.21306331345195975,0.34397832120552607,0.1981932346202629,7
diamonds,hard_sparse,clean,7008,0.21589385262706634,0.32537256101547735,0.20345863185243618,craig_a1,0.21431098786721378,0.3400216186695653,0.2000320520745191,7
diamonds,hard_sparse,clean,7008,0.21589385262706634,0.32537256101547735,0.20345863185243618,craig_w_a1,0.21137619391769413,0.31882794613095167,0.19917120647253567,7
diamonds,hard_sparse,clean,7008,0.21589385262706634,0.32537256101547735,0.20345863185243618,glister_a1,0.2268154051557654,0.3702173510619149,0.21052698813747223,8
diamonds,hard_sparse,clean,7009,0.21153220412321522,0.34948353681436145,0.19709322177305102,uniform,0.20904102549867334,0.34655842859421865,0.19464746135252267,5
diamonds,hard_sparse,clean,7009,0.21153220412321522,0.34948353681436145,0.19709322177305102,craig,0.20878486091517992,0.33872657076796714,0.19518422351274786,3
diamonds,hard_sparse,clean,7009,0.21153220412321522,0.34948353681436145,0.19709322177305102,glister,0.21614813541920902,0.3445583806673655,0.20270779215794105,6
diamonds,hard_sparse,clean,7009,0.21153220412321522,0.34948353681436145,0.19709322177305102,craig_a1,0.213385005419692,0.3498724397703656,0.19909924523772426,5
diamonds,hard_sparse,clean,7009,0.21153220412321522,0.34948353681436145,0.19709322177305102,craig_w_a1,0.20871974204476304,0.35196866331549564,0.19372627583056595,5
diamonds,hard_sparse,clean,7009,0.21153220412321522,0.34948353681436145,0.19709322177305102,glister_a1,0.2195182677447316,0.35022507971960704,0.20583754923092934,4
diamonds,hard_sparse,outlier,7000,0.2255717600987213,0.3339188460197144,0.21346627690243467,uniform,0.2455063103137652,0.371126151315271,0.2314709639873046,5
diamonds,hard_sparse,outlier,7000,0.2255717600987213,0.3339188460197144,0.21346627690243467,craig,0.25873954909752134,0.3904983541838469,0.24401830406008304,3
diamonds,hard_sparse,outlier,7000,0.2255717600987213,0.3339188460197144,0.21346627690243467,glister,0.27191900875967634,0.3621835137613823,0.2618338695126819,5
diamonds,hard_sparse,outlier,7000,0.2255717600987213,0.3339188460197144,0.21346627690243467,craig_a1,0.2777410701939933,0.3693229543065493,0.2675087418412285,4
diamonds,hard_sparse,outlier,7000,0.2255717600987213,0.3339188460197144,0.21346627690243467,craig_w_a1,0.24501472813314065,0.37264124644576996,0.23075517828275793,4
diamonds,hard_sparse,outlier,7000,0.2255717600987213,0.3339188460197144,0.21346627690243467,glister_a1,0.2786990729444708,0.3775842699132138,0.26765075466169297,9
diamonds,hard_sparse,outlier,7001,0.26230348452231705,0.3571463495510043,0.25150127572344955,uniform,0.22834709901995806,0.34964989179852185,0.21453121423955354,8
diamonds,hard_sparse,outlier,7001,0.26230348452231705,0.3571463495510043,0.25150127572344955,craig,0.25850958252867134,0.44596632358676164,0.23715903752929543,5
diamonds,hard_sparse,outlier,7001,0.26230348452231705,0.3571463495510043,0.25150127572344955,glister,0.2535290041617442,0.41920241449056184,0.23465949014768506,6
diamonds,hard_sparse,outlier,7001,0.26230348452231705,0.3571463495510043,0.25150127572344955,craig_a1,0.26915507618079165,0.4398353471797076,0.24971530151118523,7
diamonds,hard_sparse,outlier,7001,0.26230348452231705,0.3571463495510043,0.25150127572344955,craig_w_a1,0.23422749332150403,0.34372272151283967,0.22175644115490523,7
diamonds,hard_sparse,outlier,7001,0.26230348452231705,0.3571463495510043,0.25150127572344955,glister_a1,0.29179317043366215,0.4561267164151719,0.27307626140931307,9
diamonds,hard_sparse,outlier,7002,0.22900330328273305,0.36480965816839456,0.2144982526502302,uniform,0.2528450062581364,0.36582001042432083,0.24077850055582672,4
diamonds,hard_sparse,outlier,7002,0.22900330328273305,0.36480965816839456,0.2144982526502302,craig,0.2734345044116672,0.3697594995009646,0.2631463339345037,4
diamonds,hard_sparse,outlier,7002,0.22900330328273305,0.36480965816839456,0.2144982526502302,glister,0.27061550569447046,0.3542763807656681,0.26167995013899664,9
diamonds,hard_sparse,outlier,7002,0.22900330328273305,0.36480965816839456,0.2144982526502302,craig_a1,0.27558559702959223,0.36869029509692763,0.26564137637270474,11
diamonds,hard_sparse,outlier,7002,0.22900330328273305,0.36480965816839456,0.2144982526502302,craig_w_a1,0.2519581284570815,0.35917756565469683,0.2405063568028813,11
diamonds,hard_sparse,outlier,7002,0.22900330328273305,0.36480965816839456,0.2144982526502302,glister_a1,0.280215411623205,0.35842693751439575,0.27186188395469374,10
diamonds,hard_sparse,outlier,7003,0.2238699259350674,0.23768020523628672,0.22232692085471997,uniform,0.23763135597398247,0.2352208829751981,0.23790067508057258,2
diamonds,hard_sparse,outlier,7003,0.2238699259350674,0.23768020523628672,0.22232692085471997,craig,0.24701562546854552,0.23464224834202052,0.24839808728201498,5
diamonds,hard_sparse,outlier,7003,0.2238699259350674,0.23768020523628672,0.22232692085471997,glister,0.26017594413166373,0.25812480759205586,0.26040511502908525,6
diamonds,hard_sparse,outlier,7003,0.2238699259350674,0.23768020523628672,0.22232692085471997,craig_a1,0.26775433056173253,0.26801783834546833,0.26772488916955306,6
diamonds,hard_sparse,outlier,7003,0.2238699259350674,0.23768020523628672,0.22232692085471997,craig_w_a1,0.23712629383611697,0.24977513114408365,0.23571305520415403,6
diamonds,hard_sparse,outlier,7003,0.2238699259350674,0.23768020523628672,0.22232692085471997,glister_a1,0.27561829623105005,0.2643826179071965,0.2768736443928592,7
diamonds,hard_sparse,outlier,7004,0.23973082310715382,0.37115330213124764,0.22561345825074508,uniform,0.2391687055643592,0.3470448072082524,0.2275806857864438,7
diamonds,hard_sparse,outlier,7004,0.23973082310715382,0.37115330213124764,0.22561345825074508,craig,0.2797509527611734,0.3513543866114698,0.2720593325136886,4
diamonds,hard_sparse,outlier,7004,0.23973082310715382,0.37115330213124764,0.22561345825074508,glister,0.2828323277256515,0.37301657531055826,0.2731447618167523,3
diamonds,hard_sparse,outlier,7004,0.23973082310715382,0.37115330213124764,0.22561345825074508,craig_a1,0.2926359314659327,0.3667352012937193,0.28467620923636977,8
diamonds,hard_sparse,outlier,7004,0.23973082310715382,0.37115330213124764,0.22561345825074508,craig_w_a1,0.23779033748178413,0.33430603395819936,0.22742264915596766,8
diamonds,hard_sparse,outlier,7004,0.23973082310715382,0.37115330213124764,0.22561345825074508,glister_a1,0.28693677694942366,0.399871352239218,0.2748053773889474,13
diamonds,hard_sparse,outlier,7005,0.2268030064892931,0.3574702799861534,0.2116769483299634,uniform,0.25839496385620564,0.3670195225728117,0.24582057281927636,3
diamonds,hard_sparse,outlier,7005,0.2268030064892931,0.3574702799861534,0.2116769483299634,craig,0.2633479423033557,0.3564582814440747,0.25256947905554583,4
diamonds,hard_sparse,outlier,7005,0.2268030064892931,0.3574702799861534,0.2116769483299634,glister,0.2802123778275693,0.36138272157326856,0.27081608977890403,6
diamonds,hard_sparse,outlier,7005,0.2268030064892931,0.3574702799861534,0.2116769483299634,craig_a1,0.2804466291039612,0.36879171351483936,0.2702197922753658,6
diamonds,hard_sparse,outlier,7005,0.2268030064892931,0.3574702799861534,0.2116769483299634,craig_w_a1,0.25704378464638444,0.3593680922892171,0.245198711376712,6
diamonds,hard_sparse,outlier,7005,0.2268030064892931,0.3574702799861534,0.2116769483299634,glister_a1,0.2666606159233969,0.3501986231604236,0.25699024688480104,6
diamonds,hard_sparse,outlier,7006,0.24406397498816443,0.3781906608769602,0.2295738344073804,uniform,0.2476239744256991,0.37911012468925653,0.23341909946647824,3
diamonds,hard_sparse,outlier,7006,0.24406397498816443,0.3781906608769602,0.2295738344073804,craig,0.2786070204120058,0.4015987578907702,0.2653198243962944,1
diamonds,hard_sparse,outlier,7006,0.24406397498816443,0.3781906608769602,0.2295738344073804,glister,0.28189954287331387,0.4075857317056021,0.2683212565451719,4
diamonds,hard_sparse,outlier,7006,0.24406397498816443,0.3781906608769602,0.2295738344073804,craig_a1,0.2908475937138288,0.4063633917228417,0.27836804766853385,5
diamonds,hard_sparse,outlier,7006,0.24406397498816443,0.3781906608769602,0.2295738344073804,craig_w_a1,0.2542028870207918,0.39393579931812495,0.2391070876313292,5
diamonds,hard_sparse,outlier,7006,0.24406397498816443,0.3781906608769602,0.2295738344073804,glister_a1,0.3046764937184262,0.4164860575970621,0.29259734415813027,5
diamonds,hard_sparse,outlier,7007,0.2183355625982998,0.32214964135588364,0.2067686146733787,uniform,0.23629995777566518,0.34655547606691983,0.2240153056959783,4
diamonds,hard_sparse,outlier,7007,0.2183355625982998,0.32214964135588364,0.2067686146733787,craig,0.26173801377389955,0.3317503956015942,0.25393724547356455,7
diamonds,hard_sparse,outlier,7007,0.2183355625982998,0.32214964135588364,0.2067686146733787,glister,0.2679475604108013,0.34024109362481564,0.25989262659062357,6
diamonds,hard_sparse,outlier,7007,0.2183355625982998,0.32214964135588364,0.2067686146733787,craig_a1,0.2668538618347534,0.33543085656659166,0.25921302413331776,11
diamonds,hard_sparse,outlier,7007,0.2183355625982998,0.32214964135588364,0.2067686146733787,craig_w_a1,0.24123653385251287,0.3258823440969336,0.23180531131624926,11
diamonds,hard_sparse,outlier,7007,0.2183355625982998,0.32214964135588364,0.2067686146733787,glister_a1,0.25676567064689004,0.3222445665420221,0.24947002261856333,8
diamonds,hard_sparse,outlier,7008,0.2617047100051424,0.3316944490828986,0.25375487327247964,uniform,0.2295443592299823,0.3229356391849946,0.21893644101682944,3
diamonds,hard_sparse,outlier,7008,0.2617047100051424,0.3316944490828986,0.25375487327247964,craig,0.2583460312442001,0.4119240840728109,0.24090175352870086,5
diamonds,hard_sparse,outlier,7008,0.2617047100051424,0.3316944490828986,0.25375487327247964,glister,0.29120979217017046,0.43714510251540917,0.2746336210619139,2
diamonds,hard_sparse,outlier,7008,0.2617047100051424,0.3316944490828986,0.25375487327247964,craig_a1,0.31065105857259157,0.4707214881609875,0.292469339398854,1
diamonds,hard_sparse,outlier,7008,0.2617047100051424,0.3316944490828986,0.25375487327247964,craig_w_a1,0.23878170172521512,0.3384878545001119,0.22745650397127362,1
diamonds,hard_sparse,outlier,7008,0.2617047100051424,0.3316944490828986,0.25375487327247964,glister_a1,0.3068079244081578,0.465888282467601,0.2887386632477311,0
diamonds,hard_sparse,outlier,7009,0.22278200652416547,0.3313190633289125,0.2114217346299376,uniform,0.22367559969832976,0.3443545435143665,0.21104447025721462,4
diamonds,hard_sparse,outlier,7009,0.22278200652416547,0.3313190633289125,0.2114217346299376,craig,0.24070211956037157,0.39522883368811734,0.22452823813136977,6
diamonds,hard_sparse,outlier,7009,0.22278200652416547,0.3313190633289125,0.2114217346299376,glister,0.25193424236479967,0.37287211647960816,0.2392760114093972,2
diamonds,hard_sparse,outlier,7009,0.22278200652416547,0.3313190633289125,0.2114217346299376,craig_a1,0.25261670804759223,0.3864577808768486,0.23860793516654058,6
diamonds,hard_sparse,outlier,7009,0.22278200652416547,0.3313190633289125,0.2114217346299376,craig_w_a1,0.22890489915264323,0.3550724245329874,0.21569929514293584,6
diamonds,hard_sparse,outlier,7009,0.22278200652416547,0.3313190633289125,0.2114217346299376,glister_a1,0.26005647385890357,0.42576419480475264,0.24271230754062773,10
sulfur,sparse_init,clean,7000,0.31119104010988374,0.26365136586312304,0.31659086947866943,uniform,0.21878031243722962,0.21568333962114164,0.219132084405204,22
sulfur,sparse_init,clean,7000,0.31119104010988374,0.26365136586312304,0.31659086947866943,craig,0.22891247968969053,0.223965768108215,0.22947435561542606,18
sulfur,sparse_init,clean,7000,0.31119104010988374,0.26365136586312304,0.31659086947866943,glister,0.21546532584162043,0.24343908929989702,0.2122879050479186,24
sulfur,sparse_init,clean,7000,0.31119104010988374,0.26365136586312304,0.31659086947866943,craig_a1,0.22985012307086727,0.26093670786023976,0.22631913014378938,18
sulfur,sparse_init,clean,7000,0.31119104010988374,0.26365136586312304,0.31659086947866943,craig_w_a1,0.21436692895880977,0.22572222935578523,0.21307712869100187,18
sulfur,sparse_init,clean,7000,0.31119104010988374,0.26365136586312304,0.31659086947866943,glister_a1,0.23890484554611208,0.2575296970300583,0.2367893278942607,45
sulfur,sparse_init,clean,7001,0.4086026815512645,0.30722617275158876,0.4204960149858633,uniform,0.2646293214458881,0.18272404695490144,0.2742383201291882,13
sulfur,sparse_init,clean,7001,0.4086026815512645,0.30722617275158876,0.4204960149858633,craig,0.2717221015865478,0.16617097404704878,0.2841051947615728,21
sulfur,sparse_init,clean,7001,0.4086026815512645,0.30722617275158876,0.4204960149858633,glister,0.26805554836510154,0.1774628734194583,0.27868373928051215,18
sulfur,sparse_init,clean,7001,0.4086026815512645,0.30722617275158876,0.4204960149858633,craig_a1,0.2692146295940687,0.17196366751330858,0.28062396034097353,13
sulfur,sparse_init,clean,7001,0.4086026815512645,0.30722617275158876,0.4204960149858633,craig_w_a1,0.26323955511810393,0.17535357360620074,0.27355020099380206,13
sulfur,sparse_init,clean,7001,0.4086026815512645,0.30722617275158876,0.4204960149858633,glister_a1,0.2770562928241013,0.20953406800770236,0.284977894618204,7
sulfur,sparse_init,clean,7002,0.3295448375089235,0.24068999905977412,0.3390895986712352,uniform,0.2916962497996683,0.2169749820038234,0.29972278687186865,8
sulfur,sparse_init,clean,7002,0.3295448375089235,0.24068999905977412,0.3390895986712352,craig,0.28539895406125376,0.21440410916659475,0.2930251998583545,25
sulfur,sparse_init,clean,7002,0.3295448375089235,0.24068999905977412,0.3390895986712352,glister,0.2901914173717264,0.21827685329242844,0.29791645913882703,20
sulfur,sparse_init,clean,7002,0.3295448375089235,0.24068999905977412,0.3390895986712352,craig_a1,0.2890218402370993,0.21291433798360404,0.29719728621560315,27
sulfur,sparse_init,clean,7002,0.3295448375089235,0.24068999905977412,0.3390895986712352,craig_w_a1,0.286734516611184,0.21376373711234703,0.2945730167345364,27
sulfur,sparse_init,clean,7002,0.3295448375089235,0.24068999905977412,0.3390895986712352,glister_a1,0.29757011705753167,0.23757747528582035,0.30401450936302005,9
sulfur,sparse_init,clean,7003,0.294724209505693,0.2305529398577519,0.30205296174960833,uniform,0.27277974226521384,0.21385538511839908,0.2795092649477191,11
sulfur,sparse_init,clean,7003,0.294724209505693,0.2305529398577519,0.30205296174960833,craig,0.2796892705855521,0.21155129812759932,0.2874710445988559,16
sulfur,sparse_init,clean,7003,0.294724209505693,0.2305529398577519,0.30205296174960833,glister,0.28371066287382757,0.21977014926209304,0.29101306136430416,18
sulfur,sparse_init,clean,7003,0.294724209505693,0.2305529398577519,0.30205296174960833,craig_a1,0.27937964371416873,0.21175037417732567,0.28710332073648226,15
sulfur,sparse_init,clean,7003,0.294724209505693,0.2305529398577519,0.30205296174960833,craig_w_a1,0.2762576509057769,0.22614940323882318,0.2819803198593845,15
sulfur,sparse_init,clean,7003,0.294724209505693,0.2305529398577519,0.30205296174960833,glister_a1,0.28111232422831006,0.22274410955530588,0.2877783320321908,15
sulfur,sparse_init,clean,7004,0.31487802519024216,0.19583397629611002,0.3282154596368186,uniform,0.26457073031555567,0.2128192482372372,0.27036885299488916,13
sulfur,sparse_init,clean,7004,0.31487802519024216,0.19583397629611002,0.3282154596368186,craig,0.2652606516930753,0.19996165383197045,0.27257660836197295,32
sulfur,sparse_init,clean,7004,0.31487802519024216,0.19583397629611002,0.3282154596368186,glister,0.2525615479207276,0.19192377035921362,0.25935527167866207,25
sulfur,sparse_init,clean,7004,0.31487802519024216,0.19583397629611002,0.3282154596368186,craig_a1,0.2594343349698557,0.17885905562179905,0.2684618127505804,18
sulfur,sparse_init,clean,7004,0.31487802519024216,0.19583397629611002,0.3282154596368186,craig_w_a1,0.2581662637252623,0.18952034224027636,0.26585720238482563,18
sulfur,sparse_init,clean,7004,0.31487802519024216,0.19583397629611002,0.3282154596368186,glister_a1,0.27745363840911036,0.20368595513861948,0.2857184080388039,16
sulfur,sparse_init,clean,7005,0.2697259930855161,0.2325044933940557,0.2739769164486076,uniform,0.24566915358638441,0.24206330970199783,0.24608096305507482,22
sulfur,sparse_init,clean,7005,0.2697259930855161,0.2325044933940557,0.2739769164486076,craig,0.25630445441874844,0.23118081371964902,0.25917372814761497,19
sulfur,sparse_init,clean,7005,0.2697259930855161,0.2325044933940557,0.2739769164486076,glister,0.2604018627628383,0.23119467856906192,0.26373750218329733,24
sulfur,sparse_init,clean,7005,0.2697259930855161,0.2325044933940557,0.2739769164486076,craig_a1,0.24864903726328175,0.23989710166443692,0.2496485619417014,17
sulfur,sparse_init,clean,7005,0.2697259930855161,0.2325044933940557,0.2739769164486076,craig_w_a1,0.24606975712396206,0.22534680140027802,0.2484364456606502,17
sulfur,sparse_init,clean,7005,0.2697259930855161,0.2325044933940557,0.2739769164486076,glister_a1,0.2591565620356066,0.23251455983185298,0.26219924195302696,15
sulfur,sparse_init,clean,7006,0.26051126257820245,0.2099506401066234,0.26642718014748246,uniform,0.25204699406290687,0.1894173897925792,0.259375060019139,9
sulfur,sparse_init,clean,7006,0.26051126257820245,0.2099506401066234,0.26642718014748246,craig,0.2603388470550658,0.1989615042880584,0.26752039037240066,25
sulfur,sparse_init,clean,7006,0.26051126257820245,0.2099506401066234,0.26642718014748246,glister,0.2693349539917472,0.19830106347456367,0.27764637541780135,20
sulfur,sparse_init,clean,7006,0.26051126257820245,0.2099506401066234,0.26642718014748246,craig_a1,0.26814995136469355,0.20458203220581617,0.27558780618948264,13
sulfur,sparse_init,clean,7006,0.26051126257820245,0.2099506401066234,0.26642718014748246,craig_w_a1,0.24063102815619852,0.19798650804074883,0.2456207109063726,13
sulfur,sparse_init,clean,7006,0.26051126257820245,0.2099506401066234,0.26642718014748246,glister_a1,0.2783744766904872,0.23850148072081614,0.28303987331469616,33
sulfur,sparse_init,clean,7007,0.25444221585595334,0.35155278393874917,0.24329128105937808,uniform,0.2045992613655011,0.1913062411649813,0.20612566167838128,16
sulfur,sparse_init,clean,7007,0.25444221585595334,0.35155278393874917,0.24329128105937808,craig,0.21088435608620648,0.2105974397450513,0.21091730188680735,27
sulfur,sparse_init,clean,7007,0.25444221585595334,0.35155278393874917,0.24329128105937808,glister,0.20575068206304065,0.19615092963883382,0.2068529947717288,27
sulfur,sparse_init,clean,7007,0.25444221585595334,0.35155278393874917,0.24329128105937808,craig_a1,0.20996540544533596,0.20978492791807524,0.20998612917477616,31
sulfur,sparse_init,clean,7007,0.25444221585595334,0.35155278393874917,0.24329128105937808,craig_w_a1,0.20082193486282637,0.1963465797231833,0.2013358273705,31
sulfur,sparse_init,clean,7007,0.25444221585595334,0.35155278393874917,0.24329128105937808,glister_a1,0.21664563934203585,0.20489728988175163,0.2179946694361376,53
sulfur,sparse_init,clean,7008,0.3040760372450235,0.1597742628162003,0.32096027167274677,uniform,0.28226226750201044,0.17158007338770084,0.2952127951015345,10
sulfur,sparse_init,clean,7008,0.3040760372450235,0.1597742628162003,0.32096027167274677,craig,0.2950759712466529,0.17459280284649956,0.3091732757871902,33
sulfur,sparse_init,clean,7008,0.3040760372450235,0.1597742628162003,0.32096027167274677,glister,0.2890005793198566,0.22244201923035384,0.29678835834177836,18
sulfur,sparse_init,clean,7008,0.3040760372450235,0.1597742628162003,0.32096027167274677,craig_a1,0.28904274848731254,0.18891757981823956,0.3007580363042189,16
sulfur,sparse_init,clean,7008,0.3040760372450235,0.1597742628162003,0.32096027167274677,craig_w_a1,0.27455065586285243,0.17980553342541608,0.2856364437157666,16
sulfur,sparse_init,clean,7008,0.3040760372450235,0.1597742628162003,0.32096027167274677,glister_a1,0.31228719861468685,0.2756860475854683,0.31656976836649986,4
sulfur,sparse_init,clean,7009,0.3357106896990053,0.23281127109863695,0.3477826885292161,uniform,0.2272093072804861,0.2018487285552185,0.2301845707063555,29
sulfur,sparse_init,clean,7009,0.3357106896990053,0.23281127109863695,0.3477826885292161,craig,0.23769464151351316,0.20967188083914148,0.24098222796134444,21
sulfur,sparse_init,clean,7009,0.3357106896990053,0.23281127109863695,0.3477826885292161,glister,0.2432250288469075,0.2080637122398278,0.24735009951030787,23
sulfur,sparse_init,clean,7009,0.3357106896990053,0.23281127109863695,0.3477826885292161,craig_a1,0.24090867319951917,0.21042738187292115,0.2444846906177234,19
sulfur,sparse_init,clean,7009,0.3357106896990053,0.23281127109863695,0.3477826885292161,craig_w_a1,0.23022109575324803,0.19557955498486734,0.2342851871283094,19
sulfur,sparse_init,clean,7009,0.3357106896990053,0.23281127109863695,0.3477826885292161,glister_a1,0.24916832415887694,0.23524533461988134,0.25080174751261386,30
sulfur,sparse_init,outlier,7000,0.26057084375087775,0.34453997209033654,0.25103314765886797,uniform,0.262864386468062,0.32442142008852143,0.2558723848764285,24
sulfur,sparse_init,outlier,7000,0.26057084375087775,0.34453997209033654,0.25103314765886797,craig,0.3009113320533166,0.38339771165441777,0.2915420550830356,24
sulfur,sparse_init,outlier,7000,0.26057084375087775,0.34453997209033654,0.25103314765886797,glister,0.2988989304168194,0.43653623494877447,0.2832652944900272,19
sulfur,sparse_init,outlier,7000,0.26057084375087775,0.34453997209033654,0.25103314765886797,craig_a1,0.3010032310747888,0.3028673297854455,0.3007914960319303,28
sulfur,sparse_init,outlier,7000,0.26057084375087775,0.34453997209033654,0.25103314765886797,craig_w_a1,0.238251678709069,0.2641358264598419,0.2353116084745714,28
sulfur,sparse_init,outlier,7000,0.26057084375087775,0.34453997209033654,0.25103314765886797,glister_a1,0.326897520364385,0.3761109935858163,0.3213075712902358,28
sulfur,sparse_init,outlier,7001,0.3990220698231465,0.29960152896178766,0.4106859321588366,uniform,0.2787051277277159,0.20176151814908624,0.28773203164476174,13
sulfur,sparse_init,outlier,7001,0.3990220698231465,0.29960152896178766,0.4106859321588366,craig,0.2857616507236684,0.16111220912083318,0.30038532823014624,27
sulfur,sparse_init,outlier,7001,0.3990220698231465,0.29960152896178766,0.4106859321588366,glister,0.294033052640232,0.18329435486937823,0.3070247434401645,17
sulfur,sparse_init,outlier,7001,0.3990220698231465,0.29960152896178766,0.4106859321588366,craig_a1,0.30931132939501194,0.17706467942421128,0.32482629950331815,17
sulfur,sparse_init,outlier,7001,0.3990220698231465,0.29960152896178766,0.4106859321588366,craig_w_a1,0.2788141782008414,0.17190783915651842,0.29135626266972847,17
sulfur,sparse_init,outlier,7001,0.3990220698231465,0.29960152896178766,0.4106859321588366,glister_a1,0.30969055067453194,0.25493536725932825,0.3161143431422374,14
sulfur,sparse_init,outlier,7002,0.34425337797937594,0.2218084923523528,0.357406372337982,uniform,0.3107449790530703,0.24967841645930208,0.317304731624051,11
sulfur,sparse_init,outlier,7002,0.34425337797937594,0.2218084923523528,0.357406372337982,craig,0.3464413792121621,0.29120378374285455,0.35237498581296256,32
sulfur,sparse_init,outlier,7002,0.34425337797937594,0.2218084923523528,0.357406372337982,glister,0.34577763998468786,0.3025160786491264,0.35042478444709035,17
sulfur,sparse_init,outlier,7002,0.34425337797937594,0.2218084923523528,0.357406372337982,craig_a1,0.357684595276741,0.3010866341191245,0.36376433196809077,18
sulfur,sparse_init,outlier,7002,0.34425337797937594,0.2218084923523528,0.357406372337982,craig_w_a1,0.3140954389158035,0.2492932359085584,0.32105647290440015,18
sulfur,sparse_init,outlier,7002,0.34425337797937594,0.2218084923523528,0.357406372337982,glister_a1,0.3682483863478679,0.2863607286256288,0.37704473496254914,5
sulfur,sparse_init,outlier,7003,0.3131767477127597,0.2228871078788952,0.32348837788877205,uniform,0.2956299660366341,0.25928422247747346,0.2997808726826664,10
sulfur,sparse_init,outlier,7003,0.3131767477127597,0.2228871078788952,0.32348837788877205,craig,0.32043952673253107,0.20746967149580572,0.3333413764949426,23
sulfur,sparse_init,outlier,7003,0.3131767477127597,0.2228871078788952,0.32348837788877205,glister,0.3238689454225988,0.2335517036908231,0.3341837279045008,19
sulfur,sparse_init,outlier,7003,0.3131767477127597,0.2228871078788952,0.32348837788877205,craig_a1,0.3377332619047797,0.24501150793780882,0.3483226544191134,16
sulfur,sparse_init,outlier,7003,0.3131767477127597,0.2228871078788952,0.32348837788877205,craig_w_a1,0.2897406017000251,0.21104025266824025,0.29872866384571645,16
sulfur,sparse_init,outlier,7003,0.3131767477127597,0.2228871078788952,0.32348837788877205,glister_a1,0.3353404870317907,0.3755800064225526,0.3307448873242107,12
sulfur,sparse_init,outlier,7004,0.3541894299636071,0.23295949770675525,0.36777176599349626,uniform,0.28598523856962615,0.24942478549801783,0.2900813916382551,16
sulfur,sparse_init,outlier,7004,0.3541894299636071,0.23295949770675525,0.36777176599349626,craig,0.3171428804173237,0.2435837804897968,0.32538428082621806,27
sulfur,sparse_init,outlier,7004,0.3541894299636071,0.23295949770675525,0.36777176599349626,glister,0.2849149143837075,0.28938423496524524,0.2844141814967573,20
sulfur,sparse_init,outlier,7004,0.3541894299636071,0.23295949770675525,0.36777176599349626,craig_a1,0.32730862829064866,0.36706659392723423,0.3228542329190768,21
sulfur,sparse_init,outlier,7004,0.3541894299636071,0.23295949770675525,0.36777176599349626,craig_w_a1,0.29197109440986724,0.2198740478165825,0.30004868956613456,21
sulfur,sparse_init,outlier,7004,0.3541894299636071,0.23295949770675525,0.36777176599349626,glister_a1,0.31634461782104717,0.4039305488817048,0.30653168198077885,15
sulfur,sparse_init,outlier,7005,0.30547353910785824,0.2429159258235986,0.31261800190633915,uniform,0.2775974171183346,0.22205879950834792,0.2839402675974696,23
sulfur,sparse_init,outlier,7005,0.30547353910785824,0.2429159258235986,0.31261800190633915,craig,0.30637585896856057,0.26162477320695077,0.3114867072031733,21
sulfur,sparse_init,outlier,7005,0.30547353910785824,0.2429159258235986,0.31261800190633915,glister,0.30665585068216367,0.24199041104112223,0.3140410401676308,16
sulfur,sparse_init,outlier,7005,0.30547353910785824,0.2429159258235986,0.31261800190633915,craig_a1,0.31086540452466627,0.26041524445833775,0.3166271219695673,13
sulfur,sparse_init,outlier,7005,0.30547353910785824,0.2429159258235986,0.31261800190633915,craig_w_a1,0.27317120864694183,0.22458509631191545,0.2787200404177944,13
sulfur,sparse_init,outlier,7005,0.30547353910785824,0.2429159258235986,0.31261800190633915,glister_a1,0.2866087855927841,0.23358142129515824,0.2926648355543514,2
sulfur,sparse_init,outlier,7006,0.2994829388687087,0.2163898677178379,0.30920536188245196,uniform,0.27126716046006116,0.2087655583957996,0.2785802493360527,11
sulfur,sparse_init,outlier,7006,0.2994829388687087,0.2163898677178379,0.30920536188245196,craig,0.30230703590137714,0.20935038538891013,0.31318356105209594,20
sulfur,sparse_init,outlier,7006,0.2994829388687087,0.2163898677178379,0.30920536188245196,glister,0.3315987053969275,0.21029092656514417,0.34579249465426265,19
sulfur,sparse_init,outlier,7006,0.2994829388687087,0.2163898677178379,0.30920536188245196,craig_a1,0.3297429190345746,0.21125192254967262,0.3436071266657318,16
sulfur,sparse_init,outlier,7006,0.2994829388687087,0.2163898677178379,0.30920536188245196,craig_w_a1,0.2818474120389005,0.2045907575588315,0.29088693681609934,16
sulfur,sparse_init,outlier,7006,0.2994829388687087,0.2163898677178379,0.30920536188245196,glister_a1,0.34008011126504967,0.2695309009728459,0.3483348219917834,17
sulfur,sparse_init,outlier,7007,0.311380848998076,0.22985210323847977,0.32074256673858703,uniform,0.26354405129170955,0.24180037634580576,0.26604081664224244,14
sulfur,sparse_init,outlier,7007,0.311380848998076,0.22985210323847977,0.32074256673858703,craig,0.2764714180434007,0.21822491229090374,0.28315970131263957,23
sulfur,sparse_init,outlier,7007,0.311380848998076,0.22985210323847977,0.32074256673858703,glister,0.2877106124041632,0.23315642257077468,0.2939749173683093,23
sulfur,sparse_init,outlier,7007,0.311380848998076,0.22985210323847977,0.32074256673858703,craig_a1,0.29288605698228265,0.2827867773182061,0.29404572900613984,17
sulfur,sparse_init,outlier,7007,0.311380848998076,0.22985210323847977,0.32074256673858703,craig_w_a1,0.2463994947041782,0.2048542114660036,0.2511700233257301,17
sulfur,sparse_init,outlier,7007,0.311380848998076,0.22985210323847977,0.32074256673858703,glister_a1,0.3305756308822594,0.3632141525045372,0.32682784077401567,11
sulfur,sparse_init,outlier,7008,0.3009194475146345,0.15221323019162086,0.31831903004977624,uniform,0.33433651286446103,0.18982002722057137,0.3512458698833915,13
sulfur,sparse_init,outlier,7008,0.3009194475146345,0.15221323019162086,0.31831903004977624,craig,0.3531132785681987,0.2236136100732019,0.36826557153089173,31
sulfur,sparse_init,outlier,7008,0.3009194475146345,0.15221323019162086,0.31831903004977624,glister,0.3601391883422563,0.24139079317407194,0.37403351327257445,32
sulfur,sparse_init,outlier,7008,0.3009194475146345,0.15221323019162086,0.31831903004977624,craig_a1,0.37408579644874834,0.30012667280359534,0.382739488938924,23
sulfur,sparse_init,outlier,7008,0.3009194475146345,0.15221323019162086,0.31831903004977624,craig_w_a1,0.300620027621427,0.16618019146552226,0.3163503519300904,23
sulfur,sparse_init,outlier,7008,0.3009194475146345,0.15221323019162086,0.31831903004977624,glister_a1,0.35278698047901275,0.23914504187136357,0.3660838171940658,8
sulfur,sparse_init,outlier,7009,0.2816503224829379,0.20466931613764813,0.2906816137301506,uniform,0.25120098722311734,0.20344415055015166,0.256803744598158,25
sulfur,sparse_init,outlier,7009,0.2816503224829379,0.20466931613764813,0.2906816137301506,craig,0.27456688809822544,0.22533456837652283,0.28034274683652577,21
sulfur,sparse_init,outlier,7009,0.2816503224829379,0.20466931613764813,0.2906816137301506,glister,0.28500789402972054,0.23811346379030343,0.2905094752309929,21
sulfur,sparse_init,outlier,7009,0.2816503224829379,0.20466931613764813,0.2906816137301506,craig_a1,0.2865575470473234,0.2142392768767968,0.2950418133801784,17
sulfur,sparse_init,outlier,7009,0.2816503224829379,0.20466931613764813,0.2906816137301506,craig_w_a1,0.26278240637389366,0.20123397000769258,0.2700031726514927,17
sulfur,sparse_init,outlier,7009,0.2816503224829379,0.20466931613764813,0.2906816137301506,glister_a1,0.2908885665772783,0.27054274546221957,0.2932755064846315,18
sulfur,sparse_all,clean,7000,0.2203128480866627,0.2334595102417866,0.21881957465701618,uniform,0.20614331253529541,0.22893335942657042,0.20355468805544014,10
sulfur,sparse_all,clean,7000,0.2203128480866627,0.2334595102417866,0.21881957465701618,craig,0.21441516073543032,0.22556451888500378,0.21314875257144758,6
sulfur,sparse_all,clean,7000,0.2203128480866627,0.2334595102417866,0.21881957465701618,glister,0.21618368190385528,0.22914288327512777,0.2147117013472074,3
sulfur,sparse_all,clean,7000,0.2203128480866627,0.2334595102417866,0.21881957465701618,craig_a1,0.21020560282823025,0.22922985889915148,0.20804471850837059,1
sulfur,sparse_all,clean,7000,0.2203128480866627,0.2334595102417866,0.21881957465701618,craig_w_a1,0.19753916392340673,0.21396447592105108,0.1956734826051888,1
sulfur,sparse_all,clean,7000,0.2203128480866627,0.2334595102417866,0.21881957465701618,glister_a1,0.21115018647428338,0.2112367714392714,0.21114035165643397,3
sulfur,sparse_all,clean,7001,0.2771132414118589,0.20665824001461208,0.2853789119668432,uniform,0.25620217409345186,0.17571385816908835,0.26564493741418727,4
sulfur,sparse_all,clean,7001,0.2771132414118589,0.20665824001461208,0.2853789119668432,craig,0.2556537508892344,0.1975943389937712,0.2624651902736184,6
sulfur,sparse_all,clean,7001,0.2771132414118589,0.20665824001461208,0.2853789119668432,glister,0.25777779940483514,0.1848125494085001,0.26633796839881857,6
sulfur,sparse_all,clean,7001,0.2771132414118589,0.20665824001461208,0.2853789119668432,craig_a1,0.250048464477355,0.17322838149027353,0.2590608764479065,6
sulfur,sparse_all,clean,7001,0.2771132414118589,0.20665824001461208,0.2853789119668432,craig_w_a1,0.24197017351625538,0.15269236464406252,0.25244410640070264,6
sulfur,sparse_all,clean,7001,0.2771132414118589,0.20665824001461208,0.2853789119668432,glister_a1,0.2717073114806874,0.23381636307331355,0.27615261827708326,1
sulfur,sparse_all,clean,7002,0.37070970946597964,0.21481376304164,0.3874560071438988,uniform,0.2953796411948033,0.2301793195090748,0.30238344097721265,4
sulfur,sparse_all,clean,7002,0.37070970946597964,0.21481376304164,0.3874560071438988,craig,0.307764733143381,0.22857612559940835,0.316271150565048,4
sulfur,sparse_all,clean,7002,0.37070970946597964,0.21481376304164,0.3874560071438988,glister,0.297941274602772,0.22827343268908964,0.3054249741217389,10
sulfur,sparse_all,clean,7002,0.37070970946597964,0.21481376304164,0.3874560071438988,craig_a1,0.30054602856103657,0.23733148991896572,0.307336516100661,6
sulfur,sparse_all,clean,7002,0.37070970946597964,0.21481376304164,0.3874560071438988,craig_w_a1,0.2901156575440823,0.22155533549436307,0.2974803875981496,6
sulfur,sparse_all,clean,7002,0.37070970946597964,0.21481376304164,0.3874560071438988,glister_a1,0.29469737682041663,0.25489391365780095,0.2989730533727686,2
sulfur,sparse_all,clean,7003,0.3025475012931873,0.2123632937699142,0.31284709045322684,uniform,0.26918634467914104,0.21675217214759138,0.27517464850586393,3
sulfur,sparse_all,clean,7003,0.3025475012931873,0.2123632937699142,0.31284709045322684,craig,0.2834441916953768,0.21239649921911596,0.29155827356592473,8
sulfur,sparse_all,clean,7003,0.3025475012931873,0.2123632937699142,0.31284709045322684,glister,0.28031133280044007,0.2135508136795982,0.2879357932014276,5
sulfur,sparse_all,clean,7003,0.3025475012931873,0.2123632937699142,0.31284709045322684,craig_a1,0.2722007884029558,0.21572667135383256,0.2786504786509059,5
sulfur,sparse_all,clean,7003,0.3025475012931873,0.2123632937699142,0.31284709045322684,craig_w_a1,0.2747512783835661,0.22051827238110133,0.28094502001615956,5
sulfur,sparse_all,clean,7003,0.3025475012931873,0.2123632937699142,0.31284709045322684,glister_a1,0.2800441332910367,0.2244088837795132,0.28639801972550044,3
sulfur,sparse_all,clean,7004,0.26028593857862276,0.16442457775352243,0.27102603544059534,uniform,0.24723701928852165,0.18636934463270113,0.25405650021326326,6
sulfur,sparse_all,clean,7004,0.26028593857862276,0.16442457775352243,0.27102603544059534,craig,0.2677380883332715,0.20750127658187928,0.27448688876024147,10
sulfur,sparse_all,clean,7004,0.26028593857862276,0.16442457775352243,0.27102603544059534,glister,0.2524746486151023,0.19572869351285666,0.2588323411105722,7
sulfur,sparse_all,clean,7004,0.26028593857862276,0.16442457775352243,0.27102603544059534,craig_a1,0.25552555704481467,0.2044448497618707,0.2612485275855504,6
sulfur,sparse_all,clean,7004,0.26028593857862276,0.16442457775352243,0.27102603544059534,craig_w_a1,0.23767397937012727,0.18418660874760345,0.24366658719911724,6
sulfur,sparse_all,clean,7004,0.26028593857862276,0.16442457775352243,0.27102603544059534,glister_a1,0.25660434836557017,0.19067900404753377,0.2639904795193563,4
sulfur,sparse_all,clean,7005,0.27405544248864067,0.23837732437328146,0.27813010221769285,uniform,0.2367555866243106,0.20892548324559526,0.2399339549767544,6
sulfur,sparse_all,clean,7005,0.27405544248864067,0.23837732437328146,0.27813010221769285,craig,0.25187502309436405,0.20896383634942917,0.2567757435861255,5
sulfur,sparse_all,clean,7005,0.27405544248864067,0.23837732437328146,0.27813010221769285,glister,0.2412715360970962,0.2212886007431379,0.2435537097726179,4
sulfur,sparse_all,clean,7005,0.27405544248864067,0.23837732437328146,0.27813010221769285,craig_a1,0.24772803555712455,0.22535125707101544,0.25028360078812867,3
sulfur,sparse_all,clean,7005,0.27405544248864067,0.23837732437328146,0.27813010221769285,craig_w_a1,0.23984034729755258,0.22984682883770607,0.24098166834728438,3
sulfur,sparse_all,clean,7005,0.27405544248864067,0.23837732437328146,0.27813010221769285,glister_a1,0.25571614530897296,0.22519718016635595,0.2592015981525587,3
sulfur,sparse_all,clean,7006,0.3088317264971937,0.2728397206145714,0.31304302235444553,uniform,0.2613862195485668,0.20608186893247923,0.2678571837787094,4
sulfur,sparse_all,clean,7006,0.3088317264971937,0.2728397206145714,0.31304302235444553,craig,0.26655133872317793,0.22109632277776398,0.2718698675366737,4
sulfur,sparse_all,clean,7006,0.3088317264971937,0.2728397206145714,0.31304302235444553,glister,0.26348150363421224,0.24168800327485646,0.2660314831512661,1
sulfur,sparse_all,clean,7006,0.3088317264971937,0.2728397206145714,0.31304302235444553,craig_a1,0.25267739886753804,0.19978961197809372,0.2588656096205894,4
sulfur,sparse_all,clean,7006,0.3088317264971937,0.2728397206145714,0.31304302235444553,craig_w_a1,0.2545158520796988,0.20783261829454708,0.2599780902690254,4
sulfur,sparse_all,clean,7006,0.3088317264971937,0.2728397206145714,0.31304302235444553,glister_a1,0.2673796551059639,0.19434944090474793,0.27592465922501147,6
sulfur,sparse_all,clean,7007,0.2253621392824081,0.1940817874048592,0.2289539745593173,uniform,0.2013776195655164,0.21905143170695981,0.19934818517246328,8
sulfur,sparse_all,clean,7007,0.2253621392824081,0.1940817874048592,0.2289539745593173,craig,0.20434775178389142,0.19712609988509375,0.20517699386368649,2
sulfur,sparse_all,clean,7007,0.2253621392824081,0.1940817874048592,0.2289539745593173,glister,0.1916965796826808,0.19352617422247828,0.19148649246127708,5
sulfur,sparse_all,clean,7007,0.2253621392824081,0.1940817874048592,0.2289539745593173,craig_a1,0.20915982720798793,0.2392782646495992,0.20570141131446956,3
sulfur,sparse_all,clean,7007,0.2253621392824081,0.1940817874048592,0.2289539745593173,craig_w_a1,0.19473130415778217,0.20070042744510308,0.19404588643359705,3
sulfur,sparse_all,clean,7007,0.2253621392824081,0.1940817874048592,0.2289539745593173,glister_a1,0.2106148189620983,0.2208668233540368,0.20943760998509758,3
sulfur,sparse_all,clean,7008,0.3173766703008267,0.199350960975298,0.331186436345897,uniform,0.2832248102873076,0.17074512272387754,0.2963856561652962,6
sulfur,sparse_all,clean,7008,0.3173766703008267,0.199350960975298,0.331186436345897,craig,0.2811007688405926,0.1772773856920273,0.2932487715044432,7
sulfur,sparse_all,clean,7008,0.3173766703008267,0.199350960975298,0.331186436345897,glister,0.27866106346112524,0.18479273395714238,0.28964426090937123,4
sulfur,sparse_all,clean,7008,0.3173766703008267,0.199350960975298,0.331186436345897,craig_a1,0.27693053329637196,0.183141422699351,0.2879044616236972,3
sulfur,sparse_all,clean,7008,0.3173766703008267,0.199350960975298,0.331186436345897,craig_w_a1,0.2648073948924774,0.16745062434064936,0.2761987623488349,3
sulfur,sparse_all,clean,7008,0.3173766703008267,0.199350960975298,0.331186436345897,glister_a1,0.27886580441077946,0.198827960882632,0.28823074616958816,2
sulfur,sparse_all,clean,7009,0.2491619570022765,0.2009531843459749,0.25481773479994313,uniform,0.23560396990460927,0.19703360698828146,0.24012898454842427,14
sulfur,sparse_all,clean,7009,0.2491619570022765,0.2009531843459749,0.25481773479994313,craig,0.23298424288041783,0.20382391997444196,0.23640528634983402,6
sulfur,sparse_all,clean,7009,0.2491619570022765,0.2009531843459749,0.25481773479994313,glister,0.228873290510285,0.19396685703373465,0.23296845868351157,7
sulfur,sparse_all,clean,7009,0.2491619570022765,0.2009531843459749,0.25481773479994313,craig_a1,0.23517763022916569,0.2132590780190745,0.23774908048845012,3
sulfur,sparse_all,clean,7009,0.2491619570022765,0.2009531843459749,0.25481773479994313,craig_w_a1,0.22386537120175182,0.20169714381393,0.22646611296233432,3
sulfur,sparse_all,clean,7009,0.2491619570022765,0.2009531843459749,0.25481773479994313,glister_a1,0.24317816570234407,0.1952568747431951,0.24880021659699283,4
sulfur,sparse_all,outlier,7000,0.2634239736678895,0.23273841457365815,0.2669094157921786,uniform,0.23036930488943463,0.23360740779494235,0.23000150255495605,8
sulfur,sparse_all,outlier,7000,0.2634239736678895,0.23273841457365815,0.2669094157921786,craig,0.27472662167663364,0.30446613064055017,0.27134863736224674,6
sulfur,sparse_all,outlier,7000,0.2634239736678895,0.23273841457365815,0.2669094157921786,glister,0.28174156719580795,0.31283538612697426,0.2782097525733369,8
sulfur,sparse_all,outlier,7000,0.2634239736678895,0.23273841457365815,0.2669094157921786,craig_a1,0.28737507907774057,0.34372659650080023,0.28097434992723713,2
sulfur,sparse_all,outlier,7000,0.2634239736678895,0.23273841457365815,0.2669094157921786,craig_w_a1,0.23048766760549672,0.24365251301132618,0.22899232881775217,2
sulfur,sparse_all,outlier,7000,0.2634239736678895,0.23273841457365815,0.2669094157921786,glister_a1,0.27823334469091515,0.31111384275197296,0.27449858878642974,2
sulfur,sparse_all,outlier,7001,0.38930325802643606,0.25521675291295903,0.4050340770620953,uniform,0.28744630804512433,0.193925647914161,0.29841800560238824,4
sulfur,sparse_all,outlier,7001,0.38930325802643606,0.25521675291295903,0.4050340770620953,craig,0.30725867263718226,0.19689624163427513,0.3202062204084731,8
sulfur,sparse_all,outlier,7001,0.38930325802643606,0.25521675291295903,0.4050340770620953,glister,0.3173827079833329,0.18521763265271154,0.3328881078824561,6
sulfur,sparse_all,outlier,7001,0.38930325802643606,0.25521675291295903,0.4050340770620953,craig_a1,0.3153459876252552,0.22735930979476485,0.3256684470355362,4
sulfur,sparse_all,outlier,7001,0.38930325802643606,0.25521675291295903,0.4050340770620953,craig_w_a1,0.3004428296728812,0.20112306923207832,0.31209486860727703,4
sulfur,sparse_all,outlier,7001,0.38930325802643606,0.25521675291295903,0.4050340770620953,glister_a1,0.32800477359775265,0.20672827072212696,0.3422327432088595,0
sulfur,sparse_all,outlier,7002,0.4257714068218241,0.23404312653954673,0.4463668034855904,uniform,0.32057810226923716,0.22675307197228384,0.330656760008777,4
sulfur,sparse_all,outlier,7002,0.4257714068218241,0.23404312653954673,0.4463668034855904,craig,0.3132064393834655,0.21933876938849917,0.32328967746708864,2
sulfur,sparse_all,outlier,7002,0.4257714068218241,0.23404312653954673,0.4463668034855904,glister,0.34118845988715296,0.2803066733419496,0.3477283638681992,6
sulfur,sparse_all,outlier,7002,0.4257714068218241,0.23404312653954673,0.4463668034855904,craig_a1,0.3418538694391311,0.24504263305928972,0.352253304576279,5
sulfur,sparse_all,outlier,7002,0.4257714068218241,0.23404312653954673,0.4463668034855904,craig_w_a1,0.32208743943690854,0.22065460261952163,0.3329833255623642,5
sulfur,sparse_all,outlier,7002,0.4257714068218241,0.23404312653954673,0.4463668034855904,glister_a1,0.35516634122650925,0.3088967290959668,0.36013660963920313,1
sulfur,sparse_all,outlier,7003,0.3629437375090132,0.20981403113109384,0.3804320883766865,uniform,0.3088997386162714,0.22356575569061074,0.3186454024044388,2
sulfur,sparse_all,outlier,7003,0.3629437375090132,0.20981403113109384,0.3804320883766865,craig,0.3297428114974913,0.23434647889082785,0.3406376572826534,4
sulfur,sparse_all,outlier,7003,0.3629437375090132,0.20981403113109384,0.3804320883766865,glister,0.31837178563570967,0.23732496690791596,0.3276278290001653,4
sulfur,sparse_all,outlier,7003,0.3629437375090132,0.20981403113109384,0.3804320883766865,craig_a1,0.3376550564445946,0.22231715414619843,0.35082735169315793,2
sulfur,sparse_all,outlier,7003,0.3629437375090132,0.20981403113109384,0.3804320883766865,craig_w_a1,0.3131058822489737,0.2235345298150461,0.32333547960215203,2
sulfur,sparse_all,outlier,7003,0.3629437375090132,0.20981403113109384,0.3804320883766865,glister_a1,0.3272642786542267,0.2301609819802481,0.3383540701963802,0
sulfur,sparse_all,outlier,7004,0.28819466266146054,0.18865969532593985,0.2993463423490376,uniform,0.28000112919260883,0.21542989911965532,0.2872355483528536,6
sulfur,sparse_all,outlier,7004,0.28819466266146054,0.18865969532593985,0.2993463423490376,craig,0.2949702397203681,0.2516441425805945,0.2998244007287998,2
sulfur,sparse_all,outlier,7004,0.28819466266146054,0.18865969532593985,0.2993463423490376,glister,0.3061431200477983,0.2370352374286876,0.31388581582080405,6
sulfur,sparse_all,outlier,7004,0.28819466266146054,0.18865969532593985,0.2993463423490376,craig_a1,0.30287407286943346,0.24461729470453064,0.3094010346710614,4
sulfur,sparse_all,outlier,7004,0.28819466266146054,0.18865969532593985,0.2993463423490376,craig_w_a1,0.27715215809588706,0.22002825186043884,0.2835521954083378,4
sulfur,sparse_all,outlier,7004,0.28819466266146054,0.18865969532593985,0.2993463423490376,glister_a1,0.2959135514746644,0.25503860100578307,0.3004930913798518,1
sulfur,sparse_all,outlier,7005,0.2871679443597808,0.23888851511522943,0.29268175104230626,uniform,0.2667973985649404,0.2434146969624595,0.26946784638026555,10
sulfur,sparse_all,outlier,7005,0.2871679443597808,0.23888851511522943,0.29268175104230626,craig,0.30730302857312297,0.2910204364036357,0.3091626003807803,4
sulfur,sparse_all,outlier,7005,0.2871679443597808,0.23888851511522943,0.29268175104230626,glister,0.3139650588345501,0.28572552139050544,0.3171901870663212,7
sulfur,sparse_all,outlier,7005,0.2871679443597808,0.23888851511522943,0.29268175104230626,craig_a1,0.31074882380493846,0.29178700931501034,0.31291437922022275,3
sulfur,sparse_all,outlier,7005,0.2871679443597808,0.23888851511522943,0.29268175104230626,craig_w_a1,0.27627768908700995,0.2551302187500506,0.2786928597940164,3
sulfur,sparse_all,outlier,7005,0.2871679443597808,0.23888851511522943,0.29268175104230626,glister_a1,0.3221250738089806,0.3239804203980912,0.3219131818586921,1
sulfur,sparse_all,outlier,7006,0.2780190928820721,0.21958577684445366,0.284856166163212,uniform,0.2738778891831788,0.21533409880879684,0.2807278886712732,4
sulfur,sparse_all,outlier,7006,0.2780190928820721,0.21958577684445366,0.284856166163212,craig,0.3193417789061561,0.20459806520090998,0.3327675303840947,2
sulfur,sparse_all,outlier,7006,0.2780190928820721,0.21958577684445366,0.284856166163212,glister,0.32773520367178444,0.21540978446952125,0.34087799916068373,5
sulfur,sparse_all,outlier,7006,0.2780190928820721,0.21958577684445366,0.284856166163212,craig_a1,0.3327292168781413,0.20689908862087758,0.3474521500643444,3
sulfur,sparse_all,outlier,7006,0.2780190928820721,0.21958577684445366,0.284856166163212,craig_w_a1,0.2624939753732762,0.20821206068921638,0.2688453080324834,3
sulfur,sparse_all,outlier,7006,0.2780190928820721,0.21958577684445366,0.284856166163212,glister_a1,0.34717583566387034,0.21450399119873612,0.36269929358927977,1
sulfur,sparse_all,outlier,7007,0.3133931484817338,0.2581211440101966,0.3197398780921778,uniform,0.24281097648454827,0.25098067544866776,0.24187287281308306,10
sulfur,sparse_all,outlier,7007,0.3133931484817338,0.2581211440101966,0.3197398780921778,craig,0.27065917270659623,0.2519235501303966,0.2728105318206972,8
sulfur,sparse_all,outlier,7007,0.3133931484817338,0.2581211440101966,0.3197398780921778,glister,0.28892375842385265,0.283944977972463,0.2894954578513812,5
sulfur,sparse_all,outlier,7007,0.3133931484817338,0.2581211440101966,0.3197398780921778,craig_a1,0.3141326548033461,0.313041112189176,0.31425799358735895,4
sulfur,sparse_all,outlier,7007,0.3133931484817338,0.2581211440101966,0.3197398780921778,craig_w_a1,0.23529370802119498,0.28811956836699915,0.22922786229586856,4
sulfur,sparse_all,outlier,7007,0.3133931484817338,0.2581211440101966,0.3197398780921778,glister_a1,0.3192502797616847,0.2843378040328951,0.32325918165696377,9
sulfur,sparse_all,outlier,7008,0.326745744369916,0.1722366623002718,0.34482429935097736,uniform,0.32031680271141005,0.24429948370127547,0.32921131727863884,6
sulfur,sparse_all,outlier,7008,0.326745744369916,0.1722366623002718,0.34482429935097736,craig,0.3478356882990793,0.3022391354392674,0.35317077784062106,7
sulfur,sparse_all,outlier,7008,0.326745744369916,0.1722366623002718,0.34482429935097736,glister,0.35320588880313086,0.2407645748586366,0.3663622447212384,8
sulfur,sparse_all,outlier,7008,0.326745744369916,0.1722366623002718,0.34482429935097736,craig_a1,0.373852868488506,0.25264378993082864,0.3880351091798399,6
sulfur,sparse_all,outlier,7008,0.326745744369916,0.1722366623002718,0.34482429935097736,craig_w_a1,0.3008888667798266,0.19248653710937494,0.31357263559633586,6
sulfur,sparse_all,outlier,7008,0.326745744369916,0.1722366623002718,0.34482429935097736,glister_a1,0.3620028072470342,0.2466368441802049,0.375501365896853,6
sulfur,sparse_all,outlier,7009,0.2927917792934282,0.21960903710241433,0.3013774641314801,uniform,0.25258927123500635,0.2130894022808908,0.2572233340731987,14
sulfur,sparse_all,outlier,7009,0.2927917792934282,0.21960903710241433,0.3013774641314801,craig,0.25551475706730503,0.22121825760955635,0.2595383687355325,8
sulfur,sparse_all,outlier,7009,0.2927917792934282,0.21960903710241433,0.3013774641314801,glister,0.27107150133085767,0.21327920946463574,0.2778516026112524,3
sulfur,sparse_all,outlier,7009,0.2927917792934282,0.21960903710241433,0.3013774641314801,craig_a1,0.27698051445909605,0.2388690571378196,0.2814516910163409,3
sulfur,sparse_all,outlier,7009,0.2927917792934282,0.21960903710241433,0.3013774641314801,craig_w_a1,0.2626804116581293,0.23080280698056846,0.26642024237449113,3
sulfur,sparse_all,outlier,7009,0.2927917792934282,0.21960903710241433,0.3013774641314801,glister_a1,0.2935974912717689,0.2472542916129379,0.2990344029635871,3
sulfur,hard,clean,7000,0.27043369918948607,0.3299146106997267,0.26367751547674156,uniform,0.22598981528961587,0.30798455719864015,0.21667638135340153,16
sulfur,hard,clean,7000,0.27043369918948607,0.3299146106997267,0.26367751547674156,craig,0.23324425120018585,0.30920728057671537,0.22461593383225043,20
sulfur,hard,clean,7000,0.27043369918948607,0.3299146106997267,0.26367751547674156,glister,0.23915579961442512,0.28586712233109685,0.23385005917221965,24
sulfur,hard,clean,7000,0.27043369918948607,0.3299146106997267,0.26367751547674156,craig_a1,0.233009181549565,0.29751433608546235,0.22568231544415127,24
sulfur,hard,clean,7000,0.27043369918948607,0.3299146106997267,0.26367751547674156,craig_w_a1,0.2184185809021454,0.3017602557886048,0.20895215457873909,24
sulfur,hard,clean,7000,0.27043369918948607,0.3299146106997267,0.26367751547674156,glister_a1,0.24960475678943447,0.32330964119873706,0.24123293250240907,13
sulfur,hard,clean,7001,0.3172919113532548,0.38691058743676815,0.30912435717585945,uniform,0.28597519077633266,0.3794059105114956,0.2750140448856152,9
sulfur,hard,clean,7001,0.3172919113532548,0.38691058743676815,0.30912435717585945,craig,0.29088025104852266,0.3840175959206935,0.279953523437821,22
sulfur,hard,clean,7001,0.3172919113532548,0.38691058743676815,0.30912435717585945,glister,0.28735422024494145,0.38568225461370365,0.2758185290620141,23
sulfur,hard,clean,7001,0.3172919113532548,0.38691058743676815,0.30912435717585945,craig_a1,0.28568525270658585,0.38737509891221233,0.2737551590176576,16
sulfur,hard,clean,7001,0.3172919113532548,0.38691058743676815,0.30912435717585945,craig_w_a1,0.2770596979399179,0.37438892731990014,0.2656411849958976,16
sulfur,hard,clean,7001,0.3172919113532548,0.38691058743676815,0.30912435717585945,glister_a1,0.2878138900566711,0.40989788344692535,0.2734911869215016,28
sulfur,hard,clean,7002,0.3533162353219501,0.4039799026239477,0.3478739587679148,uniform,0.31682755740002094,0.40431163772325507,0.3074300426809139,13
sulfur,hard,clean,7002,0.3533162353219501,0.4039799026239477,0.3478739587679148,craig,0.3340653534990984,0.4138706226736883,0.3254926944626253,24
sulfur,hard,clean,7002,0.3533162353219501,0.4039799026239477,0.3478739587679148,glister,0.3207506428621559,0.4145834292148641,0.31067115196934003,20
sulfur,hard,clean,7002,0.3533162353219501,0.4039799026239477,0.3478739587679148,craig_a1,0.3197262680662601,0.4049238814216247,0.3105743649705011,23
sulfur,hard,clean,7002,0.3533162353219501,0.4039799026239477,0.3478739587679148,craig_w_a1,0.31667331289963274,0.3882184566906936,0.3089879541535276,23
sulfur,hard,clean,7002,0.3533162353219501,0.4039799026239477,0.3478739587679148,glister_a1,0.3423407453960494,0.43139094924334115,0.3327749981389207,19
sulfur,hard,clean,7003,0.32613119829243076,0.36383415778980305,0.32182528926905407,uniform,0.2959070100083802,0.3594123186138777,0.2886543145966103,11
sulfur,hard,clean,7003,0.32613119829243076,0.36383415778980305,0.32182528926905407,craig,0.29550793446511003,0.35721012801301794,0.28846116584264697,15
sulfur,hard,clean,7003,0.32613119829243076,0.36383415778980305,0.32182528926905407,glister,0.2911485350135594,0.36043615140401947,0.2832354646179916,14
sulfur,hard,clean,7003,0.32613119829243076,0.36383415778980305,0.32182528926905407,craig_a1,0.2857451378997919,0.3554481586643151,0.27778462577905244,17
sulfur,hard,clean,7003,0.32613119829243076,0.36383415778980305,0.32182528926905407,craig_w_a1,0.28774457980518364,0.35653282356410043,0.2798885408243603,17
sulfur,hard,clean,7003,0.32613119829243076,0.36383415778980305,0.32182528926905407,glister_a1,0.2953825853244232,0.3610053232424784,0.28788806650926924,15
sulfur,hard,clean,7004,0.3268217475279057,0.38856992403486307,0.3199036171046908,uniform,0.2870725687746451,0.4132582689157246,0.2729349993676795,14
sulfur,hard,clean,7004,0.3268217475279057,0.38856992403486307,0.3199036171046908,craig,0.2791463192183175,0.3938345028869932,0.2662969063691442,20
sulfur,hard,clean,7004,0.3268217475279057,0.38856992403486307,0.3199036171046908,glister,0.2801708720311357,0.36707205991467,0.2704346533163556,19
sulfur,hard,clean,7004,0.3268217475279057,0.38856992403486307,0.3199036171046908,craig_a1,0.2827251097877138,0.39714903626079284,0.26990530373582305,21
sulfur,hard,clean,7004,0.3268217475279057,0.38856992403486307,0.3199036171046908,craig_w_a1,0.26643276339367217,0.3741514823787033,0.25436419409954725,21
sulfur,hard,clean,7004,0.3268217475279057,0.38856992403486307,0.3199036171046908,glister_a1,0.2901338920962245,0.419839751046368,0.2756019318079543,22
sulfur,hard,clean,7005,0.273175721685647,0.35318952895533706,0.2640376545601393,uniform,0.2629381438410378,0.3167586465416423,0.2567915126133922,17
sulfur,hard,clean,7005,0.273175721685647,0.35318952895533706,0.2640376545601393,craig,0.2718882227159729,0.3073312725057468,0.2678404092302327,15
sulfur,hard,clean,7005,0.273175721685647,0.35318952895533706,0.2640376545601393,glister,0.2616061782052897,0.3256827680949321,0.25428823896998237,17
sulfur,hard,clean,7005,0.273175721685647,0.35318952895533706,0.2640376545601393,craig_a1,0.2582018379023121,0.3188655561818615,0.25127366951941094,21
sulfur,hard,clean,7005,0.273175721685647,0.35318952895533706,0.2640376545601393,craig_w_a1,0.25516146317472915,0.3045067816516416,0.24952592540995633,21
sulfur,hard,clean,7005,0.273175721685647,0.35318952895533706,0.2640376545601393,glister_a1,0.27245509483463504,0.31586583644960176,0.267497322115377,39
sulfur,hard,clean,7006,0.3981926338067592,0.4221283526864413,0.395392000963814,uniform,0.28432967363034195,0.39011542200097854,0.2719520616316553,8
sulfur,hard,clean,7006,0.3981926338067592,0.4221283526864413,0.395392000963814,craig,0.2873108883838722,0.3917784447490415,0.2750875133162917,18
sulfur,hard,clean,7006,0.3981926338067592,0.4221283526864413,0.395392000963814,glister,0.2806849278781739,0.3966296920178563,0.2671186457853152,16
sulfur,hard,clean,7006,0.3981926338067592,0.4221283526864413,0.395392000963814,craig_a1,0.28973736134678474,0.3877309553575519,0.27827148145555,15
sulfur,hard,clean,7006,0.3981926338067592,0.4221283526864413,0.395392000963814,craig_w_a1,0.2866140712051379,0.3880744336265735,0.2747425571435401,15
sulfur,hard,clean,7006,0.3981926338067592,0.4221283526864413,0.395392000963814,glister_a1,0.2918569816659483,0.4002903139884333,0.2791695853400278,6
sulfur,hard,clean,7007,0.2760563182079382,0.34757898231271467,0.26784357082466953,uniform,0.2325017405128358,0.3426311161171937,0.21985589247799872,14
sulfur,hard,clean,7007,0.2760563182079382,0.34757898231271467,0.26784357082466953,craig,0.23583633537454812,0.34840092461803,0.22291085857178486,14
sulfur,hard,clean,7007,0.2760563182079382,0.34757898231271467,0.26784357082466953,glister,0.22671733263296356,0.35375986253270414,0.21212939441705134,24
sulfur,hard,clean,7007,0.2760563182079382,0.34757898231271467,0.26784357082466953,craig_a1,0.23740765895911914,0.3628527418667137,0.22300315111131283,23
sulfur,hard,clean,7007,0.2760563182079382,0.34757898231271467,0.26784357082466953,craig_w_a1,0.2236238414921977,0.32995742465286687,0.21141385368222118,23
sulfur,hard,clean,7007,0.2760563182079382,0.34757898231271467,0.26784357082466953,glister_a1,0.24311266538150753,0.37031342062347794,0.22850655859229574,27
sulfur,hard,clean,7008,0.3067436555827008,0.33181990643875675,0.30380957317312596,uniform,0.3041865848565957,0.3265691872077451,0.30156767662282546,10
sulfur,hard,clean,7008,0.3067436555827008,0.33181990643875675,0.30380957317312596,craig,0.3029773070206173,0.33508571462573983,0.2992204171053573,19
sulfur,hard,clean,7008,0.3067436555827008,0.33181990643875675,0.30380957317312596,glister,0.29906399201965983,0.34126217706342754,0.29412653333958766,24
sulfur,hard,clean,7008,0.3067436555827008,0.33181990643875675,0.30380957317312596,craig_a1,0.3076187723563334,0.33518643840940465,0.30439317836687885,21
sulfur,hard,clean,7008,0.3067436555827008,0.33181990643875675,0.30380957317312596,craig_w_a1,0.28595464920575686,0.30433654525187454,0.2838038493053594,21
sulfur,hard,clean,7008,0.3067436555827008,0.33181990643875675,0.30380957317312596,glister_a1,0.3170543655255989,0.32047818480301976,0.31665375667967893,30
sulfur,hard,clean,7009,0.3489835903922722,0.35157762167960943,0.3486792626993444,uniform,0.25011902113305345,0.2954861033566485,0.24479662601184957,21
sulfur,hard,clean,7009,0.3489835903922722,0.35157762167960943,0.3486792626993444,craig,0.25334618737649245,0.31192139986339085,0.24647423507356023,22
sulfur,hard,clean,7009,0.3489835903922722,0.35157762167960943,0.3486792626993444,glister,0.2497759686377575,0.31702909551823355,0.24188593699256203,33
sulfur,hard,clean,7009,0.3489835903922722,0.35157762167960943,0.3486792626993444,craig_a1,0.2639863489536666,0.3273668072476028,0.2565506527292383,20
sulfur,hard,clean,7009,0.3489835903922722,0.35157762167960943,0.3486792626993444,craig_w_a1,0.24744846703154896,0.3028928759918514,0.2409438157010107,20
sulfur,hard,clean,7009,0.3489835903922722,0.35157762167960943,0.3486792626993444,glister_a1,0.2555540138400176,0.32554497061065407,0.24734278427474743,54
sulfur,hard,outlier,7000,0.2715194287660606,0.3438771823490758,0.2633006193390366,uniform,0.2578018250549655,0.29564764943014893,0.253503078856448,17
sulfur,hard,outlier,7000,0.2715194287660606,0.3438771823490758,0.2633006193390366,craig,0.2723766991514798,0.30470520679524843,0.26870464149038353,30
sulfur,hard,outlier,7000,0.2715194287660606,0.3438771823490758,0.2633006193390366,glister,0.28655284520757845,0.3473565116017683,0.2796464153944299,19
sulfur,hard,outlier,7000,0.2715194287660606,0.3438771823490758,0.2633006193390366,craig_a1,0.29380410405653457,0.3510280753753854,0.28730427657933777,22
sulfur,hard,outlier,7000,0.2715194287660606,0.3438771823490758,0.2633006193390366,craig_w_a1,0.23469744761708664,0.29490298473911775,0.22785895676358198,22
sulfur,hard,outlier,7000,0.2715194287660606,0.3438771823490758,0.2633006193390366,glister_a1,0.28150368108564944,0.37558226886721535,0.27081769450021537,14
sulfur,hard,outlier,7001,0.3558063248448683,0.38354074317042763,0.3525525662703613,uniform,0.3198100955852553,0.4137024151286274,0.30879479552709427,12
sulfur,hard,outlier,7001,0.3558063248448683,0.38354074317042763,0.3525525662703613,craig,0.3288611142320357,0.3674025943475817,0.32433948807322865,21
sulfur,hard,outlier,7001,0.3558063248448683,0.38354074317042763,0.3525525662703613,glister,0.3278940311183823,0.3846492890889994,0.3212355930324439,14
sulfur,hard,outlier,7001,0.3558063248448683,0.38354074317042763,0.3525525662703613,craig_a1,0.33108985693225307,0.38072461907169375,0.32526678427902256,20
sulfur,hard,outlier,7001,0.3558063248448683,0.38354074317042763,0.3525525662703613,craig_w_a1,0.30328058004697916,0.3788849282246985,0.294410796182554,20
sulfur,hard,outlier,7001,0.3558063248448683,0.38354074317042763,0.3525525662703613,glister_a1,0.3434119569049083,0.42551180700858615,0.3337801309150913,8
sulfur,hard,outlier,7002,0.38865672646123095,0.39700685585176226,0.3877597579663455,uniform,0.3405304776029364,0.39341873071251277,0.33484923668197414,13
sulfur,hard,outlier,7002,0.38865672646123095,0.39700685585176226,0.3877597579663455,craig,0.35457131354058624,0.41650038488186286,0.34791891052828966,24
sulfur,hard,outlier,7002,0.38865672646123095,0.39700685585176226,0.3877597579663455,glister,0.3769274441507544,0.40006690553176605,0.37444180987173104,20
sulfur,hard,outlier,7002,0.38865672646123095,0.39700685585176226,0.3877597579663455,craig_a1,0.3823382581071546,0.43822489897675493,0.37633493123633377,23
sulfur,hard,outlier,7002,0.38865672646123095,0.39700685585176226,0.3877597579663455,craig_w_a1,0.3469466441022911,0.3887908531872493,0.3424517512105514,23
sulfur,hard,outlier,7002,0.38865672646123095,0.39700685585176226,0.3877597579663455,glister_a1,0.3917328722652882,0.4463661548684472,0.3858641807785701,8
sulfur,hard,outlier,7003,0.3289051636807661,0.38472389514153094,0.32253032248329716,uniform,0.31444872919282696,0.366088188278174,0.30855118651177055,8
sulfur,hard,outlier,7003,0.3289051636807661,0.38472389514153094,0.32253032248329716,craig,0.335031290338188,0.3761793405877515,0.33033193083893425,14
sulfur,hard,outlier,7003,0.3289051636807661,0.38472389514153094,0.32253032248329716,glister,0.3349149221101693,0.363694437058732,0.3316281251383279,19
sulfur,hard,outlier,7003,0.3289051636807661,0.38472389514153094,0.32253032248329716,craig_a1,0.35163584354348176,0.3890766004466651,0.34735987966317383,19
sulfur,hard,outlier,7003,0.3289051636807661,0.38472389514153094,0.32253032248329716,craig_w_a1,0.3114564555538421,0.36234767092495407,0.30564436689028895,19
sulfur,hard,outlier,7003,0.3289051636807661,0.38472389514153094,0.32253032248329716,glister_a1,0.35285968524672096,0.39703876530909854,0.3478141635682879,26
sulfur,hard,outlier,7004,0.4997969126661214,0.5346334189340551,0.49589390682070095,uniform,0.2939356799197623,0.3956067124589779,0.2825446801662722,13
sulfur,hard,outlier,7004,0.4997969126661214,0.5346334189340551,0.49589390682070095,craig,0.3218019921699802,0.41438069731836047,0.3114296768586659,22
sulfur,hard,outlier,7004,0.4997969126661214,0.5346334189340551,0.49589390682070095,glister,0.2947079837244865,0.36278626207443226,0.28708064255822907,20
sulfur,hard,outlier,7004,0.4997969126661214,0.5346334189340551,0.49589390682070095,craig_a1,0.33761778441890783,0.4345173779732334,0.3267613662364244,19
sulfur,hard,outlier,7004,0.4997969126661214,0.5346334189340551,0.49589390682070095,craig_w_a1,0.2812948654997632,0.35979477394366277,0.27249990772859517,19
sulfur,hard,outlier,7004,0.4997969126661214,0.5346334189340551,0.49589390682070095,glister_a1,0.33015305383409305,0.40976491545591703,0.32123351526484223,26
sulfur,hard,outlier,7005,0.29539271287440183,0.38313647377402077,0.28537183767416674,uniform,0.2924034964659362,0.32789846578100673,0.2883497534522373,20
sulfur,hard,outlier,7005,0.29539271287440183,0.38313647377402077,0.28537183767416674,craig,0.30580328945309454,0.33050916011049897,0.3029817276231403,26
sulfur,hard,outlier,7005,0.29539271287440183,0.38313647377402077,0.28537183767416674,glister,0.3180031137444423,0.3372517925109264,0.3158047966708327,13
sulfur,hard,outlier,7005,0.29539271287440183,0.38313647377402077,0.28537183767416674,craig_a1,0.3066413244053485,0.34126878420297574,0.302686656294756,21
sulfur,hard,outlier,7005,0.29539271287440183,0.38313647377402077,0.28537183767416674,craig_w_a1,0.2693303786791369,0.3052745479063217,0.2652253342827175,21
sulfur,hard,outlier,7005,0.29539271287440183,0.38313647377402077,0.28537183767416674,glister_a1,0.30799541077645676,0.36228371250164915,0.3017953540334682,35
sulfur,hard,outlier,7006,0.3147631113894065,0.40366631207786907,0.30436086590254097,uniform,0.28938436900040587,0.39377480774080975,0.27717001719023293,8
sulfur,hard,outlier,7006,0.3147631113894065,0.40366631207786907,0.30436086590254097,craig,0.3166410751206621,0.3872928556180179,0.308374363021139,21
sulfur,hard,outlier,7006,0.3147631113894065,0.40366631207786907,0.30436086590254097,glister,0.33521972477569817,0.3989668604972185,0.32776090046201006,11
sulfur,hard,outlier,7006,0.3147631113894065,0.40366631207786907,0.30436086590254097,craig_a1,0.34989328325519603,0.4059130759539884,0.3433386077062449,16
sulfur,hard,outlier,7006,0.3147631113894065,0.40366631207786907,0.30436086590254097,craig_w_a1,0.2879723391702437,0.3798847575603881,0.2772179958847172,16
sulfur,hard,outlier,7006,0.3147631113894065,0.40366631207786907,0.30436086590254097,glister_a1,0.32631145761138997,0.41920576626482464,0.3154422268585865,9
sulfur,hard,outlier,7007,0.2621122285805226,0.3280251024865214,0.25454363770837335,uniform,0.2611312371066008,0.3512406526471367,0.2507842250657143,16
sulfur,hard,outlier,7007,0.2621122285805226,0.3280251024865214,0.25454363770837335,craig,0.297639660442617,0.36470563032977815,0.2899386627855628,24
sulfur,hard,outlier,7007,0.2621122285805226,0.3280251024865214,0.25454363770837335,glister,0.2979599383321911,0.35249972238864746,0.29169728754309965,24
sulfur,hard,outlier,7007,0.2621122285805226,0.3280251024865214,0.25454363770837335,craig_a1,0.32169547539567844,0.38652931516263017,0.31425078699434505,22
sulfur,hard,outlier,7007,0.2621122285805226,0.3280251024865214,0.25454363770837335,craig_w_a1,0.26779613818285153,0.3620249493000423,0.2569761074748575,22
sulfur,hard,outlier,7007,0.2621122285805226,0.3280251024865214,0.25454363770837335,glister_a1,0.3077844051522004,0.3429357989710735,0.3037480689611815,26
sulfur,hard,outlier,7008,0.33729697864246094,0.34623073648550595,0.3362516715952016,uniform,0.3460113423948618,0.3859040618126873,0.3413436380005393,11
sulfur,hard,outlier,7008,0.33729697864246094,0.34623073648550595,0.3362516715952016,craig,0.3695376795795961,0.34458329686440453,0.3724575026339567,27
sulfur,hard,outlier,7008,0.33729697864246094,0.34623073648550595,0.3362516715952016,glister,0.36641139603040807,0.3543737284420285,0.3678198804536226,13
sulfur,hard,outlier,7008,0.33729697864246094,0.34623073648550595,0.3362516715952016,craig_a1,0.36925331213989143,0.34004398468326197,0.37267099105760376,17
sulfur,hard,outlier,7008,0.33729697864246094,0.34623073648550595,0.3362516715952016,craig_w_a1,0.32909739751047784,0.33177275247688237,0.3287843637961736,17
sulfur,hard,outlier,7008,0.33729697864246094,0.34623073648550595,0.3362516715952016,glister_a1,0.37804567208137607,0.3455546076288462,0.38184733530550613,11
sulfur,hard,outlier,7009,0.3387709457955657,0.31719349040757644,0.34130237910924044,uniform,0.2755081593822014,0.31795498988606224,0.2705283636247653,22
sulfur,hard,outlier,7009,0.3387709457955657,0.31719349040757644,0.34130237910924044,craig,0.2716260241160517,0.30284476739042554,0.26796348998889047,20
sulfur,hard,outlier,7009,0.3387709457955657,0.31719349040757644,0.34130237910924044,glister,0.2761548629388973,0.3304016480212622,0.2697907149683405,25
sulfur,hard,outlier,7009,0.3387709457955657,0.31719349040757644,0.34130237910924044,craig_a1,0.30564206866601024,0.33838813219983255,0.30180035171511493,16
sulfur,hard,outlier,7009,0.3387709457955657,0.31719349040757644,0.34130237910924044,craig_w_a1,0.2544153433903476,0.30847317824595966,0.2480733627648289,16
sulfur,hard,outlier,7009,0.3387709457955657,0.31719349040757644,0.34130237910924044,glister_a1,0.27012079714367976,0.3660168644052435,0.2588704205375745,20
sulfur,hard_sparse,clean,7000,0.23860544552436877,0.34771773524609845,0.22621184468737943,uniform,0.2141554495983844,0.2806165432590096,0.2066064166881575,11
sulfur,hard_sparse,clean,7000,0.23860544552436877,0.34771773524609845,0.22621184468737943,craig,0.2217104475368743,0.29323811247721515,0.2135859243476597,8
sulfur,hard_sparse,clean,7000,0.23860544552436877,0.34771773524609845,0.22621184468737943,glister,0.20962056386093356,0.3455374070856556,0.19418234781536378,7
sulfur,hard_sparse,clean,7000,0.23860544552436877,0.34771773524609845,0.22621184468737943,craig_a1,0.2145338766901683,0.3124488274308678,0.2034121339557013,7
sulfur,hard_sparse,clean,7000,0.23860544552436877,0.34771773524609845,0.22621184468737943,craig_w_a1,0.20529616800198272,0.2930454467349991,0.1953291007071412,7
sulfur,hard_sparse,clean,7000,0.23860544552436877,0.34771773524609845,0.22621184468737943,glister_a1,0.20341905091456647,0.31155376485637976,0.19113648875191064,10
sulfur,hard_sparse,clean,7001,0.33226702969556515,0.4227183336972995,0.32165542419815496,uniform,0.27146841150849027,0.3889288366041819,0.25768813817324154,4
sulfur,hard_sparse,clean,7001,0.33226702969556515,0.4227183336972995,0.32165542419815496,craig,0.2825593383324425,0.3791921627818329,0.27122252652553075,6
sulfur,hard_sparse,clean,7001,0.33226702969556515,0.4227183336972995,0.32165542419815496,glister,0.28497931370425217,0.39260899002564925,0.27235236843749605,4
sulfur,hard_sparse,clean,7001,0.33226702969556515,0.4227183336972995,0.32165542419815496,craig_a1,0.2800536200910036,0.38436973421705756,0.2678154167577793,8
sulfur,hard_sparse,clean,7001,0.33226702969556515,0.4227183336972995,0.32165542419815496,craig_w_a1,0.27233482733346104,0.36521277649097866,0.26143853162224384,8
sulfur,hard_sparse,clean,7001,0.33226702969556515,0.4227183336972995,0.32165542419815496,glister_a1,0.2861624500610195,0.39372323111063723,0.2735435874797794,8
sulfur,hard_sparse,clean,7002,0.3395922040461671,0.4046693691428513,0.33260163370909246,uniform,0.31075965957793494,0.41135004456472773,0.29995426938555525,6
sulfur,hard_sparse,clean,7002,0.3395922040461671,0.4046693691428513,0.33260163370909246,craig,0.3165560825027976,0.41430099254966035,0.30605635240917,6
sulfur,hard_sparse,clean,7002,0.3395922040461671,0.4046693691428513,0.33260163370909246,glister,0.3155771946767336,0.43234300689013483,0.30303424474904816,5
sulfur,hard_sparse,clean,7002,0.3395922040461671,0.4046693691428513,0.33260163370909246,craig_a1,0.30959610570062684,0.42136518795740635,0.2975899030661776,7
sulfur,hard_sparse,clean,7002,0.3395922040461671,0.4046693691428513,0.33260163370909246,craig_w_a1,0.3067798811097791,0.40749131215786744,0.29596148818434775,7
sulfur,hard_sparse,clean,7002,0.3395922040461671,0.4046693691428513,0.33260163370909246,glister_a1,0.3064375242098977,0.3967154636139603,0.2967398939527614,5
sulfur,hard_sparse,clean,7003,0.3187865153709972,0.3628103305306078,0.3137587258959442,uniform,0.2800393328833468,0.3631177550289865,0.2705512679586358,5
sulfur,hard_sparse,clean,7003,0.3187865153709972,0.3628103305306078,0.3137587258959442,craig,0.29242042522097694,0.3574192887791493,0.284997156680907,9
sulfur,hard_sparse,clean,7003,0.3187865153709972,0.3628103305306078,0.3137587258959442,glister,0.2960801077036755,0.36544149907225804,0.28815861175350316,9
sulfur,hard_sparse,clean,7003,0.3187865153709972,0.3628103305306078,0.3137587258959442,craig_a1,0.285490040157963,0.3753102726187261,0.2752320191805499,9
sulfur,hard_sparse,clean,7003,0.3187865153709972,0.3628103305306078,0.3137587258959442,craig_w_a1,0.28783320040526894,0.3668791491304137,0.27880566865671474,9
sulfur,hard_sparse,clean,7003,0.3187865153709972,0.3628103305306078,0.3137587258959442,glister_a1,0.3134977167181501,0.4256127316363305,0.3006934949586922,11
sulfur,hard_sparse,clean,7004,0.3061067682929079,0.3826765998632232,0.29752805210640887,uniform,0.27392174358903687,0.4027383602543879,0.2594894120582788,9
sulfur,hard_sparse,clean,7004,0.3061067682929079,0.3826765998632232,0.29752805210640887,craig,0.27957892714522414,0.4093488873242898,0.265039785095693,6
sulfur,hard_sparse,clean,7004,0.3061067682929079,0.3826765998632232,0.29752805210640887,glister,0.2901299571889823,0.44215851982532695,0.2730970100823805,13
sulfur,hard_sparse,clean,7004,0.3061067682929079,0.3826765998632232,0.29752805210640887,craig_a1,0.27635630895029234,0.4128528490569207,0.26106353562169315,10
sulfur,hard_sparse,clean,7004,0.3061067682929079,0.3826765998632232,0.29752805210640887,craig_w_a1,0.25878470346293897,0.40090946467029903,0.24286135657203933,10
sulfur,hard_sparse,clean,7004,0.3061067682929079,0.3826765998632232,0.29752805210640887,glister_a1,0.2899419664546661,0.4964041811411407,0.2668103922209577,10
sulfur,hard_sparse,clean,7005,0.27223090353758883,0.34636818112733037,0.26376397211369085,uniform,0.24769070074051158,0.31168562777918996,0.24038208790322518,10
sulfur,hard_sparse,clean,7005,0.27223090353758883,0.34636818112733037,0.26376397211369085,craig,0.2582086418233439,0.3163704945330645,0.25156620182028383,5
sulfur,hard_sparse,clean,7005,0.27223090353758883,0.34636818112733037,0.26376397211369085,glister,0.25826764218657106,0.31170796629756753,0.2521644296836438,9
sulfur,hard_sparse,clean,7005,0.27223090353758883,0.34636818112733037,0.26376397211369085,craig_a1,0.25622435870446714,0.3181048478653289,0.24915722763038542,5
sulfur,hard_sparse,clean,7005,0.27223090353758883,0.34636818112733037,0.26376397211369085,craig_w_a1,0.24969624527703416,0.2984193870984547,0.24413176389910032,5
sulfur,hard_sparse,clean,7005,0.27223090353758883,0.34636818112733037,0.26376397211369085,glister_a1,0.2533939874875207,0.332493883915021,0.24436029458075878,8
sulfur,hard_sparse,clean,7006,0.3025481827658615,0.40533358671442754,0.29052163033513007,uniform,0.2778473332734509,0.41202042831670627,0.26214821938818866,4
sulfur,hard_sparse,clean,7006,0.3025481827658615,0.40533358671442754,0.29052163033513007,craig,0.28410375144565614,0.40606527909091333,0.2698334693782552,5
sulfur,hard_sparse,clean,7006,0.3025481827658615,0.40533358671442754,0.29052163033513007,glister,0.2807911929623948,0.40947426187401975,0.2657344473958014,6
sulfur,hard_sparse,clean,7006,0.3025481827658615,0.40533358671442754,0.29052163033513007,craig_a1,0.2716942330558753,0.41473558794102344,0.2549574758101682,6
sulfur,hard_sparse,clean,7006,0.3025481827658615,0.40533358671442754,0.29052163033513007,craig_w_a1,0.2668116957394778,0.39969445251831437,0.2512635597187204,6
sulfur,hard_sparse,clean,7006,0.3025481827658615,0.40533358671442754,0.29052163033513007,glister_a1,0.2723602005035049,0.40692049987815787,0.25661578122453826,8
sulfur,hard_sparse,clean,7007,0.23900260784851343,0.3820069676004144,0.2225818173753297,uniform,0.21993666729645345,0.35654123152143735,0.20425074743561358,4
sulfur,hard_sparse,clean,7007,0.23900260784851343,0.3820069676004144,0.2225818173753297,craig,0.2224131294128494,0.3413010673561927,0.20876156017297828,8
sulfur,hard_sparse,clean,7007,0.23900260784851343,0.3820069676004144,0.2225818173753297,glister,0.22027062930563812,0.37674162320987953,0.202303502915296,10
sulfur,hard_sparse,clean,7007,0.23900260784851343,0.3820069676004144,0.2225818173753297,craig_a1,0.21974440712343493,0.35117073527291204,0.2046530896213211,11
sulfur,hard_sparse,clean,7007,0.23900260784851343,0.3820069676004144,0.2225818173753297,craig_w_a1,0.20543573430155643,0.3371855082655927,0.19030727642162806,11
sulfur,hard_sparse,clean,7007,0.23900260784851343,0.3820069676004144,0.2225818173753297,glister_a1,0.2254126652757636,0.3663043232241782,0.20923447043887763,14
sulfur,hard_sparse,clean,7008,0.31893188657901284,0.3340699130557117,0.31716064025292046,uniform,0.29978641304338755,0.3350633928686553,0.29565877982730626,4
sulfur,hard_sparse,clean,7008,0.31893188657901284,0.3340699130557117,0.31716064025292046,craig,0.30724287557318447,0.33467879678891577,0.3040326965758676,7
sulfur,hard_sparse,clean,7008,0.31893188657901284,0.3340699130557117,0.31716064025292046,glister,0.3002525694506796,0.3559717192097785,0.2937330710566381,6
sulfur,hard_sparse,clean,7008,0.31893188657901284,0.3340699130557117,0.31716064025292046,craig_a1,0.2978755404199759,0.3423272902698454,0.2926744001834232,6
sulfur,hard_sparse,clean,7008,0.31893188657901284,0.3340699130557117,0.31716064025292046,craig_w_a1,0.2892945456329926,0.32587365110073024,0.2850145553534667,6
sulfur,hard_sparse,clean,7008,0.31893188657901284,0.3340699130557117,0.31716064025292046,glister_a1,0.31490961349131624,0.39104998347671965,0.3060007011696507,10
sulfur,hard_sparse,clean,7009,0.267366580364407,0.30331691238215785,0.26314894364724073,uniform,0.23747165748854196,0.31421324432086917,0.228468454564079,12
sulfur,hard_sparse,clean,7009,0.267366580364407,0.30331691238215785,0.26314894364724073,craig,0.2588534245786386,0.3202112457720125,0.2516550209749467,2
sulfur,hard_sparse,clean,7009,0.267366580364407,0.30331691238215785,0.26314894364724073,glister,0.25194345809023916,0.337547278519159,0.2419005517829357,8
sulfur,hard_sparse,clean,7009,0.267366580364407,0.30331691238215785,0.26314894364724073,craig_a1,0.25694999348973896,0.31984925732444586,0.24957075024656103,8
sulfur,hard_sparse,clean,7009,0.267366580364407,0.30331691238215785,0.26314894364724073,craig_w_a1,0.2419458657435015,0.3186183619034581,0.23295076842864623,8
sulfur,hard_sparse,clean,7009,0.267366580364407,0.30331691238215785,0.26314894364724073,glister_a1,0.2547392343521261,0.31473881302853646,0.24770017763589916,12
sulfur,hard_sparse,outlier,7000,0.3096037008476383,0.3752652072588715,0.30214548965170757,uniform,0.24143277286785753,0.3032606986843047,0.23441000178402946,10
sulfur,hard_sparse,outlier,7000,0.3096037008476383,0.3752652072588715,0.30214548965170757,craig,0.2811288909666306,0.33559099883114846,0.2749427718105273,4
sulfur,hard_sparse,outlier,7000,0.3096037008476383,0.3752652072588715,0.30214548965170757,glister,0.2625340792936928,0.32398720584212926,0.2555538800643603,2
sulfur,hard_sparse,outlier,7000,0.3096037008476383,0.3752652072588715,0.30214548965170757,craig_a1,0.27537220119862643,0.3254380102616682,0.26968543892197805,3
sulfur,hard_sparse,outlier,7000,0.3096037008476383,0.3752652072588715,0.30214548965170757,craig_w_a1,0.23465030075726986,0.33781431739501794,0.2229323389565457,3
sulfur,hard_sparse,outlier,7000,0.3096037008476383,0.3752652072588715,0.30214548965170757,glister_a1,0.27177011925472716,0.33872685246962597,0.2641647887559302,5
sulfur,hard_sparse,outlier,7001,0.3499307071572201,0.3991083919784733,0.344161258099978,uniform,0.3075071055214327,0.3791115549589898,0.2991065835203784,5
sulfur,hard_sparse,outlier,7001,0.3499307071572201,0.3991083919784733,0.344161258099978,craig,0.3229040988509593,0.38291515808522586,0.31586369525364305,7
sulfur,hard_sparse,outlier,7001,0.3499307071572201,0.3991083919784733,0.344161258099978,glister,0.3283597827793072,0.406554753127214,0.3191860711742456,6
sulfur,hard_sparse,outlier,7001,0.3499307071572201,0.3991083919784733,0.344161258099978,craig_a1,0.3168368644129206,0.4041985176576306,0.30658773190935124,4
sulfur,hard_sparse,outlier,7001,0.3499307071572201,0.3991083919784733,0.344161258099978,craig_w_a1,0.3066211359655686,0.3806670274486843,0.297934187802745,4
sulfur,hard_sparse,outlier,7001,0.3499307071572201,0.3991083919784733,0.344161258099978,glister_a1,0.33494243070997953,0.404053351394689,0.3268344456017176,9
sulfur,hard_sparse,outlier,7002,0.3864600534032063,0.410864800223649,0.38383850252659174,uniform,0.34019404965693817,0.40327863439356004,0.3334175217284195,5
sulfur,hard_sparse,outlier,7002,0.3864600534032063,0.410864800223649,0.38383850252659174,craig,0.36617991228243385,0.42552222502139336,0.35980537813439506,4
sulfur,hard_sparse,outlier,7002,0.3864600534032063,0.410864800223649,0.38383850252659174,glister,0.38840941530454964,0.4518838279951602,0.38159101216945646,2
sulfur,hard_sparse,outlier,7002,0.3864600534032063,0.410864800223649,0.38383850252659174,craig_a1,0.3705277754281601,0.4187449523587381,0.36534830016540704,5
sulfur,hard_sparse,outlier,7002,0.3864600534032063,0.410864800223649,0.38383850252659174,craig_w_a1,0.344635864297064,0.4102078821904196,0.33759213701505353,5
sulfur,hard_sparse,outlier,7002,0.3864600534032063,0.410864800223649,0.38383850252659174,glister_a1,0.4109764414228359,0.4296686073541696,0.408968534340511,2
sulfur,hard_sparse,outlier,7003,0.3184463726908951,0.3781668619752387,0.3116259268394798,uniform,0.31911706309597276,0.3701651836603251,0.3132870548978155,3
sulfur,hard_sparse,outlier,7003,0.3184463726908951,0.3781668619752387,0.3116259268394798,craig,0.32615967361727793,0.36035818549793375,0.32225399398745375,7
sulfur,hard_sparse,outlier,7003,0.3184463726908951,0.3781668619752387,0.3116259268394798,glister,0.34129884245945963,0.3647896723609833,0.33861604572975923,7
sulfur,hard_sparse,outlier,7003,0.3184463726908951,0.3781668619752387,0.3116259268394798,craig_a1,0.365053115756638,0.40947853373270204,0.3599794607788702,5
sulfur,hard_sparse,outlier,7003,0.3184463726908951,0.3781668619752387,0.3116259268394798,craig_w_a1,0.3022254374741327,0.36774223798186667,0.29474301736043607,5
sulfur,hard_sparse,outlier,7003,0.3184463726908951,0.3781668619752387,0.3116259268394798,glister_a1,0.34446606995511514,0.41795704191820615,0.3360729505944279,7
sulfur,hard_sparse,outlier,7004,0.3102323043166013,0.38644659732151426,0.3016934218920864,uniform,0.29140204238893497,0.39319117580323604,0.27999781087212555,5
sulfur,hard_sparse,outlier,7004,0.3102323043166013,0.38644659732151426,0.3016934218920864,craig,0.32989360506192117,0.4285778523740867,0.3188372381820761,7
sulfur,hard_sparse,outlier,7004,0.3102323043166013,0.38644659732151426,0.3016934218920864,glister,0.3584484572765052,0.47199460530097026,0.3457269955990353,6
sulfur,hard_sparse,outlier,7004,0.3102323043166013,0.38644659732151426,0.3016934218920864,craig_a1,0.3378152129981155,0.4767136194031196,0.32225333983124954,11
sulfur,hard_sparse,outlier,7004,0.3102323043166013,0.38644659732151426,0.3016934218920864,craig_w_a1,0.27918328485922256,0.3984879692697221,0.26581664938037036,11
sulfur,hard_sparse,outlier,7004,0.3102323043166013,0.38644659732151426,0.3016934218920864,glister_a1,0.36483946290860025,0.5166187062129751,0.3478344489937647,10
sulfur,hard_sparse,outlier,7005,0.3298026281907438,0.4097661159822464,0.32067030785800954,uniform,0.2833652987389686,0.38535281491783957,0.2717176993982062,6
sulfur,hard_sparse,outlier,7005,0.3298026281907438,0.4097661159822464,0.32067030785800954,craig,0.3402439638362988,0.4356508795264775,0.3293479093981447,1
sulfur,hard_sparse,outlier,7005,0.3298026281907438,0.4097661159822464,0.32067030785800954,glister,0.35420726484264925,0.45664902982804184,0.3425077875044847,3
sulfur,hard_sparse,outlier,7005,0.3298026281907438,0.4097661159822464,0.32067030785800954,craig_a1,0.39397842895093543,0.5124765763151734,0.38044521434944867,5
sulfur,hard_sparse,outlier,7005,0.3298026281907438,0.4097661159822464,0.32067030785800954,craig_w_a1,0.28576995873017347,0.3746303105253837,0.2756215620070436,5
sulfur,hard_sparse,outlier,7005,0.3298026281907438,0.4097661159822464,0.32067030785800954,glister_a1,0.3710005231422562,0.4253599792555076,0.3647923401321077,4
sulfur,hard_sparse,outlier,7006,0.29955015923802286,0.4202664180306251,0.28542558162447906,uniform,0.3034450260974873,0.40891708160515217,0.2911041181785508,4
sulfur,hard_sparse,outlier,7006,0.29955015923802286,0.4202664180306251,0.28542558162447906,craig,0.3554035485719352,0.43938369045601816,0.3455773325849397,4
sulfur,hard_sparse,outlier,7006,0.29955015923802286,0.4202664180306251,0.28542558162447906,glister,0.34735448946419967,0.4017564460222592,0.340989111134731,3
sulfur,hard_sparse,outlier,7006,0.29955015923802286,0.4202664180306251,0.28542558162447906,craig_a1,0.35071384710905723,0.4162855650374945,0.3430415349582571,7
sulfur,hard_sparse,outlier,7006,0.29955015923802286,0.4202664180306251,0.28542558162447906,craig_w_a1,0.2778146206570889,0.4037551136948948,0.26307877408271285,7
sulfur,hard_sparse,outlier,7006,0.29955015923802286,0.4202664180306251,0.28542558162447906,glister_a1,0.3503876323189542,0.38803937290759255,0.3459821368409762,13
sulfur,hard_sparse,outlier,7007,0.24587172799040122,0.36918927956971265,0.23171151861172884,uniform,0.2612131984469489,0.40732951954570146,0.2444350701602471,4
sulfur,hard_sparse,outlier,7007,0.24587172799040122,0.36918927956971265,0.23171151861172884,craig,0.26638658735579496,0.36823395631500466,0.2546917389691744,9
sulfur,hard_sparse,outlier,7007,0.24587172799040122,0.36918927956971265,0.23171151861172884,glister,0.2845237009485715,0.4008899671563157,0.27116168821791636,7
sulfur,hard_sparse,outlier,7007,0.24587172799040122,0.36918927956971265,0.23171151861172884,craig_a1,0.31484867645987563,0.40015583582686765,0.30505309405764575,7
sulfur,hard_sparse,outlier,7007,0.24587172799040122,0.36918927956971265,0.23171151861172884,craig_w_a1,0.23673490329489652,0.3595405433481159,0.22263347528432617,7
sulfur,hard_sparse,outlier,7007,0.24587172799040122,0.36918927956971265,0.23171151861172884,glister_a1,0.27003259638379085,0.3878005502882476,0.2565096317771476,4
sulfur,hard_sparse,outlier,7008,0.35809215732071825,0.3545872596996573,0.35850225285359294,uniform,0.3274796907641347,0.3589839649922412,0.3237934883342055,5
sulfur,hard_sparse,outlier,7008,0.35809215732071825,0.3545872596996573,0.35850225285359294,craig,0.3568928223903429,0.36266792379551654,0.35621709843369187,3
sulfur,hard_sparse,outlier,7008,0.35809215732071825,0.3545872596996573,0.35850225285359294,glister,0.3527433759138219,0.3969293525254805,0.34757333285314457,4
sulfur,hard_sparse,outlier,7008,0.35809215732071825,0.3545872596996573,0.35850225285359294,craig_a1,0.37459492809170597,0.36571072311304903,0.3756344371355645,5
sulfur,hard_sparse,outlier,7008,0.35809215732071825,0.3545872596996573,0.35850225285359294,craig_w_a1,0.31053336743118415,0.3293505057568501,0.30833164138861113,5
sulfur,hard_sparse,outlier,7008,0.35809215732071825,0.3545872596996573,0.35850225285359294,glister_a1,0.34959735118042895,0.37975201404586595,0.3460690619481983,2
sulfur,hard_sparse,outlier,7009,0.2689144772299485,0.3014619462998867,0.26509605907090544,uniform,0.2636191511796422,0.3261479873790365,0.2562833659271993,13
sulfur,hard_sparse,outlier,7009,0.2689144772299485,0.3014619462998867,0.26509605907090544,craig,0.27501473246373603,0.33095841325490594,0.2684515073429843,8
sulfur,hard_sparse,outlier,7009,0.2689144772299485,0.3014619462998867,0.26509605907090544,glister,0.2834154554255879,0.3262282672362361,0.27839272331372417,8
sulfur,hard_sparse,outlier,7009,0.2689144772299485,0.3014619462998867,0.26509605907090544,craig_a1,0.2968666467252284,0.3562558557151233,0.2898991976258553,9
sulfur,hard_sparse,outlier,7009,0.2689144772299485,0.3014619462998867,0.26509605907090544,craig_w_a1,0.24398208815416836,0.3233056678903162,0.23467596986110076,9
sulfur,hard_sparse,outlier,7009,0.2689144772299485,0.3014619462998867,0.26509605907090544,glister_a1,0.3088980166917128,0.3778052659047641,0.3008139260019135,2
brazilian_houses,sparse_init,clean,7000,0.05927538309495728,0.0512356351877681,0.06017117051112368,uniform,0.09014085189671492,0.13539760794369327,0.08509835143135278,3
brazilian_houses,sparse_init,clean,7000,0.05927538309495728,0.0512356351877681,0.06017117051112368,craig,0.0997343601425221,0.13496935491499792,0.09580848270329931,34
brazilian_houses,sparse_init,clean,7000,0.05927538309495728,0.0512356351877681,0.06017117051112368,glister,0.11181153694558219,0.15119878645763063,0.10742301595243646,22
brazilian_houses,sparse_init,clean,7000,0.05927538309495728,0.0512356351877681,0.06017117051112368,craig_a1,0.09949548187490438,0.13871100196845157,0.09512609494589287,17
brazilian_houses,sparse_init,clean,7000,0.05927538309495728,0.0512356351877681,0.06017117051112368,craig_w_a1,0.10339726963007516,0.14258547369144978,0.09903092624896616,17
brazilian_houses,sparse_init,clean,7000,0.05927538309495728,0.0512356351877681,0.06017117051112368,glister_a1,0.1133464248871487,0.15791780203539693,0.10838028922823023,4
brazilian_houses,sparse_init,clean,7001,0.13138032995891313,0.08070720712112904,0.1371989828600188,uniform,0.09247071975262965,0.046250352726963324,0.09777807516360361,1
brazilian_houses,sparse_init,clean,7001,0.13138032995891313,0.08070720712112904,0.1371989828600188,craig,0.0982854442811321,0.03407202152619245,0.1056588919330371,31
brazilian_houses,sparse_init,clean,7001,0.13138032995891313,0.08070720712112904,0.1371989828600188,glister,0.08190336304762597,0.03658571977336059,0.08710706121624281,35
brazilian_houses,sparse_init,clean,7001,0.13138032995891313,0.08070720712112904,0.1371989828600188,craig_a1,0.07191082674641523,0.04093885686611075,0.07546725138150037,17
brazilian_houses,sparse_init,clean,7001,0.13138032995891313,0.08070720712112904,0.1371989828600188,craig_w_a1,0.07458447462373141,0.03922639950795168,0.0786445434497351,17
brazilian_houses,sparse_init,clean,7001,0.13138032995891313,0.08070720712112904,0.1371989828600188,glister_a1,0.07351813982843926,0.03757610361517955,0.07764526327321714,35
brazilian_houses,sparse_init,clean,7002,0.16001404196759397,0.11422603453815622,0.16517235713002018,uniform,0.1198436322809608,0.09454655014082718,0.12269351218826374,9
brazilian_houses,sparse_init,clean,7002,0.16001404196759397,0.11422603453815622,0.16517235713002018,craig,0.12458019769089865,0.09292588514712621,0.1281462607173876,22
brazilian_houses,sparse_init,clean,7002,0.16001404196759397,0.11422603453815622,0.16517235713002018,glister,0.12125022630024608,0.0927856695250461,0.12445694271024774,26
brazilian_houses,sparse_init,clean,7002,0.16001404196759397,0.11422603453815622,0.16517235713002018,craig_a1,0.10620845280939195,0.08255134636544417,0.108873578848279,17
brazilian_houses,sparse_init,clean,7002,0.16001404196759397,0.11422603453815622,0.16517235713002018,craig_w_a1,0.11229233228749265,0.08397346322118059,0.11548263603487967,17
brazilian_houses,sparse_init,clean,7002,0.16001404196759397,0.11422603453815622,0.16517235713002018,glister_a1,0.10994666055374089,0.0846433374620452,0.1127972435445995,12
brazilian_houses,sparse_init,clean,7003,0.09172207904809387,0.08413714560244923,0.09251597293815168,uniform,0.10258877232197329,0.08076430688969605,0.10487307842493741,39
brazilian_houses,sparse_init,clean,7003,0.09172207904809387,0.08413714560244923,0.09251597293815168,craig,0.10630617944437853,0.09728150871263912,0.10725076663226289,25
brazilian_houses,sparse_init,clean,7003,0.09172207904809387,0.08413714560244923,0.09251597293815168,glister,0.12076573839424384,0.10762847882892887,0.12214077881823014,20
brazilian_houses,sparse_init,clean,7003,0.09172207904809387,0.08413714560244923,0.09251597293815168,craig_a1,0.09891455583680817,0.07100274673228534,0.10183600727304515,48
brazilian_houses,sparse_init,clean,7003,0.09172207904809387,0.08413714560244923,0.09251597293815168,craig_w_a1,0.09385012091869069,0.06753741534172415,0.09660419863580484,48
brazilian_houses,sparse_init,clean,7003,0.09172207904809387,0.08413714560244923,0.09251597293815168,glister_a1,0.12738240795000516,0.11421340343104847,0.12876077103000644,19
brazilian_houses,sparse_init,clean,7004,0.14359569854437876,0.11017064077383176,0.14736124747263232,uniform,0.10532156617022762,0.09265934057370387,0.10674804777428662,9
brazilian_houses,sparse_init,clean,7004,0.14359569854437876,0.11017064077383176,0.14736124747263232,craig,0.10650292987574363,0.08016398230118507,0.10947018266230726,25
brazilian_houses,sparse_init,clean,7004,0.14359569854437876,0.11017064077383176,0.14736124747263232,glister,0.10052843864873458,0.08377631005342116,0.10241567427630117,25
brazilian_houses,sparse_init,clean,7004,0.14359569854437876,0.11017064077383176,0.14736124747263232,craig_a1,0.099297241330106,0.08107332779632614,0.10135028304948872,16
brazilian_houses,sparse_init,clean,7004,0.14359569854437876,0.11017064077383176,0.14736124747263232,craig_w_a1,0.09954831031157946,0.08210271873135364,0.1015136690292405,16
brazilian_houses,sparse_init,clean,7004,0.14359569854437876,0.11017064077383176,0.14736124747263232,glister_a1,0.10445827706799615,0.10599164989377258,0.10428553270236625,22
brazilian_houses,sparse_init,clean,7005,0.21110257675447666,0.08929767834324935,0.223591943405242,uniform,0.08353860745427041,0.04273172633152592,0.08772277497843275,31
brazilian_houses,sparse_init,clean,7005,0.21110257675447666,0.08929767834324935,0.223591943405242,craig,0.0857006903057329,0.04851492058629654,0.08951356415789119,32
brazilian_houses,sparse_init,clean,7005,0.21110257675447666,0.08929767834324935,0.223591943405242,glister,0.08694512728770579,0.048792140406833,0.09085717555663761,26
brazilian_houses,sparse_init,clean,7005,0.21110257675447666,0.08929767834324935,0.223591943405242,craig_a1,0.08044844444095724,0.04018731877362195,0.0845766524752044,37
brazilian_houses,sparse_init,clean,7005,0.21110257675447666,0.08929767834324935,0.223591943405242,craig_w_a1,0.08076690849572594,0.04170672437257809,0.08477197698905865,37
brazilian_houses,sparse_init,clean,7005,0.21110257675447666,0.08929767834324935,0.223591943405242,glister_a1,0.08590624409946974,0.04066624442897827,0.09054496512411772,42
brazilian_houses,sparse_init,clean,7006,0.12270286369070828,0.06534567967692152,0.12882900453999485,uniform,0.05991780059191983,0.03324290299469369,0.06276686270385379,3
brazilian_houses,sparse_init,clean,7006,0.12270286369070828,0.06534567967692152,0.12882900453999485,craig,0.05795469841098024,0.020284033504485575,0.06197818392672649,25
brazilian_houses,sparse_init,clean,7006,0.12270286369070828,0.06534567967692152,0.12882900453999485,glister,0.054048671368896746,0.02175172753723543,0.05749820659828836,22
brazilian_houses,sparse_init,clean,7006,0.12270286369070828,0.06534567967692152,0.12882900453999485,craig_a1,0.05474425518281909,0.02056138271938955,0.05839522053170781,12
brazilian_houses,sparse_init,clean,7006,0.12270286369070828,0.06534567967692152,0.12882900453999485,craig_w_a1,0.0515678935535678,0.021419932656010943,0.05478790265884089,12
brazilian_houses,sparse_init,clean,7006,0.12270286369070828,0.06534567967692152,0.12882900453999485,glister_a1,0.057148933086376995,0.019405061227932598,0.06118023760695241,50
brazilian_houses,sparse_init,clean,7007,0.12339232858420132,0.08367531041558957,0.1278913061501977,uniform,0.08846977876827208,0.04972352056669191,0.09285879270872381,36
brazilian_houses,sparse_init,clean,7007,0.12339232858420132,0.08367531041558957,0.1278913061501977,craig,0.09732516067637055,0.06694362534232982,0.10076665382442358,23
brazilian_houses,sparse_init,clean,7007,0.12339232858420132,0.08367531041558957,0.1278913061501977,glister,0.10758206441635576,0.06595692064788028,0.11229718646304919,21
brazilian_houses,sparse_init,clean,7007,0.12339232858420132,0.08367531041558957,0.1278913061501977,craig_a1,0.09228604864248517,0.052243614142036814,0.09682188800838623,38
brazilian_houses,sparse_init,clean,7007,0.12339232858420132,0.08367531041558957,0.1278913061501977,craig_w_a1,0.09382904971518226,0.058223607647865105,0.09786228515114055,38
brazilian_houses,sparse_init,clean,7007,0.12339232858420132,0.08367531041558957,0.1278913061501977,glister_a1,0.11223930111704178,0.06823185320018967,0.11722428060553575,10
brazilian_houses,sparse_init,clean,7008,0.0674323383789029,0.06816337666565314,0.06735066039355728,uniform,0.04141927200894307,0.03103081299277435,0.042579961426536125,42
brazilian_houses,sparse_init,clean,7008,0.0674323383789029,0.06816337666565314,0.06735066039355728,craig,0.04030474742574496,0.03311026342011199,0.04110857804560723,23
brazilian_houses,sparse_init,clean,7008,0.0674323383789029,0.06816337666565314,0.06735066039355728,glister,0.03918801787937231,0.03602644666419563,0.03954125624193512,28
brazilian_houses,sparse_init,clean,7008,0.0674323383789029,0.06816337666565314,0.06735066039355728,craig_a1,0.038804453276301575,0.03459182283527153,0.03927512515992972,39
brazilian_houses,sparse_init,clean,7008,0.0674323383789029,0.06816337666565314,0.06735066039355728,craig_w_a1,0.039280714042339356,0.029622068966268,0.0403598622692934,39
brazilian_houses,sparse_init,clean,7008,0.0674323383789029,0.06816337666565314,0.06735066039355728,glister_a1,0.04403668969396413,0.04988365966089368,0.043383415117336656,12
brazilian_houses,sparse_init,clean,7009,0.1621552060080253,0.13760664701088868,0.1647471213029137,uniform,0.11560559388085122,0.10133529117558272,0.11711229803602327,8
brazilian_houses,sparse_init,clean,7009,0.1621552060080253,0.13760664701088868,0.1647471213029137,craig,0.11987017987177782,0.10116632347574746,0.12184499279142505,26
brazilian_houses,sparse_init,clean,7009,0.1621552060080253,0.13760664701088868,0.1647471213029137,glister,0.12170499655800131,0.09789349012875957,0.12421909148778858,21
brazilian_houses,sparse_init,clean,7009,0.1621552060080253,0.13760664701088868,0.1647471213029137,craig_a1,0.1133508676003097,0.09040774746678171,0.11577327553038372,17
brazilian_houses,sparse_init,clean,7009,0.1621552060080253,0.13760664701088868,0.1647471213029137,craig_w_a1,0.11846594100996329,0.09845661922997379,0.12057858913598761,17
brazilian_houses,sparse_init,clean,7009,0.1621552060080253,0.13760664701088868,0.1647471213029137,glister_a1,0.11405850921683737,0.09503331747171226,0.11606724974935194,15
brazilian_houses,sparse_init,outlier,7000,0.21688201212875619,0.24403997353164453,0.2138560764459114,uniform,0.16320442208410685,0.1782090747150991,0.16153260610604964,3
brazilian_houses,sparse_init,outlier,7000,0.21688201212875619,0.24403997353164453,0.2138560764459114,craig,0.19385667303300347,0.16021471788212907,0.1976050542543151,25
brazilian_houses,sparse_init,outlier,7000,0.21688201212875619,0.24403997353164453,0.2138560764459114,glister,0.1911992589457397,0.1883133867379408,0.19152080236205743,23
brazilian_houses,sparse_init,outlier,7000,0.21688201212875619,0.24403997353164453,0.2138560764459114,craig_a1,0.2169858159158336,0.18140749738092274,0.2209499464333383,19
brazilian_houses,sparse_init,outlier,7000,0.21688201212875619,0.24403997353164453,0.2138560764459114,craig_w_a1,0.18066041039134212,0.1721248771590387,0.181611438128534,19
brazilian_houses,sparse_init,outlier,7000,0.21688201212875619,0.24403997353164453,0.2138560764459114,glister_a1,0.20490880734919473,0.23109824446797034,0.20199078448600244,40
brazilian_houses,sparse_init,outlier,7001,0.20308587169899137,0.2797249794757726,0.19428561740578235,uniform,0.18810400230346125,0.19359405144280675,0.18747359532313507,2
brazilian_houses,sparse_init,outlier,7001,0.20308587169899137,0.2797249794757726,0.19428561740578235,craig,0.2825264316587867,0.15188335142697437,0.2975278109942122,25
brazilian_houses,sparse_init,outlier,7001,0.20308587169899137,0.2797249794757726,0.19428561740578235,glister,0.2682217304230131,0.17933829651248973,0.2784279664238871,26
brazilian_houses,sparse_init,outlier,7001,0.20308587169899137,0.2797249794757726,0.19428561740578235,craig_a1,0.27826654679751267,0.224837617382102,0.28440164125658435,20
brazilian_houses,sparse_init,outlier,7001,0.20308587169899137,0.2797249794757726,0.19428561740578235,craig_w_a1,0.18614442216720284,0.1352573120088111,0.19198764663355103,20
brazilian_houses,sparse_init,outlier,7001,0.20308587169899137,0.2797249794757726,0.19428561740578235,glister_a1,0.29101710531562924,0.1632828188439706,0.30568447600301035,81
brazilian_houses,sparse_init,outlier,7002,0.18368485689950106,0.09714715464837574,0.19343388872473213,uniform,0.14375397974548484,0.11840103425550526,0.14661015302043393,8
brazilian_houses,sparse_init,outlier,7002,0.18368485689950106,0.09714715464837574,0.19343388872473213,craig,0.19434219128148747,0.15051334007372477,0.19927979482506022,28
brazilian_houses,sparse_init,outlier,7002,0.18368485689950106,0.09714715464837574,0.19343388872473213,glister,0.20788898149852786,0.136937126980152,0.21588216677806676,28
brazilian_houses,sparse_init,outlier,7002,0.18368485689950106,0.09714715464837574,0.19343388872473213,craig_a1,0.2052786348589894,0.2087401088756573,0.20488867742456646,19
brazilian_houses,sparse_init,outlier,7002,0.18368485689950106,0.09714715464837574,0.19343388872473213,craig_w_a1,0.15376718598638905,0.10811747812961146,0.1589099208075281,19
brazilian_houses,sparse_init,outlier,7002,0.18368485689950106,0.09714715464837574,0.19343388872473213,glister_a1,0.211563765208781,0.12803428414822526,0.22097390146177823,25
brazilian_houses,sparse_init,outlier,7003,0.24016932769246294,0.30240342068249493,0.23365545825219167,uniform,0.20444787621605218,0.253312831664154,0.19933331722272699,41
brazilian_houses,sparse_init,outlier,7003,0.24016932769246294,0.30240342068249493,0.23365545825219167,craig,0.2246322313442521,0.28886082528036644,0.217909603036661,31
brazilian_houses,sparse_init,outlier,7003,0.24016932769246294,0.30240342068249493,0.23365545825219167,glister,0.2648807653349909,0.2325032576629959,0.2682696290211788,33
brazilian_houses,sparse_init,outlier,7003,0.24016932769246294,0.30240342068249493,0.23365545825219167,craig_a1,0.23505600911424948,0.22929882513686606,0.23565859755043514,47
brazilian_houses,sparse_init,outlier,7003,0.24016932769246294,0.30240342068249493,0.23365545825219167,craig_w_a1,0.19009266037977232,0.18107952954037565,0.19103603971921762,47
brazilian_houses,sparse_init,outlier,7003,0.24016932769246294,0.30240342068249493,0.23365545825219167,glister_a1,0.25186361173208316,0.2092315686647521,0.2563257891202407,42
brazilian_houses,sparse_init,outlier,7004,0.18664527812970072,0.10392615645032058,0.19596412215755857,uniform,0.1643693346261843,0.14733222336633114,0.16628867539398418,9
brazilian_houses,sparse_init,outlier,7004,0.18664527812970072,0.10392615645032058,0.19596412215755857,craig,0.25341745345043704,0.11087265565074603,0.2694760468047833,28
brazilian_houses,sparse_init,outlier,7004,0.18664527812970072,0.10392615645032058,0.19596412215755857,glister,0.2109827029219516,0.17487736744343663,0.21505020246820986,28
brazilian_houses,sparse_init,outlier,7004,0.18664527812970072,0.10392615645032058,0.19596412215755857,craig_a1,0.22330960717729317,0.16308935648870382,0.2300938078807365,19
brazilian_houses,sparse_init,outlier,7004,0.18664527812970072,0.10392615645032058,0.19596412215755857,craig_w_a1,0.15950623189919783,0.10937239193186678,0.1651541332028888,19
brazilian_houses,sparse_init,outlier,7004,0.18664527812970072,0.10392615645032058,0.19596412215755857,glister_a1,0.19002897547909006,0.200388952502219,0.18886185706619238,10
brazilian_houses,sparse_init,outlier,7005,0.181340464395215,0.13752113442797426,0.18583351586925398,uniform,0.16194580131909328,0.13579358807631184,0.16462734027342477,31
brazilian_houses,sparse_init,outlier,7005,0.181340464395215,0.13752113442797426,0.18583351586925398,craig,0.2775528877912774,0.26945485510528955,0.2783832263136554,26
brazilian_houses,sparse_init,outlier,7005,0.181340464395215,0.13752113442797426,0.18583351586925398,glister,0.24942681534860636,0.18779562275166806,0.2557462209842351,27
brazilian_houses,sparse_init,outlier,7005,0.181340464395215,0.13752113442797426,0.18583351586925398,craig_a1,0.26776612709032355,0.26927438000628245,0.26761147712209404,27
brazilian_houses,sparse_init,outlier,7005,0.181340464395215,0.13752113442797426,0.18583351586925398,craig_w_a1,0.18629566081068286,0.14805088149033294,0.1902171210938058,27
brazilian_houses,sparse_init,outlier,7005,0.181340464395215,0.13752113442797426,0.18583351586925398,glister_a1,0.25690088207929607,0.22558290670033876,0.26011209675431596,45
brazilian_houses,sparse_init,outlier,7006,0.14397031794781265,0.10047996066383501,0.1486153865453819,uniform,0.15857008995557714,0.14556394489771196,0.15995923549855887,2
brazilian_houses,sparse_init,outlier,7006,0.14397031794781265,0.10047996066383501,0.1486153865453819,craig,0.2167614726007306,0.15144785658569188,0.22373741498639885,29
brazilian_houses,sparse_init,outlier,7006,0.14397031794781265,0.10047996066383501,0.1486153865453819,glister,0.2045982437842859,0.09515605124179873,0.21628742096231582,29
brazilian_houses,sparse_init,outlier,7006,0.14397031794781265,0.10047996066383501,0.1486153865453819,craig_a1,0.22386907209938717,0.09732067164559749,0.23738530966860763,21
brazilian_houses,sparse_init,outlier,7006,0.14397031794781265,0.10047996066383501,0.1486153865453819,craig_w_a1,0.13886117809782866,0.09162388245372598,0.14390644542450923,21
brazilian_houses,sparse_init,outlier,7006,0.14397031794781265,0.10047996066383501,0.1486153865453819,glister_a1,0.21896596529830964,0.12307661502678298,0.22920760591945222,18
brazilian_houses,sparse_init,outlier,7007,0.2031535450966925,0.16207743569433836,0.20780647482860407,uniform,0.15727976190801257,0.14270539070605232,0.15893068567066157,33
brazilian_houses,sparse_init,outlier,7007,0.2031535450966925,0.16207743569433836,0.20780647482860407,craig,0.25820920236443995,0.3046573613730263,0.2529477493400885,25
brazilian_houses,sparse_init,outlier,7007,0.2031535450966925,0.16207743569433836,0.20780647482860407,glister,0.24952495026181443,0.29806041004289036,0.2440270565432233,24
brazilian_houses,sparse_init,outlier,7007,0.2031535450966925,0.16207743569433836,0.20780647482860407,craig_a1,0.2517616902918522,0.25128772127456606,0.25181537951813543,38
brazilian_houses,sparse_init,outlier,7007,0.2031535450966925,0.16207743569433836,0.20780647482860407,craig_w_a1,0.18008845018455413,0.1968113645539408,0.1781941484455226,38
brazilian_houses,sparse_init,outlier,7007,0.2031535450966925,0.16207743569433836,0.20780647482860407,glister_a1,0.25370201451467,0.2598722307312572,0.25300307824966833,20
brazilian_houses,sparse_init,outlier,7008,0.1811754352749402,0.12341570941618712,0.18762885656321668,uniform,0.13359891226432963,0.1648099028507283,0.13011174766851746,44
brazilian_houses,sparse_init,outlier,7008,0.1811754352749402,0.12341570941618712,0.18762885656321668,craig,0.18397821659817606,0.2858007487331681,0.17260171356363832,18
brazilian_houses,sparse_init,outlier,7008,0.1811754352749402,0.12341570941618712,0.18762885656321668,glister,0.19253301355467795,0.3354732183106221,0.17656248484097878,22
brazilian_houses,sparse_init,outlier,7008,0.1811754352749402,0.12341570941618712,0.18762885656321668,craig_a1,0.2008779281059027,0.3105151646660719,0.18862829800662867,24
brazilian_houses,sparse_init,outlier,7008,0.1811754352749402,0.12341570941618712,0.18762885656321668,craig_w_a1,0.1466681481787226,0.19952608949822173,0.14076239709188584,24
brazilian_houses,sparse_init,outlier,7008,0.1811754352749402,0.12341570941618712,0.18762885656321668,glister_a1,0.22282956198455045,0.36263218238369377,0.20720959161199468,7
brazilian_houses,sparse_init,outlier,7009,0.1559533094234759,0.08215934360677284,0.1637447121161184,uniform,0.18047278106940395,0.18770063343128046,0.17970964132306985,10
brazilian_houses,sparse_init,outlier,7009,0.1559533094234759,0.08215934360677284,0.1637447121161184,craig,0.23695588984778868,0.2469990752514038,0.23589549824353745,28
brazilian_houses,sparse_init,outlier,7009,0.1559533094234759,0.08215934360677284,0.1637447121161184,glister,0.21150284591171134,0.22941779581610697,0.20961132826011403,26
brazilian_houses,sparse_init,outlier,7009,0.1559533094234759,0.08215934360677284,0.1637447121161184,craig_a1,0.2453494122244079,0.3291096903331097,0.2365057344362586,23
brazilian_houses,sparse_init,outlier,7009,0.1559533094234759,0.08215934360677284,0.1637447121161184,craig_w_a1,0.1768636569215704,0.1729386810878356,0.17727806841092555,23
brazilian_houses,sparse_init,outlier,7009,0.1559533094234759,0.08215934360677284,0.1637447121161184,glister_a1,0.20848522349489224,0.21397094152035703,0.20790602385815163,36
brazilian_houses,sparse_all,clean,7000,0.07182420738197831,0.05926872672754015,0.07322313701310632,uniform,0.0902612588444685,0.13911565800590378,0.08481790956307492,3
brazilian_houses,sparse_all,clean,7000,0.07182420738197831,0.05926872672754015,0.07322313701310632,craig,0.10067123328002969,0.15040990553135147,0.09512935843346676,3
brazilian_houses,sparse_all,clean,7000,0.07182420738197831,0.05926872672754015,0.07322313701310632,glister,0.11229080587860835,0.1590417803588979,0.10708181983620879,1
brazilian_houses,sparse_all,clean,7000,0.07182420738197831,0.05926872672754015,0.07322313701310632,craig_a1,0.09894085315652038,0.13966173015472455,0.0944037396037891,1
brazilian_houses,sparse_all,clean,7000,0.07182420738197831,0.05926872672754015,0.07322313701310632,craig_w_a1,0.09735660874087657,0.14546926539315172,0.09199590429031741,1
brazilian_houses,sparse_all,clean,7000,0.07182420738197831,0.05926872672754015,0.07322313701310632,glister_a1,0.11601406118294443,0.16058781320723858,0.11104766091571966,3
brazilian_houses,sparse_all,clean,7001,0.11008571016140037,0.08408922294111691,0.11307081404511185,uniform,0.10562137874922803,0.05563890949933506,0.11136072583143423,2
brazilian_houses,sparse_all,clean,7001,0.11008571016140037,0.08408922294111691,0.11307081404511185,craig,0.11032392463568745,0.04695692037956519,0.11760018041983526,7
brazilian_houses,sparse_all,clean,7001,0.11008571016140037,0.08408922294111691,0.11307081404511185,glister,0.09903914810120691,0.04110377283030932,0.105691705127854,9
brazilian_houses,sparse_all,clean,7001,0.11008571016140037,0.08408922294111691,0.11307081404511185,craig_a1,0.08785614200474455,0.033320175443862655,0.09411835444150135,8
brazilian_houses,sparse_all,clean,7001,0.11008571016140037,0.08408922294111691,0.11307081404511185,craig_w_a1,0.08665841152916798,0.03956720626333469,0.09206576285846656,8
brazilian_houses,sparse_all,clean,7001,0.11008571016140037,0.08408922294111691,0.11307081404511185,glister_a1,0.08241397947199093,0.044227428784421687,0.08679883423321683,10
brazilian_houses,sparse_all,clean,7002,0.1143330039137663,0.058591971243646804,0.12061259173891188,uniform,0.09931216416028305,0.09723686664932235,0.09954595984649696,5
brazilian_houses,sparse_all,clean,7002,0.1143330039137663,0.058591971243646804,0.12061259173891188,craig,0.12238235218543103,0.10012223591910759,0.12489009824603213,10
brazilian_houses,sparse_all,clean,7002,0.1143330039137663,0.058591971243646804,0.12061259173891188,glister,0.1149689642161924,0.10306258189848855,0.11631029518661522,8
brazilian_houses,sparse_all,clean,7002,0.1143330039137663,0.058591971243646804,0.12061259173891188,craig_a1,0.10242634180685745,0.09750279252666366,0.10298101147541892,6
brazilian_houses,sparse_all,clean,7002,0.1143330039137663,0.058591971243646804,0.12061259173891188,craig_w_a1,0.0991816944356688,0.09592331038209766,0.09954877247230197,6
brazilian_houses,sparse_all,clean,7002,0.1143330039137663,0.058591971243646804,0.12061259173891188,glister_a1,0.12508971463162963,0.09325058464111899,0.12867659853876642,19
brazilian_houses,sparse_all,clean,7003,0.17267477716096907,0.17241697331843023,0.17270176077221525,uniform,0.1120166319229172,0.09341819333879214,0.11396327876726503,11
brazilian_houses,sparse_all,clean,7003,0.17267477716096907,0.17241697331843023,0.17270176077221525,craig,0.10823691292439139,0.09284547122435009,0.1098478923235396,7
brazilian_houses,sparse_all,clean,7003,0.17267477716096907,0.17241697331843023,0.17270176077221525,glister,0.10737875645891219,0.09414105502013088,0.10876430985446539,10
brazilian_houses,sparse_all,clean,7003,0.17267477716096907,0.17241697331843023,0.17270176077221525,craig_a1,0.09425761078042294,0.07498965451192148,0.0962743341788659,12
brazilian_houses,sparse_all,clean,7003,0.17267477716096907,0.17241697331843023,0.17270176077221525,craig_w_a1,0.0992634219503895,0.0883256551557328,0.10040824758285977,12
brazilian_houses,sparse_all,clean,7003,0.17267477716096907,0.17241697331843023,0.17270176077221525,glister_a1,0.1045507507106975,0.08580008683059101,0.10651333055343717,6
brazilian_houses,sparse_all,clean,7004,0.16469294423415115,0.12937369191453568,0.16867188642871145,uniform,0.11646616503461425,0.09613157765870423,0.11875698781270703,1
brazilian_houses,sparse_all,clean,7004,0.16469294423415115,0.12937369191453568,0.16867188642871145,craig,0.1282628327216849,0.10016060672875829,0.1314287302257559,5
brazilian_houses,sparse_all,clean,7004,0.16469294423415115,0.12937369191453568,0.16867188642871145,glister,0.12548297630914718,0.0981551815103866,0.12856162913070435,5
brazilian_houses,sparse_all,clean,7004,0.16469294423415115,0.12937369191453568,0.16867188642871145,craig_a1,0.11201706588030942,0.09816849838010577,0.11357719657226559,3
brazilian_houses,sparse_all,clean,7004,0.16469294423415115,0.12937369191453568,0.16867188642871145,craig_w_a1,0.11688797272612425,0.0957525006436521,0.11926902034598548,3
brazilian_houses,sparse_all,clean,7004,0.16469294423415115,0.12937369191453568,0.16867188642871145,glister_a1,0.1054119939903203,0.09507581326860316,0.10657643159596576,0
brazilian_houses,sparse_all,clean,7005,0.18664831946111674,0.09889983286421225,0.1956456835774476,uniform,0.07673374531587365,0.045139588916019796,0.07997327844176824,11
brazilian_houses,sparse_all,clean,7005,0.18664831946111674,0.09889983286421225,0.1956456835774476,craig,0.08112314161944141,0.04825898891919867,0.0844928948731598,2
brazilian_houses,sparse_all,clean,7005,0.18664831946111674,0.09889983286421225,0.1956456835774476,glister,0.06905014910167921,0.047672025917592065,0.07124217275782045,3
brazilian_houses,sparse_all,clean,7005,0.18664831946111674,0.09889983286421225,0.1956456835774476,craig_a1,0.078735732973431,0.045462635608785204,0.08214741770872545,8
brazilian_houses,sparse_all,clean,7005,0.18664831946111674,0.09889983286421225,0.1956456835774476,craig_w_a1,0.07658082782417136,0.04467754246170689,0.07985205774557069,8
brazilian_houses,sparse_all,clean,7005,0.18664831946111674,0.09889983286421225,0.1956456835774476,glister_a1,0.08535378985346631,0.052471724244294325,0.08872537982221272,3
brazilian_houses,sparse_all,clean,7006,0.08326306261160825,0.06200122886591502,0.08553397235865794,uniform,0.06026924774368034,0.03203969115200806,0.06328435810460604,1
brazilian_houses,sparse_all,clean,7006,0.08326306261160825,0.06200122886591502,0.08553397235865794,craig,0.06428079184274453,0.031182550018172155,0.06781591119644817,4
brazilian_houses,sparse_all,clean,7006,0.08326306261160825,0.06200122886591502,0.08553397235865794,glister,0.059057616309080595,0.025870226743574753,0.06260225725326576,5
brazilian_houses,sparse_all,clean,7006,0.08326306261160825,0.06200122886591502,0.08553397235865794,craig_a1,0.06070493452821042,0.02809901598163258,0.0641874703774022,4
brazilian_houses,sparse_all,clean,7006,0.08326306261160825,0.06200122886591502,0.08553397235865794,craig_w_a1,0.07369494084872959,0.029188790695387355,0.07844850309532342,4
brazilian_houses,sparse_all,clean,7006,0.08326306261160825,0.06200122886591502,0.08553397235865794,glister_a1,0.0491947948919192,0.024498689120356375,0.051832508458002,8
brazilian_houses,sparse_all,clean,7007,0.15868103484263904,0.1080259120987541,0.1644190351089238,uniform,0.11569989519140327,0.06683921300624576,0.12123462874257473,8
brazilian_houses,sparse_all,clean,7007,0.15868103484263904,0.1080259120987541,0.1644190351089238,craig,0.11537764676933207,0.08520112331370383,0.11879591702996127,7
brazilian_houses,sparse_all,clean,7007,0.15868103484263904,0.1080259120987541,0.1644190351089238,glister,0.10818426751777853,0.07934569434003844,0.11145098037147744,6
brazilian_houses,sparse_all,clean,7007,0.15868103484263904,0.1080259120987541,0.1644190351089238,craig_a1,0.11467129011779176,0.08049735811178657,0.11854237008618698,10
brazilian_houses,sparse_all,clean,7007,0.15868103484263904,0.1080259120987541,0.1644190351089238,craig_w_a1,0.10815417976683457,0.07879726744247066,0.11147960790933836,10
brazilian_houses,sparse_all,clean,7007,0.15868103484263904,0.1080259120987541,0.1644190351089238,glister_a1,0.11314405463884243,0.08069138834137221,0.11682015683285034,1
brazilian_houses,sparse_all,clean,7008,0.08062571742041524,0.07907049908030146,0.08079948000316281,uniform,0.03898927410140504,0.03524849724046048,0.0394072263799208,13
brazilian_houses,sparse_all,clean,7008,0.08062571742041524,0.07907049908030146,0.08079948000316281,craig,0.039668404805636555,0.04363453070769081,0.039225274563105754,3
brazilian_houses,sparse_all,clean,7008,0.08062571742041524,0.07907049908030146,0.08079948000316281,glister,0.039612687517481794,0.04541879798268634,0.03896397812142503,3
brazilian_houses,sparse_all,clean,7008,0.08062571742041524,0.07907049908030146,0.08079948000316281,craig_a1,0.045476257222479645,0.03932756647717173,0.04616324268096041,9
brazilian_houses,sparse_all,clean,7008,0.08062571742041524,0.07907049908030146,0.08079948000316281,craig_w_a1,0.0375669252944952,0.039918939529560334,0.03730413771181144,9
brazilian_houses,sparse_all,clean,7008,0.08062571742041524,0.07907049908030146,0.08079948000316281,glister_a1,0.03789810057331083,0.041522732131468267,0.037493125062921934,10
brazilian_houses,sparse_all,clean,7009,0.14396054179235046,0.10389786380376237,0.1481904873400676,uniform,0.11424016484435551,0.09740802623084949,0.11601735582013198,4
brazilian_houses,sparse_all,clean,7009,0.14396054179235046,0.10389786380376237,0.1481904873400676,craig,0.11016538081990715,0.09864797546325335,0.11138142527713263,6
brazilian_houses,sparse_all,clean,7009,0.14396054179235046,0.10389786380376237,0.1481904873400676,glister,0.11949891097752928,0.1023728688180128,0.12130713322875518,2
brazilian_houses,sparse_all,clean,7009,0.14396054179235046,0.10389786380376237,0.1481904873400676,craig_a1,0.11083746743251546,0.10765252787326421,0.11117374352749446,2
brazilian_houses,sparse_all,clean,7009,0.14396054179235046,0.10389786380376237,0.1481904873400676,craig_w_a1,0.10851241668127026,0.10462207676988927,0.10892317119927676,2
brazilian_houses,sparse_all,clean,7009,0.14396054179235046,0.10389786380376237,0.1481904873400676,glister_a1,0.1283382200202309,0.10899081874678337,0.13038098046424887,0
brazilian_houses,sparse_all,outlier,7000,0.19964999322079843,0.22104007347937007,0.19726671392552553,uniform,0.17755931055658744,0.1807431381288713,0.17720456900157608,1
brazilian_houses,sparse_all,outlier,7000,0.19964999322079843,0.22104007347937007,0.19726671392552553,craig,0.23765078792219277,0.1910282401467113,0.24284546468183935,2
brazilian_houses,sparse_all,outlier,7000,0.19964999322079843,0.22104007347937007,0.19726671392552553,glister,0.22947873788713957,0.18745414641794916,0.23416111109612692,5
brazilian_houses,sparse_all,outlier,7000,0.19964999322079843,0.22104007347937007,0.19726671392552553,craig_a1,0.2484411987993306,0.17764868476095166,0.25632888930485714,2
brazilian_houses,sparse_all,outlier,7000,0.19964999322079843,0.22104007347937007,0.19726671392552553,craig_w_a1,0.17170113329900125,0.18003006566688232,0.1707731249968283,2
brazilian_houses,sparse_all,outlier,7000,0.19964999322079843,0.22104007347937007,0.19726671392552553,glister_a1,0.22280754175007927,0.19402113365165677,0.2260149187013067,6
brazilian_houses,sparse_all,outlier,7001,0.23653669914639341,0.15285221393780987,0.24614595441560644,uniform,0.15649863882540263,0.08156049365436593,0.16510357634225517,1
brazilian_houses,sparse_all,outlier,7001,0.23653669914639341,0.15285221393780987,0.24614595441560644,craig,0.20118756176117383,0.11772701507291408,0.21077110279672653,6
brazilian_houses,sparse_all,outlier,7001,0.23653669914639341,0.15285221393780987,0.24614595441560644,glister,0.21771510216930393,0.08542326013755572,0.23290580420862395,5
brazilian_houses,sparse_all,outlier,7001,0.23653669914639341,0.15285221393780987,0.24614595441560644,craig_a1,0.2453898346639437,0.1961708876120366,0.25104150862865543,5
brazilian_houses,sparse_all,outlier,7001,0.23653669914639341,0.15285221393780987,0.24614595441560644,craig_w_a1,0.15271862694573696,0.06797965649389544,0.16244896580475557,5
brazilian_houses,sparse_all,outlier,7001,0.23653669914639341,0.15285221393780987,0.24614595441560644,glister_a1,0.2721248687312451,0.10067739632547912,0.2918117022404914,10
brazilian_houses,sparse_all,outlier,7002,0.1944948773150431,0.0660932222474695,0.2089601541724471,uniform,0.1701951452741164,0.19161257095186965,0.1677823337582638,3
brazilian_houses,sparse_all,outlier,7002,0.1944948773150431,0.0660932222474695,0.2089601541724471,craig,0.1881526549490206,0.13668923835073007,0.193950341658981,4
brazilian_houses,sparse_all,outlier,7002,0.1944948773150431,0.0660932222474695,0.2089601541724471,glister,0.20555494887410425,0.15629697336622841,0.21110417838194562,5
brazilian_houses,sparse_all,outlier,7002,0.1944948773150431,0.0660932222474695,0.2089601541724471,craig_a1,0.18578391445375517,0.15283649859714735,0.18949565393134243,2
brazilian_houses,sparse_all,outlier,7002,0.1944948773150431,0.0660932222474695,0.2089601541724471,craig_w_a1,0.16202198961378525,0.16304633601314028,0.16190659036712632,2
brazilian_houses,sparse_all,outlier,7002,0.1944948773150431,0.0660932222474695,0.2089601541724471,glister_a1,0.18137490786640068,0.15787925652626664,0.18402184494366192,1
brazilian_houses,sparse_all,outlier,7003,0.11118917511553082,0.10132914147329287,0.11222119741611301,uniform,0.16187720803491992,0.18077888215852184,0.15989882236995306,19
brazilian_houses,sparse_all,outlier,7003,0.11118917511553082,0.10132914147329287,0.11222119741611301,craig,0.2202016000520707,0.27415137519386557,0.21455482712228877,2
brazilian_houses,sparse_all,outlier,7003,0.11118917511553082,0.10132914147329287,0.11222119741611301,glister,0.22754463683822085,0.2298298146191805,0.22730545363496657,7
brazilian_houses,sparse_all,outlier,7003,0.11118917511553082,0.10132914147329287,0.11222119741611301,craig_a1,0.24593709118688264,0.27783917112867845,0.2425979891990504,4
brazilian_houses,sparse_all,outlier,7003,0.11118917511553082,0.10132914147329287,0.11222119741611301,craig_w_a1,0.16245175879292276,0.1635907734059461,0.16233254130097693,4
brazilian_houses,sparse_all,outlier,7003,0.11118917511553082,0.10132914147329287,0.11222119741611301,glister_a1,0.22238186008893193,0.15142072569195664,0.22980916468336818,7
brazilian_houses,sparse_all,outlier,7004,0.21367303995811673,0.11825574290939053,0.22442241556444054,uniform,0.16592784729071564,0.15238404287640964,0.16745364445004635,3
brazilian_houses,sparse_all,outlier,7004,0.21367303995811673,0.11825574290939053,0.22442241556444054,craig,0.2642145223265223,0.1334601299442809,0.2789448502583187,8
brazilian_houses,sparse_all,outlier,7004,0.21367303995811673,0.11825574290939053,0.22442241556444054,glister,0.21872483656488406,0.12757144066030054,0.2289938561313253,4
brazilian_houses,sparse_all,outlier,7004,0.21367303995811673,0.11825574290939053,0.22442241556444054,craig_a1,0.21480884614775345,0.1658091562575376,0.2203289781103508,4
brazilian_houses,sparse_all,outlier,7004,0.21367303995811673,0.11825574290939053,0.22442241556444054,craig_w_a1,0.1841106826397709,0.1383808790902172,0.18926244075870532,4
brazilian_houses,sparse_all,outlier,7004,0.21367303995811673,0.11825574290939053,0.22442241556444054,glister_a1,0.22683886725567698,0.19327432155769012,0.23062013040106913,1
brazilian_houses,sparse_all,outlier,7005,0.2281367071908971,0.1308625480902011,0.23811079406671262,uniform,0.2512936080186618,0.15833507691686532,0.2608251883852187,10
brazilian_houses,sparse_all,outlier,7005,0.2281367071908971,0.1308625480902011,0.23811079406671262,craig,0.2814631115669996,0.20344777993843965,0.2894624785366315,6
brazilian_houses,sparse_all,outlier,7005,0.2281367071908971,0.1308625480902011,0.23811079406671262,glister,0.3047699471598326,0.22216752759677505,0.3132396550091869,5
brazilian_houses,sparse_all,outlier,7005,0.2281367071908971,0.1308625480902011,0.23811079406671262,craig_a1,0.303423851102036,0.24061108549654192,0.30986441030965556,5
brazilian_houses,sparse_all,outlier,7005,0.2281367071908971,0.1308625480902011,0.23811079406671262,craig_w_a1,0.213752275192786,0.1719125812299515,0.21804234304123538,5
brazilian_houses,sparse_all,outlier,7005,0.2281367071908971,0.1308625480902011,0.23811079406671262,glister_a1,0.27500774013444745,0.2085088883773931,0.28182625525396904,5
brazilian_houses,sparse_all,outlier,7006,0.1232476208630788,0.0843885477169032,0.12739803653392107,uniform,0.1357101231716742,0.04113247471229709,0.14581166503811566,2
brazilian_houses,sparse_all,outlier,7006,0.1232476208630788,0.0843885477169032,0.12739803653392107,craig,0.18125250720853303,0.04774293964528001,0.1955122451939828,8
brazilian_houses,sparse_all,outlier,7006,0.1232476208630788,0.0843885477169032,0.12739803653392107,glister,0.2146604937157074,0.09311952590867742,0.2276419031162369,3
brazilian_houses,sparse_all,outlier,7006,0.1232476208630788,0.0843885477169032,0.12739803653392107,craig_a1,0.20644689441904762,0.058819791724184646,0.2222144820339389,6
brazilian_houses,sparse_all,outlier,7006,0.1232476208630788,0.0843885477169032,0.12739803653392107,craig_w_a1,0.12467344815057663,0.06720932971150126,0.13081101033028972,6
brazilian_houses,sparse_all,outlier,7006,0.1232476208630788,0.0843885477169032,0.12739803653392107,glister_a1,0.19324694191633618,0.07450020906454777,0.20592990784903964,2
brazilian_houses,sparse_all,outlier,7007,0.21400082364544704,0.15596073404642172,0.22057536204422337,uniform,0.15316598317108066,0.10998202034553678,0.1580576817154715,9
brazilian_houses,sparse_all,outlier,7007,0.21400082364544704,0.15596073404642172,0.22057536204422337,craig,0.21466285972341836,0.21136041186794488,0.21503694719271357,8
brazilian_houses,sparse_all,outlier,7007,0.21400082364544704,0.15596073404642172,0.22057536204422337,glister,0.22022511412558732,0.21544520328802216,0.22076656241695636,2
brazilian_houses,sparse_all,outlier,7007,0.21400082364544704,0.15596073404642172,0.22057536204422337,craig_a1,0.2090932215527606,0.16636841527550641,0.2139329087653524,5
brazilian_houses,sparse_all,outlier,7007,0.21400082364544704,0.15596073404642172,0.22057536204422337,craig_w_a1,0.16041663467302658,0.1383043482344789,0.16292142192058814,5
brazilian_houses,sparse_all,outlier,7007,0.21400082364544704,0.15596073404642172,0.22057536204422337,glister_a1,0.21909296094870218,0.21747815769964682,0.2192758791013227,0
brazilian_houses,sparse_all,outlier,7008,0.1597011764854972,0.2544002458879296,0.14912056895359677,uniform,0.12819915599162213,0.27566924753576927,0.11172250874294307,13
brazilian_houses,sparse_all,outlier,7008,0.1597011764854972,0.2544002458879296,0.14912056895359677,craig,0.18972710023409486,0.4127609855212989,0.16480780565781472,5
brazilian_houses,sparse_all,outlier,7008,0.1597011764854972,0.2544002458879296,0.14912056895359677,glister,0.22491884092033035,0.309708526766957,0.21544539630933984,7
brazilian_houses,sparse_all,outlier,7008,0.1597011764854972,0.2544002458879296,0.14912056895359677,craig_a1,0.1938875686791896,0.25598363414736375,0.18694965363799834,14
brazilian_houses,sparse_all,outlier,7008,0.1597011764854972,0.2544002458879296,0.14912056895359677,craig_w_a1,0.13753692170674925,0.294721574179463,0.11997487882347216,14
brazilian_houses,sparse_all,outlier,7008,0.1597011764854972,0.2544002458879296,0.14912056895359677,glister_a1,0.17742037702459443,0.22536956139890335,0.17206307515731475,13
brazilian_houses,sparse_all,outlier,7009,0.18850131373988915,0.1707719307991913,0.19037323863854763,uniform,0.20700673368586273,0.15669397620040507,0.21231891537725156,2
brazilian_houses,sparse_all,outlier,7009,0.18850131373988915,0.1707719307991913,0.19037323863854763,craig,0.27073502545780237,0.19031412767657893,0.27922612080120407,9
brazilian_houses,sparse_all,outlier,7009,0.18850131373988915,0.1707719307991913,0.19037323863854763,glister,0.21834531910254268,0.13166531851372557,0.2274972705190513,7
brazilian_houses,sparse_all,outlier,7009,0.18850131373988915,0.1707719307991913,0.19037323863854763,craig_a1,0.2717869838467076,0.20430226865163006,0.2789122356998086,5
brazilian_houses,sparse_all,outlier,7009,0.18850131373988915,0.1707719307991913,0.19037323863854763,craig_w_a1,0.1965561011517845,0.13457010507726003,0.20310078067098525,5
brazilian_houses,sparse_all,outlier,7009,0.18850131373988915,0.1707719307991913,0.19037323863854763,glister_a1,0.21521490680717717,0.1323545095068484,0.22396357230433733,5
brazilian_houses,hard,clean,7000,0.10917321729408906,0.30858456470795353,0.08695483710154678,uniform,0.1255322220729543,0.31142450057330506,0.10482013436007831,3
brazilian_houses,hard,clean,7000,0.10917321729408906,0.30858456470795353,0.08695483710154678,craig,0.12319176543043196,0.23743817253445149,0.110462449162382,32
brazilian_houses,hard,clean,7000,0.10917321729408906,0.30858456470795353,0.08695483710154678,glister,0.1355364623975569,0.2634852254624924,0.12128043183655685,33
brazilian_houses,hard,clean,7000,0.10917321729408906,0.30858456470795353,0.08695483710154678,craig_a1,0.12605809707057727,0.22447230757142395,0.1150928015966013,43
brazilian_houses,hard,clean,7000,0.10917321729408906,0.30858456470795353,0.08695483710154678,craig_w_a1,0.11879099164026495,0.27058626091616256,0.10187798720024412,43
brazilian_houses,hard,clean,7000,0.10917321729408906,0.30858456470795353,0.08695483710154678,glister_a1,0.14286307537224424,0.2865247918247838,0.12685631007703216,51
brazilian_houses,hard,clean,7001,0.17749363021576112,0.4341684219838433,0.14802038210861232,uniform,0.12627182674756723,0.31022809149310765,0.10514864361625101,2
brazilian_houses,hard,clean,7001,0.17749363021576112,0.4341684219838433,0.14802038210861232,craig,0.1319600566876276,0.27520402043283443,0.11551175315835639,28
brazilian_houses,hard,clean,7001,0.17749363021576112,0.4341684219838433,0.14802038210861232,glister,0.13722443478313098,0.2672967562889375,0.1222885940751064,28
brazilian_houses,hard,clean,7001,0.17749363021576112,0.4341684219838433,0.14802038210861232,craig_a1,0.13380879388239336,0.26946211845306883,0.11823210220928347,37
brazilian_houses,hard,clean,7001,0.17749363021576112,0.4341684219838433,0.14802038210861232,craig_w_a1,0.13238671135666566,0.28359286681259155,0.115024131633187,37
brazilian_houses,hard,clean,7001,0.17749363021576112,0.4341684219838433,0.14802038210861232,glister_a1,0.13699945485238435,0.29456282893149655,0.11890689350327784,61
brazilian_houses,hard,clean,7002,0.1512386545132568,0.37436068601825634,0.1261025146635976,uniform,0.14354531190634373,0.3401729497878174,0.121393936845983,5
brazilian_houses,hard,clean,7002,0.1512386545132568,0.37436068601825634,0.1261025146635976,craig,0.13645506135902918,0.3282480627386439,0.11484833936772348,25
brazilian_houses,hard,clean,7002,0.1512386545132568,0.37436068601825634,0.1261025146635976,glister,0.13159502827394234,0.32430635515080564,0.1098848509762707,40
brazilian_houses,hard,clean,7002,0.1512386545132568,0.37436068601825634,0.1261025146635976,craig_a1,0.14098051830147404,0.31166094976817277,0.12175226385251352,42
brazilian_houses,hard,clean,7002,0.1512386545132568,0.37436068601825634,0.1261025146635976,craig_w_a1,0.12992273596558834,0.325188271259067,0.1079248105709127,42
brazilian_houses,hard,clean,7002,0.1512386545132568,0.37436068601825634,0.1261025146635976,glister_a1,0.14505154113708899,0.33408826801124397,0.12375533129452077,57
brazilian_houses,hard,clean,7003,0.181180970068227,0.34513899917037466,0.16401993912933885,uniform,0.13789133742233475,0.26133943727540004,0.12497036811984599,28
brazilian_houses,hard,clean,7003,0.181180970068227,0.34513899917037466,0.16401993912933885,craig,0.14139211608684388,0.26443822876244283,0.12851322166429432,30
brazilian_houses,hard,clean,7003,0.181180970068227,0.34513899917037466,0.16401993912933885,glister,0.1398953404172667,0.2624660465172943,0.12706620547887665,37
brazilian_houses,hard,clean,7003,0.181180970068227,0.34513899917037466,0.16401993912933885,craig_a1,0.12843474734282756,0.23995684416284194,0.11676203961159709,53
brazilian_houses,hard,clean,7003,0.181180970068227,0.34513899917037466,0.16401993912933885,craig_w_a1,0.1347514564646273,0.25463366254258096,0.12220371934682986,53
brazilian_houses,hard,clean,7003,0.181180970068227,0.34513899917037466,0.16401993912933885,glister_a1,0.1613603259480257,0.2629777581102943,0.15072431192165184,58
brazilian_houses,hard,clean,7004,0.1579463090711456,0.28273164764158065,0.14388843365500478,uniform,0.140534155978449,0.3006713187232296,0.12249366893766009,8
brazilian_houses,hard,clean,7004,0.1579463090711456,0.28273164764158065,0.14388843365500478,craig,0.1444259200026312,0.28424023807854665,0.12867493284804266,28
brazilian_houses,hard,clean,7004,0.1579463090711456,0.28273164764158065,0.14388843365500478,glister,0.14208320217321135,0.28360472478447035,0.1261398873866857,19
brazilian_houses,hard,clean,7004,0.1579463090711456,0.28273164764158065,0.14388843365500478,craig_a1,0.13710372406904361,0.27109618982708505,0.12200860622982058,42
brazilian_houses,hard,clean,7004,0.1579463090711456,0.28273164764158065,0.14388843365500478,craig_w_a1,0.13067923404811058,0.28128940318959716,0.11371202445080819,42
brazilian_houses,hard,clean,7004,0.1579463090711456,0.28273164764158065,0.14388843365500478,glister_a1,0.15143041131036905,0.28861095317675617,0.13597613607924616,51
brazilian_houses,hard,clean,7005,0.19019581356741094,0.28893913541718425,0.18007108486616627,uniform,0.12123427302837327,0.2673070524200542,0.10625657900033982,25
brazilian_houses,hard,clean,7005,0.19019581356741094,0.28893913541718425,0.18007108486616627,craig,0.1239466660609603,0.2815737771805195,0.10778423901121498,29
brazilian_houses,hard,clean,7005,0.19019581356741094,0.28893913541718425,0.18007108486616627,glister,0.11906333482323421,0.2966369464428411,0.10085567674095919,25
brazilian_houses,hard,clean,7005,0.19019581356741094,0.28893913541718425,0.18007108486616627,craig_a1,0.1231334125659781,0.2812199653678677,0.10692387628088908,64
brazilian_houses,hard,clean,7005,0.19019581356741094,0.28893913541718425,0.18007108486616627,craig_w_a1,0.12651945581677643,0.27539961612888225,0.1112539046491625,64
brazilian_houses,hard,clean,7005,0.19019581356741094,0.28893913541718425,0.18007108486616627,glister_a1,0.1381418165128651,0.32035175256725407,0.11945876904532579,26
brazilian_houses,hard,clean,7006,0.17042238191412695,0.33795284875026954,0.15252897842803095,uniform,0.08838958184390203,0.319625823780373,0.06369196441515886,2
brazilian_houses,hard,clean,7006,0.17042238191412695,0.33795284875026954,0.15252897842803095,craig,0.08971420559296017,0.3094880977200385,0.06624084578082619,21
brazilian_houses,hard,clean,7006,0.17042238191412695,0.33795284875026954,0.15252897842803095,glister,0.10156089521213363,0.3098221457565294,0.07931716452310852,30
brazilian_houses,hard,clean,7006,0.17042238191412695,0.33795284875026954,0.15252897842803095,craig_a1,0.09524197970167267,0.31927137265454,0.07131410319923583,48
brazilian_houses,hard,clean,7006,0.17042238191412695,0.33795284875026954,0.15252897842803095,craig_w_a1,0.08358739489903277,0.3052091965127704,0.059916665672994376,48
brazilian_houses,hard,clean,7006,0.17042238191412695,0.33795284875026954,0.15252897842803095,glister_a1,0.09237266796386666,0.30300542111907125,0.06987564452227593,79
brazilian_houses,hard,clean,7007,0.20405069548336205,0.29891146418805087,0.19330526468380504,uniform,0.1428457308796067,0.28996315023019553,0.1261808854368876,28
brazilian_houses,hard,clean,7007,0.20405069548336205,0.29891146418805087,0.19330526468380504,craig,0.152445496288475,0.3003057993134514,0.13569650009277076,28
brazilian_houses,hard,clean,7007,0.20405069548336205,0.29891146418805087,0.19330526468380504,glister,0.14757214423660975,0.30421751628117366,0.1298280121959369,26
brazilian_houses,hard,clean,7007,0.20405069548336205,0.29891146418805087,0.19330526468380504,craig_a1,0.14710185075362142,0.2682624957830322,0.1333772800531009,44
brazilian_houses,hard,clean,7007,0.20405069548336205,0.29891146418805087,0.19330526468380504,craig_w_a1,0.14203534880967203,0.2899970402751387,0.12527486775583263,44
brazilian_houses,hard,clean,7007,0.20405069548336205,0.29891146418805087,0.19330526468380504,glister_a1,0.15449807433350457,0.36141952552169127,0.13105887849893957,32
brazilian_houses,hard,clean,7008,0.10268454824756386,0.27896744073268614,0.08298868310609103,uniform,0.06774907717398782,0.24667657502879728,0.04775773361155497,35
brazilian_houses,hard,clean,7008,0.10268454824756386,0.27896744073268614,0.08298868310609103,craig,0.07135847855093012,0.2521481319182941,0.05115907870276994,25
brazilian_houses,hard,clean,7008,0.10268454824756386,0.27896744073268614,0.08298868310609103,glister,0.07497334353539592,0.23395390472915958,0.057210646036815326,36
brazilian_houses,hard,clean,7008,0.10268454824756386,0.27896744073268614,0.08298868310609103,craig_a1,0.06690734660616385,0.22477687818644787,0.0492687830443867,75
brazilian_houses,hard,clean,7008,0.10268454824756386,0.27896744073268614,0.08298868310609103,craig_w_a1,0.06723903606137104,0.2421505792231931,0.04769639004940538,75
brazilian_houses,hard,clean,7008,0.10268454824756386,0.27896744073268614,0.08298868310609103,glister_a1,0.07088381855134808,0.2226174080696254,0.05393081605375289,69
brazilian_houses,hard,clean,7009,0.3728460020485591,0.577503513135819,0.35123760811950067,uniform,0.16836293413008177,0.4847420325285095,0.13495861804710793,6
brazilian_houses,hard,clean,7009,0.3728460020485591,0.577503513135819,0.35123760811950067,craig,0.17430112693163652,0.47643750537743085,0.1424006027286809,17
brazilian_houses,hard,clean,7009,0.3728460020485591,0.577503513135819,0.35123760811950067,glister,0.16843430697859543,0.4531966559091029,0.13836818832424116,22
brazilian_houses,hard,clean,7009,0.3728460020485591,0.577503513135819,0.35123760811950067,craig_a1,0.16406871317837893,0.44631955967847853,0.13426776697521745,24
brazilian_houses,hard,clean,7009,0.3728460020485591,0.577503513135819,0.35123760811950067,craig_w_a1,0.17097444018588784,0.45127238516385815,0.14137968756521765,24
brazilian_houses,hard,clean,7009,0.3728460020485591,0.577503513135819,0.35123760811950067,glister_a1,0.16951315958665436,0.45969012676748666,0.1388753482369921,16
brazilian_houses,hard,outlier,7000,0.1700857945266549,0.3822959298953666,0.14644137544278346,uniform,0.18748385095821443,0.33444738348068165,0.17110919784859802,3
brazilian_houses,hard,outlier,7000,0.1700857945266549,0.3822959298953666,0.14644137544278346,craig,0.21077740957278712,0.33380981974502705,0.1970691582587921,26
brazilian_houses,hard,outlier,7000,0.1700857945266549,0.3822959298953666,0.14644137544278346,glister,0.22418879162960803,0.2872270111674116,0.21716508336768547,24
brazilian_houses,hard,outlier,7000,0.1700857945266549,0.3822959298953666,0.14644137544278346,craig_a1,0.2564448192858523,0.32757718208366976,0.2485192628863178,23
brazilian_houses,hard,outlier,7000,0.1700857945266549,0.3822959298953666,0.14644137544278346,craig_w_a1,0.18300888140739502,0.2886426421447101,0.17123918480954473,23
brazilian_houses,hard,outlier,7000,0.1700857945266549,0.3822959298953666,0.14644137544278346,glister_a1,0.2316420281155385,0.30178943649608564,0.223826215178445,38
brazilian_houses,hard,outlier,7001,0.3081617618392046,0.5560440777746105,0.2796981291286731,uniform,0.2124064631487179,0.3712553305701294,0.19416629219620354,3
brazilian_houses,hard,outlier,7001,0.3081617618392046,0.5560440777746105,0.2796981291286731,craig,0.27916287940004814,0.350570482057856,0.2709633442007681,24
brazilian_houses,hard,outlier,7001,0.3081617618392046,0.5560440777746105,0.2796981291286731,glister,0.3275540198382604,0.36338756290304675,0.3234393543581344,20
brazilian_houses,hard,outlier,7001,0.3081617618392046,0.5560440777746105,0.2796981291286731,craig_a1,0.24840187835232846,0.3416284820106876,0.23769692832243883,28
brazilian_houses,hard,outlier,7001,0.3081617618392046,0.5560440777746105,0.2796981291286731,craig_w_a1,0.2492925187455395,0.32282899434437445,0.24084853102348822,28
brazilian_houses,hard,outlier,7001,0.3081617618392046,0.5560440777746105,0.2796981291286731,glister_a1,0.23811752098497174,0.31151382346047246,0.22968962895043823,67
brazilian_houses,hard,outlier,7002,0.2968849198828615,0.40926007409071596,0.2842251319957458,uniform,0.22963492041315442,0.37841682755372447,0.21287367635420287,8
brazilian_houses,hard,outlier,7002,0.2968849198828615,0.40926007409071596,0.2842251319957458,craig,0.23743165895444507,0.3649960239312262,0.2230607082407882,23
brazilian_houses,hard,outlier,7002,0.2968849198828615,0.40926007409071596,0.2842251319957458,glister,0.26303889933572716,0.36406104504431097,0.2516581012795445,22
brazilian_houses,hard,outlier,7002,0.2968849198828615,0.40926007409071596,0.2842251319957458,craig_a1,0.28809678901648805,0.3798301720547795,0.27776243014847474,18
brazilian_houses,hard,outlier,7002,0.2968849198828615,0.40926007409071596,0.2842251319957458,craig_w_a1,0.22394630742427332,0.36901946790620427,0.20760287766205301,18
brazilian_houses,hard,outlier,7002,0.2968849198828615,0.40926007409071596,0.2842251319957458,glister_a1,0.2836078981966933,0.39854617749546434,0.2706593576915466,16
brazilian_houses,hard,outlier,7003,0.18644171202973,0.3550502919443808,0.1687939208704777,uniform,0.18716232125234888,0.2982302557686975,0.17553714942641793,33
brazilian_houses,hard,outlier,7003,0.18644171202973,0.3550502919443808,0.1687939208704777,craig,0.2244807133799782,0.32061508546031947,0.2144185960039911,21
brazilian_houses,hard,outlier,7003,0.18644171202973,0.3550502919443808,0.1687939208704777,glister,0.21999688566457154,0.3520872416468163,0.20617135544715348,21
brazilian_houses,hard,outlier,7003,0.18644171202973,0.3550502919443808,0.1687939208704777,craig_a1,0.25311337775366133,0.3176049514653358,0.24636322408430908,52
brazilian_houses,hard,outlier,7003,0.18644171202973,0.3550502919443808,0.1687939208704777,craig_w_a1,0.18067919666307114,0.30781593001005025,0.16737214835086317,52
brazilian_houses,hard,outlier,7003,0.18644171202973,0.3550502919443808,0.1687939208704777,glister_a1,0.22565942118848648,0.3801695967443741,0.20948727080580729,41
brazilian_houses,hard,outlier,7004,0.203999765874367,0.3185961827446868,0.19108973838271762,uniform,0.2017142326826182,0.2828679012081905,0.19257174707681662,9
brazilian_houses,hard,outlier,7004,0.203999765874367,0.3185961827446868,0.19108973838271762,craig,0.27596140839202515,0.2852561050874911,0.27491430069754286,22
brazilian_houses,hard,outlier,7004,0.203999765874367,0.3185961827446868,0.19108973838271762,glister,0.26969519611549575,0.28975063184337146,0.26743582157591594,30
brazilian_houses,hard,outlier,7004,0.203999765874367,0.3185961827446868,0.19108973838271762,craig_a1,0.2974842808717387,0.3017734769087201,0.2970010751985878,23
brazilian_houses,hard,outlier,7004,0.203999765874367,0.3185961827446868,0.19108973838271762,craig_w_a1,0.21400490242643125,0.2757570692121223,0.2070481214672644,23
brazilian_houses,hard,outlier,7004,0.203999765874367,0.3185961827446868,0.19108973838271762,glister_a1,0.2884955954864752,0.3127379914555797,0.28576453279732705,44
brazilian_houses,hard,outlier,7005,0.22776371289900707,0.31915736798842514,0.218392588397005,uniform,0.19681636573612543,0.3574034753591359,0.18035043277588292,28
brazilian_houses,hard,outlier,7005,0.22776371289900707,0.31915736798842514,0.218392588397005,craig,0.2409410555908058,0.35265322791013964,0.22948655501120485,25
brazilian_houses,hard,outlier,7005,0.22776371289900707,0.31915736798842514,0.218392588397005,glister,0.23049908566571484,0.37934873235509065,0.21523666323780755,23
brazilian_houses,hard,outlier,7005,0.22776371289900707,0.31915736798842514,0.218392588397005,craig_a1,0.2732270274932168,0.424449824365767,0.2577212721358329,41
brazilian_houses,hard,outlier,7005,0.22776371289900707,0.31915736798842514,0.218392588397005,craig_w_a1,0.19962869829311433,0.3768824665572898,0.18145383561553077,41
brazilian_houses,hard,outlier,7005,0.22776371289900707,0.31915736798842514,0.218392588397005,glister_a1,0.23181576180194435,0.38102079586456356,0.2165168994338919,28
brazilian_houses,hard,outlier,7006,0.2814391201619295,0.3980610015097946,0.26898310295100636,uniform,0.14803271350942704,0.3594803403346916,0.1254486559680457,2
brazilian_houses,hard,outlier,7006,0.2814391201619295,0.3980610015097946,0.26898310295100636,craig,0.2338291996058274,0.346106924906476,0.22183716807122575,24
brazilian_houses,hard,outlier,7006,0.2814391201619295,0.3980610015097946,0.26898310295100636,glister,0.20745905258488403,0.38284116126590284,0.18872703987019857,27
brazilian_houses,hard,outlier,7006,0.2814391201619295,0.3980610015097946,0.26898310295100636,craig_a1,0.24544102568263815,0.3524149566478069,0.23401547577877677,26
brazilian_houses,hard,outlier,7006,0.2814391201619295,0.3980610015097946,0.26898310295100636,craig_w_a1,0.17545947805758755,0.3366139044773207,0.15824707944164484,26
brazilian_houses,hard,outlier,7006,0.2814391201619295,0.3980610015097946,0.26898310295100636,glister_a1,0.22295039816424622,0.43913428545707617,0.1998604755037503,38
brazilian_houses,hard,outlier,7007,0.19782827929729885,0.2996219297122466,0.18629752067807157,uniform,0.1900675834471936,0.292497261304049,0.17846477830170512,32
brazilian_houses,hard,outlier,7007,0.19782827929729885,0.2996219297122466,0.18629752067807157,craig,0.23721003871501783,0.3389336245542435,0.22568721671764383,18
brazilian_houses,hard,outlier,7007,0.19782827929729885,0.2996219297122466,0.18629752067807157,glister,0.2232269927938443,0.3198200797253254,0.2122853322368967,25
brazilian_houses,hard,outlier,7007,0.19782827929729885,0.2996219297122466,0.18629752067807157,craig_a1,0.24151143803047803,0.32508322614672536,0.23204477569724322,43
brazilian_houses,hard,outlier,7007,0.19782827929729885,0.2996219297122466,0.18629752067807157,craig_w_a1,0.18833099997454433,0.2972123894243563,0.17599737194613535,43
brazilian_houses,hard,outlier,7007,0.19782827929729885,0.2996219297122466,0.18629752067807157,glister_a1,0.2052966044774379,0.3021946605200654,0.19432039829615494,41
brazilian_houses,hard,outlier,7008,0.16742569983245176,0.28572510398916523,0.15420825667764382,uniform,0.13475298649162115,0.2890570119127454,0.11751279243400804,49
brazilian_houses,hard,outlier,7008,0.16742569983245176,0.28572510398916523,0.15420825667764382,craig,0.20407613718674592,0.4110912546097452,0.18094659933125798,27
brazilian_houses,hard,outlier,7008,0.16742569983245176,0.28572510398916523,0.15420825667764382,glister,0.17567557393775274,0.29290080514189887,0.16257814677153076,31
brazilian_houses,hard,outlier,7008,0.16742569983245176,0.28572510398916523,0.15420825667764382,craig_a1,0.21723437661648637,0.33408632522520404,0.20417865584363906,41
brazilian_houses,hard,outlier,7008,0.16742569983245176,0.28572510398916523,0.15420825667764382,craig_w_a1,0.14353558275262765,0.2921976333852689,0.12692575941901954,41
brazilian_houses,hard,outlier,7008,0.16742569983245176,0.28572510398916523,0.15420825667764382,glister_a1,0.15549259423118236,0.25875416643136145,0.1439553090659594,54
brazilian_houses,hard,outlier,7009,0.2517293785059065,0.5633455897589675,0.21882794326580995,uniform,0.2318797164360771,0.5010176479101754,0.20346327369890038,6
brazilian_houses,hard,outlier,7009,0.2517293785059065,0.5633455897589675,0.21882794326580995,craig,0.2614298215292958,0.4885565395991127,0.23744905693485965,24
brazilian_houses,hard,outlier,7009,0.2517293785059065,0.5633455897589675,0.21882794326580995,glister,0.2639783642165554,0.4896597534914185,0.24015020205431167,19
brazilian_houses,hard,outlier,7009,0.2517293785059065,0.5633455897589675,0.21882794326580995,craig_a1,0.29530088236989194,0.49645069795546615,0.27406284213946375,23
brazilian_houses,hard,outlier,7009,0.2517293785059065,0.5633455897589675,0.21882794326580995,craig_w_a1,0.22402700592519287,0.4972983534083784,0.1951741439189527,23
brazilian_houses,hard,outlier,7009,0.2517293785059065,0.5633455897589675,0.21882794326580995,glister_a1,0.2642487766949163,0.5058061684837054,0.2387443754612741,31
brazilian_houses,hard_sparse,clean,7000,0.12499256221129014,0.3541751736996335,0.09945707257338358,uniform,0.1276943019568664,0.37218431455451517,0.10045326415423868,2
brazilian_houses,hard_sparse,clean,7000,0.12499256221129014,0.3541751736996335,0.09945707257338358,craig,0.13155888577149175,0.35673981868182314,0.10646926251585329,4
brazilian_houses,hard_sparse,clean,7000,0.12499256221129014,0.3541751736996335,0.09945707257338358,glister,0.1412176607805413,0.3378976692480703,0.11930360593322839,12
brazilian_houses,hard_sparse,clean,7000,0.12499256221129014,0.3541751736996335,0.09945707257338358,craig_a1,0.12662704290292856,0.3296070264808999,0.10401104584408818,10
brazilian_houses,hard_sparse,clean,7000,0.12499256221129014,0.3541751736996335,0.09945707257338358,craig_w_a1,0.12777583821536884,0.35192863847409606,0.10280076933408247,10
brazilian_houses,hard_sparse,clean,7000,0.12499256221129014,0.3541751736996335,0.09945707257338358,glister_a1,0.14146684577363353,0.346625438450539,0.1186081084400856,13
brazilian_houses,hard_sparse,clean,7001,0.17208466513909884,0.47264279052561514,0.1375724166276036,uniform,0.11986121329663289,0.41784723894277476,0.08564431180103357,1
brazilian_houses,hard_sparse,clean,7001,0.17208466513909884,0.47264279052561514,0.1375724166276036,craig,0.13120505473661062,0.3633233071145281,0.1045515653331262,13
brazilian_houses,hard_sparse,clean,7001,0.17208466513909884,0.47264279052561514,0.1375724166276036,glister,0.12276860470561328,0.38394482562538695,0.09277847008494809,10
brazilian_houses,hard_sparse,clean,7001,0.17208466513909884,0.47264279052561514,0.1375724166276036,craig_a1,0.11392093490079691,0.3439648907509972,0.08750563116325998,29
brazilian_houses,hard_sparse,clean,7001,0.17208466513909884,0.47264279052561514,0.1375724166276036,craig_w_a1,0.11872474602154878,0.35421934106095626,0.09168356063798248,29
brazilian_houses,hard_sparse,clean,7001,0.17208466513909884,0.47264279052561514,0.1375724166276036,glister_a1,0.11629797012731133,0.30800527829887014,0.0942847563684813,50
brazilian_houses,hard_sparse,clean,7002,0.14255454518860577,0.3965778836221057,0.11393717326494306,uniform,0.14581917771095082,0.41325786291757893,0.11569048021201218,4
brazilian_houses,hard_sparse,clean,7002,0.14255454518860577,0.3965778836221057,0.11393717326494306,craig,0.153257410145855,0.39769698528668057,0.12571971113833502,10
brazilian_houses,hard_sparse,clean,7002,0.14255454518860577,0.3965778836221057,0.11393717326494306,glister,0.11058020595076305,0.3745006754188218,0.08084785820818619,11
brazilian_houses,hard_sparse,clean,7002,0.14255454518860577,0.3965778836221057,0.11393717326494306,craig_a1,0.13022575188952856,0.37296022283037444,0.10288014389758346,24
brazilian_houses,hard_sparse,clean,7002,0.14255454518860577,0.3965778836221057,0.11393717326494306,craig_w_a1,0.128500468281566,0.4036475905343605,0.09750336549648063,24
brazilian_houses,hard_sparse,clean,7002,0.14255454518860577,0.3965778836221057,0.11393717326494306,glister_a1,0.11189984368827763,0.37544610496439057,0.082209652918646,21
brazilian_houses,hard_sparse,clean,7003,0.17886785304947803,0.3183559732375173,0.16426801942581964,uniform,0.12192168909139472,0.2784791959230267,0.10553525023771107,15
brazilian_houses,hard_sparse,clean,7003,0.17886785304947803,0.3183559732375173,0.16426801942581964,craig,0.1327344020125566,0.2783993569110338,0.11748805627753234,6
brazilian_houses,hard_sparse,clean,7003,0.17886785304947803,0.3183559732375173,0.16426801942581964,glister,0.14142809422666994,0.28775053076602725,0.12611293171675098,11
brazilian_houses,hard_sparse,clean,7003,0.17886785304947803,0.3183559732375173,0.16426801942581964,craig_a1,0.11134479171895913,0.25137362726318585,0.09668836292269789,16
brazilian_houses,hard_sparse,clean,7003,0.17886785304947803,0.3183559732375173,0.16426801942581964,craig_w_a1,0.1178051488813696,0.2701260323529075,0.1018621456127386,16
brazilian_houses,hard_sparse,clean,7003,0.17886785304947803,0.3183559732375173,0.16426801942581964,glister_a1,0.12911794311538743,0.28553345762862564,0.11274636620278947,18
brazilian_houses,hard_sparse,clean,7004,0.18034168736075976,0.31760737049784576,0.16487782041485716,uniform,0.14297418389330202,0.30112917394700006,0.12515700142550015,3
brazilian_houses,hard_sparse,clean,7004,0.18034168736075976,0.31760737049784576,0.16487782041485716,craig,0.14599321384987055,0.28813491477857367,0.1299800319649958,6
brazilian_houses,hard_sparse,clean,7004,0.18034168736075976,0.31760737049784576,0.16487782041485716,glister,0.14864198126077668,0.30475919326305206,0.13105436766942158,2
brazilian_houses,hard_sparse,clean,7004,0.18034168736075976,0.31760737049784576,0.16487782041485716,craig_a1,0.13015444460124354,0.3018930888655085,0.11080697563684096,8
brazilian_houses,hard_sparse,clean,7004,0.18034168736075976,0.31760737049784576,0.16487782041485716,craig_w_a1,0.13583122904603362,0.29537703713222474,0.1178573619320121,8
brazilian_houses,hard_sparse,clean,7004,0.18034168736075976,0.31760737049784576,0.16487782041485716,glister_a1,0.1368281230307662,0.29212328174943464,0.11933311905828754,12
brazilian_houses,hard_sparse,clean,7005,0.1973571464706017,0.29133258414399743,0.18772129674223806,uniform,0.10738913028488722,0.2763442594168199,0.09006517547863616,8
brazilian_houses,hard_sparse,clean,7005,0.1973571464706017,0.29133258414399743,0.18772129674223806,craig,0.10739689645658279,0.2824442649797547,0.08944826881308227,6
brazilian_houses,hard_sparse,clean,7005,0.1973571464706017,0.29133258414399743,0.18772129674223806,glister,0.12399804383410051,0.32315166279998647,0.10357766173506258,8
brazilian_houses,hard_sparse,clean,7005,0.1973571464706017,0.29133258414399743,0.18772129674223806,craig_a1,0.11839844031905573,0.28781180976383847,0.10102749946088065,19
brazilian_houses,hard_sparse,clean,7005,0.1973571464706017,0.29133258414399743,0.18772129674223806,craig_w_a1,0.11849907674276242,0.28750684600816684,0.10116972443660738,19
brazilian_houses,hard_sparse,clean,7005,0.1973571464706017,0.29133258414399743,0.18772129674223806,glister_a1,0.12158178769377416,0.332966305046551,0.09990730024745856,9
brazilian_houses,hard_sparse,clean,7006,0.12248787591658584,0.3615192248306894,0.09695768757102857,uniform,0.09411573579308527,0.34297712589018836,0.06753563159345001,1
brazilian_houses,hard_sparse,clean,7006,0.12248787591658584,0.3615192248306894,0.09695768757102857,craig,0.1074043980784071,0.3480087421526798,0.08170620305553238,11
brazilian_houses,hard_sparse,clean,7006,0.12248787591658584,0.3615192248306894,0.09695768757102857,glister,0.10427231111416688,0.33997843933414723,0.07909727915707987,4
brazilian_houses,hard_sparse,clean,7006,0.12248787591658584,0.3615192248306894,0.09695768757102857,craig_a1,0.09867294447156849,0.3275167283012458,0.074230857986163,24
brazilian_houses,hard_sparse,clean,7006,0.12248787591658584,0.3615192248306894,0.09695768757102857,craig_w_a1,0.09584624870561788,0.34318127091267986,0.06942917107088464,24
brazilian_houses,hard_sparse,clean,7006,0.12248787591658584,0.3615192248306894,0.09695768757102857,glister_a1,0.1082689243856083,0.32876101789387746,0.08471885573751979,37
brazilian_houses,hard_sparse,clean,7007,0.13930919041843579,0.2833491508705968,0.1229929466377429,uniform,0.12079749002290624,0.2729275388781184,0.1035648348923548,9
brazilian_houses,hard_sparse,clean,7007,0.13930919041843579,0.2833491508705968,0.1229929466377429,craig,0.12207764652182987,0.2882133936916926,0.10325848451288633,8
brazilian_houses,hard_sparse,clean,7007,0.13930919041843579,0.2833491508705968,0.1229929466377429,glister,0.142604112397751,0.30169294637735145,0.12458319521720622,8
brazilian_houses,hard_sparse,clean,7007,0.13930919041843579,0.2833491508705968,0.1229929466377429,craig_a1,0.12791599203816356,0.28011546312284585,0.1106754730480534,19
brazilian_houses,hard_sparse,clean,7007,0.13930919041843579,0.2833491508705968,0.1229929466377429,craig_w_a1,0.11953999131903689,0.2797178280605196,0.10139571646410134,19
brazilian_houses,hard_sparse,clean,7007,0.13930919041843579,0.2833491508705968,0.1229929466377429,glister_a1,0.14024288807656612,0.3196453325150832,0.11992093013432382,10
brazilian_houses,hard_sparse,clean,7008,0.12283910144044846,0.26728571609179314,0.10670026344994248,uniform,0.07382322449357795,0.2696996153135255,0.05193820250646874,15
brazilian_houses,hard_sparse,clean,7008,0.12283910144044846,0.26728571609179314,0.10670026344994248,craig,0.0715176725795857,0.2617191930993637,0.050266696690494335,5
brazilian_houses,hard_sparse,clean,7008,0.12283910144044846,0.26728571609179314,0.10670026344994248,glister,0.07228003008301041,0.2561548462896853,0.05173592888370989,14
brazilian_houses,hard_sparse,clean,7008,0.12283910144044846,0.26728571609179314,0.10670026344994248,craig_a1,0.07239629781921855,0.25829584280283596,0.05162597622849754,18
brazilian_houses,hard_sparse,clean,7008,0.12283910144044846,0.26728571609179314,0.10670026344994248,craig_w_a1,0.06890159971997989,0.25173906096394744,0.0484734008817156,18
brazilian_houses,hard_sparse,clean,7008,0.12283910144044846,0.26728571609179314,0.10670026344994248,glister_a1,0.06869494008207386,0.24371017643658766,0.04914070856053007,18
brazilian_houses,hard_sparse,clean,7009,0.14279683054268644,0.48057064174090053,0.1071335923233062,uniform,0.15623909515473383,0.49762772950139134,0.12019419235749139,3
brazilian_houses,hard_sparse,clean,7009,0.14279683054268644,0.48057064174090053,0.1071335923233062,craig,0.15363693488576974,0.48260306504475375,0.11890363977224515,9
brazilian_houses,hard_sparse,clean,7009,0.14279683054268644,0.48057064174090053,0.1071335923233062,glister,0.16583371745177683,0.5118152808771342,0.12930387852737482,5
brazilian_houses,hard_sparse,clean,7009,0.14279683054268644,0.48057064174090053,0.1071335923233062,craig_a1,0.1539968191051975,0.4662805817114022,0.12102490166031904,18
brazilian_houses,hard_sparse,clean,7009,0.14279683054268644,0.48057064174090053,0.1071335923233062,craig_w_a1,0.1525901471712328,0.48927652122527837,0.1170417240400428,18
brazilian_houses,hard_sparse,clean,7009,0.14279683054268644,0.48057064174090053,0.1071335923233062,glister_a1,0.16087095005290677,0.5522132212086889,0.11955178267272196,9
brazilian_houses,hard_sparse,outlier,7000,0.19920462741794898,0.41462800581975273,0.17520218931316345,uniform,0.19999022529410745,0.3620178093991577,0.18193713798482014,1
brazilian_houses,hard_sparse,outlier,7000,0.19920462741794898,0.41462800581975273,0.17520218931316345,craig,0.254997659163198,0.4170813381581109,0.23693832177032223,5
brazilian_houses,hard_sparse,outlier,7000,0.19920462741794898,0.41462800581975273,0.17520218931316345,glister,0.23975072207811723,0.38289251618407316,0.22380188644697294,8
brazilian_houses,hard_sparse,outlier,7000,0.19920462741794898,0.41462800581975273,0.17520218931316345,craig_a1,0.25135206939908245,0.3791755575330725,0.23710999695069954,6
brazilian_houses,hard_sparse,outlier,7000,0.19920462741794898,0.41462800581975273,0.17520218931316345,craig_w_a1,0.21688433884868955,0.3737889158306192,0.19940205616745763,6
brazilian_houses,hard_sparse,outlier,7000,0.19920462741794898,0.41462800581975273,0.17520218931316345,glister_a1,0.24802221327281698,0.37030118830546793,0.2343979095806544,6
brazilian_houses,hard_sparse,outlier,7001,0.3236141204548578,0.5633083718998404,0.2960907002777862,uniform,0.2528630386989293,0.44985221555714155,0.23024332273862178,1
brazilian_houses,hard_sparse,outlier,7001,0.3236141204548578,0.5633083718998404,0.2960907002777862,craig,0.31188335003207557,0.4356687794116462,0.2976694155548227,6
brazilian_houses,hard_sparse,outlier,7001,0.3236141204548578,0.5633083718998404,0.2960907002777862,glister,0.3044126045478753,0.459695155024979,0.2865819437907497,5
brazilian_houses,hard_sparse,outlier,7001,0.3236141204548578,0.5633083718998404,0.2960907002777862,craig_a1,0.26315842036073467,0.4384502822302102,0.2430301463668038,8
brazilian_houses,hard_sparse,outlier,7001,0.3236141204548578,0.5633083718998404,0.2960907002777862,craig_w_a1,0.229382091871363,0.4167812927392655,0.2078635660191958,8
brazilian_houses,hard_sparse,outlier,7001,0.3236141204548578,0.5633083718998404,0.2960907002777862,glister_a1,0.27730753273923164,0.41631239498160394,0.26134599337360803,21
brazilian_houses,hard_sparse,outlier,7002,0.20489652013201362,0.37981455027420735,0.18519087278637014,uniform,0.2055462930112499,0.4115813561285564,0.18233511065728353,4
brazilian_houses,hard_sparse,outlier,7002,0.20489652013201362,0.37981455027420735,0.18519087278637014,craig,0.2221499087579006,0.42974118758666036,0.1987634086395007,11
brazilian_houses,hard_sparse,outlier,7002,0.20489652013201362,0.37981455027420735,0.18519087278637014,glister,0.2922437910580983,0.494685556552032,0.269437416920395,9
brazilian_houses,hard_sparse,outlier,7002,0.20489652013201362,0.37981455027420735,0.18519087278637014,craig_a1,0.26204924931994006,0.44178952773014796,0.24180034451990273,12
brazilian_houses,hard_sparse,outlier,7002,0.20489652013201362,0.37981455027420735,0.18519087278637014,craig_w_a1,0.22487418872127551,0.41407568195846944,0.20355941688231485,12
brazilian_houses,hard_sparse,outlier,7002,0.20489652013201362,0.37981455027420735,0.18519087278637014,glister_a1,0.30316714112446214,0.5550264289641733,0.27479356349578815,13
brazilian_houses,hard_sparse,outlier,7003,0.17599515141704053,0.358824073712163,0.15685895656759247,uniform,0.2009261918220547,0.32355754294597044,0.18809070933766806,15
brazilian_houses,hard_sparse,outlier,7003,0.17599515141704053,0.358824073712163,0.15685895656759247,craig,0.22598685947040287,0.35954687698479887,0.21200750386754288,3
brazilian_houses,hard_sparse,outlier,7003,0.17599515141704053,0.358824073712163,0.15685895656759247,glister,0.23811448695168935,0.3656174975308207,0.22476910142020887,8
brazilian_houses,hard_sparse,outlier,7003,0.17599515141704053,0.358824073712163,0.15685895656759247,craig_a1,0.2765213573042032,0.3608317872930293,0.2676968190645552,20
brazilian_houses,hard_sparse,outlier,7003,0.17599515141704053,0.358824073712163,0.15685895656759247,craig_w_a1,0.17731076908027063,0.3271061768521442,0.16163210032977626,20
brazilian_houses,hard_sparse,outlier,7003,0.17599515141704053,0.358824073712163,0.15685895656759247,glister_a1,0.24457413120621765,0.3788072803921172,0.2305243207832804,7
brazilian_houses,hard_sparse,outlier,7004,0.2085079287057692,0.2986347924881212,0.19835455462180462,uniform,0.19491305717527807,0.3229981438972653,0.18048344378935186,2
brazilian_houses,hard_sparse,outlier,7004,0.2085079287057692,0.2986347924881212,0.19835455462180462,craig,0.219980107850507,0.3658523474726444,0.20354665665524538,10
brazilian_houses,hard_sparse,outlier,7004,0.2085079287057692,0.2986347924881212,0.19835455462180462,glister,0.2999139532461603,0.36223789727527195,0.2928927578826581,7
brazilian_houses,hard_sparse,outlier,7004,0.2085079287057692,0.2986347924881212,0.19835455462180462,craig_a1,0.22245540804403732,0.3310682117397546,0.21021947327442245,11
brazilian_houses,hard_sparse,outlier,7004,0.2085079287057692,0.2986347924881212,0.19835455462180462,craig_w_a1,0.19486699328565726,0.31144809782519023,0.18173337789246924,11
brazilian_houses,hard_sparse,outlier,7004,0.2085079287057692,0.2986347924881212,0.19835455462180462,glister_a1,0.316760815912995,0.4318602746002635,0.3037941175073361,7
brazilian_houses,hard_sparse,outlier,7005,0.40019351647619056,0.36388965633672365,0.4039159629954523,uniform,0.21330356977827963,0.35984700838702727,0.19827761631564067,10
brazilian_houses,hard_sparse,outlier,7005,0.40019351647619056,0.36388965633672365,0.4039159629954523,craig,0.27125511410356673,0.467848145386762,0.25109728399404396,5
brazilian_houses,hard_sparse,outlier,7005,0.40019351647619056,0.36388965633672365,0.4039159629954523,glister,0.2828289556547336,0.44088854834934904,0.266622183746686,4
brazilian_houses,hard_sparse,outlier,7005,0.40019351647619056,0.36388965633672365,0.4039159629954523,craig_a1,0.2881825076362137,0.3844357651012232,0.27831309975942664,16
brazilian_houses,hard_sparse,outlier,7005,0.40019351647619056,0.36388965633672365,0.4039159629954523,craig_w_a1,0.20900860595527176,0.3777270266219304,0.19170892224854713,16
brazilian_houses,hard_sparse,outlier,7005,0.40019351647619056,0.36388965633672365,0.4039159629954523,glister_a1,0.31022398290002,0.5337600951664151,0.2873035215540722,9
brazilian_houses,hard_sparse,outlier,7006,0.33363581278710586,0.43293272874120026,0.32303022076765914,uniform,0.21836039495135004,0.3456283340390331,0.20476730571840987,2
brazilian_houses,hard_sparse,outlier,7006,0.33363581278710586,0.43293272874120026,0.32303022076765914,craig,0.24062451543440702,0.3715808877490779,0.22663747622204872,4
brazilian_houses,hard_sparse,outlier,7006,0.33363581278710586,0.43293272874120026,0.32303022076765914,glister,0.24122023651619365,0.390387695358896,0.22528812829447717,6
brazilian_houses,hard_sparse,outlier,7006,0.33363581278710586,0.43293272874120026,0.32303022076765914,craig_a1,0.2853091714143368,0.4456925301410189,0.2681791281192346,9
brazilian_houses,hard_sparse,outlier,7006,0.33363581278710586,0.43293272874120026,0.32303022076765914,craig_w_a1,0.21547189848487636,0.37430372488391206,0.19850756948929588,9
brazilian_houses,hard_sparse,outlier,7006,0.33363581278710586,0.43293272874120026,0.32303022076765914,glister_a1,0.2739571332015082,0.3790588702084161,0.26273154645976315,9
brazilian_houses,hard_sparse,outlier,7007,0.1938163988958614,0.34147668382671004,0.17709005991260082,uniform,0.17957909162624164,0.36984763411495303,0.1580262675814586,9
brazilian_houses,hard_sparse,outlier,7007,0.1938163988958614,0.34147668382671004,0.17709005991260082,craig,0.24510106374618254,0.47193166199859965,0.2194066430702199,6
brazilian_houses,hard_sparse,outlier,7007,0.1938163988958614,0.34147668382671004,0.17709005991260082,glister,0.2675663114077138,0.5179902076672588,0.23919934069309226,8
brazilian_houses,hard_sparse,outlier,7007,0.1938163988958614,0.34147668382671004,0.17709005991260082,craig_a1,0.22319537238477885,0.42588906613602157,0.2002350792156289,17
brazilian_houses,hard_sparse,outlier,7007,0.1938163988958614,0.34147668382671004,0.17709005991260082,craig_w_a1,0.17130955940113526,0.37046616583041514,0.14874993267786313,17
brazilian_houses,hard_sparse,outlier,7007,0.1938163988958614,0.34147668382671004,0.17709005991260082,glister_a1,0.29420742980639,0.5010662334280338,0.2707753304259254,9
brazilian_houses,hard_sparse,outlier,7008,0.31952612884102927,0.35757379685613866,0.31527511090270965,uniform,0.14126013684258526,0.29922190510197305,0.12361126779303719,12
brazilian_houses,hard_sparse,outlier,7008,0.31952612884102927,0.35757379685613866,0.31527511090270965,craig,0.18747282505748458,0.3124897421426809,0.17350484265941654,5
brazilian_houses,hard_sparse,outlier,7008,0.31952612884102927,0.35757379685613866,0.31527511090270965,glister,0.17302167780125094,0.31092936746301375,0.15761342564893613,7
brazilian_houses,hard_sparse,outlier,7008,0.31952612884102927,0.35757379685613866,0.31527511090270965,craig_a1,0.2195965861754558,0.31153288576956173,0.2093246594281433,10
brazilian_houses,hard_sparse,outlier,7008,0.31952612884102927,0.35757379685613866,0.31527511090270965,craig_w_a1,0.15716895812434542,0.31655172734106113,0.13936132243087135,10
brazilian_houses,hard_sparse,outlier,7008,0.31952612884102927,0.35757379685613866,0.31527511090270965,glister_a1,0.1938490383522125,0.343265535298219,0.17715492168398167,10
brazilian_houses,hard_sparse,outlier,7009,0.19314100817524907,0.49841621847486106,0.16090907607617447,uniform,0.23386586168783902,0.5126450653661146,0.20443146262617473,3
brazilian_houses,hard_sparse,outlier,7009,0.19314100817524907,0.49841621847486106,0.16090907607617447,craig,0.26465813731968113,0.5441336988170293,0.23515021457452162,7
brazilian_houses,hard_sparse,outlier,7009,0.19314100817524907,0.49841621847486106,0.16090907607617447,glister,0.2859012644168114,0.5669723511148529,0.2562248810230436,14
brazilian_houses,hard_sparse,outlier,7009,0.19314100817524907,0.49841621847486106,0.16090907607617447,craig_a1,0.2970531148375743,0.5649403457047094,0.26876872506663857,16
brazilian_houses,hard_sparse,outlier,7009,0.19314100817524907,0.49841621847486106,0.16090907607617447,craig_w_a1,0.2186338991889934,0.5024247570827949,0.18867035366233997,16
brazilian_houses,hard_sparse,outlier,7009,0.19314100817524907,0.49841621847486106,0.16090907607617447,glister_a1,0.2681537900879023,0.5649063837218975,0.23682170308729797,15
nyc_taxi,sparse_init,clean,7000,0.5916484129035541,0.48609697916381295,0.6042295295160695,uniform,0.6238659140061867,0.566752544909995,0.6306734952135112,15
nyc_taxi,sparse_init,clean,7000,0.5916484129035541,0.48609697916381295,0.6042295295160695,craig,0.6390349752720881,0.5359962275404955,0.6513165943357867,30
nyc_taxi,sparse_init,clean,7000,0.5916484129035541,0.48609697916381295,0.6042295295160695,glister,0.6076413208445647,0.48547884502504324,0.6222023769998853,20
nyc_taxi,sparse_init,clean,7000,0.5916484129035541,0.48609697916381295,0.6042295295160695,craig_a1,0.6780251790232783,0.568577466592386,0.6910707093801781,19
nyc_taxi,sparse_init,clean,7000,0.5916484129035541,0.48609697916381295,0.6042295295160695,craig_w_a1,0.6136458575635525,0.5258421662641773,0.6241115465656604,19
nyc_taxi,sparse_init,clean,7000,0.5916484129035541,0.48609697916381295,0.6042295295160695,glister_a1,0.6377382463340757,0.6518313477859758,0.6360584306601782,10
nyc_taxi,sparse_init,clean,7001,0.6650855402607059,0.6720352828435187,0.6643112010621207,uniform,0.6328714660129604,0.6125157622837885,0.6351394952420235,19
nyc_taxi,sparse_init,clean,7001,0.6650855402607059,0.6720352828435187,0.6643112010621207,craig,0.654525262054126,0.6070431246115479,0.6598157141559527,23
nyc_taxi,sparse_init,clean,7001,0.6650855402607059,0.6720352828435187,0.6643112010621207,glister,0.643565442153825,0.6528402406052056,0.6425320456050604,21
nyc_taxi,sparse_init,clean,7001,0.6650855402607059,0.6720352828435187,0.6643112010621207,craig_a1,0.6799360519354908,0.7082956505756004,0.6767762300253257,24
nyc_taxi,sparse_init,clean,7001,0.6650855402607059,0.6720352828435187,0.6643112010621207,craig_w_a1,0.6337486538545766,0.6045060046355273,0.6370068651179382,24
nyc_taxi,sparse_init,clean,7001,0.6650855402607059,0.6720352828435187,0.6643112010621207,glister_a1,0.6700949396176262,0.7690502947895566,0.6590693498916068,30
nyc_taxi,sparse_init,clean,7002,0.6724636381586804,0.5611212616381607,0.6849037813941581,uniform,0.6059967695280127,0.5778781535355517,0.6091384270124401,17
nyc_taxi,sparse_init,clean,7002,0.6724636381586804,0.5611212616381607,0.6849037813941581,craig,0.6063525814029659,0.5349987680503665,0.6143248529337456,30
nyc_taxi,sparse_init,clean,7002,0.6724636381586804,0.5611212616381607,0.6849037813941581,glister,0.6063790830326361,0.602854633513299,0.6067728653302386,18
nyc_taxi,sparse_init,clean,7002,0.6724636381586804,0.5611212616381607,0.6849037813941581,craig_a1,0.6560732077956611,0.634740839400855,0.6584566463989718,19
nyc_taxi,sparse_init,clean,7002,0.6724636381586804,0.5611212616381607,0.6849037813941581,craig_w_a1,0.6133735207421446,0.523036390986961,0.6234667742612061,19
nyc_taxi,sparse_init,clean,7002,0.6724636381586804,0.5611212616381607,0.6849037813941581,glister_a1,0.6605899538639678,0.7418073754738862,0.6515156338286184,15
nyc_taxi,sparse_init,clean,7003,0.6089006252682356,0.5726755584673948,0.6131053205219045,uniform,0.6455017360586891,0.5752157043638093,0.6536599361661304,15
nyc_taxi,sparse_init,clean,7003,0.6089006252682356,0.5726755584673948,0.6131053205219045,craig,0.6693564888636601,0.5906244281939763,0.6784950316199626,36
nyc_taxi,sparse_init,clean,7003,0.6089006252682356,0.5726755584673948,0.6131053205219045,glister,0.6582868727206391,0.5802228614222783,0.6673478740320561,22
nyc_taxi,sparse_init,clean,7003,0.6089006252682356,0.5726755584673948,0.6131053205219045,craig_a1,0.7048984113512975,0.6206412737793661,0.7146782576766108,21
nyc_taxi,sparse_init,clean,7003,0.6089006252682356,0.5726755584673948,0.6131053205219045,craig_w_a1,0.6373647109141375,0.5327549474035572,0.6495069156073299,21
nyc_taxi,sparse_init,clean,7003,0.6089006252682356,0.5726755584673948,0.6131053205219045,glister_a1,0.7023470041348308,0.6408938127786274,0.7094799638458186,12
nyc_taxi,sparse_init,clean,7004,0.6599304716887425,0.5000975645448278,0.6770506862098317,uniform,0.6697302323156348,0.4986914722327719,0.6880507416297971,20
nyc_taxi,sparse_init,clean,7004,0.6599304716887425,0.5000975645448278,0.6770506862098317,craig,0.6858895559992457,0.5518385998037529,0.7002481831920648,30
nyc_taxi,sparse_init,clean,7004,0.6599304716887425,0.5000975645448278,0.6770506862098317,glister,0.6863920315853571,0.5150726338062217,0.7047426009018602,17
nyc_taxi,sparse_init,clean,7004,0.6599304716887425,0.5000975645448278,0.6770506862098317,craig_a1,0.7281966900575765,0.6858330705153229,0.7327343930088227,17
nyc_taxi,sparse_init,clean,7004,0.6599304716887425,0.5000975645448278,0.6770506862098317,craig_w_a1,0.6563482704222452,0.5032323249039212,0.6727490096737235,17
nyc_taxi,sparse_init,clean,7004,0.6599304716887425,0.5000975645448278,0.6770506862098317,glister_a1,0.702557114069919,0.5901045477876542,0.7146022685540697,5
nyc_taxi,sparse_init,clean,7005,0.6466842115315294,0.5865500961202226,0.6531806949139143,uniform,0.6481342217324406,0.558207772708693,0.6578492674718482,11
nyc_taxi,sparse_init,clean,7005,0.6466842115315294,0.5865500961202226,0.6531806949139143,craig,0.6499974927886897,0.5710889082882862,0.6585222429147721,22
nyc_taxi,sparse_init,clean,7005,0.6466842115315294,0.5865500961202226,0.6531806949139143,glister,0.6346706445551586,0.5351286659552379,0.6454244871185851,11
nyc_taxi,sparse_init,clean,7005,0.6466842115315294,0.5865500961202226,0.6531806949139143,craig_a1,0.7333057410825043,0.5792766882273145,0.7499459988701843,19
nyc_taxi,sparse_init,clean,7005,0.6466842115315294,0.5865500961202226,0.6531806949139143,craig_w_a1,0.6369492104551138,0.5187925614913358,0.6497140561880427,19
nyc_taxi,sparse_init,clean,7005,0.6466842115315294,0.5865500961202226,0.6531806949139143,glister_a1,0.6194505273190923,0.4289837539027621,0.6400272701535434,12
nyc_taxi,sparse_init,clean,7006,0.636375957611797,0.6545838060080341,0.6342682150498895,uniform,0.6494656927328522,0.7725705637955442,0.6352150591230845,25
nyc_taxi,sparse_init,clean,7006,0.636375957611797,0.6545838060080341,0.6342682150498895,craig,0.6357018839509379,0.6590870430878458,0.6329948153200265,23
nyc_taxi,sparse_init,clean,7006,0.636375957611797,0.6545838060080341,0.6342682150498895,glister,0.6050390887070262,0.6417562076827381,0.6007887109176481,19
nyc_taxi,sparse_init,clean,7006,0.636375957611797,0.6545838060080341,0.6342682150498895,craig_a1,0.6860954868497227,0.8124338395612057,0.671470545043512,20
nyc_taxi,sparse_init,clean,7006,0.636375957611797,0.6545838060080341,0.6342682150498895,craig_w_a1,0.6347042411919315,0.7653478075477875,0.6195809273738896,20
nyc_taxi,sparse_init,clean,7006,0.636375957611797,0.6545838060080341,0.6342682150498895,glister_a1,0.6697271519564719,0.9178934889177186,0.640999389100428,14
nyc_taxi,sparse_init,clean,7007,0.5923943540108514,0.706628956525043,0.5805421987831095,uniform,0.6111985566994508,0.7951732382932888,0.592110675827684,22
nyc_taxi,sparse_init,clean,7007,0.5923943540108514,0.706628956525043,0.5805421987831095,craig,0.622115795423607,0.7047261574965802,0.6135447424049982,25
nyc_taxi,sparse_init,clean,7007,0.5923943540108514,0.706628956525043,0.5805421987831095,glister,0.6166684027626997,0.733361128178601,0.6045612105010059,25
nyc_taxi,sparse_init,clean,7007,0.5923943540108514,0.706628956525043,0.5805421987831095,craig_a1,0.7014139172840984,0.9155723566449832,0.6791943882554855,36
nyc_taxi,sparse_init,clean,7007,0.5923943540108514,0.706628956525043,0.5805421987831095,craig_w_a1,0.5977315091541805,0.694094596333748,0.5877335729567417,36
nyc_taxi,sparse_init,clean,7007,0.5923943540108514,0.706628956525043,0.5805421987831095,glister_a1,0.6346686991363856,0.7509308890442926,0.6226061761216579,23
nyc_taxi,sparse_init,clean,7008,0.6417079971799304,0.5438409081327914,0.6524614287178515,uniform,0.6262421071738232,0.47007521475395914,0.6434013994596905,18
nyc_taxi,sparse_init,clean,7008,0.6417079971799304,0.5438409081327914,0.6524614287178515,craig,0.663449786575145,0.4522779931328581,0.6866529026137536,27
nyc_taxi,sparse_init,clean,7008,0.6417079971799304,0.5438409081327914,0.6524614287178515,glister,0.644485548402489,0.5017398285914908,0.6601701502463168,21
nyc_taxi,sparse_init,clean,7008,0.6417079971799304,0.5438409081327914,0.6524614287178515,craig_a1,0.7037080912039283,0.5376537241945744,0.7219537985667764,15
nyc_taxi,sparse_init,clean,7008,0.6417079971799304,0.5438409081327914,0.6524614287178515,craig_w_a1,0.6350667891875237,0.4577287479649068,0.6545523231287438,15
nyc_taxi,sparse_init,clean,7008,0.6417079971799304,0.5438409081327914,0.6524614287178515,glister_a1,0.6535483977902706,0.4965940391957322,0.6707942152163074,16
nyc_taxi,sparse_init,clean,7009,0.5942195497311702,0.4471571611876164,0.6099268219995189,uniform,0.6225579934445995,0.47530431629671976,0.6382856966485513,12
nyc_taxi,sparse_init,clean,7009,0.5942195497311702,0.4471571611876164,0.6099268219995189,craig,0.6324662286347426,0.4464776548220955,0.652331084609198,29
nyc_taxi,sparse_init,clean,7009,0.5942195497311702,0.4471571611876164,0.6099268219995189,glister,0.6428006656101259,0.501787715700161,0.6578618163199341,23
nyc_taxi,sparse_init,clean,7009,0.5942195497311702,0.4471571611876164,0.6099268219995189,craig_a1,0.7068852641627263,0.5870990528668585,0.7196792535263692,15
nyc_taxi,sparse_init,clean,7009,0.5942195497311702,0.4471571611876164,0.6099268219995189,craig_w_a1,0.6336147729826904,0.49596964657284603,0.6483162170319987,15
nyc_taxi,sparse_init,clean,7009,0.5942195497311702,0.4471571611876164,0.6099268219995189,glister_a1,0.6737234316321642,0.4695852059312477,0.6955267949748741,18
nyc_taxi,sparse_init,outlier,7000,0.6061593006948326,0.5395482349272699,0.6140989520705971,uniform,0.6358559641194195,0.5612093105158571,0.6447534107996427,10
nyc_taxi,sparse_init,outlier,7000,0.6061593006948326,0.5395482349272699,0.6140989520705971,craig,0.6546030780542232,0.5077457442561012,0.6721076175612181,21
nyc_taxi,sparse_init,outlier,7000,0.6061593006948326,0.5395482349272699,0.6140989520705971,glister,0.6586894446889499,0.5848227526412998,0.667493924490936,27
nyc_taxi,sparse_init,outlier,7000,0.6061593006948326,0.5395482349272699,0.6140989520705971,craig_a1,0.7207775427712734,0.5800902975764642,0.7375466436254952,16
nyc_taxi,sparse_init,outlier,7000,0.6061593006948326,0.5395482349272699,0.6140989520705971,craig_w_a1,0.6468986392173321,0.5430103090207254,0.6592815235664522,16
nyc_taxi,sparse_init,outlier,7000,0.6061593006948326,0.5395482349272699,0.6140989520705971,glister_a1,0.6519058955711794,0.5247852970556847,0.6670579310965294,11
nyc_taxi,sparse_init,outlier,7001,0.6132851108831908,0.7059576020238241,0.602959556855018,uniform,0.6778265404924116,0.7109052102982516,0.674140920433467,19
nyc_taxi,sparse_init,outlier,7001,0.6132851108831908,0.7059576020238241,0.602959556855018,craig,0.6853149300801102,0.6726618925023525,0.6867247294879126,26
nyc_taxi,sparse_init,outlier,7001,0.6132851108831908,0.7059576020238241,0.602959556855018,glister,0.7041615801664155,0.7063023648887533,0.7039230542776527,19
nyc_taxi,sparse_init,outlier,7001,0.6132851108831908,0.7059576020238241,0.602959556855018,craig_a1,0.7634551703067834,0.7883930997242092,0.7606765902299878,24
nyc_taxi,sparse_init,outlier,7001,0.6132851108831908,0.7059576020238241,0.602959556855018,craig_w_a1,0.6665803659863587,0.6686760897149236,0.66634686078626,24
nyc_taxi,sparse_init,outlier,7001,0.6132851108831908,0.7059576020238241,0.602959556855018,glister_a1,0.753175734004202,0.6795713636907744,0.7613767210827476,53
nyc_taxi,sparse_init,outlier,7002,0.6207180519661202,0.5376366029632431,0.6300006374300324,uniform,0.6117269562573728,0.5790605504246928,0.6153767325621915,13
nyc_taxi,sparse_init,outlier,7002,0.6207180519661202,0.5376366029632431,0.6300006374300324,craig,0.6329722049018078,0.5629181091122951,0.6407992606292632,28
nyc_taxi,sparse_init,outlier,7002,0.6207180519661202,0.5376366029632431,0.6300006374300324,glister,0.6397319874210892,0.6205630514915771,0.641873708444898,28
nyc_taxi,sparse_init,outlier,7002,0.6207180519661202,0.5376366029632431,0.6300006374300324,craig_a1,0.6692880227027477,0.6261213372134374,0.6741109820042214,14
nyc_taxi,sparse_init,outlier,7002,0.6207180519661202,0.5376366029632431,0.6300006374300324,craig_w_a1,0.6241039079302136,0.6165453998658247,0.6249484104988308,14
nyc_taxi,sparse_init,outlier,7002,0.6207180519661202,0.5376366029632431,0.6300006374300324,glister_a1,0.6496149157930672,0.5609479702862397,0.6595215617335187,7
nyc_taxi,sparse_init,outlier,7003,0.640536686299849,0.582798980561524,0.647238384287333,uniform,0.6736924862651645,0.6236994250869959,0.6794952522947734,13
nyc_taxi,sparse_init,outlier,7003,0.640536686299849,0.582798980561524,0.647238384287333,craig,0.6702507813084008,0.573053254457371,0.6815326371036096,30
nyc_taxi,sparse_init,outlier,7003,0.640536686299849,0.582798980561524,0.647238384287333,glister,0.6865828026736321,0.6465457193844311,0.691229964126843,24
nyc_taxi,sparse_init,outlier,7003,0.640536686299849,0.582798980561524,0.647238384287333,craig_a1,0.7245338003948254,0.6007461743763455,0.7389020069862562,21
nyc_taxi,sparse_init,outlier,7003,0.640536686299849,0.582798980561524,0.647238384287333,craig_w_a1,0.6614157534202871,0.5354643221928191,0.6760351159734755,21
nyc_taxi,sparse_init,outlier,7003,0.640536686299849,0.582798980561524,0.647238384287333,glister_a1,0.7190063121412913,0.7835502142661984,0.711514609216079,18
nyc_taxi,sparse_init,outlier,7004,0.823236631024774,0.6362364268171631,0.8432668217328684,uniform,0.6770211154981648,0.5232224941366939,0.6934949783453526,14
nyc_taxi,sparse_init,outlier,7004,0.823236631024774,0.6362364268171631,0.8432668217328684,craig,0.690187190473445,0.5685200086549768,0.7032193519358716,28
nyc_taxi,sparse_init,outlier,7004,0.823236631024774,0.6362364268171631,0.8432668217328684,glister,0.7046439038203988,0.5259864035492697,0.7237804807938077,24
nyc_taxi,sparse_init,outlier,7004,0.823236631024774,0.6362364268171631,0.8432668217328684,craig_a1,0.7326767388246672,0.6455016888694117,0.7420143375882111,13
nyc_taxi,sparse_init,outlier,7004,0.823236631024774,0.6362364268171631,0.8432668217328684,craig_w_a1,0.6686130127577989,0.5208698220575876,0.6844382590354027,13
nyc_taxi,sparse_init,outlier,7004,0.823236631024774,0.6362364268171631,0.8432668217328684,glister_a1,0.7435866316368464,0.7321831792866216,0.7448080919356388,10
nyc_taxi,sparse_init,outlier,7005,0.637202724300749,0.5078533614112846,0.6511767551946245,uniform,0.6548976713072343,0.558258226326802,0.6653379437566438,15
nyc_taxi,sparse_init,outlier,7005,0.637202724300749,0.5078533614112846,0.6511767551946245,craig,0.7005749400582887,0.5235065243472409,0.719704214885798,27
nyc_taxi,sparse_init,outlier,7005,0.637202724300749,0.5078533614112846,0.6511767551946245,glister,0.6910362457148317,0.49153901811719014,0.7125885777821669,21
nyc_taxi,sparse_init,outlier,7005,0.637202724300749,0.5078533614112846,0.6511767551946245,craig_a1,0.7470960944127341,0.6326235956488173,0.7594629294592513,19
nyc_taxi,sparse_init,outlier,7005,0.637202724300749,0.5078533614112846,0.6511767551946245,craig_w_a1,0.6734605056674287,0.5275348262618874,0.6892253297583318,19
nyc_taxi,sparse_init,outlier,7005,0.637202724300749,0.5078533614112846,0.6511767551946245,glister_a1,0.714949073205604,0.5138323782275507,0.7366763615827343,2
nyc_taxi,sparse_init,outlier,7006,0.6364343088375546,0.70679798944348,0.628289001319714,uniform,0.6468059393404518,0.6834595120274157,0.6425629176765495,20
nyc_taxi,sparse_init,outlier,7006,0.6364343088375546,0.70679798944348,0.628289001319714,craig,0.6814446226215635,0.7603031261294697,0.6723159534567709,21
nyc_taxi,sparse_init,outlier,7006,0.6364343088375546,0.70679798944348,0.628289001319714,glister,0.6618613987302354,0.653222626997188,0.6628614239099326,19
nyc_taxi,sparse_init,outlier,7006,0.6364343088375546,0.70679798944348,0.628289001319714,craig_a1,0.7514362156843838,0.8296906257582046,0.7423774764429233,22
nyc_taxi,sparse_init,outlier,7006,0.6364343088375546,0.70679798944348,0.628289001319714,craig_w_a1,0.6508872962672642,0.6503052115865163,0.6509546784548541,22
nyc_taxi,sparse_init,outlier,7006,0.6364343088375546,0.70679798944348,0.628289001319714,glister_a1,0.6768141858113065,0.6737711836267519,0.6771664440837165,21
nyc_taxi,sparse_init,outlier,7007,0.6215703386343985,0.6993250790285271,0.6135030697634843,uniform,0.6408000397454405,0.7488163099720135,0.6295930536512928,25
nyc_taxi,sparse_init,outlier,7007,0.6215703386343985,0.6993250790285271,0.6135030697634843,craig,0.66793860233381,0.8270355506833544,0.6514318549333054,23
nyc_taxi,sparse_init,outlier,7007,0.6215703386343985,0.6993250790285271,0.6135030697634843,glister,0.6511541768489318,0.8215568576301452,0.6334744285118081,24
nyc_taxi,sparse_init,outlier,7007,0.6215703386343985,0.6993250790285271,0.6135030697634843,craig_a1,0.7317296660870123,0.8726581744294731,0.7171079444709071,28
nyc_taxi,sparse_init,outlier,7007,0.6215703386343985,0.6993250790285271,0.6135030697634843,craig_w_a1,0.6507053352982104,0.7514262840415208,0.6402552589385291,28
nyc_taxi,sparse_init,outlier,7007,0.6215703386343985,0.6993250790285271,0.6135030697634843,glister_a1,0.6929054672554917,0.9242977676706866,0.66889787758769,20
nyc_taxi,sparse_init,outlier,7008,0.7066413418344148,0.6186681487969347,0.7163076527231058,uniform,0.6569958110245547,0.6065682267821104,0.6625366887604062,13
nyc_taxi,sparse_init,outlier,7008,0.7066413418344148,0.6186681487969347,0.7163076527231058,craig,0.6693476747847581,0.6782038951131609,0.6683745717742011,20
nyc_taxi,sparse_init,outlier,7008,0.7066413418344148,0.6186681487969347,0.7163076527231058,glister,0.6853836199215605,0.6237564746136625,0.6921550820586102,24
nyc_taxi,sparse_init,outlier,7008,0.7066413418344148,0.6186681487969347,0.7163076527231058,craig_a1,0.7024715503415768,0.5984754760984948,0.7138984219842686,19
nyc_taxi,sparse_init,outlier,7008,0.7066413418344148,0.6186681487969347,0.7163076527231058,craig_w_a1,0.6490733595858623,0.583801230024182,0.6562453249872013,19
nyc_taxi,sparse_init,outlier,7008,0.7066413418344148,0.6186681487969347,0.7163076527231058,glister_a1,0.7252819350576193,0.6646934161274902,0.731939275095447,17
nyc_taxi,sparse_init,outlier,7009,0.5961332891723339,0.4604356535996065,0.6106267278361613,uniform,0.6530959146648503,0.5039442656176153,0.6690263342919208,11
nyc_taxi,sparse_init,outlier,7009,0.5961332891723339,0.4604356535996065,0.6106267278361613,craig,0.6733501003354989,0.541583060902709,0.6874237243590343,29
nyc_taxi,sparse_init,outlier,7009,0.5961332891723339,0.4604356535996065,0.6106267278361613,glister,0.6625430739750212,0.5129322063705684,0.6785225412952532,21
nyc_taxi,sparse_init,outlier,7009,0.5961332891723339,0.4604356535996065,0.6106267278361613,craig_a1,0.711475807249135,0.6700270577885976,0.7159028181212345,16
nyc_taxi,sparse_init,outlier,7009,0.5961332891723339,0.4604356535996065,0.6106267278361613,craig_w_a1,0.6675289210058437,0.5545066500198181,0.6796004751288669,16
nyc_taxi,sparse_init,outlier,7009,0.5961332891723339,0.4604356535996065,0.6106267278361613,glister_a1,0.6801501018024696,0.5043861544408669,0.6989228975084959,13
nyc_taxi,sparse_all,clean,7000,0.5954108443667522,0.4718185545955499,0.6101423260238681,uniform,0.5895658572669811,0.495048984829679,0.600831718391293,6
nyc_taxi,sparse_all,clean,7000,0.5954108443667522,0.4718185545955499,0.6101423260238681,craig,0.6059360819907039,0.5108510140251726,0.617269668715191,3
nyc_taxi,sparse_all,clean,7000,0.5954108443667522,0.4718185545955499,0.6101423260238681,glister,0.6075665790902772,0.549067476809318,0.6145393316285225,4
nyc_taxi,sparse_all,clean,7000,0.5954108443667522,0.4718185545955499,0.6101423260238681,craig_a1,0.6524950724218712,0.5876515266814007,0.6602240456970364,4
nyc_taxi,sparse_all,clean,7000,0.5954108443667522,0.4718185545955499,0.6101423260238681,craig_w_a1,0.593186027479362,0.5287504691528763,0.6008663710291894,4
nyc_taxi,sparse_all,clean,7000,0.5954108443667522,0.4718185545955499,0.6101423260238681,glister_a1,0.6460060053586859,0.6030048969330005,0.6511314872247581,3
nyc_taxi,sparse_all,clean,7001,0.6324205358597985,0.5976377121443637,0.6362960324727158,uniform,0.6618057805187246,0.6223591439561219,0.6662009184074726,5
nyc_taxi,sparse_all,clean,7001,0.6324205358597985,0.5976377121443637,0.6362960324727158,craig,0.6618837269709118,0.66309979402571,0.6617482329756426,1
nyc_taxi,sparse_all,clean,7001,0.6324205358597985,0.5976377121443637,0.6362960324727158,glister,0.6829874773466872,0.7736624827761525,0.6728844828545465,2
nyc_taxi,sparse_all,clean,7001,0.6324205358597985,0.5976377121443637,0.6362960324727158,craig_a1,0.7179898798765205,0.8120519604419919,0.7075094980185727,2
nyc_taxi,sparse_all,clean,7001,0.6324205358597985,0.5976377121443637,0.6362960324727158,craig_w_a1,0.6476806630559031,0.652122653866614,0.6471857371556266,2
nyc_taxi,sparse_all,clean,7001,0.6324205358597985,0.5976377121443637,0.6362960324727158,glister_a1,0.6918656070933202,0.8044835430587507,0.6793177348170941,8
nyc_taxi,sparse_all,clean,7002,0.5801877624904448,0.49974779291728083,0.5891752187907261,uniform,0.6230364663848322,0.6247968457552964,0.6228397814190383,6
nyc_taxi,sparse_all,clean,7002,0.5801877624904448,0.49974779291728083,0.5891752187907261,craig,0.6474208358027264,0.5915768378849082,0.6536602152254509,8
nyc_taxi,sparse_all,clean,7002,0.5801877624904448,0.49974779291728083,0.5891752187907261,glister,0.6208136776894955,0.5380032233963198,0.6300659852564372,6
nyc_taxi,sparse_all,clean,7002,0.5801877624904448,0.49974779291728083,0.5891752187907261,craig_a1,0.6881782810865609,0.7033051288718218,0.6864881774707534,8
nyc_taxi,sparse_all,clean,7002,0.5801877624904448,0.49974779291728083,0.5891752187907261,craig_w_a1,0.6190520276256962,0.5873381807051075,0.6225953757252173,8
nyc_taxi,sparse_all,clean,7002,0.5801877624904448,0.49974779291728083,0.5891752187907261,glister_a1,0.6507156594182426,0.5555567363691655,0.6613476458178338,1
nyc_taxi,sparse_all,clean,7003,0.648078535070588,0.6365050880368286,0.6494218816012921,uniform,0.6200984617522134,0.5379975381378052,0.6296280332431715,4
nyc_taxi,sparse_all,clean,7003,0.648078535070588,0.6365050880368286,0.6494218816012921,craig,0.6483393919473946,0.5541033015431627,0.6592775095836002,5
nyc_taxi,sparse_all,clean,7003,0.648078535070588,0.6365050880368286,0.6494218816012921,glister,0.6275508281363795,0.5141736738562247,0.6407106764010404,6
nyc_taxi,sparse_all,clean,7003,0.648078535070588,0.6365050880368286,0.6494218816012921,craig_a1,0.7040621212229498,0.6413522611900072,0.7113409442624876,4
nyc_taxi,sparse_all,clean,7003,0.648078535070588,0.6365050880368286,0.6494218816012921,craig_w_a1,0.6384760690881787,0.5783822362048263,0.6454512461192821,4
nyc_taxi,sparse_all,clean,7003,0.648078535070588,0.6365050880368286,0.6494218816012921,glister_a1,0.667893320569485,0.5868303542531091,0.6773024148740643,3
nyc_taxi,sparse_all,clean,7004,0.7553169912489481,0.5950392110240337,0.7724848575503714,uniform,0.6767747136181861,0.49238651084135887,0.6965251244885521,4
nyc_taxi,sparse_all,clean,7004,0.7553169912489481,0.5950392110240337,0.7724848575503714,craig,0.6380905742612709,0.4731118956610795,0.6557619688414741,6
nyc_taxi,sparse_all,clean,7004,0.7553169912489481,0.5950392110240337,0.7724848575503714,glister,0.6576416089280976,0.4518727740188651,0.679682167773897,4
nyc_taxi,sparse_all,clean,7004,0.7553169912489481,0.5950392110240337,0.7724848575503714,craig_a1,0.6770202951112293,0.5136954166377308,0.694514545863857,2
nyc_taxi,sparse_all,clean,7004,0.7553169912489481,0.5950392110240337,0.7724848575503714,craig_w_a1,0.6395448610328818,0.4726130028128455,0.6574254669368824,2
nyc_taxi,sparse_all,clean,7004,0.7553169912489481,0.5950392110240337,0.7724848575503714,glister_a1,0.7138381704018643,0.5585493867922047,0.7304716492994393,2
nyc_taxi,sparse_all,clean,7005,0.5881680139504057,0.5373603253383497,0.5936569332187442,uniform,0.6212836768098173,0.601108502600697,0.6234632662673124,6
nyc_taxi,sparse_all,clean,7005,0.5881680139504057,0.5373603253383497,0.5936569332187442,craig,0.6532034241965187,0.573382300048326,0.6618267589382901,4
nyc_taxi,sparse_all,clean,7005,0.5881680139504057,0.5373603253383497,0.5936569332187442,glister,0.6527391702975897,0.5798997952006288,0.6606082440615273,3
nyc_taxi,sparse_all,clean,7005,0.5881680139504057,0.5373603253383497,0.5936569332187442,craig_a1,0.721299765969234,0.6778038838381164,0.7259987670858921,2
nyc_taxi,sparse_all,clean,7005,0.5881680139504057,0.5373603253383497,0.5936569332187442,craig_w_a1,0.6370153464107716,0.6473337702789571,0.6359006136383085,2
nyc_taxi,sparse_all,clean,7005,0.5881680139504057,0.5373603253383497,0.5936569332187442,glister_a1,0.6933363177372183,0.5688126441071292,0.706789013780358,1
nyc_taxi,sparse_all,clean,7006,0.6306579890912487,0.6759913945094966,0.6254101890219119,uniform,0.6375748244289976,0.6759824866476627,0.633128749165191,7
nyc_taxi,sparse_all,clean,7006,0.6306579890912487,0.6759913945094966,0.6254101890219119,craig,0.6225669623463608,0.7044921683479561,0.6130832913587284,6
nyc_taxi,sparse_all,clean,7006,0.6306579890912487,0.6759913945094966,0.6254101890219119,glister,0.6138358324428915,0.6666634492071062,0.6077205016319713,5
nyc_taxi,sparse_all,clean,7006,0.6306579890912487,0.6759913945094966,0.6254101890219119,craig_a1,0.677369986375958,0.770210369111735,0.6666227733117047,4
nyc_taxi,sparse_all,clean,7006,0.6306579890912487,0.6759913945094966,0.6254101890219119,craig_w_a1,0.6111012563136394,0.6440312557182589,0.6072892759083627,4
nyc_taxi,sparse_all,clean,7006,0.6306579890912487,0.6759913945094966,0.6254101890219119,glister_a1,0.6445567150825913,0.7794130714767399,0.6289457282196702,4
nyc_taxi,sparse_all,clean,7007,0.6536567920296357,0.8213771303718785,0.6362553441221624,uniform,0.6265864932897168,0.7367686301912131,0.6151547925515924,10
nyc_taxi,sparse_all,clean,7007,0.6536567920296357,0.8213771303718785,0.6362553441221624,craig,0.6465519254315943,0.7976406426463399,0.630876054109093,9
nyc_taxi,sparse_all,clean,7007,0.6536567920296357,0.8213771303718785,0.6362553441221624,glister,0.6280854478554283,0.7878256476784838,0.6115119613395704,4
nyc_taxi,sparse_all,clean,7007,0.6536567920296357,0.8213771303718785,0.6362553441221624,craig_a1,0.6974889887075895,0.8898101172205182,0.6775351409369325,7
nyc_taxi,sparse_all,clean,7007,0.6536567920296357,0.8213771303718785,0.6362553441221624,craig_w_a1,0.6440071187076613,0.7890081130293904,0.6289628654336629,7
nyc_taxi,sparse_all,clean,7007,0.6536567920296357,0.8213771303718785,0.6362553441221624,glister_a1,0.6513391231311929,0.7964711091531419,0.6362812791068405,15
nyc_taxi,sparse_all,clean,7008,0.6014802875525714,0.46307221137657,0.616688278164585,uniform,0.6168648825808611,0.5966138105835553,0.6190900281166363,4
nyc_taxi,sparse_all,clean,7008,0.6014802875525714,0.46307221137657,0.616688278164585,craig,0.6456771017718016,0.5378459394158033,0.6575253648941588,8
nyc_taxi,sparse_all,clean,7008,0.6014802875525714,0.46307221137657,0.616688278164585,glister,0.6046325130271093,0.5108172915488951,0.6149407338110641,5
nyc_taxi,sparse_all,clean,7008,0.6014802875525714,0.46307221137657,0.616688278164585,craig_a1,0.726124326674528,0.7889927143142919,0.7192164794199923,2
nyc_taxi,sparse_all,clean,7008,0.6014802875525714,0.46307221137657,0.616688278164585,craig_w_a1,0.6197418079738505,0.6022375010242045,0.6216651446975072,2
nyc_taxi,sparse_all,clean,7008,0.6014802875525714,0.46307221137657,0.616688278164585,glister_a1,0.6712801882172773,0.6291922906343076,0.6759047185843293,0
nyc_taxi,sparse_all,clean,7009,0.6036051904763521,0.45910105710864746,0.6190392235366547,uniform,0.6265805431694907,0.4729516520977515,0.6429891629685199,6
nyc_taxi,sparse_all,clean,7009,0.6036051904763521,0.45910105710864746,0.6190392235366547,craig,0.6737219901804126,0.49501094630700443,0.6928095560174728,7
nyc_taxi,sparse_all,clean,7009,0.6036051904763521,0.45910105710864746,0.6190392235366547,glister,0.6430607910279973,0.5323111499374322,0.6548896126829387,3
nyc_taxi,sparse_all,clean,7009,0.6036051904763521,0.45910105710864746,0.6190392235366547,craig_a1,0.686665905387383,0.6553461703332102,0.6900110680135344,4
nyc_taxi,sparse_all,clean,7009,0.6036051904763521,0.45910105710864746,0.6190392235366547,craig_w_a1,0.6419224847396378,0.5078589539007122,0.6562413898043377,4
nyc_taxi,sparse_all,clean,7009,0.6036051904763521,0.45910105710864746,0.6190392235366547,glister_a1,0.758386497086082,0.6871731295548451,0.76599257341897,2
nyc_taxi,sparse_all,outlier,7000,0.6207061272676039,0.5893139484402261,0.6244478922873193,uniform,0.6226153010585526,0.5099131400548516,0.6360487427450597,3
nyc_taxi,sparse_all,outlier,7000,0.6207061272676039,0.5893139484402261,0.6244478922873193,craig,0.6487373479333268,0.5601614335348705,0.6592950814346538,6
nyc_taxi,sparse_all,outlier,7000,0.6207061272676039,0.5893139484402261,0.6244478922873193,glister,0.6681335010499799,0.5776657991074162,0.6789167246167208,4
nyc_taxi,sparse_all,outlier,7000,0.6207061272676039,0.5893139484402261,0.6244478922873193,craig_a1,0.6933091128059432,0.5427382417648448,0.7112562843402206,3
nyc_taxi,sparse_all,outlier,7000,0.6207061272676039,0.5893139484402261,0.6244478922873193,craig_w_a1,0.6180698732464867,0.5058267636792566,0.6314485986733585,3
nyc_taxi,sparse_all,outlier,7000,0.6207061272676039,0.5893139484402261,0.6244478922873193,glister_a1,0.6525119354280242,0.5026373471139179,0.6703761141134774,4
nyc_taxi,sparse_all,outlier,7001,0.634920241799959,0.711430040156812,0.626395532397042,uniform,0.6568945716726939,0.6022867431749314,0.6629789671235421,1
nyc_taxi,sparse_all,outlier,7001,0.634920241799959,0.711430040156812,0.626395532397042,craig,0.666235952497533,0.5793748537369503,0.6759140021232606,5
nyc_taxi,sparse_all,outlier,7001,0.634920241799959,0.711430040156812,0.626395532397042,glister,0.6800120514116487,0.7325819567351265,0.674154721032456,6
nyc_taxi,sparse_all,outlier,7001,0.634920241799959,0.711430040156812,0.626395532397042,craig_a1,0.7336862236498145,0.6607983007421991,0.741807384273864,4
nyc_taxi,sparse_all,outlier,7001,0.634920241799959,0.711430040156812,0.626395532397042,craig_w_a1,0.6369932419424058,0.5803832523083886,0.6433007178643954,4
nyc_taxi,sparse_all,outlier,7001,0.634920241799959,0.711430040156812,0.626395532397042,glister_a1,0.7471977243737588,0.6198387401002503,0.7613880418768644,16
nyc_taxi,sparse_all,outlier,7002,0.5734740822525634,0.4901849683004386,0.582779869859221,uniform,0.6138297588249905,0.6307114555048177,0.6119435881564826,7
nyc_taxi,sparse_all,outlier,7002,0.5734740822525634,0.4901849683004386,0.582779869859221,craig,0.6483439347440746,0.604797380219366,0.65320933633355,13
nyc_taxi,sparse_all,outlier,7002,0.5734740822525634,0.4901849683004386,0.582779869859221,glister,0.6372853553096026,0.5177439786760069,0.6506415624821167,5
nyc_taxi,sparse_all,outlier,7002,0.5734740822525634,0.4901849683004386,0.582779869859221,craig_a1,0.7281545141898749,0.70612347379539,0.7306160145341167,9
nyc_taxi,sparse_all,outlier,7002,0.5734740822525634,0.4901849683004386,0.582779869859221,craig_w_a1,0.6045498393143107,0.519479222553264,0.6140546719818873,9
nyc_taxi,sparse_all,outlier,7002,0.5734740822525634,0.4901849683004386,0.582779869859221,glister_a1,0.6503043121239442,0.5509222596249304,0.6614081434481809,2
nyc_taxi,sparse_all,outlier,7003,0.5946728130116479,0.5499726624050099,0.5998612233499185,uniform,0.6340610830110328,0.5317576080640892,0.645935593495946,2
nyc_taxi,sparse_all,outlier,7003,0.5946728130116479,0.5499726624050099,0.5998612233499185,craig,0.6329570820121904,0.5155472141646757,0.6465850131016339,5
nyc_taxi,sparse_all,outlier,7003,0.5946728130116479,0.5499726624050099,0.5998612233499185,glister,0.6459905886860953,0.5436822985879586,0.6578656580724862,5
nyc_taxi,sparse_all,outlier,7003,0.5946728130116479,0.5499726624050099,0.5998612233499185,craig_a1,0.7004688050903277,0.6099962118140323,0.7109700882384692,2
nyc_taxi,sparse_all,outlier,7003,0.5946728130116479,0.5499726624050099,0.5998612233499185,craig_w_a1,0.6408234945462213,0.5316102059721668,0.6535000369699956,2
nyc_taxi,sparse_all,outlier,7003,0.5946728130116479,0.5499726624050099,0.5998612233499185,glister_a1,0.6902814903225214,0.5733878434447383,0.7038495029065499,1
nyc_taxi,sparse_all,outlier,7004,0.8108945749525764,0.6303171583563135,0.8302368003117667,uniform,0.6883237266334732,0.5687166314969687,0.7011352256143276,3
nyc_taxi,sparse_all,outlier,7004,0.8108945749525764,0.6303171583563135,0.8302368003117667,craig,0.6457032427368314,0.5462254307544078,0.6563586297385469,4
nyc_taxi,sparse_all,outlier,7004,0.8108945749525764,0.6303171583563135,0.8302368003117667,glister,0.6780450061821814,0.5009879923094427,0.6970101499321814,4
nyc_taxi,sparse_all,outlier,7004,0.8108945749525764,0.6303171583563135,0.8302368003117667,craig_a1,0.6971963018112725,0.5540711575777161,0.7125268943433472,1
nyc_taxi,sparse_all,outlier,7004,0.8108945749525764,0.6303171583563135,0.8302368003117667,craig_w_a1,0.6560862961605134,0.5336244731414859,0.6692035741866311,1
nyc_taxi,sparse_all,outlier,7004,0.8108945749525764,0.6303171583563135,0.8302368003117667,glister_a1,0.7140820255694541,0.6073286715513977,0.7255167191772558,0
nyc_taxi,sparse_all,outlier,7005,0.602993074356291,0.5160717566088008,0.6123834660243024,uniform,0.6263533911926474,0.5445283946696104,0.6351932107616182,4
nyc_taxi,sparse_all,outlier,7005,0.602993074356291,0.5160717566088008,0.6123834660243024,craig,0.6830161843417891,0.6844568123592017,0.6828605486279967,4
nyc_taxi,sparse_all,outlier,7005,0.602993074356291,0.5160717566088008,0.6123834660243024,glister,0.6754987171310295,0.46269969778531533,0.6984880848719791,2
nyc_taxi,sparse_all,outlier,7005,0.602993074356291,0.5160717566088008,0.6123834660243024,craig_a1,0.7225928565856318,0.5521378420401347,0.7410076642512118,3
nyc_taxi,sparse_all,outlier,7005,0.602993074356291,0.5160717566088008,0.6123834660243024,craig_w_a1,0.6496320353372584,0.6147169630220513,0.653404023759123,3
nyc_taxi,sparse_all,outlier,7005,0.602993074356291,0.5160717566088008,0.6123834660243024,glister_a1,0.6959371398929649,0.5783556134634001,0.7086398532745523,2
nyc_taxi,sparse_all,outlier,7006,0.6238298846368593,0.7143779550839431,0.6133480298989125,uniform,0.6432173395869265,0.7897103088421876,0.6262592971208363,5
nyc_taxi,sparse_all,outlier,7006,0.6238298846368593,0.7143779550839431,0.6133480298989125,craig,0.6746444031548451,0.7645985117646441,0.6642313055054542,6
nyc_taxi,sparse_all,outlier,7006,0.6238298846368593,0.7143779550839431,0.6133480298989125,glister,0.6751489753998019,0.8106446658161571,0.6594639791591358,3
nyc_taxi,sparse_all,outlier,7006,0.6238298846368593,0.7143779550839431,0.6133480298989125,craig_a1,0.7161039080772313,0.8226455807454074,0.7037706321616685,3
nyc_taxi,sparse_all,outlier,7006,0.6238298846368593,0.7143779550839431,0.6133480298989125,craig_w_a1,0.6398999481407457,0.7547442213110555,0.6266055622646847,3
nyc_taxi,sparse_all,outlier,7006,0.6238298846368593,0.7143779550839431,0.6133480298989125,glister_a1,0.6969302958117984,0.7412267298536783,0.6918025356646911,2
nyc_taxi,sparse_all,outlier,7007,0.6419720249392523,0.8008814669885203,0.6254847318348028,uniform,0.694194911934572,0.9225280234372855,0.6705047215579106,7
nyc_taxi,sparse_all,outlier,7007,0.6419720249392523,0.8008814669885203,0.6254847318348028,craig,0.6788680826063096,0.8896724480777888,0.6569965479988935,4
nyc_taxi,sparse_all,outlier,7007,0.6419720249392523,0.8008814669885203,0.6254847318348028,glister,0.7062650341299622,0.9288510852968221,0.6831711171214802,5
nyc_taxi,sparse_all,outlier,7007,0.6419720249392523,0.8008814669885203,0.6254847318348028,craig_a1,0.7194935492967178,0.8304691644466077,0.7079795230008131,8
nyc_taxi,sparse_all,outlier,7007,0.6419720249392523,0.8008814669885203,0.6254847318348028,craig_w_a1,0.6572735937514889,0.8301489053856009,0.6393373031404441,8
nyc_taxi,sparse_all,outlier,7007,0.6419720249392523,0.8008814669885203,0.6254847318348028,glister_a1,0.7135226313782189,0.8881152365340329,0.6954081668256289,8
nyc_taxi,sparse_all,outlier,7008,0.639578485441245,0.5865596462409371,0.6454040848650304,uniform,0.6626757338237194,0.5226853810107627,0.6780575816910697,3
nyc_taxi,sparse_all,outlier,7008,0.639578485441245,0.5865596462409371,0.6454040848650304,craig,0.7113440548554016,0.5804226100577106,0.7257294300329503,7
nyc_taxi,sparse_all,outlier,7008,0.639578485441245,0.5865596462409371,0.6454040848650304,glister,0.6990709324207355,0.5754993952200763,0.7126487150876225,5
nyc_taxi,sparse_all,outlier,7008,0.639578485441245,0.5865596462409371,0.6454040848650304,craig_a1,0.7706704665918572,0.6165021137098937,0.7876101635233937,5
nyc_taxi,sparse_all,outlier,7008,0.639578485441245,0.5865596462409371,0.6454040848650304,craig_w_a1,0.6908519964627612,0.6214325435306107,0.698479661102365,5
nyc_taxi,sparse_all,outlier,7008,0.639578485441245,0.5865596462409371,0.6454040848650304,glister_a1,0.7229342597731151,0.5765266062015991,0.7390212272576657,3
nyc_taxi,sparse_all,outlier,7009,0.6468757675890722,0.501339412451439,0.662420049017718,uniform,0.6243363456002987,0.5125819067625174,0.6362724865497685,4
nyc_taxi,sparse_all,outlier,7009,0.6468757675890722,0.501339412451439,0.662420049017718,craig,0.7141382378437431,0.6789818626639178,0.7178931799631157,11
nyc_taxi,sparse_all,outlier,7009,0.6468757675890722,0.501339412451439,0.662420049017718,glister,0.6697548620575774,0.581219744912099,0.6792110201146209,6
nyc_taxi,sparse_all,outlier,7009,0.6468757675890722,0.501339412451439,0.662420049017718,craig_a1,0.7168201527432968,0.7700627367355134,0.7111334794115328,6
nyc_taxi,sparse_all,outlier,7009,0.6468757675890722,0.501339412451439,0.662420049017718,craig_w_a1,0.6550282481382769,0.5772523211621248,0.663335250853494,6
nyc_taxi,sparse_all,outlier,7009,0.6468757675890722,0.501339412451439,0.662420049017718,glister_a1,0.6878527689789182,0.5265202789531225,0.7050841860098969,2
nyc_taxi,hard,clean,7000,0.7019377899029865,0.6561944621154142,0.7073901283578007,uniform,0.6124831310437796,0.6134949993358703,0.6123625222322434,15
nyc_taxi,hard,clean,7000,0.7019377899029865,0.6561944621154142,0.7073901283578007,craig,0.6507667501974306,0.6828265696257648,0.6469454063036224,14
nyc_taxi,hard,clean,7000,0.7019377899029865,0.6561944621154142,0.7073901283578007,glister,0.6351077235639653,0.638736451792764,0.6346752002776004,20
nyc_taxi,hard,clean,7000,0.7019377899029865,0.6561944621154142,0.7073901283578007,craig_a1,0.6745093985787105,0.6777945958448588,0.6741178221838086,16
nyc_taxi,hard,clean,7000,0.7019377899029865,0.6561944621154142,0.7073901283578007,craig_w_a1,0.6216785064965613,0.6271966633261549,0.6210207743170965,16
nyc_taxi,hard,clean,7000,0.7019377899029865,0.6561944621154142,0.7073901283578007,glister_a1,0.6954706482315209,0.7771678978344505,0.6857328115413006,14
nyc_taxi,hard,clean,7001,0.6685628276950468,0.7482149825451446,0.659687997438062,uniform,0.662276336843474,0.7328669578272792,0.6544111412295519,19
nyc_taxi,hard,clean,7001,0.6685628276950468,0.7482149825451446,0.659687997438062,craig,0.6714569907841256,0.6758637531849905,0.6709659900275969,23
nyc_taxi,hard,clean,7001,0.6685628276950468,0.7482149825451446,0.659687997438062,glister,0.6541375071698087,0.6544623202173319,0.6541013165523991,24
nyc_taxi,hard,clean,7001,0.6685628276950468,0.7482149825451446,0.659687997438062,craig_a1,0.6927033160070676,0.7167953867245073,0.6900189813703091,26
nyc_taxi,hard,clean,7001,0.6685628276950468,0.7482149825451446,0.659687997438062,craig_w_a1,0.6669560549584714,0.7010735654113937,0.6631546874420442,26
nyc_taxi,hard,clean,7001,0.6685628276950468,0.7482149825451446,0.659687997438062,glister_a1,0.6445638817520765,0.6193663991541075,0.6473713812024198,34
nyc_taxi,hard,clean,7002,0.5919577043114396,0.569903742397173,0.5944217656481643,uniform,0.6194216551294753,0.6152456316057293,0.6198882369684264,11
nyc_taxi,hard,clean,7002,0.5919577043114396,0.569903742397173,0.5944217656481643,craig,0.6285617986219767,0.6173123376623717,0.6298186867002873,22
nyc_taxi,hard,clean,7002,0.5919577043114396,0.569903742397173,0.5944217656481643,glister,0.6295661939843847,0.6028822764691993,0.6325475544182659,15
nyc_taxi,hard,clean,7002,0.5919577043114396,0.569903742397173,0.5944217656481643,craig_a1,0.6769103776118146,0.6291976525732249,0.6822412601758818,17
nyc_taxi,hard,clean,7002,0.5919577043114396,0.569903742397173,0.5944217656481643,craig_w_a1,0.6133117894054863,0.5854893665489443,0.6164203536045774,17
nyc_taxi,hard,clean,7002,0.5919577043114396,0.569903742397173,0.5944217656481643,glister_a1,0.6193935015284286,0.5982710677799516,0.621753484398603,12
nyc_taxi,hard,clean,7003,0.6438106512886334,0.5971994506153009,0.6492208799382165,uniform,0.6523390184843524,0.5977030640131648,0.6586806917711868,11
nyc_taxi,hard,clean,7003,0.6438106512886334,0.5971994506153009,0.6492208799382165,craig,0.6374960778498993,0.5840866059610932,0.6436953915512785,26
nyc_taxi,hard,clean,7003,0.6438106512886334,0.5971994506153009,0.6492208799382165,glister,0.6467193434441565,0.6266175332949401,0.6490525892650477,19
nyc_taxi,hard,clean,7003,0.6438106512886334,0.5971994506153009,0.6492208799382165,craig_a1,0.7214561349892286,0.6428999869810129,0.7305742593116106,19
nyc_taxi,hard,clean,7003,0.6438106512886334,0.5971994506153009,0.6492208799382165,craig_w_a1,0.6552229650166982,0.6154190917439311,0.6598430574501444,19
nyc_taxi,hard,clean,7003,0.6438106512886334,0.5971994506153009,0.6492208799382165,glister_a1,0.647867286563021,0.6266730365402758,0.6503273334406608,10
nyc_taxi,hard,clean,7004,0.631852766268436,0.556717393080568,0.6399007566984678,uniform,0.6614694485764071,0.5733566360774824,0.6709074940890237,10
nyc_taxi,hard,clean,7004,0.631852766268436,0.556717393080568,0.6399007566984678,craig,0.6701506718989017,0.5892252437975406,0.678818853652355,21
nyc_taxi,hard,clean,7004,0.631852766268436,0.556717393080568,0.6399007566984678,glister,0.6960281999207123,0.5996155994034347,0.7063552623065927,20
nyc_taxi,hard,clean,7004,0.631852766268436,0.556717393080568,0.6399007566984678,craig_a1,0.7466713832164662,0.6029659810537085,0.7620641290335123,19
nyc_taxi,hard,clean,7004,0.631852766268436,0.556717393080568,0.6399007566984678,craig_w_a1,0.6635754706023237,0.569814547217367,0.6736185033590295,19
nyc_taxi,hard,clean,7004,0.631852766268436,0.556717393080568,0.6399007566984678,glister_a1,0.7567903666208924,0.6807176029169318,0.7649387639509321,7
nyc_taxi,hard,clean,7005,0.6320100893320014,0.5954778028617287,0.6359567906404242,uniform,0.6536582461748421,0.581920614926578,0.661408294980056,10
nyc_taxi,hard,clean,7005,0.6320100893320014,0.5954778028617287,0.6359567906404242,craig,0.6757967922972964,0.6012812907601239,0.6838469434328912,26
nyc_taxi,hard,clean,7005,0.6320100893320014,0.5954778028617287,0.6359567906404242,glister,0.6796911002430263,0.6121749701986046,0.6869850865913156,12
nyc_taxi,hard,clean,7005,0.6320100893320014,0.5954778028617287,0.6359567906404242,craig_a1,0.7390582457251241,0.6122561463565871,0.75275708748516,18
nyc_taxi,hard,clean,7005,0.6320100893320014,0.5954778028617287,0.6359567906404242,craig_w_a1,0.6656670924354098,0.5786621144590138,0.6750665221890925,18
nyc_taxi,hard,clean,7005,0.6320100893320014,0.5954778028617287,0.6359567906404242,glister_a1,0.7230742241057739,0.621197366828319,0.7340803111800698,5
nyc_taxi,hard,clean,7006,0.7184497139196389,0.8002689753107892,0.7089783070919324,uniform,0.648763031776039,0.6660985431348904,0.6467562710469112,16
nyc_taxi,hard,clean,7006,0.7184497139196389,0.8002689753107892,0.7089783070919324,craig,0.656181331654481,0.6811381587962201,0.6532923265599699,20
nyc_taxi,hard,clean,7006,0.7184497139196389,0.8002689753107892,0.7089783070919324,glister,0.6556253712196712,0.681491020904187,0.6526311607262058,14
nyc_taxi,hard,clean,7006,0.7184497139196389,0.8002689753107892,0.7089783070919324,craig_a1,0.6786594127026465,0.7552036970212962,0.6697986378094137,16
nyc_taxi,hard,clean,7006,0.7184497139196389,0.8002689753107892,0.7089783070919324,craig_w_a1,0.6291228537087667,0.6801313009800564,0.6232181101613232,16
nyc_taxi,hard,clean,7006,0.7184497139196389,0.8002689753107892,0.7089783070919324,glister_a1,0.7039643999562439,0.7496270429245601,0.698678487311376,15
nyc_taxi,hard,clean,7007,0.6706754728342239,0.8892161235384685,0.6480012772865429,uniform,0.654288181079527,0.7686729269338235,0.6424204480659466,19
nyc_taxi,hard,clean,7007,0.6706754728342239,0.8892161235384685,0.6480012772865429,craig,0.6680140064303806,0.7809700694466105,0.6562945032035311,22
nyc_taxi,hard,clean,7007,0.6706754728342239,0.8892161235384685,0.6480012772865429,glister,0.643977639850039,0.7939933724790138,0.6284130936390856,25
nyc_taxi,hard,clean,7007,0.6706754728342239,0.8892161235384685,0.6480012772865429,craig_a1,0.7063465419206031,0.7801307390049956,0.6986912278743196,28
nyc_taxi,hard,clean,7007,0.6706754728342239,0.8892161235384685,0.6480012772865429,craig_w_a1,0.6547796293088818,0.7397774459673436,0.6459608712891296,28
nyc_taxi,hard,clean,7007,0.6706754728342239,0.8892161235384685,0.6480012772865429,glister_a1,0.6849156858132259,0.7605529750884273,0.6770681083387569,33
nyc_taxi,hard,clean,7008,0.6293900427350586,0.5788518501135553,0.6349430738888087,uniform,0.6558871607755388,0.5577814878830545,0.6666668074085641,10
nyc_taxi,hard,clean,7008,0.6293900427350586,0.5788518501135553,0.6349430738888087,craig,0.6705710832296882,0.5675547528864551,0.681890302656969,19
nyc_taxi,hard,clean,7008,0.6293900427350586,0.5788518501135553,0.6349430738888087,glister,0.6367967749607142,0.5069889925036556,0.651059783244009,15
nyc_taxi,hard,clean,7008,0.6293900427350586,0.5788518501135553,0.6349430738888087,craig_a1,0.7458497492092583,0.593042895293843,0.7626398474752141,15
nyc_taxi,hard,clean,7008,0.6293900427350586,0.5788518501135553,0.6349430738888087,craig_w_a1,0.629722551219181,0.5206443413405687,0.6417078373212705,15
nyc_taxi,hard,clean,7008,0.6293900427350586,0.5788518501135553,0.6349430738888087,glister_a1,0.6896855625694522,0.6351285790724894,0.6956801700791074,11
nyc_taxi,hard,clean,7009,0.7529585141455059,0.6084795780700817,0.768389855962084,uniform,0.6386080181664272,0.5749126233239993,0.6454111234262991,8
nyc_taxi,hard,clean,7009,0.7529585141455059,0.6084795780700817,0.768389855962084,craig,0.6617137260886822,0.5584141137914487,0.6727468335448893,28
nyc_taxi,hard,clean,7009,0.7529585141455059,0.6084795780700817,0.768389855962084,glister,0.6151283675306471,0.5546131923233556,0.6215918035101752,18
nyc_taxi,hard,clean,7009,0.7529585141455059,0.6084795780700817,0.768389855962084,craig_a1,0.6598632788811689,0.5717152015104264,0.6692780984343251,15
nyc_taxi,hard,clean,7009,0.7529585141455059,0.6084795780700817,0.768389855962084,craig_w_a1,0.6103771284153116,0.5421467790205425,0.6176645979411503,15
nyc_taxi,hard,clean,7009,0.7529585141455059,0.6084795780700817,0.768389855962084,glister_a1,0.6639267652206118,0.5796170412502862,0.672931622291045,6
nyc_taxi,hard,outlier,7000,0.6383432415895359,0.5963518418688225,0.6433483720542881,uniform,0.6341650188888043,0.5511184156779391,0.6440636906761094,11
nyc_taxi,hard,outlier,7000,0.6383432415895359,0.5963518418688225,0.6433483720542881,craig,0.6394475022214835,0.5345289752118377,0.6519531800351681,21
nyc_taxi,hard,outlier,7000,0.6383432415895359,0.5963518418688225,0.6433483720542881,glister,0.6415162522288529,0.5444419108012479,0.6530869487728259,19
nyc_taxi,hard,outlier,7000,0.6383432415895359,0.5963518418688225,0.6433483720542881,craig_a1,0.6898215227410924,0.6008090322751136,0.7004312935688783,15
nyc_taxi,hard,outlier,7000,0.6383432415895359,0.5963518418688225,0.6433483720542881,craig_w_a1,0.6221898475138541,0.5479548046269469,0.631038232592148,15
nyc_taxi,hard,outlier,7000,0.6383432415895359,0.5963518418688225,0.6433483720542881,glister_a1,0.6433679525056846,0.5694275892803169,0.6521812134833026,11
nyc_taxi,hard,outlier,7001,0.6465800298812102,0.6952356054227509,0.6411588334955037,uniform,0.6477217375712148,0.6670444168406003,0.6455688077609831,15
nyc_taxi,hard,outlier,7001,0.6465800298812102,0.6952356054227509,0.6411588334955037,craig,0.6931939208389304,0.6978552404816254,0.6926745573555403,26
nyc_taxi,hard,outlier,7001,0.6465800298812102,0.6952356054227509,0.6411588334955037,glister,0.7063226453245459,0.7086279447503917,0.7060657892340306,15
nyc_taxi,hard,outlier,7001,0.6465800298812102,0.6952356054227509,0.6411588334955037,craig_a1,0.746684892138707,0.7727452238161491,0.7437812541829819,22
nyc_taxi,hard,outlier,7001,0.6465800298812102,0.6952356054227509,0.6411588334955037,craig_w_a1,0.647648783214155,0.7019998296075189,0.6415929983839967,22
nyc_taxi,hard,outlier,7001,0.6465800298812102,0.6952356054227509,0.6411588334955037,glister_a1,0.738831805987999,0.7315867169938296,0.7396390526361407,15
nyc_taxi,hard,outlier,7002,0.5980996084434135,0.5613794998464513,0.6022022998430742,uniform,0.6284788773551434,0.6034517032569812,0.6312751319375395,12
nyc_taxi,hard,outlier,7002,0.5980996084434135,0.5613794998464513,0.6022022998430742,craig,0.6451540173797441,0.6309891981445571,0.6467366347595511,26
nyc_taxi,hard,outlier,7002,0.5980996084434135,0.5613794998464513,0.6022022998430742,glister,0.6559464657032396,0.5775116364285908,0.6647098902080781,24
nyc_taxi,hard,outlier,7002,0.5980996084434135,0.5613794998464513,0.6022022998430742,craig_a1,0.7138958604285638,0.6368298255108887,0.7225063512670589,19
nyc_taxi,hard,outlier,7002,0.5980996084434135,0.5613794998464513,0.6022022998430742,craig_w_a1,0.6446952830017783,0.5839281639073316,0.6514847165415134,19
nyc_taxi,hard,outlier,7002,0.5980996084434135,0.5613794998464513,0.6022022998430742,glister_a1,0.7006665293053127,0.7159316518696983,0.6989609764229106,13
nyc_taxi,hard,outlier,7003,0.6422766294164943,0.6610703640592329,0.6400952137883194,uniform,0.6967929865772516,0.6655671571006305,0.7004174132129307,17
nyc_taxi,hard,outlier,7003,0.6422766294164943,0.6610703640592329,0.6400952137883194,craig,0.7345303376604005,0.6725206826580622,0.7417278869017433,22
nyc_taxi,hard,outlier,7003,0.6422766294164943,0.6610703640592329,0.6400952137883194,glister,0.6937254608020255,0.6010897875332682,0.7044778157350063,22
nyc_taxi,hard,outlier,7003,0.6422766294164943,0.6610703640592329,0.6400952137883194,craig_a1,0.7562117435037093,0.6291974914317918,0.7709544691906284,16
nyc_taxi,hard,outlier,7003,0.6422766294164943,0.6610703640592329,0.6400952137883194,craig_w_a1,0.7050802230876215,0.6335570695652091,0.7133820176929017,16
nyc_taxi,hard,outlier,7003,0.6422766294164943,0.6610703640592329,0.6400952137883194,glister_a1,0.7171438410380179,0.588856836290401,0.7320342969462234,18
nyc_taxi,hard,outlier,7004,0.6472654158794896,0.5703141603808743,0.6555079112788709,uniform,0.6873979241068058,0.5798146609065046,0.6989215119447567,11
nyc_taxi,hard,outlier,7004,0.6472654158794896,0.5703141603808743,0.6555079112788709,craig,0.6852944024237727,0.5758794166497077,0.6970141919323704,36
nyc_taxi,hard,outlier,7004,0.6472654158794896,0.5703141603808743,0.6555079112788709,glister,0.6730992757955278,0.5773190798486607,0.6833585993027068,16
nyc_taxi,hard,outlier,7004,0.6472654158794896,0.5703141603808743,0.6555079112788709,craig_a1,0.7451101761404829,0.649739758330564,0.7553256069991705,14
nyc_taxi,hard,outlier,7004,0.6472654158794896,0.5703141603808743,0.6555079112788709,craig_w_a1,0.7004039558010738,0.6044456517522163,0.7106823570374169,14
nyc_taxi,hard,outlier,7004,0.6472654158794896,0.5703141603808743,0.6555079112788709,glister_a1,0.6821051436034197,0.6431109319288669,0.6862819384880176,8
nyc_taxi,hard,outlier,7005,0.6645619213571125,0.5940928719988102,0.6721749211492837,uniform,0.67308925609863,0.619449905432073,0.6788840889961253,9
nyc_taxi,hard,outlier,7005,0.6645619213571125,0.5940928719988102,0.6721749211492837,craig,0.6950341222439361,0.6094717725845493,0.7042777001849778,23
nyc_taxi,hard,outlier,7005,0.6645619213571125,0.5940928719988102,0.6721749211492837,glister,0.6884798360377059,0.6137067506938284,0.6965578147867675,23
nyc_taxi,hard,outlier,7005,0.6645619213571125,0.5940928719988102,0.6721749211492837,craig_a1,0.7756369046995351,0.6558455794374745,0.788578349810949,13
nyc_taxi,hard,outlier,7005,0.6645619213571125,0.5940928719988102,0.6721749211492837,craig_w_a1,0.6837807869106205,0.6078518111110682,0.6919836402518463,13
nyc_taxi,hard,outlier,7005,0.6645619213571125,0.5940928719988102,0.6721749211492837,glister_a1,0.7071176954680887,0.6145974208581408,0.7171129605921549,3
nyc_taxi,hard,outlier,7006,0.6325101915005439,0.7019203260376797,0.6244752665820191,uniform,0.6401415420101498,0.6987237382685775,0.6333600604349066,15
nyc_taxi,hard,outlier,7006,0.6325101915005439,0.7019203260376797,0.6244752665820191,craig,0.6497229719597799,0.7427610864641768,0.6389528694439292,13
nyc_taxi,hard,outlier,7006,0.6325101915005439,0.7019203260376797,0.6244752665820191,glister,0.6664008978290485,0.7394692449837473,0.6579424978097459,12
nyc_taxi,hard,outlier,7006,0.6325101915005439,0.7019203260376797,0.6244752665820191,craig_a1,0.7114432366224007,0.7623986796282749,0.7055446288546356,13
nyc_taxi,hard,outlier,7006,0.6325101915005439,0.7019203260376797,0.6244752665820191,craig_w_a1,0.6503686595365038,0.7536865268385113,0.6384085716898278,13
nyc_taxi,hard,outlier,7006,0.6325101915005439,0.7019203260376797,0.6244752665820191,glister_a1,0.7123258376242813,0.7465925174688053,0.7083591229421398,8
nyc_taxi,hard,outlier,7007,0.6006421960436372,0.7820596735021969,0.5818196321572082,uniform,0.6504637920023476,0.8087150680773659,0.6340447854338579,18
nyc_taxi,hard,outlier,7007,0.6006421960436372,0.7820596735021969,0.5818196321572082,craig,0.6766139537666984,0.8090389427651127,0.6628744957469954,21
nyc_taxi,hard,outlier,7007,0.6006421960436372,0.7820596735021969,0.5818196321572082,glister,0.677353903538259,0.8077417812713371,0.6638258014335026,24
nyc_taxi,hard,outlier,7007,0.6006421960436372,0.7820596735021969,0.5818196321572082,craig_a1,0.7273053912749301,0.8219481269794799,0.7174859462901312,21
nyc_taxi,hard,outlier,7007,0.6006421960436372,0.7820596735021969,0.5818196321572082,craig_w_a1,0.6599467253167484,0.7959640959621076,0.6458345477884218,21
nyc_taxi,hard,outlier,7007,0.6006421960436372,0.7820596735021969,0.5818196321572082,glister_a1,0.7179067333617443,0.7637106541945337,0.7131544501848324,22
nyc_taxi,hard,outlier,7008,0.662355487058059,0.620504240174201,0.6669540147400811,uniform,0.6479772014334901,0.5674290748603905,0.6568276615119992,10
nyc_taxi,hard,outlier,7008,0.662355487058059,0.620504240174201,0.6669540147400811,craig,0.6685471042978378,0.5542561282505355,0.6811051582697389,18
nyc_taxi,hard,outlier,7008,0.662355487058059,0.620504240174201,0.6669540147400811,glister,0.7016627692234776,0.5914000453164296,0.7137782072554395,17
nyc_taxi,hard,outlier,7008,0.662355487058059,0.620504240174201,0.6669540147400811,craig_a1,0.7135559979488516,0.6778396680533632,0.7174804337531286,17
nyc_taxi,hard,outlier,7008,0.662355487058059,0.620504240174201,0.6669540147400811,craig_w_a1,0.6658274801655772,0.574657658938408,0.6758450298897611,17
nyc_taxi,hard,outlier,7008,0.662355487058059,0.620504240174201,0.6669540147400811,glister_a1,0.6949676092244056,0.590634509885207,0.7064315124814319,10
nyc_taxi,hard,outlier,7009,0.629354471275071,0.5425765180976364,0.6386229521623122,uniform,0.662874169312398,0.5320966189482492,0.6768421091133281,10
nyc_taxi,hard,outlier,7009,0.629354471275071,0.5425765180976364,0.6386229521623122,craig,0.698891333552248,0.5457089378225431,0.7152522645848064,21
nyc_taxi,hard,outlier,7009,0.629354471275071,0.5425765180976364,0.6386229521623122,glister,0.6880723281035441,0.606022862228847,0.6968357740990153,10
nyc_taxi,hard,outlier,7009,0.629354471275071,0.5425765180976364,0.6386229521623122,craig_a1,0.7480215451668699,0.6226951381459187,0.7614072654518967,21
nyc_taxi,hard,outlier,7009,0.629354471275071,0.5425765180976364,0.6386229521623122,craig_w_a1,0.6647460739268062,0.5397527742410825,0.6780962160625807,21
nyc_taxi,hard,outlier,7009,0.629354471275071,0.5425765180976364,0.6386229521623122,glister_a1,0.7141387857387974,0.6297389178157056,0.7231532708019723,7
nyc_taxi,hard_sparse,clean,7000,0.5903169321126107,0.6462623568903372,0.5836485630708337,uniform,0.6049085692927435,0.6858938006713144,0.595255601031056,5
nyc_taxi,hard_sparse,clean,7000,0.5903169321126107,0.6462623568903372,0.5836485630708337,craig,0.6064806358622834,0.6574727992094004,0.6004026667559957,3
nyc_taxi,hard_sparse,clean,7000,0.5903169321126107,0.6462623568903372,0.5836485630708337,glister,0.6067775891560985,0.6439792973423302,0.6023433620471631,5
nyc_taxi,hard_sparse,clean,7000,0.5903169321126107,0.6462623568903372,0.5836485630708337,craig_a1,0.6923208399537482,0.7433705617466908,0.6862360102156974,3
nyc_taxi,hard_sparse,clean,7000,0.5903169321126107,0.6462623568903372,0.5836485630708337,craig_w_a1,0.607676176979709,0.6744769071734433,0.5997139187081559,3
nyc_taxi,hard_sparse,clean,7000,0.5903169321126107,0.6462623568903372,0.5836485630708337,glister_a1,0.6520551350525023,0.6027286051548096,0.6579345703452883,3
nyc_taxi,hard_sparse,clean,7001,0.6524391976231176,0.7176926205265244,0.6451686717591927,uniform,0.6596028750886951,0.7135942765665076,0.6535871618370689,4
nyc_taxi,hard_sparse,clean,7001,0.6524391976231176,0.7176926205265244,0.6451686717591927,craig,0.6594940612263166,0.6923763586966092,0.655830320941352,6
nyc_taxi,hard_sparse,clean,7001,0.6524391976231176,0.7176926205265244,0.6451686717591927,glister,0.6468611717813818,0.6838123572933495,0.6427440766465389,4
nyc_taxi,hard_sparse,clean,7001,0.6524391976231176,0.7176926205265244,0.6451686717591927,craig_a1,0.7221011230726915,0.7503259463050037,0.7189563178167435,2
nyc_taxi,hard_sparse,clean,7001,0.6524391976231176,0.7176926205265244,0.6451686717591927,craig_w_a1,0.6480716313528273,0.6873619459532891,0.6436939108319091,2
nyc_taxi,hard_sparse,clean,7001,0.6524391976231176,0.7176926205265244,0.6451686717591927,glister_a1,0.688687615713622,0.7227254442597536,0.6848951263424082,8
nyc_taxi,hard_sparse,clean,7002,0.7160554801067189,0.662397900953908,0.7220505737196787,uniform,0.6096712421166436,0.6166850585474862,0.6088875972569441,2
nyc_taxi,hard_sparse,clean,7002,0.7160554801067189,0.662397900953908,0.7220505737196787,craig,0.6236690518727855,0.6408756881774605,0.6217465761100063,10
nyc_taxi,hard_sparse,clean,7002,0.7160554801067189,0.662397900953908,0.7220505737196787,glister,0.6231516738247328,0.6195407675136704,0.6235551158305824,2
nyc_taxi,hard_sparse,clean,7002,0.7160554801067189,0.662397900953908,0.7220505737196787,craig_a1,0.651031613919008,0.6588817073774957,0.6501545328822341,3
nyc_taxi,hard_sparse,clean,7002,0.7160554801067189,0.662397900953908,0.7220505737196787,craig_w_a1,0.6180746073798755,0.6354496662372522,0.6161333139778007,3
nyc_taxi,hard_sparse,clean,7002,0.7160554801067189,0.662397900953908,0.7220505737196787,glister_a1,0.6745211800926139,0.6596202047523294,0.6761860472651525,1
nyc_taxi,hard_sparse,clean,7003,0.6337452381383656,0.6207959059806689,0.6352482856209554,uniform,0.6181810424475974,0.5937179732771788,0.6210205058334497,3
nyc_taxi,hard_sparse,clean,7003,0.6337452381383656,0.6207959059806689,0.6352482856209554,craig,0.62136397957665,0.5697889047470949,0.6273503721907948,4
nyc_taxi,hard_sparse,clean,7003,0.6337452381383656,0.6207959059806689,0.6352482856209554,glister,0.6028161312508011,0.5355407035316762,0.610624886253914,5
nyc_taxi,hard_sparse,clean,7003,0.6337452381383656,0.6207959059806689,0.6352482856209554,craig_a1,0.6900982440424062,0.6077243586793917,0.6996594985934703,0
nyc_taxi,hard_sparse,clean,7003,0.6337452381383656,0.6207959059806689,0.6352482856209554,craig_w_a1,0.6263944393753352,0.5671217398607055,0.6332743062832833,0
nyc_taxi,hard_sparse,clean,7003,0.6337452381383656,0.6207959059806689,0.6352482856209554,glister_a1,0.6444790958746553,0.5972180274389414,0.6499647556038006,5
nyc_taxi,hard_sparse,clean,7004,0.6722197977777626,0.576053654575762,0.6825204613313673,uniform,0.6540040230861817,0.540198363591906,0.6661941117173149,5
nyc_taxi,hard_sparse,clean,7004,0.6722197977777626,0.576053654575762,0.6825204613313673,craig,0.6624319329771963,0.5664575911543053,0.6727120520708744,7
nyc_taxi,hard_sparse,clean,7004,0.6722197977777626,0.576053654575762,0.6825204613313673,glister,0.6762508248471102,0.5946015495724044,0.6849965401892943,3
nyc_taxi,hard_sparse,clean,7004,0.6722197977777626,0.576053654575762,0.6825204613313673,craig_a1,0.7235671696601025,0.589189685958093,0.737960772259792,3
nyc_taxi,hard_sparse,clean,7004,0.6722197977777626,0.576053654575762,0.6825204613313673,craig_w_a1,0.6715596559379738,0.5903568203371143,0.6802575516970474,3
nyc_taxi,hard_sparse,clean,7004,0.6722197977777626,0.576053654575762,0.6825204613313673,glister_a1,0.689759675408729,0.5939061827920527,0.7000268499569309,2
nyc_taxi,hard_sparse,clean,7005,0.5852257599928443,0.5552598312124443,0.5884630763984832,uniform,0.6058938639590101,0.6194254966927633,0.6044319978187985,4
nyc_taxi,hard_sparse,clean,7005,0.5852257599928443,0.5552598312124443,0.5884630763984832,craig,0.6515675835778053,0.5979114986804885,0.6573642243284851,4
nyc_taxi,hard_sparse,clean,7005,0.5852257599928443,0.5552598312124443,0.5884630763984832,glister,0.6521522909831229,0.5966873008485997,0.6581443536292346,2
nyc_taxi,hard_sparse,clean,7005,0.5852257599928443,0.5552598312124443,0.5884630763984832,craig_a1,0.6898890959734096,0.6366228799214495,0.6956436179291615,4
nyc_taxi,hard_sparse,clean,7005,0.5852257599928443,0.5552598312124443,0.5884630763984832,craig_w_a1,0.6187840633914943,0.6018704944765173,0.6206112910582094,4
nyc_taxi,hard_sparse,clean,7005,0.5852257599928443,0.5552598312124443,0.5884630763984832,glister_a1,0.6804270613660197,0.6438791494069498,0.6843754507466395,1
nyc_taxi,hard_sparse,clean,7006,0.6235966172418504,0.6850625432577092,0.6164813147881318,uniform,0.6172900364928486,0.6764375959123011,0.6104431084150042,4
nyc_taxi,hard_sparse,clean,7006,0.6235966172418504,0.6850625432577092,0.6164813147881318,craig,0.6272136072359455,0.7192501006076121,0.6165594524941767,5
nyc_taxi,hard_sparse,clean,7006,0.6235966172418504,0.6850625432577092,0.6164813147881318,glister,0.6431313105642819,0.7146681588094577,0.6348501970296243,2
nyc_taxi,hard_sparse,clean,7006,0.6235966172418504,0.6850625432577092,0.6164813147881318,craig_a1,0.7167207940436038,0.724356175915503,0.7158369213861873,3
nyc_taxi,hard_sparse,clean,7006,0.6235966172418504,0.6850625432577092,0.6164813147881318,craig_w_a1,0.6332215554670161,0.6550685686770492,0.6306925427802201,3
nyc_taxi,hard_sparse,clean,7006,0.6235966172418504,0.6850625432577092,0.6164813147881318,glister_a1,0.6235597010871824,0.7077329745814525,0.6138157935557675,4
nyc_taxi,hard_sparse,clean,7007,0.6321297735626151,0.8276849744379358,0.6118403818603193,uniform,0.631091015054606,0.7885448816578807,0.6147547419191669,9
nyc_taxi,hard_sparse,clean,7007,0.6321297735626151,0.8276849744379358,0.6118403818603193,craig,0.6731674653905468,0.8962070576668629,0.6500264922404655,4
nyc_taxi,hard_sparse,clean,7007,0.6321297735626151,0.8276849744379358,0.6118403818603193,glister,0.6426613084136202,0.8271205437095889,0.6235231537581883,7
nyc_taxi,hard_sparse,clean,7007,0.6321297735626151,0.8276849744379358,0.6118403818603193,craig_a1,0.7030782605672284,0.8811247461236317,0.6846054463925022,7
nyc_taxi,hard_sparse,clean,7007,0.6321297735626151,0.8276849744379358,0.6118403818603193,craig_w_a1,0.6544588344176402,0.8610192918028545,0.6330276169847372,7
nyc_taxi,hard_sparse,clean,7007,0.6321297735626151,0.8276849744379358,0.6118403818603193,glister_a1,0.6591536043063857,0.8696056761434962,0.637318621135648,12
nyc_taxi,hard_sparse,clean,7008,0.6559373642936437,0.5942758295732722,0.6627126050675801,uniform,0.6264645186801031,0.5613651851644517,0.6336174976124554,4
nyc_taxi,hard_sparse,clean,7008,0.6559373642936437,0.5942758295732722,0.6627126050675801,craig,0.6114382330752901,0.5479044136573454,0.6184191965851419,3
nyc_taxi,hard_sparse,clean,7008,0.6559373642936437,0.5942758295732722,0.6627126050675801,glister,0.6248832467258529,0.6281212579769531,0.6245274608059207,5
nyc_taxi,hard_sparse,clean,7008,0.6559373642936437,0.5942758295732722,0.6627126050675801,craig_a1,0.6810586157789886,0.6971919372066909,0.6792859200838249,4
nyc_taxi,hard_sparse,clean,7008,0.6559373642936437,0.5942758295732722,0.6627126050675801,craig_w_a1,0.6056868612277995,0.555213739739728,0.6112327425011836,4
nyc_taxi,hard_sparse,clean,7008,0.6559373642936437,0.5942758295732722,0.6627126050675801,glister_a1,0.6314537396774162,0.7362789612036663,0.6199357630613245,3
nyc_taxi,hard_sparse,clean,7009,0.8189716324971127,0.6491761866704142,0.8371069512821445,uniform,0.6470854936726153,0.5473937313835252,0.657733257990155,4
nyc_taxi,hard_sparse,clean,7009,0.8189716324971127,0.6491761866704142,0.8371069512821445,craig,0.6169210866684699,0.547754842127309,0.6243085162182452,4
nyc_taxi,hard_sparse,clean,7009,0.8189716324971127,0.6491761866704142,0.8371069512821445,glister,0.6212297910114867,0.5302869693967622,0.6309431084280012,4
nyc_taxi,hard_sparse,clean,7009,0.8189716324971127,0.6491761866704142,0.8371069512821445,craig_a1,0.668807588113151,0.560644749942571,0.6803601214650724,2
nyc_taxi,hard_sparse,clean,7009,0.8189716324971127,0.6491761866704142,0.8371069512821445,craig_w_a1,0.6442206481958437,0.52155958358537,0.657321691621312,2
nyc_taxi,hard_sparse,clean,7009,0.8189716324971127,0.6491761866704142,0.8371069512821445,glister_a1,0.6539283297543825,0.5670014095405582,0.6632127213433522,4
nyc_taxi,hard_sparse,outlier,7000,0.7741112730588959,0.7178667694003273,0.7808152905626872,uniform,0.6560598614796431,0.7242466454770421,0.6479323936612627,5
nyc_taxi,hard_sparse,outlier,7000,0.7741112730588959,0.7178667694003273,0.7808152905626872,craig,0.6521448681411176,0.6535887199511429,0.6519727694083054,7
nyc_taxi,hard_sparse,outlier,7000,0.7741112730588959,0.7178667694003273,0.7808152905626872,glister,0.6591377581498598,0.7316763638503124,0.6504915785112496,6
nyc_taxi,hard_sparse,outlier,7000,0.7741112730588959,0.7178667694003273,0.7808152905626872,craig_a1,0.7037605709604612,0.7320255239804773,0.7003915530571242,2
nyc_taxi,hard_sparse,outlier,7000,0.7741112730588959,0.7178667694003273,0.7808152905626872,craig_w_a1,0.6476455524231934,0.7218959832641876,0.6387953331903273,2
nyc_taxi,hard_sparse,outlier,7000,0.7741112730588959,0.7178667694003273,0.7808152905626872,glister_a1,0.7220247212491807,0.8155977092815597,0.710871365652708,4
nyc_taxi,hard_sparse,outlier,7001,0.6383833209805974,0.6959091311030646,0.6319738044873744,uniform,0.6565272727718224,0.6688140618805295,0.6551582807094187,5
nyc_taxi,hard_sparse,outlier,7001,0.6383833209805974,0.6959091311030646,0.6319738044873744,craig,0.7189275630899664,0.6822900812181831,0.7230097054157749,5
nyc_taxi,hard_sparse,outlier,7001,0.6383833209805974,0.6959091311030646,0.6319738044873744,glister,0.6845988060190434,0.67343363710768,0.685842827339815,5
nyc_taxi,hard_sparse,outlier,7001,0.6383833209805974,0.6959091311030646,0.6319738044873744,craig_a1,0.7587658203218869,0.8043479062118202,0.7536870716578516,7
nyc_taxi,hard_sparse,outlier,7001,0.6383833209805974,0.6959091311030646,0.6319738044873744,craig_w_a1,0.6621288203923031,0.691618694717113,0.6588430633474994,7
nyc_taxi,hard_sparse,outlier,7001,0.6383833209805974,0.6959091311030646,0.6319738044873744,glister_a1,0.7350715588236089,0.7272226174739246,0.7359460866038876,2
nyc_taxi,hard_sparse,outlier,7002,0.5990450663963791,0.6017962665882476,0.5987376782704394,uniform,0.6405564656261447,0.7316775561849326,0.6303756211557076,11
nyc_taxi,hard_sparse,outlier,7002,0.5990450663963791,0.6017962665882476,0.5987376782704394,craig,0.6654241731035851,0.7305102230951939,0.6581521908643895,9
nyc_taxi,hard_sparse,outlier,7002,0.5990450663963791,0.6017962665882476,0.5987376782704394,glister,0.6920360769382369,0.7232056517092971,0.6885535396792135,7
nyc_taxi,hard_sparse,outlier,7002,0.5990450663963791,0.6017962665882476,0.5987376782704394,craig_a1,0.7249616021709452,0.8283727007353247,0.7134076106137244,5
nyc_taxi,hard_sparse,outlier,7002,0.5990450663963791,0.6017962665882476,0.5987376782704394,craig_w_a1,0.6348823331434551,0.7064758397544794,0.6268832809873596,5
nyc_taxi,hard_sparse,outlier,7002,0.5990450663963791,0.6017962665882476,0.5987376782704394,glister_a1,0.689786279705645,0.6848876636278832,0.6903335958988803,3
nyc_taxi,hard_sparse,outlier,7003,0.7562403851661589,0.6806337124713117,0.7650161596753823,uniform,0.6524223793930765,0.6268934469702772,0.6553855590492942,3
nyc_taxi,hard_sparse,outlier,7003,0.7562403851661589,0.6806337124713117,0.7650161596753823,craig,0.6709493362673269,0.6249650163574039,0.6762868019711572,3
nyc_taxi,hard_sparse,outlier,7003,0.7562403851661589,0.6806337124713117,0.7650161596753823,glister,0.6745522109940914,0.6322743789110697,0.6794594593608707,3
nyc_taxi,hard_sparse,outlier,7003,0.7562403851661589,0.6806337124713117,0.7650161596753823,craig_a1,0.7019081990272452,0.6869507838946423,0.7036443275694223,1
nyc_taxi,hard_sparse,outlier,7003,0.7562403851661589,0.6806337124713117,0.7650161596753823,craig_w_a1,0.6337855066239142,0.6008894137260067,0.6376038031209929,1
nyc_taxi,hard_sparse,outlier,7003,0.7562403851661589,0.6806337124713117,0.7650161596753823,glister_a1,0.7429860255548777,0.6453628034520681,0.7543172924060967,1
nyc_taxi,hard_sparse,outlier,7004,0.6487216853849475,0.5947524152310381,0.6545025067382723,uniform,0.6887919373614957,0.6671781805789371,0.6911070560647476,3
nyc_taxi,hard_sparse,outlier,7004,0.6487216853849475,0.5947524152310381,0.6545025067382723,craig,0.6845688976072968,0.5987192812873448,0.6937645249296941,4
nyc_taxi,hard_sparse,outlier,7004,0.6487216853849475,0.5947524152310381,0.6545025067382723,glister,0.7230790309485111,0.6171731727401975,0.7344229465661744,2
nyc_taxi,hard_sparse,outlier,7004,0.6487216853849475,0.5947524152310381,0.6545025067382723,craig_a1,0.8040281293434612,0.7225764414489726,0.8127526804686114,2
nyc_taxi,hard_sparse,outlier,7004,0.6487216853849475,0.5947524152310381,0.6545025067382723,craig_w_a1,0.6731794432247536,0.5870680082989812,0.6824031147764488,2
nyc_taxi,hard_sparse,outlier,7004,0.6487216853849475,0.5947524152310381,0.6545025067382723,glister_a1,0.7499020339460031,0.6179739102782059,0.7640332777487813,2
nyc_taxi,hard_sparse,outlier,7005,0.608896959296354,0.6121546329187799,0.6085450222568121,uniform,0.6570786764663892,0.6550638519617761,0.657296344487663,3
nyc_taxi,hard_sparse,outlier,7005,0.608896959296354,0.6121546329187799,0.6085450222568121,craig,0.7137766394148516,0.6888319374171847,0.7164714964173695,7
nyc_taxi,hard_sparse,outlier,7005,0.608896959296354,0.6121546329187799,0.6085450222568121,glister,0.6673309347905476,0.5912167340837173,0.6755537985788201,8
nyc_taxi,hard_sparse,outlier,7005,0.608896959296354,0.6121546329187799,0.6085450222568121,craig_a1,0.7632263450365132,0.7326044927985973,0.7665345229791135,5
nyc_taxi,hard_sparse,outlier,7005,0.608896959296354,0.6121546329187799,0.6085450222568121,craig_w_a1,0.6861568282575695,0.6894810343613944,0.6857977034984305,5
nyc_taxi,hard_sparse,outlier,7005,0.608896959296354,0.6121546329187799,0.6085450222568121,glister_a1,0.7471279706655193,0.594467034112178,0.7636204264150491,7
nyc_taxi,hard_sparse,outlier,7006,0.6233494246144917,0.7414004546040577,0.6096838242112366,uniform,0.6540444512592009,0.76498554242599,0.6412018981673689,2
nyc_taxi,hard_sparse,outlier,7006,0.6233494246144917,0.7414004546040577,0.6096838242112366,craig,0.6885656142445337,0.8876339174224684,0.6655214452574086,3
nyc_taxi,hard_sparse,outlier,7006,0.6233494246144917,0.7414004546040577,0.6096838242112366,glister,0.6887550606814649,0.8750910142280995,0.667184789908284,2
nyc_taxi,hard_sparse,outlier,7006,0.6233494246144917,0.7414004546040577,0.6096838242112366,craig_a1,0.7302489108923536,0.8898633918641919,0.7117719207659063,4
nyc_taxi,hard_sparse,outlier,7006,0.6233494246144917,0.7414004546040577,0.6096838242112366,craig_w_a1,0.6613025722802267,0.8224112478387349,0.6426526140217106,4
nyc_taxi,hard_sparse,outlier,7006,0.6233494246144917,0.7414004546040577,0.6096838242112366,glister_a1,0.711961007513042,0.8253823922262931,0.6988313353635303,9
nyc_taxi,hard_sparse,outlier,7007,0.6535973604878452,0.8034778557894149,0.6380468455227817,uniform,0.6870103466197529,0.8783137175734596,0.6671620940042469,7
nyc_taxi,hard_sparse,outlier,7007,0.6535973604878452,0.8034778557894149,0.6380468455227817,craig,0.7261220610196959,0.8926596838496011,0.7088433231101914,0
nyc_taxi,hard_sparse,outlier,7007,0.6535973604878452,0.8034778557894149,0.6380468455227817,glister,0.6803335805686889,0.8933713042519568,0.6582303288841114,4
nyc_taxi,hard_sparse,outlier,7007,0.6535973604878452,0.8034778557894149,0.6380468455227817,craig_a1,0.7640286424789807,0.9260480057086384,0.7472186864706055,3
nyc_taxi,hard_sparse,outlier,7007,0.6535973604878452,0.8034778557894149,0.6380468455227817,craig_w_a1,0.6950740475312914,0.8696156686363583,0.676964872714651,3
nyc_taxi,hard_sparse,outlier,7007,0.6535973604878452,0.8034778557894149,0.6380468455227817,glister_a1,0.7495981769724263,0.9416623348379994,0.7296709906155125,3
nyc_taxi,hard_sparse,outlier,7008,0.617644669078101,0.5967905307599763,0.6199360782828672,uniform,0.6680823648252158,0.7855061157343917,0.6551800880882476,3
nyc_taxi,hard_sparse,outlier,7008,0.617644669078101,0.5967905307599763,0.6199360782828672,craig,0.6815098733320157,0.9103239740886747,0.6563682573776216,3
nyc_taxi,hard_sparse,outlier,7008,0.617644669078101,0.5967905307599763,0.6199360782828672,glister,0.7053532371794567,0.7995039064159283,0.69500815809576,5
nyc_taxi,hard_sparse,outlier,7008,0.617644669078101,0.5967905307599763,0.6199360782828672,craig_a1,0.7610132414966073,0.9990623277351898,0.7348569046069074,5
nyc_taxi,hard_sparse,outlier,7008,0.617644669078101,0.5967905307599763,0.6199360782828672,craig_w_a1,0.6695193316587286,0.808751207129228,0.6542208236991509,5
nyc_taxi,hard_sparse,outlier,7008,0.617644669078101,0.5967905307599763,0.6199360782828672,glister_a1,0.7008765608523906,0.9070308991528351,0.678224752315494,2
nyc_taxi,hard_sparse,outlier,7009,0.6103792909386727,0.5351089442456295,0.6184186804858545,uniform,0.6621948799027471,0.53755617367593,0.6755071490238181,6
nyc_taxi,hard_sparse,outlier,7009,0.6103792909386727,0.5351089442456295,0.6184186804858545,craig,0.6534174823483865,0.5285484851816153,0.6667543481221478,8
nyc_taxi,hard_sparse,outlier,7009,0.6103792909386727,0.5351089442456295,0.6184186804858545,glister,0.649615985475664,0.5282776662556153,0.6625757506164884,2
nyc_taxi,hard_sparse,outlier,7009,0.6103792909386727,0.5351089442456295,0.6184186804858545,craig_a1,0.7003021208681042,0.5673105226856466,0.7145065361692744,3
nyc_taxi,hard_sparse,outlier,7009,0.6103792909386727,0.5351089442456295,0.6184186804858545,craig_w_a1,0.6411443541546551,0.551695843040682,0.6506980689554281,3
nyc_taxi,hard_sparse,outlier,7009,0.6103792909386727,0.5351089442456295,0.6184186804858545,glister_a1,0.6820737778576024,0.54822295642236,0.6963699640983338,0
